data_inversa;horario;municipio;causa_acidente;tipo_acidente;classificacao_acidente;fase_dia;sentido_via;condicao_metereologica;tipo_pista;tracado_via;latitude;longitude
23/01/2024;16:15:00;ESPERANCA;Velocidade Incompatível;Colisão lateral sentido oposto;Com Vítimas Feridas;Pleno dia;Crescente;Céu Claro;Simples;Reta;-701.994.564;-3.585.788.662
23/01/2024;17:34:00;JOAO PESSOA;Manobra de mudança de faixa;Colisão transversal;Com Vítimas Feridas;Anoitecer;Crescente;Céu Claro;Dupla;"Retorno Regulamentado;Reta";-717.816.256;-3.489.989.162
23/01/2024;16:40:00;CASTANHAL;Manobra de mudança de faixa;Colisão frontal;Com Vítimas Fatais;Pleno dia;Crescente;Chuva;Simples;Curva;-129.277.675;-4.787.507.708
24/01/2024;06:40:00;SOORETAMA;Conversão proibida;Colisão transversal;Com Vítimas Feridas;Pleno dia;Crescente;Chuva;Simples;"Interseção de Vias;Curva";-1.918.496.498;-4.009.429.827
24/01/2024;02:10:00;GUARAMIRIM;Chuva;Saída de leito carroçável;Com Vítimas Feridas;Plena Noite;Crescente;Chuva;Simples;"Declive;Reta;Em Obras";-26.453.163;-48.914.103
24/01/2024;06:00:00;PIRAI;Velocidade Incompatível;Tombamento;Com Vítimas Feridas;Amanhecer;Decrescente;Nublado;Simples;Declive;-226.768.598;-4.383.399.439
08/01/2024;12:15:00;SAO FRANCISCO DO PARA;Ultrapassagem Indevida;Colisão frontal;Com Vítimas Fatais;Pleno dia;Decrescente;Nublado;Simples;Reta;-130.223.447;-4.780.628.622
24/01/2024;11:00:00;APARECIDA DE GOIANIA;Velocidade Incompatível;Colisão traseira;Com Vítimas Feridas;Pleno dia;Decrescente;Chuva;Dupla;"Aclive;Reta";-168.755;-492.523
24/01/2024;09:40:00;NOVA IGUACU;Velocidade Incompatível;Colisão traseira;Com Vítimas Feridas;Pleno dia;Decrescente;Garoa/Chuvisco;Dupla;Reta;-2.274.647.215;-4.344.594.311
24/01/2024;10:40:00;PONTES E LACERDA;Velocidade Incompatível;Colisão lateral mesmo sentido;Com Vítimas Feridas;Pleno dia;Decrescente;Céu Claro;Simples;Reta;-1.507.516.701;-592.958.684
24/01/2024;12:55:00;BLUMENAU;Velocidade Incompatível;Colisão frontal;Com Vítimas Feridas;Pleno dia;Crescente;Chuva;Simples;Reta;-2.687.837.034;-4.917.541.808
24/01/2024;12:20:00;PEROLA DOESTE;Velocidade Incompatível;Tombamento;Com Vítimas Feridas;Pleno dia;Crescente;Céu Claro;Simples;"Declive;Curva";-2.595.794.198;-5.372.316.793
24/01/2024;15:30:00;BELA VISTA DE MINAS;Velocidade Incompatível;Colisão frontal;Com Vítimas Feridas;Pleno dia;Crescente;Chuva;Simples;Curva;-1.985.740.706;-4.312.344.309
24/01/2024;16:00:00;ALTO GARCAS;Falta de acostamento;Saída de leito carroçável;Com Vítimas Feridas;Pleno dia;Decrescente;Céu Claro;Simples;"Aclive;Reta";-1.697.719.447;-5.351.200.104
24/01/2024;18:50:00;VITORIA DA CONQUISTA;Ultrapassagem Indevida;Colisão frontal;Com Vítimas Fatais;Plena Noite;Decrescente;Nublado;Simples;Reta;-14.813.608;-40.799.503
24/01/2024;17:40:00;INDAIAL;Ultrapassagem Indevida;Colisão lateral mesmo sentido;Com Vítimas Feridas;Pleno dia;Decrescente;Garoa/Chuvisco;Simples;"Interseção de Vias;Reta";-2.687.033.144;-4.921.053.356
24/01/2024;15:30:00;ITAITUBA;Pista Escorregadia;Tombamento;Com Vítimas Feridas;Pleno dia;Crescente;Garoa/Chuvisco;Simples;Curva;-575.265.194;-5.573.624.966
24/01/2024;20:30:00;FRANCISCO SA;Velocidade Incompatível;Saída de leito carroçável;Com Vítimas Feridas;Plena Noite;Crescente;Chuva;Simples;"Reta;Declive";-1.654.433.804;-4.359.543.496
25/01/2024;01:40:00;LARANJEIRAS;Chuva;Tombamento;Com Vítimas Feridas;Plena Noite;Decrescente;Chuva;Simples;Reta;-10.834.111;-37.221.916
25/01/2024;10:40:00;JABOATAO DOS GUARARAPES;Manobra de mudança de faixa;Colisão lateral mesmo sentido;Com Vítimas Feridas;Pleno dia;Decrescente;Nublado;Dupla;Reta;-820.760.697;-3.498.372.005
25/01/2024;09:10:00;DOM EXPEDITO LOPES;Acesso irregular;Colisão lateral mesmo sentido;Sem Vítimas;Pleno dia;Decrescente;Nublado;Simples;"Aclive;Reta";-694.208.609;-4.174.100.006
25/01/2024;10:00:00;CAMPOS DOS GOYTACAZES;Manobra de mudança de faixa;Colisão traseira;Com Vítimas Feridas;Pleno dia;Decrescente;Nublado;Simples;Reta;-21.859.215;-41.532.116
25/01/2024;11:00:00;GUARULHOS;Velocidade Incompatível;Colisão traseira;Com Vítimas Feridas;Pleno dia;Crescente;Céu Claro;Múltipla;Reta;-2.347.093.408;-4.651.631.097
25/01/2024;08:05:00;MONTE CASTELO;Velocidade Incompatível;Colisão lateral sentido oposto;Sem Vítimas;Pleno dia;Crescente;Nublado;Simples;Curva;-2.675.568.818;-5.032.812.388
25/01/2024;13:10:00;JEQUIE;Velocidade Incompatível;Colisão frontal;Com Vítimas Feridas;Pleno dia;Crescente;Garoa/Chuvisco;Simples;Reta;-13.672.783;-4.009.670.093
25/01/2024;14:20:00;INDAIAL;Velocidade Incompatível;Tombamento;Com Vítimas Feridas;Pleno dia;Decrescente;Céu Claro;Simples;"Retorno Regulamentado;Rotatória";-26.872.158;-4.923.127
25/01/2024;04:00:00;IRAJUBA;Manobra de mudança de faixa;Tombamento;Com Vítimas Feridas;Plena Noite;Decrescente;Chuva;Simples;Curva;-1.310.964.805;-3.999.424.704
25/01/2024;16:45:00;JOINVILLE;Manobra de mudança de faixa;Colisão lateral mesmo sentido;Com Vítimas Feridas;Pleno dia;Decrescente;Céu Claro;Simples;Reta;-2.630.774.903;-4.887.915.664
25/01/2024;13:40:00;ORTIGUEIRA;Velocidade Incompatível;Saída de leito carroçável;Sem Vítimas;Pleno dia;Crescente;Nublado;Dupla;Curva;-2.402.668.686;-5.109.740.947
25/01/2024;16:50:00;PRESIDENTE MEDICI;Conversão proibida;Colisão frontal;Com Vítimas Fatais;Pleno dia;Decrescente;Chuva;Simples;Reta;-2.374.514;-45.821.014
25/01/2024;17:20:00;MAGE;Pista Escorregadia;Colisão traseira;Sem Vítimas;Pleno dia;Crescente;Chuva;Dupla;Reta;-2.260.276.206;-4.302.514.183
25/01/2024;19:20:00;VENDA NOVA DO IMIGRANTE;Chuva;Colisão lateral sentido oposto;Com Vítimas Feridas;Plena Noite;Crescente;Chuva;Simples;Curva;-2.033.756.085;-4.119.989.497
25/01/2024;19:00:00;IRANI;Desrespeitar a preferência no cruzamento;Colisão transversal;Com Vítimas Feridas;Anoitecer;Crescente;Céu Claro;Simples;Rotatória;-2.697.134.359;-5.185.443.878
26/01/2024;03:30:00;JATI;Velocidade Incompatível;Tombamento;Com Vítimas Feridas;Plena Noite;Crescente;Céu Claro;Simples;"Curva;Declive";-76.869;-3.900.728
26/01/2024;02:45:00;TIBAGI;Velocidade Incompatível;Tombamento;Com Vítimas Feridas;Plena Noite;Decrescente;Ignorado;Dupla;Curva;-2.472.548.801;-5.053.830.472
26/01/2024;06:10:00;NOVA ALVORADA DO SUL;Velocidade Incompatível;Colisão com objeto;Com Vítimas Feridas;Pleno dia;Decrescente;Céu Claro;Dupla;"Rotatória;Interseção de Vias;Curva";-2.147.264.252;-5.438.623.182
26/01/2024;05:20:00;JACIARA;Ultrapassagem Indevida;Colisão lateral mesmo sentido;Com Vítimas Feridas;Pleno dia;Crescente;Céu Claro;Simples;"Reta;Declive";-1.595.085.604;-5.498.237.599
26/01/2024;08:00:00;PONTA GROSSA;Acesso irregular;Colisão transversal;Sem Vítimas;Pleno dia;Decrescente;Céu Claro;Simples;Curva;-250.403.878;-5.024.381.518
26/01/2024;07:00:00;SIMAO PEREIRA;Velocidade Incompatível;Tombamento;Com Vítimas Feridas;Pleno dia;Crescente;Nublado;Simples;Curva;-219.735.272;-4.328.541.842
26/01/2024;09:20:00;DIVISA ALEGRE;Ultrapassagem Indevida;Colisão frontal;Com Vítimas Feridas;Pleno dia;Decrescente;Nublado;Simples;Curva;-1.574.846.553;-4.133.119.538
26/01/2024;14:19:00;MARECHAL FLORIANO;Chuva;Colisão frontal;Com Vítimas Feridas;Pleno dia;Crescente;Chuva;Simples;Curva;-20.420.203;-4.078.205
27/01/2024;01:40:00;SAO MATEUS DO SUL;Chuva;Colisão frontal;Com Vítimas Fatais;Plena Noite;Crescente;Chuva;Simples;Reta;-25.891.033;-50.282.455
27/01/2024;05:00:00;CURVELO;Velocidade Incompatível;Saída de leito carroçável;Com Vítimas Feridas;Amanhecer;Decrescente;Chuva;Simples;"Reta;Declive";-1.893.174.501;-4.468.450.988
27/01/2024;07:15:00;XANXERE;Velocidade Incompatível;Colisão transversal;Com Vítimas Feridas;Pleno dia;Decrescente;Céu Claro;Simples;Reta;-2.687.675.019;-523.307.525
27/01/2024;06:00:00;PRESIDENTE KENNEDY;Manobra de mudança de faixa;Saída de leito carroçável;Com Vítimas Feridas;Pleno dia;Decrescente;Céu Claro;Simples;"Reta;Declive";-844.383.195;-4.848.433.839
27/01/2024;11:30:00;ITAJAI;Manobra de mudança de faixa;Colisão lateral mesmo sentido;Com Vítimas Feridas;Pleno dia;Crescente;Nublado;Dupla;Curva;-2.695.564.404;-4.867.978.366
27/01/2024;16:40:00;ORTIGUEIRA;Manobra de mudança de faixa;Colisão lateral mesmo sentido;Sem Vítimas;Pleno dia;Crescente;Céu Claro;Dupla;"Reta;Declive";-2.425.636.787;-5.089.764.987
27/01/2024;09:30:00;PORTO UNIAO;Conversão proibida;Colisão traseira;Com Vítimas Feridas;Pleno dia;Decrescente;Céu Claro;Simples;Reta;-2.626.625.102;-5.105.981.502
27/01/2024;17:00:00;TUCANO;Ultrapassagem Indevida;Colisão frontal;Com Vítimas Fatais;Pleno dia;Decrescente;Céu Claro;Simples;Reta;-1.091.498;-38.833.224
27/01/2024;19:30:00;TRINDADE;Manobra de mudança de faixa;Colisão frontal;Com Vítimas Feridas;Plena Noite;Crescente;Céu Claro;Simples;"Curva;Declive";-774.765.771;-402.710.428
27/01/2024;22:40:00;IMBITUVA;Ultrapassagem Indevida;Colisão frontal;Com Vítimas Feridas;Plena Noite;Crescente;Céu Claro;Simples;Reta;-2.518.288.258;-5.067.781.009
28/01/2024;04:50:00;PASSO FUNDO;Desrespeitar a preferência no cruzamento;Colisão transversal;Sem Vítimas;Plena Noite;Crescente;Céu Claro;Simples;Interseção de Vias;-28.236.645;-52.375.156
28/01/2024;10:45:00;ENCRUZILHADA;Ultrapassagem Indevida;Colisão lateral sentido oposto;Sem Vítimas;Pleno dia;Decrescente;Céu Claro;Simples;"Reta;Interseção de Vias";-1.545.480.006;-4.122.945.884
28/01/2024;22:34:00;IGARASSU;Manobra de mudança de faixa;Saída de leito carroçável;Sem Vítimas;Plena Noite;Crescente;Céu Claro;Múltipla;"Reta;Aclive";-783.038.346;-3.491.426.785
28/01/2024;10:22:00;CAMPOS DE JULIO;Velocidade Incompatível;Saída de leito carroçável;Sem Vítimas;Pleno dia;Decrescente;Céu Claro;Simples;Rotatória;-13.0;-59.0
28/01/2024;14:30:00;PONTES E LACERDA;Acostamento em desnível;Tombamento;Com Vítimas Feridas;Pleno dia;Crescente;Céu Claro;Simples;Declive;-15.375.735;-59.183.345
28/01/2024;17:00:00;VENTANIA;Curva acentuada;Tombamento;Sem Vítimas;Pleno dia;Crescente;Céu Claro;Simples;"Curva;Declive";-2.411.223.991;-5.024.301.162
28/01/2024;18:30:00;LUIS EDUARDO MAGALHAES;Ausência de sinalização;Engavetamento;Com Vítimas Feridas;Anoitecer;Decrescente;Nublado;Simples;Reta;-1.211.318.006;-4.596.027.374
29/01/2024;07:20:00;SANTOS DUMONT;Conversão proibida;Colisão lateral mesmo sentido;Com Vítimas Feridas;Pleno dia;Crescente;Céu Claro;Simples;Reta;-214.328.731;-4.355.221.915
29/01/2024;13:15:00;PARANAGUA;Conversão proibida;Colisão lateral mesmo sentido;Com Vítimas Feridas;Pleno dia;Decrescente;Céu Claro;Simples;Reta;-25.544.272;-48.559.775
29/01/2024;14:05:00;CAMPOS DOS GOYTACAZES;Manobra de mudança de faixa;Colisão lateral mesmo sentido;Com Vítimas Feridas;Pleno dia;Decrescente;Sol;Dupla;Rotatória;-2.176.090.387;-4.134.788.959
29/01/2024;11:40:00;UBERABA;Velocidade Incompatível;Colisão com objeto;Com Vítimas Feridas;Pleno dia;Decrescente;Céu Claro;Dupla;"Curva;Viaduto";-1.975.402.507;-4.798.051.917
29/01/2024;12:15:00;CAMPANARIO;Ultrapassagem Indevida;Colisão lateral sentido oposto;Com Vítimas Feridas;Pleno dia;Decrescente;Sol;Simples;Reta;-18.338.596;-41.766.617
29/01/2024;18:00:00;ITAPORANGA DAJUDA;Manobra de mudança de faixa;Colisão lateral mesmo sentido;Com Vítimas Feridas;Anoitecer;Crescente;Céu Claro;Dupla;Aclive;-1.100.451.077;-3.730.888.444
29/01/2024;19:00:00;RIO VERDE;Iluminação deficiente;Colisão traseira;Com Vítimas Feridas;Plena Noite;Crescente;Céu Claro;Dupla;Reta;-17.783.349;-50.898.516
29/01/2024;17:30:00;BREJOES;Velocidade Incompatível;Colisão traseira;Com Vítimas Feridas;Anoitecer;Decrescente;Céu Claro;Simples;Declive;-130.913.246;-399.630.336
29/01/2024;16:05:00;GRAO MOGOL;Velocidade Incompatível;Tombamento;Com Vítimas Feridas;Pleno dia;Crescente;Chuva;Simples;"Curva;Declive";-1.633.690.716;-4.313.798.285
29/01/2024;21:50:00;CAMPO LARGO;Chuva;Saída de leito carroçável;Com Vítimas Feridas;Plena Noite;Crescente;Chuva;Dupla;Reta;-25.436.375;-49.443.632
30/01/2024;00:11:00;JAGUARIBE;Velocidade Incompatível;Tombamento;Com Vítimas Feridas;Plena Noite;Decrescente;Céu Claro;Simples;Curva;-603.230.093;-3.864.455.732
30/01/2024;04:15:00;JOINVILLE;Velocidade Incompatível;Colisão traseira;Com Vítimas Feridas;Plena Noite;Crescente;Céu Claro;Dupla;"Em Obras;Viaduto;Reta";-2.625.472.505;-4.890.561.309
30/01/2024;05:00:00;TIBAGI;Velocidade Incompatível;Tombamento;Com Vítimas Feridas;Plena Noite;Crescente;Ignorado;Dupla;Curva;-2.472.548.801;-5.053.830.472
30/01/2024;07:40:00;BAEPENDI;Velocidade Incompatível;Tombamento;Com Vítimas Feridas;Pleno dia;Crescente;Céu Claro;Simples;Curva;-2.192.600.738;-4.478.319.168
30/01/2024;08:15:00;RANCHO QUEIMADO;Ultrapassagem Indevida;Colisão frontal;Com Vítimas Fatais;Pleno dia;Decrescente;Céu Claro;Simples;"Declive;Curva";-27.696.963;-49.054.121
30/01/2024;07:00:00;UBERLANDIA;Manobra de mudança de faixa;Colisão lateral mesmo sentido;Sem Vítimas;Pleno dia;Decrescente;Sol;Dupla;"Reta;Aclive";-1.885.140.204;-4.825.345.932
30/01/2024;09:00:00;BARRA DO GARCAS;Velocidade Incompatível;Colisão traseira;Com Vítimas Feridas;Pleno dia;Crescente;Céu Claro;Dupla;Interseção de Vias;-1.587.783.366;-5.231.337.829
30/01/2024;09:40:00;SOORETAMA;Acesso irregular;Colisão transversal;Com Vítimas Feridas;Pleno dia;Decrescente;Nublado;Simples;Reta;-1.917.652.792;-4.009.118.118
30/01/2024;10:35:00;RECIFE;Manobra de mudança de faixa;Colisão lateral mesmo sentido;Sem Vítimas;Pleno dia;Crescente;Sol;Múltipla;Reta;-806.795.766;-3.494.535.414
30/01/2024;07:25:00;BALSA NOVA;Velocidade Incompatível;Colisão traseira;Com Vítimas Fatais;Pleno dia;Crescente;Sol;Dupla;"Reta;Declive";-2.547.604.973;-4.971.521.419
30/01/2024;10:20:00;PARNAMIRIM;Manobra de mudança de faixa;Colisão com objeto;Sem Vítimas;Pleno dia;Crescente;Sol;Dupla;Declive;-588.691.267;-3.527.498.603
30/01/2024;10:51:00;CHAPECO;Manobra de mudança de faixa;Colisão com objeto;Sem Vítimas;Pleno dia;Decrescente;Sol;Dupla;"Aclive;Reta";-2.700.173.676;-5.264.475.703
30/01/2024;13:30:00;BOM JARDIM DE GOIAS;Velocidade Incompatível;Colisão lateral sentido oposto;Com Vítimas Fatais;Pleno dia;Crescente;Céu Claro;Simples;Reta;-1.625.924.428;-5.204.553.823
30/01/2024;16:30:00;SERRA;Manobra de mudança de faixa;Colisão lateral mesmo sentido;Com Vítimas Feridas;Pleno dia;Decrescente;Céu Claro;Múltipla;Reta;-2.022.662.056;-4.027.075.088
30/01/2024;18:30:00;BREJETUBA;Velocidade Incompatível;Tombamento;Com Vítimas Feridas;Plena Noite;Decrescente;Nublado;Simples;Curva;-2.023.526.078;-4.134.327.555
30/01/2024;18:30:00;CAMBE;Velocidade Incompatível;Colisão traseira;Com Vítimas Feridas;Pleno dia;Crescente;Céu Claro;Dupla;"Declive;Reta";-232.970.736;-512.772.632
30/01/2024;20:15:00;MAIRIPORA;Velocidade Incompatível;Tombamento;Com Vítimas Feridas;Plena Noite;Decrescente;Céu Claro;Múltipla;Curva;-2.333.226.094;-4.657.675.379
30/01/2024;17:30:00;MONTE ALEGRE DE MINAS;Velocidade Incompatível;Colisão traseira;Com Vítimas Feridas;Pleno dia;Crescente;Céu Claro;Dupla;"Declive;Reta";-1.886.128.507;-488.629.942
30/01/2024;20:30:00;ARAPONGAS;Conversão proibida;Colisão transversal;Com Vítimas Fatais;Plena Noite;Decrescente;Céu Claro;Dupla;Reta;-2.347.664;-5.142.371
30/01/2024;22:04:00;RECIFE;Manobra de mudança de faixa;Colisão lateral mesmo sentido;Com Vítimas Feridas;Plena Noite;Decrescente;Céu Claro;Dupla;Viaduto;-800.800.604;-3.493.756.535
30/01/2024;15:00:00;CAMPO VERDE;Acumulo de água sobre o pavimento;Colisão lateral sentido oposto;Com Vítimas Fatais;Pleno dia;Crescente;Chuva;Simples;Curva;-154.889.926;-5.506.380.512
30/01/2024;22:45:00;RIBEIRAO CASCALHEIRA;Velocidade Incompatível;Tombamento;Com Vítimas Feridas;Plena Noite;Crescente;Céu Claro;Simples;Curva;-1.284.775.719;-5.178.515.096
31/01/2024;06:40:00;FOZ DO IGUACU;Desrespeitar a preferência no cruzamento;Colisão transversal;Com Vítimas Feridas;Pleno dia;Decrescente;Céu Claro;Dupla;"Reta;Interseção de Vias";-2.549.494.908;-5.452.095.097
31/01/2024;07:40:00;BELA VISTA DE MINAS;Velocidade Incompatível;Colisão frontal;Com Vítimas Fatais;Pleno dia;Decrescente;Nublado;Dupla;Curva;-1.984.403.064;-4.310.352.396
31/01/2024;08:53:00;MAUA DA SERRA;Velocidade Incompatível;Tombamento;Com Vítimas Feridas;Pleno dia;Decrescente;Céu Claro;Dupla;Curva;-23.950.248;-51.119.076
31/01/2024;07:00:00;ITABELA;Curva acentuada;Tombamento;Com Vítimas Feridas;Pleno dia;Crescente;Céu Claro;Simples;"Aclive;Curva";-1.659.628.792;-3.955.057.482
31/01/2024;09:45:00;DUQUE DE CAXIAS;Manobra de mudança de faixa;Colisão lateral mesmo sentido;Com Vítimas Feridas;Pleno dia;Crescente;Céu Claro;Dupla;Reta;-2.268.289.906;-4.328.549.346
31/01/2024;09:20:00;VARGEM BONITA;Velocidade Incompatível;Tombamento;Com Vítimas Feridas;Pleno dia;Decrescente;Céu Claro;Simples;"Curva;Declive";-2.699.556;-51.752.289
23/01/2024;12:00:00;BARRA DO TURVO;Velocidade Incompatível;Capotamento;Com Vítimas Feridas;Pleno dia;Crescente;Chuva;Dupla;Curva;-2.502.045.097;-4.851.586.004
31/01/2024;17:10:00;JUIZ DE FORA;Ultrapassagem Indevida;Colisão frontal;Com Vítimas Feridas;Anoitecer;Decrescente;Chuva;Simples;Reta;-2.176.570.445;-4.328.755.086
31/01/2024;16:30:00;MASCOTE;Ultrapassagem Indevida;Colisão frontal;Com Vítimas Feridas;Pleno dia;Decrescente;Céu Claro;Simples;Curva;-1.575.042.705;-394.801.369
31/01/2024;17:00:00;ITATIAIUCU;Velocidade Incompatível;Colisão frontal;Com Vítimas Fatais;Pleno dia;Crescente;Chuva;Dupla;"Declive;Curva";-2.027.336.801;-4.442.585.498
31/01/2024;23:05:00;JAGUARACU;Ultrapassagem Indevida;Colisão frontal;Com Vítimas Fatais;Plena Noite;Decrescente;Chuva;Simples;Reta;-1.961.757.501;-4.278.412.299
01/02/2024;01:30:00;BRUMADINHO;Velocidade Incompatível;Engavetamento;Com Vítimas Feridas;Plena Noite;Crescente;Garoa/Chuvisco;Dupla;"Curva;Declive";-2.016.710.798;-4.433.422.398
01/02/2024;01:00:00;BRUMADINHO;Velocidade Incompatível;Tombamento;Com Vítimas Feridas;Plena Noite;Crescente;Céu Claro;Dupla;"Curva;Declive";-2.016.710.798;-4.433.422.398
01/02/2024;07:11:00;BENTO GONCALVES;Manobra de mudança de faixa;Colisão lateral mesmo sentido;Sem Vítimas;Pleno dia;Crescente;Céu Claro;Simples;Interseção de Vias;-2.919.657.802;-51.518.801
01/02/2024;08:00:00;NOVA SANTA RITA;Desrespeitar a preferência no cruzamento;Colisão transversal;Com Vítimas Feridas;Pleno dia;Crescente;Céu Claro;Simples;Retorno Regulamentado;-2.985.672.118;-5.126.226.604
01/02/2024;08:30:00;JANDAIA DO SUL;Frear bruscamente;Saída de leito carroçável;Com Vítimas Feridas;Pleno dia;Decrescente;Céu Claro;Simples;Declive;-236.115.527;-5.166.719.913
01/02/2024;07:30:00;IRANI;Desrespeitar a preferência no cruzamento;Colisão transversal;Com Vítimas Feridas;Pleno dia;Crescente;Céu Claro;Simples;Interseção de Vias;-2.696.930.688;-5.185.425.639
01/02/2024;08:55:00;SINOP;Falta de acostamento;Saída de leito carroçável;Sem Vítimas;Pleno dia;Decrescente;Céu Claro;Simples;"Curva;Aclive";-1.162.068.789;-5.543.271.445
01/02/2024;15:13:00;JEQUITAI;Chuva;Colisão com objeto;Com Vítimas Feridas;Pleno dia;Decrescente;Chuva;Simples;Reta;-1.719.233.135;-4.465.121.209
01/02/2024;15:00:00;UBERABA;Chuva;Tombamento;Com Vítimas Feridas;Pleno dia;Crescente;Chuva;Dupla;"Declive;Reta";-19.887.439;-47.848.374
01/02/2024;16:10:00;PETROPOLIS;Manobra de mudança de faixa;Atropelamento de Pedestre;Com Vítimas Feridas;Pleno dia;Decrescente;Céu Claro;Simples;Curva;-2.251.183.137;-4.323.076.171
01/02/2024;15:30:00;GENERAL CARNEIRO;Pista Escorregadia;Colisão frontal;Com Vítimas Feridas;Pleno dia;Decrescente;Garoa/Chuvisco;Múltipla;Curva;-2.652.956.524;-5.136.932.373
01/02/2024;21:00:00;CARANDAI;Velocidade Incompatível;Tombamento;Com Vítimas Feridas;Plena Noite;Decrescente;Nublado;Simples;Curva;-2.090.921.243;-4.382.903.337
01/02/2024;19:30:00;VILHENA;Ultrapassagem Indevida;Colisão lateral mesmo sentido;Com Vítimas Feridas;Plena Noite;Crescente;Nublado;Simples;Declive;-1.250.476.617;-60.470.767
02/02/2024;08:20:00;CAMPO LARGO;Manobra de mudança de faixa;Colisão lateral mesmo sentido;Com Vítimas Feridas;Pleno dia;Decrescente;Nublado;Dupla;Reta;-25.435;-49.524
02/02/2024;09:20:00;PALHOCA;Velocidade Incompatível;Tombamento;Com Vítimas Feridas;Pleno dia;Decrescente;Céu Claro;Simples;"Retorno Regulamentado;Curva";-2.782.686.935;-4.862.967.622
02/02/2024;10:30:00;TANQUINHO;Ultrapassagem Indevida;Colisão traseira;Com Vítimas Feridas;Pleno dia;Crescente;Céu Claro;Simples;Reta;-1.194.687.258;-3.919.751.621
29/01/2024;07:00:00;PORTO VELHO;Falta de elemento de contenção que evite a saída do leito carroçável;Saída de leito carroçável;Com Vítimas Feridas;Pleno dia;Decrescente;Ignorado;Simples;Reta;-975.744.335;-6.625.566.993
02/02/2024;12:10:00;JULIO DE CASTILHOS;Velocidade Incompatível;Tombamento;Com Vítimas Fatais;Pleno dia;Decrescente;Céu Claro;Simples;"Aclive;Reta";-2.910.973.298;-5.365.093.978
02/02/2024;12:20:00;PONTA PORA;Acesso irregular;Colisão frontal;Com Vítimas Feridas;Pleno dia;Crescente;Céu Claro;Simples;"Interseção de Vias;Em Obras";-2.259.656.312;-5.566.536.809
02/02/2024;13:15:00;ALEXANIA;Velocidade Incompatível;Saída de leito carroçável;Com Vítimas Feridas;Pleno dia;Crescente;Nublado;Dupla;"Reta;Declive";-160.963;-485.202
29/01/2024;23:35:00;TRES LAGOAS;Animais na Pista;Atropelamento de Animal;Com Vítimas Feridas;Plena Noite;Crescente;Céu Claro;Simples;Declive;-2.081.622.397;-5.170.151.002
02/02/2024;15:30:00;APUCARANA;Manobra de mudança de faixa;Colisão lateral mesmo sentido;Com Vítimas Feridas;Pleno dia;Crescente;Sol;Simples;Curva;-235.513;-51.461.266
02/02/2024;14:15:00;NOVA LIMA;Velocidade Incompatível;Colisão transversal;Com Vítimas Feridas;Pleno dia;Decrescente;Sol;Dupla;"Curva;Declive";-2.001.976.644;-4.397.157.669
02/02/2024;17:00:00;ITAJAI;Manobra de mudança de faixa;Colisão lateral mesmo sentido;Com Vítimas Feridas;Pleno dia;Decrescente;Céu Claro;Múltipla;Reta;-2.687.905.605;-4.872.603.512
02/02/2024;18:30:00;BANDEIRANTES;Velocidade Incompatível;Tombamento;Com Vítimas Feridas;Anoitecer;Crescente;Céu Claro;Simples;"Rotatória;Curva";-2.311.109.529;-5.033.437.729
02/02/2024;21:30:00;CAMPINORTE;Ultrapassagem Indevida;Colisão frontal;Com Vítimas Fatais;Plena Noite;Decrescente;Ignorado;Simples;Reta;-1.429.261;-4.915.028
03/02/2024;02:30:00;BARRA VELHA;Manobra de mudança de faixa;Colisão lateral mesmo sentido;Com Vítimas Fatais;Plena Noite;Crescente;Céu Claro;Dupla;"Reta;Declive";-266.073;-48.724.333
03/02/2024;03:40:00;MONTES CLAROS;Velocidade Incompatível;Tombamento;Com Vítimas Feridas;Plena Noite;Decrescente;Chuva;Simples;Rotatória;-16.682.184;-43.803.516
03/02/2024;03:40:00;INHAMBUPE;Velocidade Incompatível;Tombamento;Com Vítimas Feridas;Amanhecer;Crescente;Céu Claro;Simples;Curva;-1.182.090.111;-3.835.767.177
03/02/2024;06:10:00;RIBAS DO RIO PARDO;Manobra de mudança de faixa;Colisão frontal;Com Vítimas Fatais;Amanhecer;Crescente;Céu Claro;Simples;Reta;-2.046.560.596;-53.471.373
02/02/2024;14:30:00;MINEIROS;Acostamento em desnível;Tombamento;Com Vítimas Feridas;Pleno dia;Decrescente;Céu Claro;Simples;Reta;-17.592.016;-52.486.064
03/02/2024;06:00:00;PEIXOTO DE AZEVEDO;Ultrapassagem Indevida;Colisão lateral sentido oposto;Com Vítimas Feridas;Pleno dia;Crescente;Céu Claro;Simples;Reta;-103.429.349;-5.504.102.846
03/02/2024;07:45:00;CLARO DOS POCOES;Chuva;Colisão lateral sentido oposto;Com Vítimas Feridas;Pleno dia;Crescente;Chuva;Simples;Reta;-1.691.338.837;-4.420.830.575
03/02/2024;08:30:00;PETROPOLIS;Falta de acostamento;Colisão lateral mesmo sentido;Com Vítimas Feridas;Pleno dia;Decrescente;Nublado;Simples;"Aclive;Reta";-2.240.775.537;-4.308.365.822
03/02/2024;17:00:00;CAREACU;Chuva;Saída de leito carroçável;Com Vítimas Feridas;Pleno dia;Crescente;Chuva;Dupla;Reta;-2.209.779.644;-4.571.786.074
03/02/2024;17:00:00;JUAZEIRO;Ultrapassagem Indevida;Colisão frontal;Com Vítimas Fatais;Pleno dia;Crescente;Céu Claro;Simples;Reta;-970.639.516;-4.036.659.835