data_inversa;horario;municipio;causa_acidente;tipo_acidente;classificacao_acidente;fase_dia;sentido_via;condicao_metereologica;tipo_pista;tracado_via;latitude;longitude
13/03/2024;03:20:00;MESSIAS;Velocidade Incompatível;Tombamento;Sem Vítimas;Plena Noite;Decrescente;Céu Claro;Dupla;Curva;-928.599.114;-3.580.320.663
13/03/2024;04:30:00;AGUA CLARA;Acesso irregular;Atropelamento de Pedestre;Com Vítimas Feridas;Amanhecer;Decrescente;Céu Claro;Simples;Reta;-2.044.351.084;-5.288.373.113
13/03/2024;04:30:00;JANDAIRA;Animais na Pista;Atropelamento de Animal;Com Vítimas Feridas;Amanhecer;Crescente;Céu Claro;Simples;Reta;-539.308.454;-3.604.747.925
13/03/2024;07:00:00;CHAPECO;Desrespeitar a preferência no cruzamento;Colisão transversal;Com Vítimas Feridas;Pleno dia;Crescente;Céu Claro;Simples;"Reta;Interseção de Vias";-27.020.083;-52.636.024
13/03/2024;06:40:00;FLORES DE GOIAS;Acumulo de água sobre o pavimento;Colisão frontal;Com Vítimas Feridas;Pleno dia;Decrescente;Chuva;Simples;Reta;-14.880.402;-46.853.172
12/03/2024;16:30:00;TRAIRAO;Manobra de mudança de faixa;Colisão frontal;Com Vítimas Feridas;Pleno dia;Crescente;Chuva;Simples;Curva;-536.932.212;-5.588.988.638
13/03/2024;07:00:00;SENADOR ELOI DE SOUZA;Conversão proibida;Colisão transversal;Com Vítimas Feridas;Pleno dia;Decrescente;Céu Claro;Simples;"Interseção de Vias;Reta";-6.047.607;-35.673.655
13/03/2024;04:00:00;CIPO;Acesso irregular;Colisão com objeto;Sem Vítimas;Amanhecer;Decrescente;Ignorado;Simples;Reta;-111.335.009;-3.851.534.268
13/03/2024;08:50:00;ORTIGUEIRA;Velocidade Incompatível;Tombamento;Com Vítimas Feridas;Pleno dia;Crescente;Céu Claro;Dupla;"Curva;Declive";-239.846.421;-5.108.318.031
13/03/2024;11:20:00;AMELIA RODRIGUES;Velocidade Incompatível;Saída de leito carroçável;Com Vítimas Feridas;Pleno dia;Crescente;Nublado;Dupla;"Reta;Aclive";-1.246.037.726;-3.869.681.519
13/03/2024;12:42:00;VIRMOND;Desrespeitar a preferência no cruzamento;Colisão transversal;Com Vítimas Feridas;Pleno dia;Decrescente;Sol;Simples;"Reta;Interseção de Vias";-253.784;-52.202.767
20/01/2024;03:05:00;PARIQUERA-ACU;Estacionar ou parar em local proibido;Colisão traseira;Com Vítimas Fatais;Plena Noite;Crescente;Céu Claro;Dupla;Reta;-2.460.917.609;-4.788.176.537
13/03/2024;14:30:00;CONGONHAS;Conversão proibida;Colisão transversal;Com Vítimas Fatais;Pleno dia;Decrescente;Sol;Simples;Curva;-20.507.255;-43.838.394
05/03/2024;16:40:00;VALE DE SAO DOMINGOS;Ultrapassagem Indevida;Colisão lateral mesmo sentido;Sem Vítimas;Pleno dia;Decrescente;Chuva;Simples;"Aclive;Reta";-15.401.676;-5.914.259
13/03/2024;15:00:00;INGA;Pista Escorregadia;Saída de leito carroçável;Com Vítimas Feridas;Pleno dia;Crescente;Chuva;Dupla;Curva;-72.117;-355.822
13/03/2024;16:15:00;MANDIRITUBA;Velocidade Incompatível;Colisão frontal;Com Vítimas Feridas;Pleno dia;Decrescente;Céu Claro;Dupla;"Em Obras;Reta";-2.577.290.167;-4.932.325.542
13/03/2024;17:30:00;RIO DO SUL;Ultrapassagem Indevida;Colisão transversal;Com Vítimas Feridas;Pleno dia;Decrescente;Céu Claro;Simples;Reta;-27.240.673;-49.685.822
13/03/2024;13:00:00;RIO LARGO;Velocidade Incompatível;Tombamento;Com Vítimas Feridas;Pleno dia;Decrescente;Chuva;Dupla;"Ponte;Declive";-944.864.971;-3.586.079.908
14/03/2024;04:55:00;CONTAGEM;Manobra de mudança de faixa;Colisão lateral mesmo sentido;Sem Vítimas;Amanhecer;Crescente;Céu Claro;Dupla;Reta;-1.995.931.561;-4.408.825.597
14/03/2024;07:50:00;ANGRA DOS REIS;Acesso irregular;Colisão transversal;Com Vítimas Feridas;Pleno dia;Decrescente;Céu Claro;Simples;Reta;-2.295.442.983;-4.432.193.004
14/03/2024;07:30:00;MURITIBA;Manobra de mudança de faixa;Colisão lateral sentido oposto;Com Vítimas Feridas;Pleno dia;Crescente;Céu Claro;Simples;Reta;-12.620.522;-39.088.215
14/03/2024;08:15:00;DUQUE DE CAXIAS;Manobra de mudança de faixa;Colisão lateral mesmo sentido;Com Vítimas Feridas;Pleno dia;Crescente;Céu Claro;Dupla;Reta;-22.672.089;-43.285.053
14/03/2024;07:20:00;MANHUACU;Velocidade Incompatível;Colisão lateral sentido oposto;Com Vítimas Feridas;Pleno dia;Crescente;Céu Claro;Simples;"Curva;Declive";-20.161.295;-42.189.066
14/03/2024;16:30:00;MIRACATU;Velocidade Incompatível;Colisão traseira;Sem Vítimas;Pleno dia;Crescente;Céu Claro;Dupla;"Túnel;Reta;Declive";-2.409.650.594;-4.725.670.436
14/01/2024;19:05:00;DOMINGOS MARTINS;Ultrapassagem Indevida;Colisão lateral sentido oposto;Com Vítimas Feridas;Plena Noite;Crescente;Céu Claro;Simples;Curva;-2.038.426.904;-4.055.863.435
14/03/2024;17:06:00;VARZEA GRANDE;Manobra de mudança de faixa;Colisão lateral mesmo sentido;Com Vítimas Feridas;Anoitecer;Decrescente;Céu Claro;Simples;Reta;-156.468.216;-5.618.903.017
14/03/2024;00:15:00;ALTOS;Chuva;Colisão com objeto;Sem Vítimas;Plena Noite;Decrescente;Chuva;Simples;Curva;-5.039.865;-4.249.408
14/03/2024;09:00:00;RIBEIRAO CASCALHEIRA;Pista esburacada;Saída de leito carroçável;Sem Vítimas;Pleno dia;Crescente;Céu Claro;Simples;Reta;-1.293.072.031;-5.182.259.908
14/03/2024;14:15:00;SAPUCAIA;Velocidade Incompatível;Colisão transversal;Com Vítimas Feridas;Pleno dia;Decrescente;Céu Claro;Simples;Curva;-2.195.405.281;-4.284.509.996
14/03/2024;22:15:00;SAO GONCALO DO ABAETE;Animais na Pista;Colisão com objeto;Com Vítimas Feridas;Plena Noite;Crescente;Céu Claro;Simples;"Curva;Declive";-180.946.169;-4.547.580.786
14/03/2024;15:00:00;SANTA RITA;Acumulo de areia ou detritos sobre o pavimento;Colisão com objeto;Sem Vítimas;Pleno dia;Crescente;Chuva;Dupla;Reta;-306.101.506;-443.210.517
15/03/2024;04:00:00;ROSARIO DO CATETE;Ultrapassagem Indevida;Colisão lateral sentido oposto;Com Vítimas Feridas;Plena Noite;Crescente;Céu Claro;Simples;"Curva;Ponte;Em Obras";-1.067.244.825;-3.702.887.177
15/03/2024;02:15:00;DIVINO;Curva acentuada;Tombamento;Com Vítimas Feridas;Plena Noite;Crescente;Nublado;Simples;"Declive;Curva";-2.061.516;-42.217.882
15/03/2024;06:20:00;CUIABA;Acesso irregular;Colisão frontal;Com Vítimas Feridas;Amanhecer;Crescente;Céu Claro;Simples;Reta;-1.568.932.746;-559.068.932
15/03/2024;06:30:00;BETIM;Velocidade Incompatível;Colisão traseira;Com Vítimas Feridas;Pleno dia;Crescente;Céu Claro;Múltipla;"Reta;Declive";-1.995.644.414;-4.413.611.598
15/03/2024;09:00:00;PETROLINA;Ultrapassagem Indevida;Colisão com objeto;Sem Vítimas;Pleno dia;Decrescente;Nublado;Dupla;Reta;-939.520.996;-4.050.753.593
15/03/2024;10:15:00;JARAGUARI;Conversão proibida;Colisão transversal;Com Vítimas Feridas;Pleno dia;Crescente;Céu Claro;Simples;"Declive;Reta";-2.024.542.306;-5.448.063.561
15/03/2024;11:45:00;PELOTAS;Velocidade Incompatível;Colisão traseira;Com Vítimas Feridas;Pleno dia;Crescente;Céu Claro;Simples;"Interseção de Vias;Curva";-3.174.307.729;-5.239.966.642
15/03/2024;13:45:00;TIBAGI;Velocidade Incompatível;Tombamento;Com Vítimas Feridas;Pleno dia;Decrescente;Céu Claro;Dupla;Curva;-2.487.712.547;-5.044.211.894
15/03/2024;12:10:00;CRISTALINA;Curva acentuada;Capotamento;Sem Vítimas;Pleno dia;Crescente;Céu Claro;Dupla;"Em Obras;Interseção de Vias;Desvio Temporário";-1.677.528.793;-4.762.444.496
15/03/2024;12:20:00;MANAUS;Ultrapassagem Indevida;Colisão lateral sentido oposto;Com Vítimas Feridas;Pleno dia;Crescente;Nublado;Simples;Reta;-292.441.787;-6.003.694.179
15/03/2024;14:15:00;BARBACENA;Ultrapassagem Indevida;Colisão lateral mesmo sentido;Com Vítimas Feridas;Pleno dia;Decrescente;Sol;Dupla;Reta;-2.123.806.504;-4.370.295.899
15/03/2024;15:50:00;TERRA NOVA DO NORTE;Ultrapassagem Indevida;Saída de leito carroçável;Com Vítimas Feridas;Pleno dia;Crescente;Céu Claro;Simples;"Reta;Aclive";-10.331.053;-5.503.852
15/03/2024;13:50:00;SANTA MARIA DA BOA VISTA;Velocidade Incompatível;Colisão lateral sentido oposto;Com Vítimas Feridas;Pleno dia;Decrescente;Céu Claro;Simples;Reta;-879.836.855;-3.983.115.382
15/03/2024;13:50:00;CATU;Curva acentuada;Saída de leito carroçável;Com Vítimas Feridas;Pleno dia;Crescente;Céu Claro;Simples;Curva;-1.241.579.896;-3.847.467.614
15/03/2024;17:40:00;NOVA VICOSA;Manobra de mudança de faixa;Colisão frontal;Com Vítimas Fatais;Anoitecer;Decrescente;Céu Claro;Simples;Reta;-1.788.735.087;-4.009.280.942
15/03/2024;18:39:00;MAGE;Falta de acostamento;Colisão traseira;Com Vítimas Feridas;Plena Noite;Decrescente;Ignorado;Simples;Reta;-2.258.686.665;-430.179.492
15/03/2024;16:30:00;MONTE NEGRO;Manobra de mudança de faixa;Colisão lateral mesmo sentido;Com Vítimas Feridas;Pleno dia;Crescente;Nublado;Simples;Reta;-10.182.835;-63.229.015
15/03/2024;17:40:00;NOVA LARANJEIRAS;Velocidade Incompatível;Tombamento;Com Vítimas Feridas;Pleno dia;Decrescente;Céu Claro;Simples;Curva;-2.525.887.975;-5.262.859.052
16/03/2024;02:15:00;SAO GONCALO DO RIO ABAIXO;Velocidade Incompatível;Colisão lateral sentido oposto;Com Vítimas Feridas;Plena Noite;Crescente;Céu Claro;Simples;Curva;-1.983.376.284;-4.336.060.015
09/02/2024;12:20:00;CASCAVEL;Acesso irregular;Colisão traseira;Com Vítimas Feridas;Pleno dia;Decrescente;Céu Claro;Dupla;Reta;-24.897.235;-53.533.793
16/03/2024;14:15:00;PAULISTA;Acesso irregular;Colisão lateral mesmo sentido;Sem Vítimas;Pleno dia;Decrescente;Céu Claro;Dupla;Reta;-79.169.968;-3.489.689.272
16/03/2024;14:32:00;SAO MARCOS;Desrespeitar a preferência no cruzamento;Colisão transversal;Com Vítimas Feridas;Pleno dia;Decrescente;Chuva;Simples;"Interseção de Vias;Reta";-28.924.318;-5.110.364
17/03/2024;11:45:00;GRAO MOGOL;Velocidade Incompatível;Saída de leito carroçável;Com Vítimas Feridas;Pleno dia;Decrescente;Céu Claro;Simples;Reta;-1.641.500.882;-4.325.228.005
17/03/2024;14:50:00;CAMBUI;Velocidade Incompatível;Tombamento;Com Vítimas Feridas;Pleno dia;Crescente;Chuva;Dupla;Curva;-2.253.294.961;-4.603.054.583
17/03/2024;16:00:00;MIRACATU;Velocidade Incompatível;Tombamento;Com Vítimas Fatais;Pleno dia;Decrescente;Chuva;Dupla;Reta;-2.416.540.804;-4.733.274.697
17/03/2024;15:00:00;ADRIANOPOLIS;Curva acentuada;Colisão lateral sentido oposto;Com Vítimas Feridas;Pleno dia;Crescente;Céu Claro;Simples;Curva;-24.855.257;-49.056.932
17/03/2024;17:50:00;IRATI;Manobra de mudança de faixa;Colisão lateral mesmo sentido;Com Vítimas Feridas;Pleno dia;Decrescente;Garoa/Chuvisco;Simples;Reta;-254.636.054.065;-505.558.989.781
17/03/2024;15:50:00;OLIVEIRA;Velocidade Incompatível;Colisão com objeto;Com Vítimas Feridas;Pleno dia;Crescente;Céu Claro;Dupla;Reta;-2.086.933.705;-4.484.336.892
17/03/2024;18:00:00;TIBAGI;Velocidade Incompatível;Tombamento;Com Vítimas Feridas;Anoitecer;Crescente;Garoa/Chuvisco;Dupla;Curva;-2.494.239.016;-5.040.224.704
17/03/2024;21:17:00;PARNAMIRIM;Estacionar ou parar em local proibido;Colisão traseira;Com Vítimas Fatais;Plena Noite;Crescente;Céu Claro;Múltipla;Reta;-592.825.102;-3.526.465.683
17/03/2024;22:30:00;MOSSORO;Animais na Pista;Atropelamento de Animal;Sem Vítimas;Plena Noite;Crescente;Nublado;Simples;Reta;-4.963.935;-37.394.223
17/03/2024;15:00:00;MAUA DA SERRA;Velocidade Incompatível;Tombamento;Com Vítimas Feridas;Pleno dia;Decrescente;Nublado;Dupla;"Curva;Aclive";-2.395.063.437;-5.111.880.273
17/03/2024;22:50:00;MARINGA;Manobra de mudança de faixa;Colisão lateral mesmo sentido;Com Vítimas Feridas;Plena Noite;Crescente;Céu Claro;Dupla;Reta;-234.113.569;-519.407.767
17/03/2024;22:50:00;MEDICILANDIA;Estacionar ou parar em local proibido;Colisão traseira;Com Vítimas Fatais;Plena Noite;Decrescente;Ignorado;Simples;Reta;-3.442.947;-5.284.863
18/03/2024;01:00:00;UBERABA;Velocidade Incompatível;Tombamento;Com Vítimas Feridas;Plena Noite;Crescente;Nublado;Simples;Curva;-1.976.328.194;-4.785.919.501
18/03/2024;02:59:00;BETIM;Manobra de mudança de faixa;Colisão traseira;Com Vítimas Feridas;Plena Noite;Decrescente;Céu Claro;Dupla;"Curva;Declive";-1.995.799.085;-4.407.993.793
18/03/2024;07:35:00;PARAISO DO TOCANTINS;Conversão proibida;Colisão frontal;Com Vítimas Feridas;Pleno dia;Decrescente;Céu Claro;Simples;Reta;-1.016.657;-4.888.118.863
18/03/2024;06:30:00;SIMAO PEREIRA;Velocidade Incompatível;Tombamento;Com Vítimas Feridas;Pleno dia;Crescente;Céu Claro;Dupla;Curva;-2.196.689.732;-4.329.126.511
18/03/2024;09:30:00;NOVA VICOSA;Conversão proibida;Colisão frontal;Com Vítimas Feridas;Pleno dia;Crescente;Céu Claro;Simples;"Rotatória;Reta";-1.788.437.368;-3.984.544.595
18/03/2024;10:45:00;CAXIAS;Manobra de mudança de faixa;Colisão transversal;Sem Vítimas;Pleno dia;Crescente;Céu Claro;Simples;Rotatória;-4.886.332;-43.353.386
15/03/2024;05:00:00;IRINEOPOLIS;Velocidade Incompatível;Colisão frontal;Com Vítimas Feridas;Amanhecer;Crescente;Céu Claro;Simples;"Declive;Curva";-2.629.239.616;-5.087.751.706
01/03/2024;13:10:00;VITORIA DE SANTO ANTAO;Manobra de mudança de faixa;Colisão transversal;Com Vítimas Feridas;Pleno dia;Crescente;Céu Claro;Múltipla;Reta;-813.823.439;-3.533.196.918
18/03/2024;12:15:00;PARACAMBI;Velocidade Incompatível;Tombamento;Com Vítimas Feridas;Pleno dia;Decrescente;Céu Claro;Dupla;Curva;-2.267.208.078;-4.381.789.284
18/03/2024;12:30:00;TERESOPOLIS;Velocidade Incompatível;Colisão frontal;Com Vítimas Feridas;Pleno dia;Decrescente;Nublado;Simples;Curva;-2.236.917.806;-4.294.876.879
18/03/2024;13:30:00;CAMPOS DOS GOYTACAZES;Desrespeitar a preferência no cruzamento;Colisão transversal;Com Vítimas Feridas;Pleno dia;Decrescente;Céu Claro;Simples;Interseção de Vias;-2.172.048.414;-4.131.448.591
18/03/2024;13:20:00;SAO JOSE;Manobra de mudança de faixa;Queda de ocupante de veículo;Com Vítimas Feridas;Pleno dia;Decrescente;Céu Claro;Múltipla;Reta;-276.167.305;-486.457.265
16/03/2024;19:10:00;CONCEICAO DO JACUIPE;Deficiência do Sistema de Iluminação/Sinalização;Colisão traseira;Com Vítimas Feridas;Plena Noite;Crescente;Céu Claro;Dupla;Declive;-1.235.551.436;-38.782.478
22/02/2024;10:05:00;ACU;Acesso irregular;Colisão traseira;Com Vítimas Feridas;Pleno dia;Decrescente;Garoa/Chuvisco;Simples;"Reta;Interseção de Vias";-558.834.153;-3.696.862.936
18/03/2024;10:00:00;MANDIRITUBA;Velocidade Incompatível;Tombamento;Sem Vítimas;Pleno dia;Decrescente;Céu Claro;Simples;Curva;-25.746.524;-4.931.741.923
18/03/2024;16:30:00;IMPERATRIZ;Ultrapassagem Indevida;Colisão lateral mesmo sentido;Sem Vítimas;Pleno dia;Decrescente;Céu Claro;Simples;Reta;-5.189.614;-47.522.278
18/03/2024;05:30:00;ALFREDO WAGNER;Velocidade Incompatível;Tombamento;Com Vítimas Feridas;Amanhecer;Crescente;Céu Claro;Simples;"Declive;Curva";-27.661.551;-49.197.906
18/03/2024;16:46:00;ITAPECERICA DA SERRA;Manobra de mudança de faixa;Colisão traseira;Com Vítimas Feridas;Pleno dia;Decrescente;Chuva;Dupla;Reta;-23.719.254;-46.883.144
18/03/2024;19:00:00;SEABRA;Animais na Pista;Atropelamento de Animal;Com Vítimas Feridas;Anoitecer;Crescente;Céu Claro;Simples;Reta;-1.242.772.116;-4.176.143.939
18/03/2024;19:30:00;PORTO GRANDE;Estacionar ou parar em local proibido;Colisão transversal;Com Vítimas Feridas;Plena Noite;Decrescente;Chuva;Simples;Reta;0.70239423;-5.140.504.681
18/03/2024;22:08:00;CAMPO GRANDE;Acesso irregular;Colisão frontal;Com Vítimas Feridas;Plena Noite;Decrescente;Céu Claro;Simples;Reta;-20.469.381;-5.455.955
18/03/2024;13:56:00;SAO JOSE DA VITORIA;Ultrapassagem Indevida;Colisão lateral mesmo sentido;Com Vítimas Feridas;Pleno dia;Crescente;Céu Claro;Simples;Reta;-1.507.856.722;-3.933.826.447
19/03/2024;06:45:00;TERESOPOLIS;Velocidade Incompatível;Tombamento;Com Vítimas Feridas;Amanhecer;Crescente;Céu Claro;Simples;"Declive;Curva";-2.220.348.855;-4.288.843.108
19/03/2024;05:40:00;RECIFE;Manobra de mudança de faixa;Colisão traseira;Com Vítimas Feridas;Pleno dia;Decrescente;Céu Claro;Dupla;Reta;-8.064.473;-34.936.928
18/03/2024;19:25:00;OURO PRETO DO OESTE;Acumulo de água sobre o pavimento;Colisão lateral sentido oposto;Com Vítimas Feridas;Plena Noite;Decrescente;Chuva;Simples;Reta;-1.064.530.994;-6.230.854.892
19/03/2024;06:30:00;GANDU;Acesso irregular;Colisão transversal;Com Vítimas Feridas;Pleno dia;Decrescente;Céu Claro;Simples;Reta;-138.723.118;-3.949.285.679
19/03/2024;10:00:00;SAPUCAIA;Velocidade Incompatível;Tombamento;Com Vítimas Feridas;Pleno dia;Crescente;Céu Claro;Simples;Curva;-2.193.380.606;-4.279.637.198
19/03/2024;13:45:00;CURITIBA;Manobra de mudança de faixa;Colisão lateral mesmo sentido;Com Vítimas Feridas;Pleno dia;Crescente;Sol;Múltipla;Reta;-2.556.730.763;-4.923.706.792
05/03/2024;19:40:00;MESQUITA;Deficiência do Sistema de Iluminação/Sinalização;Colisão frontal;Sem Vítimas;Plena Noite;Decrescente;Chuva;Dupla;Reta;-22.769.902;-43.408.036
19/03/2024;14:00:00;TIBAGI;Velocidade Incompatível;Colisão com objeto;Com Vítimas Feridas;Pleno dia;Decrescente;Chuva;Dupla;"Declive;Curva";-2.478.657.487;-5.050.744.316
19/03/2024;15:40:00;ICARA;Velocidade Incompatível;Colisão traseira;Com Vítimas Feridas;Pleno dia;Crescente;Céu Claro;Dupla;Reta;-2.875.478.409;-4.927.732.095
19/03/2024;16:39:00;MIMOSO DO SUL;Sinalização mal posicionada;Saída de leito carroçável;Com Vítimas Feridas;Pleno dia;Crescente;Nublado;Simples;Curva;-2.117.239.598;-4.129.267.502
26/01/2024;16:05:00;JATAI;Ultrapassagem Indevida;Colisão frontal;Com Vítimas Fatais;Pleno dia;Decrescente;Sol;Simples;Reta;-17.907.591;-51.791.985
19/03/2024;17:30:00;RIO NEGRINHO;Ultrapassagem Indevida;Colisão frontal;Sem Vítimas;Anoitecer;Crescente;Céu Claro;Simples;"Reta;Aclive";-2.623.763.684;-4.948.434.497
15/03/2024;19:13:00;ITABORAI;Acesso irregular;Atropelamento de Pedestre;Com Vítimas Feridas;Plena Noite;Crescente;Céu Claro;Simples;Reta;-2.273.124.198;-4.295.145.305
19/03/2024;17:50:00;POSSE;Ultrapassagem Indevida;Colisão lateral sentido oposto;Com Vítimas Feridas;Anoitecer;Crescente;Céu Claro;Simples;"Reta;Declive";-14.070.517;-46.287.006
19/03/2024;17:20:00;RIO CRESPO;Manobra de mudança de faixa;Colisão lateral mesmo sentido;Com Vítimas Feridas;Pleno dia;Decrescente;Sol;Simples;Reta;-965.816.258;-6.308.250.626
19/03/2024;21:45:00;JOINVILLE;Velocidade Incompatível;Colisão traseira;Com Vítimas Feridas;Plena Noite;Decrescente;Céu Claro;Dupla;"Viaduto;Reta;Aclive";-262.628.107;-4.890.192.257
19/03/2024;22:15:00;DOMINGOS MARTINS;Velocidade Incompatível;Tombamento;Com Vítimas Feridas;Plena Noite;Decrescente;Nublado;Simples;Curva;-20.408.932;-40.939.408
19/03/2024;21:40:00;CANOINHAS;Velocidade Incompatível;Tombamento;Com Vítimas Feridas;Plena Noite;Decrescente;Nevoeiro/Neblina;Simples;"Curva;Declive";-2.619.844.599;-5.043.216.601
20/03/2024;07:45:00;RIO GRANDE;Manobra de mudança de faixa;Colisão lateral mesmo sentido;Sem Vítimas;Pleno dia;Crescente;Nublado;Dupla;Reta;-3.182.930.395;-5.232.858.415
20/03/2024;09:20:00;PATOS DE MINAS;Velocidade Incompatível;Saída de leito carroçável;Com Vítimas Feridas;Pleno dia;Decrescente;Chuva;Simples;Reta;-186.741.811;-4.654.412.894
20/03/2024;08:35:00;ITAGUAI;Ultrapassagem Indevida;Colisão traseira;Com Vítimas Feridas;Pleno dia;Decrescente;Céu Claro;Dupla;"Reta;Viaduto;Interseção de Vias";-22.867.606;-43.802.743
20/03/2024;09:56:00;PANELAS;Curva acentuada;Tombamento;Com Vítimas Feridas;Pleno dia;Decrescente;Sol;Simples;"Curva;Declive";-869.122.594;-3.602.360.716
20/03/2024;12:00:00;ITAGUAI;Desrespeitar a preferência no cruzamento;Colisão lateral mesmo sentido;Com Vítimas Feridas;Pleno dia;Decrescente;Céu Claro;Múltipla;Interseção de Vias;-2.288.882.738;-4.382.411.957
12/03/2024;15:10:00;PEDRO GOMES;Manobra de mudança de faixa;Saída de leito carroçável;Com Vítimas Feridas;Pleno dia;Crescente;Céu Claro;Simples;"Aclive;Reta";-1.806.873.401;-5.469.099.493
20/03/2024;18:00:00;TIJUCAS;Acesso irregular;Colisão com objeto;Com Vítimas Feridas;Anoitecer;Crescente;Nublado;Múltipla;"Retorno Regulamentado;Reta";-27.243.868;-486.309
20/03/2024;15:00:00;GEMINIANO;Ultrapassagem Indevida;Colisão traseira;Com Vítimas Feridas;Pleno dia;Crescente;Céu Claro;Simples;"Reta;Aclive";-723.054.734;-4.126.589.426
08/03/2024;04:00:00;PASSO FUNDO;Velocidade Incompatível;Colisão frontal;Com Vítimas Feridas;Plena Noite;Decrescente;Nublado;Simples;Curva;-2.827.414.884;-5.264.579.773
20/03/2024;19:15:00;CAMPINA GRANDE DO SUL;Velocidade Incompatível;Colisão com objeto;Com Vítimas Feridas;Plena Noite;Crescente;Céu Claro;Dupla;"Curva;Aclive";-250.604;-48.562.973
20/03/2024;20:40:00;ITAGUARA;Velocidade Incompatível;Colisão lateral mesmo sentido;Com Vítimas Feridas;Plena Noite;Crescente;Nublado;Dupla;"Curva;Declive";-20.360.401;-44.466.507
20/03/2024;17:30:00;VARGEM BONITA;Velocidade Incompatível;Tombamento;Com Vítimas Feridas;Pleno dia;Crescente;Chuva;Simples;Curva;-26.908.381;-51.783.154
20/03/2024;23:30:00;JEQUIA DA PRAIA;Velocidade Incompatível;Tombamento;Com Vítimas Feridas;Plena Noite;Crescente;Céu Claro;Dupla;Curva;-989.402.674;-3.614.110.191
20/03/2024;17:05:00;SAO JOSE DOS AUSENTES;Desrespeitar a preferência no cruzamento;Colisão transversal;Com Vítimas Feridas;Pleno dia;Crescente;Sol;Simples;"Declive;Interseção de Vias";-2.874.422.945;-500.566.721
21/03/2024;04:21:00;SEABRA;Deficiência do Sistema de Iluminação/Sinalização;Colisão traseira;Sem Vítimas;Plena Noite;Crescente;Ignorado;Simples;Reta;-1.243.099.561;-4.179.739.105
12/03/2024;12:55:00;GUARULHOS;Frear bruscamente;Colisão traseira;Com Vítimas Feridas;Pleno dia;Decrescente;Céu Claro;Múltipla;Reta;-2.347.469.314;-4.656.112.919
21/03/2024;07:45:00;ALMIRANTE TAMANDARE DO SUL;Velocidade Incompatível;Colisão lateral sentido oposto;Com Vítimas Feridas;Pleno dia;Crescente;Chuva;Simples;Curva;-28.111.137;-52.860.538
21/03/2024;06:55:00;JEQUIA DA PRAIA;Velocidade Incompatível;Colisão com objeto;Com Vítimas Feridas;Pleno dia;Crescente;Céu Claro;Dupla;Ponte;-989.281.265;-3.614.986.086
21/03/2024;09:25:00;PONTA GROSSA;Manobra de mudança de faixa;Colisão lateral mesmo sentido;Sem Vítimas;Pleno dia;Crescente;Céu Claro;Dupla;"Reta;Aclive";-2.529.555.894;-4.989.661.593
21/01/2024;16:25:00;BARREIRAS;Acumulo de água sobre o pavimento;Colisão frontal;Com Vítimas Fatais;Pleno dia;Crescente;Chuva;Simples;Reta;-12.142.873;-44.719.096
21/03/2024;12:30:00;MUQUEM DE SAO FRANCISCO;Chuva;Saída de leito carroçável;Com Vítimas Feridas;Pleno dia;Crescente;Nublado;Simples;Reta;-1.217.708.192;-4.339.403.813
21/03/2024;15:10:00;CONTENDA;Desrespeitar a preferência no cruzamento;Colisão transversal;Com Vítimas Feridas;Pleno dia;Crescente;Chuva;Simples;Curva;-25.696.129;-49.563.389
21/03/2024;13:20:00;EUNAPOLIS;Velocidade Incompatível;Tombamento;Com Vítimas Feridas;Pleno dia;Crescente;Céu Claro;Simples;"Curva;Declive";-16.324.645;-39.584.317
21/03/2024;16:40:00;ICARA;Ausência de sinalização;Colisão traseira;Com Vítimas Feridas;Pleno dia;Decrescente;Céu Claro;Múltipla;Reta;-2.875.966.988;-4.928.552.404
21/03/2024;14:40:00;PIRAI;Velocidade Incompatível;Colisão com objeto;Com Vítimas Feridas;Pleno dia;Decrescente;Céu Claro;Simples;"Curva;Declive";-2.266.355.363;-4.384.062.168
21/03/2024;17:00:00;BETIM;Velocidade Incompatível;Colisão lateral mesmo sentido;Com Vítimas Feridas;Anoitecer;Crescente;Nublado;Dupla;"Curva;Declive";-1.995.952.368;-4.408.175.111
21/03/2024;18:00:00;CAMPINA GRANDE DO SUL;Chuva;Colisão lateral mesmo sentido;Sem Vítimas;Plena Noite;Decrescente;Chuva;Dupla;Reta;-2.514.802.509;-4.885.922.071
21/03/2024;12:00:00;POXOREO;Acostamento em desnível;Tombamento;Com Vítimas Feridas;Pleno dia;Decrescente;Nublado;Simples;"Curva;Declive";-1.563.324.793;-5.396.682.499
21/03/2024;08:30:00;PARAISO DO TOCANTINS;Demais falhas na via;Tombamento;Com Vítimas Feridas;Pleno dia;Decrescente;Nublado;Simples;"Curva;Aclive";-1.007.900.601;-4.885.505.792
22/03/2024;07:30:00;ESMERALDAS;Manobra de mudança de faixa;Colisão traseira;Com Vítimas Feridas;Pleno dia;Crescente;Céu Claro;Dupla;Reta;-1.967.802.022;-4.418.830.216
22/03/2024;07:30:00;JARAGUA DO SUL;Ultrapassagem Indevida;Colisão lateral mesmo sentido;Com Vítimas Feridas;Pleno dia;Crescente;Nublado;Simples;Rotatória;-2.645.917.102;-4.915.245
22/03/2024;05:25:00;BOCAINA DO SUL;Ultrapassagem Indevida;Colisão frontal;Com Vítimas Fatais;Amanhecer;Decrescente;Céu Claro;Simples;"Reta;Aclive";-27.741.282;-49.843.479