data_inversa;horario;municipio;causa_acidente;tipo_acidente;classificacao_acidente;fase_dia;sentido_via;condicao_metereologica;tipo_pista;tracado_via;latitude;longitude
22/03/2024;11:00:00;TIBAGI;Velocidade Incompatível;Colisão com objeto;Sem Vítimas;Pleno dia;Crescente;Nublado;Dupla;Reta;-2.494.888.877;-5.039.500.045
22/03/2024;09:05:00;CARUARU;Ultrapassagem Indevida;Colisão lateral mesmo sentido;Com Vítimas Feridas;Pleno dia;Crescente;Céu Claro;Simples;Reta;-82.937;-359.864
22/03/2024;13:50:00;SAO JOSE DOS CAMPOS;Manobra de mudança de faixa;Colisão lateral mesmo sentido;Com Vítimas Feridas;Pleno dia;Crescente;Chuva;Dupla;Reta;-2.315.300.766;-4.578.709.317
22/03/2024;14:00:00;PIRACANJUBA;Velocidade Incompatível;Saída de leito carroçável;Com Vítimas Feridas;Pleno dia;Crescente;Céu Claro;Dupla;Curva;-173.442;-492.472
22/03/2024;15:30:00;POMBAL;Velocidade Incompatível;Saída de leito carroçável;Com Vítimas Feridas;Pleno dia;Decrescente;Céu Claro;Simples;Reta;-675.903.094;-37.772.584
22/03/2024;20:30:00;CORREGO DANTA;Velocidade Incompatível;Colisão frontal;Com Vítimas Feridas;Plena Noite;Crescente;Chuva;Simples;Reta;-1.965.292.411;-4.606.876.373
22/03/2024;23:00:00;SAO DOMINGOS DO PRATA;Velocidade Incompatível;Colisão frontal;Com Vítimas Feridas;Plena Noite;Decrescente;Garoa/Chuvisco;Simples;Reta;-1.987.527.123;-4.307.514.717
22/03/2024;23:15:00;AMELIA RODRIGUES;Velocidade Incompatível;Tombamento;Com Vítimas Feridas;Plena Noite;Decrescente;Céu Claro;Dupla;Curva;-1.239.373.185;-3.877.646.394
22/03/2024;19:50:00;PONTES E LACERDA;Conversão proibida;Colisão transversal;Com Vítimas Feridas;Plena Noite;Crescente;Céu Claro;Simples;Reta;-15.226.537;-59.335.728
23/03/2024;06:15:00;TRES CACHOEIRAS;Manobra de mudança de faixa;Colisão lateral mesmo sentido;Com Vítimas Feridas;Amanhecer;Crescente;Nublado;Dupla;"Reta;Declive";-2.953.409.619;-5.001.717.704
23/03/2024;03:40:00;LENCOIS;Velocidade Incompatível;Tombamento;Com Vítimas Feridas;Plena Noite;Decrescente;Céu Claro;Simples;Curva;-1.246.727.769;-414.150.469
23/03/2024;06:30:00;SAO GONCALO DO ABAETE;Chuva;Colisão lateral sentido oposto;Com Vítimas Feridas;Pleno dia;Decrescente;Chuva;Simples;"Declive;Curva";-180.946.169;-4.547.580.786
23/03/2024;02:45:00;PRESIDENTE MEDICI;Ausência de sinalização;Colisão com objeto;Com Vítimas Feridas;Plena Noite;Decrescente;Céu Claro;Simples;"Reta;Aclive";-11.199.493;-6.190.149.998
23/03/2024;06:50:00;PARANAIBA;Velocidade Incompatível;Colisão traseira;Com Vítimas Feridas;Pleno dia;Decrescente;Nublado;Dupla;"Declive;Curva";-1.968.300.402;-5.120.065.706
23/03/2024;10:50:00;FORQUILHA;Velocidade Incompatível;Colisão lateral sentido oposto;Com Vítimas Feridas;Pleno dia;Crescente;Chuva;Simples;Curva;-380.735.907;-4.017.579.399
23/03/2024;09:50:00;VERANOPOLIS;Conversão proibida;Colisão transversal;Com Vítimas Feridas;Pleno dia;Crescente;Céu Claro;Simples;Reta;-2.895.614.928;-5.156.242.466
23/03/2024;11:20:00;DOM ELISEU;Acesso irregular;Colisão transversal;Com Vítimas Feridas;Pleno dia;Crescente;Sol;Simples;Reta;-428.420.096;-4.755.821.975
23/03/2024;10:20:00;SALINAS;Velocidade Incompatível;Colisão traseira;Sem Vítimas;Pleno dia;Decrescente;Céu Claro;Simples;"Reta;Rotatória";-1.616.534.212;-4.231.540.918
23/03/2024;10:45:00;PETROPOLIS;Pista Escorregadia;Colisão com objeto;Com Vítimas Feridas;Pleno dia;Crescente;Chuva;Dupla;"Declive;Curva";-2.249.798.597;-4.322.878.703
23/03/2024;17:00:00;SALVADOR DAS MISSOES;Falta de acostamento;Colisão lateral mesmo sentido;Com Vítimas Feridas;Pleno dia;Decrescente;Sol;Simples;"Reta;Interseção de Vias";-2.812.051.439;-5.484.718.323
23/03/2024;18:30:00;RECIFE;Manobra de mudança de faixa;Colisão lateral mesmo sentido;Com Vítimas Feridas;Plena Noite;Crescente;Céu Claro;Múltipla;"Viaduto;Reta";-805.074.296;-3.494.580.619
23/03/2024;12:30:00;GENERAL CARNEIRO;Velocidade Incompatível;Tombamento;Com Vítimas Feridas;Pleno dia;Crescente;Nublado;Simples;Curva;-1.559.942.051;-5.320.801.222
23/03/2024;14:03:00;JAURU;Velocidade Incompatível;Tombamento;Com Vítimas Feridas;Pleno dia;Decrescente;Céu Claro;Simples;"Curva;Declive";-15.479.742;-59.085.296
23/03/2024;18:25:00;APIUNA;Manobra de mudança de faixa;Colisão frontal;Com Vítimas Fatais;Plena Noite;Decrescente;Garoa/Chuvisco;Simples;"Desvio Temporário;Reta;Em Obras";-270.455.908;-49.393.765
23/03/2024;17:05:00;MACAE;Chuva;Colisão frontal;Com Vítimas Fatais;Pleno dia;Decrescente;Chuva;Simples;Curva;-222.325.541;-4.178.406.897
23/03/2024;22:10:00;TIJUCAS DO SUL;Acesso irregular;Colisão transversal;Com Vítimas Feridas;Plena Noite;Crescente;Céu Claro;Dupla;Reta;-2.581.419.584;-4.913.167.969
23/03/2024;22:21:00;IRAUCUBA;Pista esburacada;Colisão frontal;Com Vítimas Feridas;Plena Noite;Decrescente;Chuva;Simples;Reta;-374.922.845;-3.970.828.968
23/03/2024;15:00:00;ALAGOINHAS;Manobra de mudança de faixa;Colisão lateral mesmo sentido;Com Vítimas Fatais;Pleno dia;Decrescente;Nublado;Simples;"Reta;Declive";-12.009.345;-3.836.282.629
24/03/2024;10:00:00;SAO MIGUEL DO GUAMA;Manobra de mudança de faixa;Colisão lateral mesmo sentido;Com Vítimas Fatais;Pleno dia;Crescente;Céu Claro;Simples;Reta;-153.715.496;-4.751.523.686
24/03/2024;14:30:00;ITATIAIUCU;Manobra de mudança de faixa;Colisão lateral mesmo sentido;Sem Vítimas;Pleno dia;Crescente;Chuva;Múltipla;"Curva;Aclive";-2.028.193.579;-4.442.882.633
24/03/2024;12:40:00;SINOP;Manobra de mudança de faixa;Colisão lateral mesmo sentido;Sem Vítimas;Pleno dia;Crescente;Nublado;Dupla;"Reta;Viaduto";-1.185.683.544;-5.549.440.563
24/03/2024;19:30:00;LONTRAS;Ultrapassagem Indevida;Colisão lateral mesmo sentido;Com Vítimas Feridas;Plena Noite;Decrescente;Céu Claro;Simples;Curva;-2.714.322.769;-4.954.884.946
25/03/2024;02:00:00;IBIA;Pista Escorregadia;Colisão com objeto;Com Vítimas Feridas;Plena Noite;Decrescente;Chuva;Simples;"Curva;Declive";-1.959.794.921;-462.913.541
19/03/2024;06:30:00;IBIRAPITANGA;Chuva;Tombamento;Com Vítimas Feridas;Pleno dia;Crescente;Chuva;Simples;Curva;-14.025.008;-39.423.384
22/03/2024;05:05:00;SAO MATEUS DO SUL;Ausência de sinalização;Colisão com objeto;Sem Vítimas;Plena Noite;Crescente;Ignorado;Simples;"Curva;Interseção de Vias";-258.937.721;-5.037.742.138
25/03/2024;03:20:00;ARAGARCAS;Falta de elemento de contenção que evite a saída do leito carroçável;Saída de leito carroçável;Com Vítimas Feridas;Plena Noite;Crescente;Céu Claro;Simples;Reta;-159.073.825;-5.222.066.402
25/03/2024;12:30:00;RONDONOPOLIS;Pista Escorregadia;Saída de leito carroçável;Com Vítimas Feridas;Pleno dia;Decrescente;Chuva;Dupla;"Reta;Retorno Regulamentado";-1.642.894.942;-546.933.816
07/02/2024;15:40:00;SETE LAGOAS;Pista Escorregadia;Saída de leito carroçável;Com Vítimas Feridas;Pleno dia;Decrescente;Chuva;Dupla;"Declive;Reta";-1.949.804.878;-4.427.929.974
25/03/2024;12:20:00;RIBEIRAO DAS NEVES;Velocidade Incompatível;Colisão traseira;Com Vítimas Fatais;Pleno dia;Crescente;Céu Claro;Dupla;Reta;-19.751.244;-44.144.416
25/03/2024;14:30:00;JANGADA;Acumulo de água sobre o pavimento;Colisão frontal;Com Vítimas Fatais;Pleno dia;Crescente;Chuva;Simples;Reta;-1.532.587.484;-5.642.696.975
25/03/2024;15:50:00;GUARAI;Ultrapassagem Indevida;Colisão lateral sentido oposto;Com Vítimas Feridas;Pleno dia;Crescente;Céu Claro;Simples;Reta;-884.481.597;-485.107.318
25/03/2024;14:35:00;LEOPOLDINA;Ultrapassagem Indevida;Colisão transversal;Com Vítimas Feridas;Pleno dia;Decrescente;Nublado;Simples;Reta;-2.144.262.683;-4.253.751.514
25/03/2024;14:55:00;DELTA;Ausência de sinalização;Atropelamento de Pedestre;Com Vítimas Feridas;Pleno dia;Crescente;Chuva;Dupla;"Reta;Declive";-19.887.439;-47.848.374
25/03/2024;16:35:00;ITABELA;Velocidade Incompatível;Colisão frontal;Com Vítimas Feridas;Pleno dia;Crescente;Chuva;Simples;"Declive;Curva";-1.669.551.604;-3.947.368.803
25/03/2024;15:30:00;PENHA;Manobra de mudança de faixa;Colisão lateral mesmo sentido;Com Vítimas Feridas;Pleno dia;Decrescente;Céu Claro;Dupla;"Curva;Declive";-2.681.031.601;-4.868.293.896
25/03/2024;19:00:00;ITAPEBI;Velocidade Incompatível;Tombamento;Com Vítimas Feridas;Plena Noite;Decrescente;Céu Claro;Simples;Curva;-1.599.094;-3.957.266
25/03/2024;14:30:00;PRATA;Acumulo de água sobre o pavimento;Colisão frontal;Com Vítimas Feridas;Pleno dia;Decrescente;Chuva;Simples;"Declive;Reta";-1.926.347.485;-4.892.260.343
25/03/2024;19:00:00;TERRA NOVA DO NORTE;Ultrapassagem Indevida;Colisão frontal;Com Vítimas Fatais;Plena Noite;Crescente;Nublado;Simples;"Reta;Aclive";-107.278.561;-5.513.094.895
26/03/2024;00:07:00;JITAUNA;Animais na Pista;Atropelamento de Animal;Com Vítimas Feridas;Plena Noite;Decrescente;Céu Claro;Simples;Reta;-1.400.848.308;-3.986.592.302
26/03/2024;03:00:00;IBIA;Pista Escorregadia;Saída de leito carroçável;Sem Vítimas;Plena Noite;Crescente;Chuva;Simples;"Curva;Declive";-1.959.794.921;-462.913.541
08/03/2024;15:48:00;AGUA BOA;Ultrapassagem Indevida;Tombamento;Com Vítimas Feridas;Pleno dia;Crescente;Céu Claro;Simples;Curva;-1.375.253.298;-5.204.218.793
05/03/2024;22:00:00;FEIRA DE SANTANA;Desrespeitar a preferência no cruzamento;Colisão traseira;Com Vítimas Feridas;Plena Noite;Decrescente;Céu Claro;Dupla;Interseção de Vias;-122.306.836;-3.896.535.158
26/03/2024;09:50:00;PORTO VELHO;Manobra de mudança de faixa;Colisão traseira;Com Vítimas Feridas;Pleno dia;Crescente;Céu Claro;Múltipla;"Reta;Interseção de Vias";-874.196.683;-6.389.912.249
24/03/2024;06:00:00;RUSSAS;Ultrapassagem Indevida;Colisão lateral mesmo sentido;Com Vítimas Feridas;Pleno dia;Decrescente;Céu Claro;Simples;Reta;-486.890.407;-380.287.231
26/03/2024;07:40:00;ITAPECURU MIRIM;Acostamento em desnível;Queda de ocupante de veículo;Com Vítimas Fatais;Pleno dia;Crescente;Céu Claro;Simples;"Reta;Interseção de Vias";-338.911.583;-444.963.842
26/03/2024;17:30:00;MIMOSO DO SUL;Ultrapassagem Indevida;Tombamento;Com Vítimas Feridas;Anoitecer;Decrescente;Nublado;Simples;Reta;-2.104.949.006;-4.118.858.495
26/03/2024;17:50:00;CARIACICA;Acesso irregular;Colisão transversal;Com Vítimas Feridas;Anoitecer;Crescente;Céu Claro;Dupla;"Reta;Em Obras";-2.031.526.144;-4.039.567.044
26/03/2024;18:10:00;LUZIANIA;Chuva;Saída de leito carroçável;Com Vítimas Feridas;Anoitecer;Crescente;Chuva;Simples;"Reta;Declive";-1.638.757.012;-4.782.577.515
26/03/2024;16:00:00;MANHUACU;Velocidade Incompatível;Tombamento;Com Vítimas Feridas;Pleno dia;Decrescente;Chuva;Simples;Curva;-2.017.836.097;-4.218.664.844
26/03/2024;18:35:00;LAGOA DO PIAUI;Ultrapassagem Indevida;Colisão lateral sentido oposto;Com Vítimas Feridas;Plena Noite;Decrescente;Nublado;Simples;Reta;-539.060.364;-426.643.009
26/03/2024;09:40:00;JABOATAO DOS GUARARAPES;Desrespeitar a preferência no cruzamento;Colisão transversal;Com Vítimas Fatais;Pleno dia;Crescente;Céu Claro;Múltipla;Reta;-815.112.589;-349.428.866
27/03/2024;00:10:00;CACHOEIRA PAULISTA;Manobra de mudança de faixa;Colisão traseira;Com Vítimas Feridas;Plena Noite;Crescente;Garoa/Chuvisco;Dupla;"Declive;Reta";-2.265.447.396;-4.495.940.103
27/03/2024;01:00:00;SANTA LUCIA;Velocidade Incompatível;Tombamento;Com Vítimas Fatais;Plena Noite;Crescente;Céu Claro;Dupla;"Curva;Aclive";-2.545.252.699;-5.358.199.031
27/03/2024;02:30:00;RIO REAL;Falta de acostamento;Saída de leito carroçável;Com Vítimas Feridas;Plena Noite;Decrescente;Nublado;Dupla;"Curva;Declive";-1.154.423.305;-3.786.395.083
27/03/2024;07:00:00;JOINVILLE;Velocidade Incompatível;Colisão traseira;Com Vítimas Feridas;Pleno dia;Decrescente;Céu Claro;Múltipla;"Reta;Declive";-2.631.238.996;-4.887.458.997
19/02/2024;19:00:00;RIBEIRAO CASCALHEIRA;Deficiência do Sistema de Iluminação/Sinalização;Colisão traseira;Com Vítimas Feridas;Plena Noite;Crescente;Garoa/Chuvisco;Simples;Reta;-1.257.622.501;-5.178.183.267
27/03/2024;07:40:00;CASCAVEL;Manobra de mudança de faixa;Colisão traseira;Com Vítimas Feridas;Pleno dia;Decrescente;Sol;Dupla;Curva;-249.129;-535.028
07/02/2024;11:45:00;CURITIBA;Manobra de mudança de faixa;Engavetamento;Com Vítimas Feridas;Pleno dia;Crescente;Céu Claro;Múltipla;Interseção de Vias;-255.566.319;-4.930.597.544
27/03/2024;08:12:00;RIO DOS BOIS;Acostamento em desnível;Saída de leito carroçável;Com Vítimas Feridas;Pleno dia;Decrescente;Céu Claro;Simples;Reta;-9.346.141;-4.853.745
27/03/2024;09:20:00;MARABA;Manobra de mudança de faixa;Colisão traseira;Sem Vítimas;Pleno dia;Crescente;Céu Claro;Dupla;"Interseção de Vias;Curva;Viaduto";-5.350.407;-49.105.981
27/03/2024;11:20:00;TIBAGI;Velocidade Incompatível;Tombamento;Com Vítimas Feridas;Pleno dia;Decrescente;Céu Claro;Dupla;"Curva;Declive";-2.478.661.134;-5.050.740.927
27/03/2024;05:50:00;ANTAS;Ausência de sinalização;Saída de leito carroçável;Com Vítimas Feridas;Pleno dia;Crescente;Chuva;Simples;Declive;-104.981.751;-3.838.224.737
27/03/2024;10:20:00;CAMPOS NOVOS;Velocidade Incompatível;Capotamento;Com Vítimas Feridas;Pleno dia;Crescente;Sol;Simples;"Aclive;Curva";-2.754.815.474;-5.145.206.451
27/03/2024;08:50:00;LONDRINA;Manobra de mudança de faixa;Colisão lateral mesmo sentido;Sem Vítimas;Pleno dia;Decrescente;Céu Claro;Dupla;Viaduto;-2.329.315.766;-5.114.678.085
27/03/2024;12:30:00;JARAGUA;Desrespeitar a preferência no cruzamento;Colisão transversal;Com Vítimas Feridas;Pleno dia;Crescente;Chuva;Simples;Interseção de Vias;-1.573.504.457;-4.932.352.424
27/03/2024;11:24:00;ITACARE;Curva acentuada;Colisão lateral sentido oposto;Com Vítimas Feridas;Pleno dia;Decrescente;Chuva;Simples;Curva;-1.443.233.902;-3.932.742.089
27/03/2024;12:15:00;RIACHAO DO BACAMARTE;Velocidade Incompatível;Saída de leito carroçável;Com Vítimas Feridas;Pleno dia;Decrescente;Chuva;Dupla;"Curva;Declive";-72.498;-356.827
27/03/2024;13:25:00;CACAPAVA DO SUL;Afundamento ou ondulação no pavimento;Colisão lateral sentido oposto;Com Vítimas Feridas;Pleno dia;Crescente;Céu Claro;Simples;"Curva;Declive";-3.060.306.196;-5.336.876.132
27/03/2024;16:40:00;TAUBATE;Manobra de mudança de faixa;Colisão lateral mesmo sentido;Com Vítimas Feridas;Pleno dia;Decrescente;Chuva;Dupla;Reta;-2.301.791.287;-4.553.009.409
27/03/2024;15:40:00;UBERABA;Manobra de mudança de faixa;Colisão lateral mesmo sentido;Com Vítimas Feridas;Pleno dia;Decrescente;Chuva;Dupla;Aclive;-1.918.854.094;-4.815.509.282
27/03/2024;18:19:00;JUQUITIBA;Velocidade Incompatível;Colisão lateral mesmo sentido;Com Vítimas Feridas;Plena Noite;Crescente;Céu Claro;Dupla;Curva;-2.391.054.997;-4.699.149.375
27/03/2024;18:25:00;GOIANIA;Manobra de mudança de faixa;Colisão lateral mesmo sentido;Sem Vítimas;Anoitecer;Crescente;Garoa/Chuvisco;Dupla;Reta;-167.118;-492.324
27/03/2024;19:10:00;MOSSORO;Manobra de mudança de faixa;Colisão lateral mesmo sentido;Com Vítimas Feridas;Plena Noite;Crescente;Nublado;Dupla;Reta;-522.868.577;-3.732.203.081
27/03/2024;23:00:00;PARAMBU;Manobra de mudança de faixa;Colisão lateral sentido oposto;Sem Vítimas;Plena Noite;Crescente;Céu Claro;Simples;Reta;-651.741.306;-4.078.119.794
27/03/2024;17:05:00;ORTIGUEIRA;Velocidade Incompatível;Tombamento;Com Vítimas Feridas;Pleno dia;Crescente;Céu Claro;Simples;"Declive;Curva";-2.409.427.565;-5.104.402.976
28/03/2024;07:10:00;JAGUARIBE;Manobra de mudança de faixa;Tombamento;Com Vítimas Feridas;Pleno dia;Crescente;Céu Claro;Simples;Reta;-596.332.074;-3.863.003.254
27/03/2024;17:30:00;ITAPERUNA;Velocidade Incompatível;Tombamento;Sem Vítimas;Anoitecer;Crescente;Nublado;Simples;"Aclive;Curva";-21.341.824;-4.171.171
28/03/2024;10:00:00;IBIA;Velocidade Incompatível;Colisão frontal;Sem Vítimas;Pleno dia;Crescente;Chuva;Simples;"Declive;Curva";-19.588.629;-4.631.318
28/03/2024;13:50:00;SAO JOSE;Manobra de mudança de faixa;Colisão lateral mesmo sentido;Com Vítimas Feridas;Pleno dia;Crescente;Céu Claro;Múltipla;Reta;-275.650.044;-4.861.460.082
28/03/2024;14:00:00;JOAO PESSOA;Desvio temporário;Colisão lateral mesmo sentido;Com Vítimas Feridas;Pleno dia;Crescente;Sol;Dupla;"Em Obras;Declive;Curva;Desvio Temporário";-716.800.766;-3.486.428.378
28/03/2024;05:30:00;AGUIARNOPOLIS;Declive acentuado;Colisão com objeto;Sem Vítimas;Amanhecer;Decrescente;Céu Claro;Simples;Declive;-656.107.038;-4.746.436
28/03/2024;07:00:00;SAO GONCALO DO PARA;Velocidade Incompatível;Tombamento;Com Vítimas Feridas;Pleno dia;Decrescente;Nublado;Múltipla;Retorno Regulamentado;-1.989.011.218;-4.480.551.997
28/03/2024;10:45:00;GRAO MOGOL;Frear bruscamente;Tombamento;Com Vítimas Feridas;Pleno dia;Crescente;Sol;Simples;"Declive;Reta";-1.642.687.994;-4.334.397.196
28/03/2024;16:05:00;IBOTIRAMA;Chuva;Colisão frontal;Com Vítimas Fatais;Pleno dia;Crescente;Chuva;Simples;"Declive;Reta";-1.215.183.975;-4.318.290.711
28/03/2024;18:30:00;EXTREMA;Estacionar ou parar em local proibido;Colisão traseira;Com Vítimas Feridas;Plena Noite;Crescente;Chuva;Dupla;Rotatória;-2.283.909.203;-4.632.850.893
28/03/2024;14:00:00;WENCESLAU GUIMARAES;Chuva;Colisão lateral sentido oposto;Com Vítimas Feridas;Pleno dia;Crescente;Chuva;Simples;"Curva;Declive";-13.737.708;-39.479.958
28/03/2024;18:45:00;VITORIA DA CONQUISTA;Ultrapassagem Indevida;Colisão lateral sentido oposto;Com Vítimas Feridas;Plena Noite;Crescente;Garoa/Chuvisco;Simples;"Declive;Reta";-15.025.822;-40.954.498
28/03/2024;18:45:00;RECIFE;Manobra de mudança de faixa;Colisão lateral mesmo sentido;Sem Vítimas;Plena Noite;Crescente;Nublado;Múltipla;Reta;-815.112.589;-349.428.866
28/03/2024;17:30:00;MORRETES;Velocidade Incompatível;Tombamento;Com Vítimas Feridas;Anoitecer;Decrescente;Céu Claro;Dupla;"Declive;Curva";-255.585.949;-4.880.593.311
28/03/2024;18:50:00;PIMENTA BUENO;Pista Escorregadia;Colisão lateral sentido oposto;Com Vítimas Feridas;Plena Noite;Crescente;Chuva;Simples;"Reta;Aclive";-1.154.917;-61.296.797
28/03/2024;21:40:00;MATELANDIA;Velocidade Incompatível;Tombamento;Com Vítimas Feridas;Plena Noite;Crescente;Céu Claro;Dupla;"Declive;Curva";-2.524.664.169;-5.398.334.832
28/03/2024;19:00:00;PETROPOLIS;Sinalização mal posicionada;Colisão lateral mesmo sentido;Com Vítimas Feridas;Plena Noite;Crescente;Chuva;Simples;"Aclive;Reta";-2.246.857.126;-4.322.958.698
29/03/2024;02:50:00;AMELIA RODRIGUES;Manobra de mudança de faixa;Derramamento de carga;Com Vítimas Feridas;Plena Noite;Decrescente;Céu Claro;Dupla;Reta;-1.238.543.536;-3.879.238.728
29/03/2024;07:15:00;TABAI;Manobra de mudança de faixa;Colisão traseira;Sem Vítimas;Pleno dia;Decrescente;Céu Claro;Dupla;Reta;-29.688.717;-51.717.327
28/03/2024;22:00:00;PEDRA;Iluminação deficiente;Colisão lateral mesmo sentido;Com Vítimas Fatais;Plena Noite;Crescente;Nublado;Simples;Reta;-8.499.209;-36.965.931
29/03/2024;16:40:00;CAMPO LARGO;Manobra de mudança de faixa;Colisão lateral mesmo sentido;Com Vítimas Feridas;Pleno dia;Decrescente;Garoa/Chuvisco;Dupla;Reta;-25.447;-49.475
05/03/2024;10:41:00;FOZ DO IGUACU;Ultrapassagem Indevida;Colisão lateral mesmo sentido;Sem Vítimas;Pleno dia;Crescente;Céu Claro;Dupla;Reta;-2.549.494.908;-5.452.095.097
29/03/2024;20:00:00;UBERABA;Afundamento ou ondulação no pavimento;Colisão traseira;Com Vítimas Feridas;Plena Noite;Decrescente;Nublado;Dupla;"Interseção de Vias;Reta;Viaduto;Retorno Regulamentado";-19.771.203;-47.973.535
30/03/2024;02:20:00;BARRA DO RIBEIRO;Animais na Pista;Saída de leito carroçável;Com Vítimas Feridas;Plena Noite;Crescente;Céu Claro;Dupla;Reta;-30.353.981;-5.142.938
30/03/2024;03:05:00;MIRADOURO;Velocidade Incompatível;Tombamento;Com Vítimas Feridas;Pleno dia;Crescente;Nublado;Simples;Curva;-2.082.713.698;-4.232.223.579
30/03/2024;05:10:00;MIRACATU;Chuva;Colisão com objeto;Com Vítimas Feridas;Amanhecer;Crescente;Garoa/Chuvisco;Dupla;Curva;-2.400.328.505;-4.715.633.198
30/03/2024;10:20:00;MARUIM;Pista esburacada;Queda de ocupante de veículo;Com Vítimas Feridas;Pleno dia;Crescente;Céu Claro;Dupla;"Em Obras;Declive;Reta";-107.356;-3.708.768
30/03/2024;10:39:00;NOVA LARANJEIRAS;Velocidade Incompatível;Tombamento;Com Vítimas Fatais;Pleno dia;Crescente;Céu Claro;Simples;"Curva;Aclive";-2.530.418.737;-5.255.959.153
30/03/2024;14:00:00;MONTES CLAROS;Pista Escorregadia;Tombamento;Com Vítimas Feridas;Pleno dia;Decrescente;Chuva;Simples;Reta;-1.674.574.399;-4.388.392.402
26/03/2024;10:20:00;LAPA;Velocidade Incompatível;Tombamento;Com Vítimas Feridas;Pleno dia;Crescente;Sol;Simples;Curva;-25.883.068;-49.998.787
30/03/2024;15:30:00;DOMINGOS MARTINS;Curva acentuada;Colisão lateral sentido oposto;Com Vítimas Feridas;Pleno dia;Decrescente;Chuva;Simples;Curva;-203.802.679;-4.063.000.864
30/03/2024;16:00:00;SAO PAULO;Manobra de mudança de faixa;Colisão lateral mesmo sentido;Com Vítimas Feridas;Pleno dia;Crescente;Sol;Dupla;Reta;-2.340.889.686;-4.658.095.945
30/03/2024;17:07:00;SAPUCAIA DO SUL;Velocidade Incompatível;Tombamento;Com Vítimas Feridas;Pleno dia;Decrescente;Céu Claro;Simples;Curva;-29.836.086;-51.182.426
30/03/2024;15:00:00;CONSELHEIRO LAFAIETE;Chuva;Colisão frontal;Com Vítimas Fatais;Pleno dia;Crescente;Chuva;Simples;Curva;-20.732.895;-43.799.758
30/03/2024;15:20:00;LEOPOLDINA;Velocidade Incompatível;Colisão frontal;Com Vítimas Feridas;Pleno dia;Crescente;Chuva;Simples;Curva;-2.155.054.675;-4.267.361.103
30/03/2024;18:55:00;SANTO ANTONIO DO DESCOBERTO;Acumulo de areia ou detritos sobre o pavimento;Colisão traseira;Com Vítimas Feridas;Plena Noite;Decrescente;Chuva;Dupla;Aclive;-16.100.354;-4.828.663
31/03/2024;15:30:00;CACHOEIRA DOS INDIOS;Demais falhas na via;Tombamento;Com Vítimas Feridas;Pleno dia;Decrescente;Nublado;Simples;"Declive;Curva";-6.970.903;-38.734.009
31/03/2024;15:40:00;SAO FRANCISCO DO PARA;Velocidade Incompatível;Engavetamento;Com Vítimas Fatais;Pleno dia;Crescente;Céu Claro;Simples;Reta;-132.102.467;-4.768.312.794
01/04/2024;03:14:00;BARROLANDIA;Animais na Pista;Atropelamento de Animal;Com Vítimas Feridas;Plena Noite;Decrescente;Nublado;Simples;Reta;-9.983.154;-48.752.423
01/04/2024;08:00:00;SAO BORJA;Manobra de mudança de faixa;Colisão lateral sentido oposto;Com Vítimas Feridas;Pleno dia;Decrescente;Céu Claro;Simples;Reta;-2.881.296.608;-5.605.140.871
01/04/2024;05:15:00;ITATIM;Ultrapassagem Indevida;Colisão frontal;Com Vítimas Feridas;Pleno dia;Crescente;Nublado;Simples;Reta;-1.272.404.513;-3.977.034.297
01/04/2024;11:20:00;BIGUACU;Manobra de mudança de faixa;Colisão traseira;Sem Vítimas;Pleno dia;Crescente;Nublado;Dupla;Reta;-2.751.844.497;-4.863.848.496
01/04/2024;12:05:00;EXTREMA;Velocidade Incompatível;Saída de leito carroçável;Sem Vítimas;Pleno dia;Decrescente;Céu Claro;Dupla;"Aclive;Curva";-22.812.188;-46.284.071
01/04/2024;07:20:00;ALEM PARAIBA;Ultrapassagem Indevida;Colisão frontal;Com Vítimas Fatais;Pleno dia;Crescente;Céu Claro;Simples;"Reta;Declive";-21.710.918;-4.273.011.109
01/04/2024;07:40:00;ANDARAI;Velocidade Incompatível;Tombamento;Sem Vítimas;Pleno dia;Decrescente;Céu Claro;Simples;Reta;-1.246.733.959;-4.108.997.199
01/04/2024;11:40:00;MAMBORE;Condutor usando celular;Colisão traseira;Com Vítimas Feridas;Pleno dia;Decrescente;Nublado;Simples;"Aclive;Reta";-24.332.857;-526.675.606
01/04/2024;13:15:00;MORADA NOVA;Manobra de mudança de faixa;Colisão lateral sentido oposto;Com Vítimas Feridas;Pleno dia;Crescente;Céu Claro;Simples;Reta;-456.533.401;-38.251.164
01/04/2024;15:45:00;ITABAIANA;Ultrapassagem Indevida;Colisão lateral mesmo sentido;Sem Vítimas;Pleno dia;Decrescente;Céu Claro;Simples;Reta;-10.769.654;-37.337.318
01/04/2024;16:00:00;CASCAVEL;Manobra de mudança de faixa;Colisão lateral mesmo sentido;Com Vítimas Feridas;Pleno dia;Crescente;Céu Claro;Dupla;Reta;-2.497.165.493;-5.339.428.595
01/04/2024;15:47:00;ARCOVERDE;Acumulo de água sobre o pavimento;Colisão com objeto;Com Vítimas Feridas;Pleno dia;Crescente;Chuva;Simples;Reta;-841.863.444;-3.699.827.208
01/04/2024;16:15:00;CURITIBA;Manobra de mudança de faixa;Colisão lateral mesmo sentido;Com Vítimas Feridas;Pleno dia;Crescente;Céu Claro;Dupla;Reta;-2.546.488;-49.357.148