data_inversa;horario;municipio;causa_acidente;tipo_acidente;classificacao_acidente;fase_dia;sentido_via;condicao_metereologica;tipo_pista;tracado_via;latitude;longitude
01/04/2024;17:00:00;PALHOCA;Manobra de mudança de faixa;Colisão lateral mesmo sentido;Com Vítimas Feridas;Pleno dia;Crescente;Céu Claro;Dupla;Reta;-2.768.392.194;-4.866.710.085
01/04/2024;18:00:00;NOVA SANTA RITA;Manobra de mudança de faixa;Colisão lateral mesmo sentido;Com Vítimas Feridas;Anoitecer;Crescente;Céu Claro;Dupla;Reta;-2.985.803;-51.261.227
31/03/2024;20:12:00;PETROPOLIS;Velocidade Incompatível;Tombamento;Com Vítimas Feridas;Plena Noite;Crescente;Céu Claro;Dupla;Curva;-2.256.876.595;-4.327.693.723
01/04/2024;18:50:00;BANDEIRANTES;Manobra de mudança de faixa;Colisão frontal;Com Vítimas Feridas;Plena Noite;Decrescente;Nublado;Simples;Reta;-199.982.538;-5.439.409.247
01/04/2024;20:10:00;CAJATI;Velocidade Incompatível;Saída de leito carroçável;Com Vítimas Feridas;Plena Noite;Decrescente;Céu Claro;Dupla;"Curva;Declive";-24.805.288;-48.214.966
01/04/2024;19:32:00;ARAGUARI;Manobra de mudança de faixa;Colisão traseira;Com Vítimas Feridas;Plena Noite;Crescente;Chuva;Dupla;Reta;-1.848.857.586;-4.804.613.852
01/04/2024;23:20:00;TRES MARIAS;Velocidade Incompatível;Tombamento;Com Vítimas Feridas;Plena Noite;Crescente;Céu Claro;Simples;"Curva;Declive";-1.851.992.012;-4.507.606.745
02/04/2024;07:21:00;GUARAI;Manobra de mudança de faixa;Colisão traseira;Com Vítimas Feridas;Pleno dia;Crescente;Céu Claro;Múltipla;Reta;-8.835.718;-48.512.123
02/04/2024;07:35:00;JABOATAO DOS GUARARAPES;Manobra de mudança de faixa;Colisão lateral mesmo sentido;Sem Vítimas;Pleno dia;Crescente;Céu Claro;Dupla;Reta;-8.164.272;-34.939.225
02/04/2024;09:15:00;FELIXLANDIA;Ultrapassagem Indevida;Colisão lateral mesmo sentido;Com Vítimas Feridas;Pleno dia;Crescente;Nublado;Simples;Reta;-187.560.336;-4.484.591.063
02/04/2024;09:00:00;FRANCISCO SA;Pista Escorregadia;Saída de leito carroçável;Com Vítimas Feridas;Pleno dia;Crescente;Chuva;Simples;Reta;-1.647.130.466;-4.345.673.904
02/04/2024;13:10:00;CONTAGEM;Manobra de mudança de faixa;Colisão lateral mesmo sentido;Sem Vítimas;Pleno dia;Decrescente;Nublado;Dupla;"Declive;Reta";-1.996.179.268;-4.405.041.676
02/04/2024;13:15:00;RIO DOS BOIS;Ultrapassagem Indevida;Colisão lateral mesmo sentido;Com Vítimas Feridas;Pleno dia;Crescente;Sol;Simples;Reta;-940.984.797;-4.856.985.016
25/03/2024;09:50:00;CARDOSO MOREIRA;Velocidade Incompatível;Tombamento;Com Vítimas Feridas;Pleno dia;Crescente;Chuva;Simples;"Declive;Curva";-2.148.337.624;-4.164.795.307
02/04/2024;16:00:00;NOVA MUTUM;Manobra de mudança de faixa;Colisão lateral mesmo sentido;Com Vítimas Feridas;Pleno dia;Crescente;Nublado;Simples;Reta;-1.406.590.909;-5.610.266.283
02/04/2024;12:00:00;MONTES CLAROS;Velocidade Incompatível;Colisão com objeto;Com Vítimas Feridas;Pleno dia;Crescente;Chuva;Simples;"Curva;Declive";-1.687.433.198;-4.398.487.502
02/04/2024;16:25:00;JUQUITIBA;Manobra de mudança de faixa;Colisão lateral mesmo sentido;Com Vítimas Feridas;Pleno dia;Decrescente;Céu Claro;Dupla;Reta;-23.935.106;-47.026.682
02/04/2024;17:50:00;QUEIMADAS;Conversão proibida;Colisão traseira;Com Vítimas Feridas;Anoitecer;Crescente;Céu Claro;Simples;Reta;-737.817.097;-3.589.737.088
02/04/2024;16:31:00;GASPAR;Acumulo de água sobre o pavimento;Colisão com objeto;Sem Vítimas;Pleno dia;Decrescente;Chuva;Dupla;Curva;-26.914.196;-48.968.948
02/04/2024;20:00:00;BRASILIA;Acesso irregular;Colisão transversal;Com Vítimas Feridas;Plena Noite;Crescente;Céu Claro;Múltipla;Reta;-15.791.242;-48.105.759
02/04/2024;21:10:00;SANGAO;Condutor usando celular;Colisão traseira;Com Vítimas Feridas;Plena Noite;Decrescente;Garoa/Chuvisco;Múltipla;"Curva;Aclive";-2.867.136.197;-4.912.225.505
02/04/2024;14:00:00;SAO MATEUS DO MARANHAO;Velocidade Incompatível;Tombamento;Sem Vítimas;Pleno dia;Decrescente;Céu Claro;Simples;Reta;-392.286;-44.480.053
03/04/2024;00:45:00;CONCEICAO DA BARRA;Ultrapassagem Indevida;Colisão lateral sentido oposto;Com Vítimas Feridas;Plena Noite;Decrescente;Céu Claro;Simples;Reta;-1.849.121.094;-3.992.115.983
02/04/2024;17:20:00;SAO GONCALO DO GURGUEIA;Pista Escorregadia;Colisão transversal;Com Vítimas Feridas;Pleno dia;Crescente;Nublado;Simples;"Curva;Declive";-1.014.113.986;-4.520.179.291
03/04/2024;04:00:00;RUSSAS;Pista esburacada;Capotamento;Com Vítimas Feridas;Plena Noite;Decrescente;Céu Claro;Simples;Reta;-484.542.142;-3.804.195.641
03/04/2024;01:30:00;SAUDADES;Ultrapassagem Indevida;Saída de leito carroçável;Com Vítimas Feridas;Plena Noite;Decrescente;Céu Claro;Simples;"Aclive;Curva";-26.826.925;-53.082.031
03/04/2024;06:30:00;INGA;Manobra de mudança de faixa;Colisão lateral mesmo sentido;Sem Vítimas;Pleno dia;Crescente;Céu Claro;Dupla;"Aclive;Curva";-721.671.243;-3.559.488.773
03/04/2024;13:50:00;SAO MATEUS;Ultrapassagem Indevida;Colisão lateral sentido oposto;Sem Vítimas;Pleno dia;Crescente;Chuva;Simples;"Interseção de Vias;Reta";-1.869.020.499;-3.986.154.403
11/01/2024;14:20:00;JACIARA;Manobra de mudança de faixa;Colisão lateral sentido oposto;Com Vítimas Feridas;Pleno dia;Crescente;Nublado;Dupla;Reta;-159.525.579;-5.498.847.663
03/04/2024;09:30:00;JOAO PESSOA;Acesso irregular;Colisão transversal;Com Vítimas Feridas;Pleno dia;Crescente;Céu Claro;Dupla;Retorno Regulamentado;-7.179.652;-34.900.417
03/04/2024;07:55:00;CAMAQUA;Manobra de mudança de faixa;Colisão lateral sentido oposto;Com Vítimas Feridas;Pleno dia;Decrescente;Céu Claro;Simples;Reta;-3.086.691.995;-5.180.039.803
03/04/2024;17:30:00;PORTO VELHO;Acesso irregular;Colisão transversal;Com Vítimas Feridas;Pleno dia;Crescente;Céu Claro;Múltipla;"Viaduto;Curva";-877.150.597;-6.388.154.984
03/04/2024;14:28:00;SAO LUIS;Pista Escorregadia;Eventos atípicos;Com Vítimas Feridas;Pleno dia;Crescente;Chuva;Dupla;"Curva;Declive";-271.719.899;-4.432.099.307
03/04/2024;17:00:00;DIVISA ALEGRE;Ultrapassagem Indevida;Colisão lateral sentido oposto;Com Vítimas Feridas;Pleno dia;Crescente;Céu Claro;Simples;Reta;-1.573.455.515;-4.134.083.437
03/04/2024;17:38:00;CASCAVEL;Manobra de mudança de faixa;Colisão lateral mesmo sentido;Com Vítimas Feridas;Pleno dia;Decrescente;Sol;Dupla;Reta;-2.498.837.665;-5.350.778.641
03/04/2024;19:10:00;CANOINHAS;Conversão proibida;Colisão traseira;Com Vítimas Feridas;Plena Noite;Decrescente;Nublado;Simples;"Reta;Declive";-2.622.501.599;-5.045.997.601
03/04/2024;16:00:00;JATAI;Manobra de mudança de faixa;Colisão lateral mesmo sentido;Com Vítimas Feridas;Pleno dia;Decrescente;Sol;Dupla;"Ponte;Declive";-17.915.388;-5.175.613
27/03/2024;16:15:00;ARIQUEMES;Acumulo de água sobre o pavimento;Colisão frontal;Com Vítimas Feridas;Pleno dia;Crescente;Nublado;Simples;Declive;-1.022.421.333;-6.276.233.722
03/04/2024;23:40:00;ENGENHEIRO CALDAS;Ultrapassagem Indevida;Colisão frontal;Com Vítimas Fatais;Plena Noite;Decrescente;Céu Claro;Simples;Curva;-1.899.809.891;-4.197.757.268
04/04/2024;06:15:00;LINDOESTE;Velocidade Incompatível;Saída de leito carroçável;Com Vítimas Feridas;Pleno dia;Decrescente;Céu Claro;Dupla;"Reta;Declive";-2.521.734.703;-5.359.537.645
04/04/2024;08:40:00;MAFRA;Velocidade Incompatível;Tombamento;Com Vítimas Feridas;Pleno dia;Decrescente;Céu Claro;Simples;"Curva;Aclive";-2.617.415.761;-4.985.561.371
04/04/2024;10:00:00;PONTA GROSSA;Velocidade Incompatível;Colisão com objeto;Com Vítimas Feridas;Pleno dia;Crescente;Céu Claro;Dupla;Reta;-2.507.409.361;-5.021.103.859
28/03/2024;08:50:00;SAO GONCALO DO ABAETE;Acumulo de água sobre o pavimento;Saída de leito carroçável;Com Vítimas Feridas;Pleno dia;Decrescente;Chuva;Simples;"Reta;Declive";-180.946.169;-4.547.580.786
04/04/2024;09:40:00;BRASILIA;Manobra de mudança de faixa;Colisão lateral mesmo sentido;Com Vítimas Feridas;Pleno dia;Crescente;Nublado;Dupla;"Declive;Reta";-15.675.484;-47.823.761
20/02/2024;16:40:00;ANCHIETA;Velocidade Incompatível;Colisão frontal;Com Vítimas Fatais;Pleno dia;Crescente;Chuva;Simples;Curva;-20.665.676;-40.655.926
04/04/2024;09:30:00;CAMANDUCAIA;Velocidade Incompatível;Tombamento;Com Vítimas Feridas;Pleno dia;Crescente;Sol;Dupla;Curva;-227.680.939;-4.620.854.399
04/04/2024;13:24:00;BRASILIA;Pista Escorregadia;Colisão com objeto;Sem Vítimas;Pleno dia;Crescente;Garoa/Chuvisco;Dupla;"Declive;Reta";-15.679.851;-47.832.211
04/04/2024;14:45:00;VIANA;Ultrapassagem Indevida;Colisão lateral mesmo sentido;Com Vítimas Feridas;Pleno dia;Crescente;Céu Claro;Simples;Reta;-2.038.441.093;-40.463.078
09/03/2024;18:00:00;PORTO FRANCO;Manobra de mudança de faixa;Colisão lateral mesmo sentido;Com Vítimas Feridas;Anoitecer;Crescente;Ignorado;Simples;Reta;-631.865.177;-473.384.971
04/04/2024;16:25:00;TERESINA;Manobra de mudança de faixa;Colisão lateral mesmo sentido;Com Vítimas Feridas;Pleno dia;Decrescente;Sol;Múltipla;Reta;-52.096.314;-4.275.526.995
04/04/2024;16:40:00;JACIARA;Manobra de mudança de faixa;Colisão lateral sentido oposto;Com Vítimas Fatais;Pleno dia;Crescente;Céu Claro;Simples;Declive;-1.595.344.474;-5.499.098.104
04/04/2024;12:00:00;NOVO PROGRESSO;Ultrapassagem Indevida;Colisão lateral mesmo sentido;Com Vítimas Fatais;Pleno dia;Decrescente;Céu Claro;Simples;"Reta;Declive";-724.784.532;-5.533.480.139
04/04/2024;12:30:00;CACERES;Manobra de mudança de faixa;Colisão frontal;Com Vítimas Feridas;Pleno dia;Decrescente;Chuva;Simples;Reta;-162.432.299;-5.745.123.218
23/03/2024;11:30:00;MAGE;Conversão proibida;Colisão transversal;Com Vítimas Feridas;Pleno dia;Decrescente;Céu Claro;Simples;Reta;-2.265.788.388;-43.079.654
05/04/2024;00:50:00;ALIANCA DO TOCANTINS;Velocidade Incompatível;Tombamento;Com Vítimas Feridas;Plena Noite;Decrescente;Chuva;Simples;Reta;-1.123.830.101;-4.893.397.192
05/04/2024;01:30:00;ITABORAI;Deficiência do Sistema de Iluminação/Sinalização;Colisão traseira;Com Vítimas Fatais;Plena Noite;Crescente;Céu Claro;Dupla;Reta;-2.276.376.316;-4.285.172.094
05/04/2024;04:10:00;JOAO NEIVA;Velocidade Incompatível;Tombamento;Sem Vítimas;Plena Noite;Decrescente;Céu Claro;Simples;Curva;-1.971.988.223;-4.037.657.261
05/04/2024;05:20:00;CACOAL;Manobra de mudança de faixa;Colisão lateral sentido oposto;Com Vítimas Feridas;Pleno dia;Decrescente;Céu Claro;Simples;Reta;-1.143.520.135;-6.162.493.101
05/04/2024;07:30:00;TUBARAO;Manobra de mudança de faixa;Colisão transversal;Com Vítimas Feridas;Pleno dia;Decrescente;Nublado;Dupla;Interseção de Vias;-2.846.730.446;-4.900.604.302
05/04/2024;08:25:00;CASCAVEL;Manobra de mudança de faixa;Colisão lateral mesmo sentido;Com Vítimas Feridas;Pleno dia;Decrescente;Céu Claro;Dupla;Reta;-2.497.165.493;-5.339.428.595
05/04/2024;08:00:00;JUAZEIRO;Ultrapassagem Indevida;Colisão traseira;Sem Vítimas;Pleno dia;Decrescente;Céu Claro;Simples;Reta;-968.278.679;-4.037.932.069
05/04/2024;08:50:00;ALTOS;Manobra de mudança de faixa;Colisão lateral mesmo sentido;Com Vítimas Feridas;Pleno dia;Decrescente;Céu Claro;Simples;Reta;-5.047.346;-42.518.414
05/04/2024;11:25:00;CUIABA;Velocidade Incompatível;Tombamento;Com Vítimas Feridas;Pleno dia;Crescente;Céu Claro;Simples;Rotatória;-1.567.139.089;-5.594.815.295
05/04/2024;12:00:00;ALEM PARAIBA;Demais Fenômenos da natureza;Tombamento;Com Vítimas Feridas;Pleno dia;Decrescente;Céu Claro;Simples;Reta;-2.170.195.806;-4.272.965.349
05/04/2024;16:30:00;CACHOEIRA ALTA;Desrespeitar a preferência no cruzamento;Colisão transversal;Com Vítimas Feridas;Pleno dia;Crescente;Céu Claro;Simples;"Interseção de Vias;Rotatória";-18.509.233;-51.067.924
05/04/2024;15:30:00;SANTA HELENA DE GOIAS;Acesso irregular;Tombamento;Com Vítimas Feridas;Pleno dia;Decrescente;Céu Claro;Simples;Interseção de Vias;-17.924.692;-50.565.716
05/04/2024;16:00:00;MUITOS CAPOES;Acostamento em desnível;Tombamento;Com Vítimas Feridas;Pleno dia;Decrescente;Nublado;Simples;"Declive;Em Obras;Curva";-2.834.070.421;-5.115.313.768
05/04/2024;16:20:00;SAPUCAIA;Velocidade Incompatível;Tombamento;Com Vítimas Feridas;Pleno dia;Decrescente;Sol;Simples;Curva;-2.206.401.861;-4.279.492.861
05/04/2024;18:10:00;SAO BENTO DO SUL;Pista Escorregadia;Colisão frontal;Com Vítimas Feridas;Plena Noite;Decrescente;Chuva;Simples;"Declive;Curva";-2.636.381.888;-4.934.016.753
05/04/2024;23:30:00;VARGEM;Estacionar ou parar em local proibido;Engavetamento;Com Vítimas Feridas;Plena Noite;Crescente;Céu Claro;Múltipla;Reta;-2.288.146.043;-4.638.105.397
06/04/2024;00:07:00;SAO PAULO;Manobra de mudança de faixa;Colisão traseira;Com Vítimas Feridas;Plena Noite;Decrescente;Céu Claro;Múltipla;"Reta;Aclive";-2.335.761.806;-4.654.970.281
05/04/2024;15:00:00;FEIRA DE SANTANA;Modificação proibida;Colisão traseira;Sem Vítimas;Pleno dia;Crescente;Céu Claro;Dupla;Reta;-1.223.736.613;-3.897.999.588
06/04/2024;05:50:00;UBERABA;Velocidade Incompatível;Colisão traseira;Com Vítimas Feridas;Pleno dia;Decrescente;Céu Claro;Dupla;Reta;-197.624.352;-4.797.701.547
06/04/2024;00:17:00;CANGUCU;Velocidade Incompatível;Tombamento;Com Vítimas Feridas;Plena Noite;Decrescente;Céu Claro;Simples;"Declive;Curva";-3.117.109.734;-5.285.195.231
05/04/2024;16:00:00;SANTA MARIA DO PARA;Ultrapassagem Indevida;Colisão traseira;Com Vítimas Feridas;Pleno dia;Decrescente;Nublado;Simples;"Aclive;Reta";-131.441.706;-4.747.771.498
06/04/2024;10:50:00;ARACAJU;Estacionar ou parar em local proibido;Colisão com objeto;Com Vítimas Feridas;Pleno dia;Crescente;Céu Claro;Dupla;Declive;-109.073;-370.947
06/04/2024;09:10:00;SANTO ANTONIO DO LEVERGER;Manobra de mudança de faixa;Colisão lateral mesmo sentido;Com Vítimas Feridas;Pleno dia;Decrescente;Céu Claro;Dupla;Reta;-1.579.674.629;-5.559.138
06/04/2024;11:40:00;ALAGOINHAS;Ultrapassagem Indevida;Colisão lateral mesmo sentido;Com Vítimas Feridas;Pleno dia;Crescente;Chuva;Simples;Reta;-1.204.992.327;-3.830.765.953
26/03/2024;17:10:00;NOVA ANDRADINA;Acostamento em desnível;Tombamento;Com Vítimas Feridas;Pleno dia;Decrescente;Céu Claro;Simples;Curva;-2.175.966.546;-5.323.416.018
08/03/2024;15:52:00;JANGADA;Frear bruscamente;Colisão traseira;Com Vítimas Feridas;Pleno dia;Decrescente;Sol;Simples;"Ponte;Reta;Declive";-1.543.256.174;-5.633.922.156
06/04/2024;17:05:00;SAO SIMAO;Ultrapassagem Indevida;Colisão lateral mesmo sentido;Com Vítimas Feridas;Anoitecer;Decrescente;Céu Claro;Simples;Reta;-18.980.635;-50.589.607
06/04/2024;07:20:00;RIO DO SUL;Desrespeitar a preferência no cruzamento;Colisão transversal;Com Vítimas Feridas;Pleno dia;Decrescente;Céu Claro;Simples;Interseção de Vias;-27.129;-49.538.277
06/04/2024;19:30:00;ATALAIA;Velocidade Incompatível;Tombamento;Com Vítimas Fatais;Plena Noite;Crescente;Céu Claro;Simples;Reta;-950.959.089;-3.622.084.314
06/04/2024;18:30:00;CUIABA;Manobra de mudança de faixa;Colisão lateral mesmo sentido;Sem Vítimas;Anoitecer;Crescente;Céu Claro;Dupla;"Rotatória;Reta";-1.564.525.772;-5.601.108.313
06/04/2024;18:40:00;SAO CRISTOVAO DO SUL;Ausência de sinalização;Saída de leito carroçável;Com Vítimas Feridas;Anoitecer;Decrescente;Nublado;Simples;Curva;-27.305.603;-5.047.327
06/04/2024;18:10:00;AGUA BOA;Falta de acostamento;Saída de leito carroçável;Sem Vítimas;Anoitecer;Crescente;Céu Claro;Simples;Reta;-144.766.339;-522.771.232
30/03/2024;20:45:00;CARUARU;Acumulo de água sobre o pavimento;Colisão traseira;Com Vítimas Feridas;Plena Noite;Crescente;Chuva;Simples;Reta;-82.937;-359.864
07/04/2024;07:05:00;CHAPECO;Velocidade Incompatível;Saída de leito carroçável;Com Vítimas Feridas;Pleno dia;Crescente;Chuva;Simples;"Aclive;Curva";-2.699.983;-52.667.747
07/04/2024;12:40:00;CRUZ ALTA;Manobra de mudança de faixa;Saída de leito carroçável;Sem Vítimas;Pleno dia;Crescente;Chuva;Simples;Reta;-285.700.499;-5.356.567.808
22/03/2024;15:10:00;GOVERNADOR VALADARES;Velocidade Incompatível;Tombamento;Com Vítimas Feridas;Pleno dia;Decrescente;Céu Claro;Simples;"Declive;Reta";-1.874.640.854;-4.198.322.296
07/04/2024;14:50:00;RECIFE;Manobra de mudança de faixa;Colisão lateral mesmo sentido;Com Vítimas Feridas;Pleno dia;Crescente;Sol;Dupla;Reta;-8.067.135;-34.943.237
07/04/2024;17:00:00;LARANJAL;Conversão proibida;Colisão traseira;Com Vítimas Feridas;Pleno dia;Decrescente;Sol;Simples;"Ponte;Curva";-2.127.996.569;-4.241.644.892
07/04/2024;16:30:00;JEQUIE;Desrespeitar a preferência no cruzamento;Colisão transversal;Com Vítimas Feridas;Pleno dia;Crescente;Céu Claro;Simples;Reta;-1.379.970.305;-4.011.130.458
07/04/2024;16:40:00;CAMPOS ALTOS;Velocidade Incompatível;Tombamento;Com Vítimas Feridas;Pleno dia;Crescente;Céu Claro;Simples;"Declive;Curva";-196.581.073;-4.612.884.521
07/04/2024;14:20:00;TOLEDO;Velocidade Incompatível;Colisão traseira;Com Vítimas Feridas;Pleno dia;Crescente;Chuva;Dupla;Reta;-2.468.264.394;-53.779.494
07/04/2024;14:30:00;AREIA BRANCA;Frear bruscamente;Saída de leito carroçável;Com Vítimas Feridas;Pleno dia;Crescente;Nublado;Simples;Reta;-1.076.957.505;-3.735.652.506
07/04/2024;20:10:00;BAYEUX;Manobra de mudança de faixa;Colisão lateral mesmo sentido;Sem Vítimas;Plena Noite;Crescente;Céu Claro;Dupla;Reta;-713.957.906;-3.492.312.806
07/04/2024;13:21:00;JOACABA;Velocidade Incompatível;Colisão frontal;Com Vítimas Fatais;Pleno dia;Decrescente;Chuva;Simples;Reta;-2.718.336.178;-5.151.990.294
08/04/2024;03:05:00;RUSSAS;Pista esburacada;Tombamento;Com Vítimas Feridas;Plena Noite;Decrescente;Nublado;Simples;Reta;-467.991.963;-3.812.722.972
08/04/2024;06:45:00;NOVA ERA;Velocidade Incompatível;Colisão lateral sentido oposto;Com Vítimas Feridas;Pleno dia;Decrescente;Céu Claro;Simples;"Aclive;Curva";-1.982.388.218;-4.308.235.792
08/04/2024;06:25:00;SAO GONCALO;Animais na Pista;Engavetamento;Com Vítimas Feridas;Pleno dia;Crescente;Céu Claro;Dupla;Reta;-2.279.309.326;-4.302.479.595
08/04/2024;08:50:00;RIO NEGRINHO;Pista Escorregadia;Saída de leito carroçável;Com Vítimas Feridas;Pleno dia;Crescente;Garoa/Chuvisco;Simples;"Declive;Curva";-26.254.826;-49.603.124
08/04/2024;10:30:00;CAMPO LARGO;Manobra de mudança de faixa;Colisão traseira;Sem Vítimas;Pleno dia;Crescente;Chuva;Múltipla;"Reta;Aclive";-25.470.716;-49.660.235
05/04/2024;10:05:00;FERNANDES PINHEIRO;Manobra de mudança de faixa;Colisão lateral mesmo sentido;Sem Vítimas;Pleno dia;Decrescente;Céu Claro;Simples;Reta;-254.682.077;-5.040.624.097
08/04/2024;13:45:00;BETIM;Velocidade Incompatível;Engavetamento;Com Vítimas Feridas;Pleno dia;Crescente;Céu Claro;Múltipla;Reta;-1.997.018.187;-4.418.210.416
08/04/2024;11:00:00;IMBAU;Chuva;Engavetamento;Com Vítimas Feridas;Pleno dia;Decrescente;Chuva;Dupla;"Declive;Curva";-244.881.878;-5.073.309.105
08/04/2024;11:20:00;ALEGRETE;Manobra de mudança de faixa;Saída de leito carroçável;Com Vítimas Feridas;Pleno dia;Crescente;Garoa/Chuvisco;Simples;"Aclive;Curva";-30.064.606;-5.529.261
04/04/2024;11:10:00;ITAQUIRAI;Acesso irregular;Colisão traseira;Com Vítimas Feridas;Pleno dia;Crescente;Céu Claro;Simples;"Reta;Declive";-2.334.327.298;-5.421.698.988
08/04/2024;14:40:00;LEOPOLDINA;Velocidade Incompatível;Tombamento;Com Vítimas Feridas;Pleno dia;Decrescente;Céu Claro;Simples;Curva;-2.161.482.397;-4.269.263.203
08/04/2024;15:00:00;ITAGUAI;Manobra de mudança de faixa;Colisão traseira;Com Vítimas Feridas;Pleno dia;Crescente;Céu Claro;Dupla;Reta;-2.287.833.705;-4.381.994.421
08/04/2024;08:40:00;SAO LOURENCO DO SUL;Desrespeitar a preferência no cruzamento;Colisão transversal;Com Vítimas Feridas;Pleno dia;Decrescente;Céu Claro;Dupla;"Em Obras;Rotatória";-3.131.976.762;-5.202.713.013
08/04/2024;17:00:00;PONTE ALTA;Velocidade Incompatível;Tombamento;Com Vítimas Feridas;Pleno dia;Crescente;Sol;Simples;Curva;-2.751.040.007;-5.036.397.936
08/04/2024;20:10:00;RONDONOPOLIS;Deficiência do Sistema de Iluminação/Sinalização;Incêndio;Sem Vítimas;Plena Noite;Crescente;Nublado;Dupla;Reta;-1.632.388;-54.751.218
08/04/2024;20:10:00;MARINGA;Manobra de mudança de faixa;Colisão lateral mesmo sentido;Com Vítimas Feridas;Plena Noite;Crescente;Céu Claro;Dupla;Aclive;-234.273;-519.375
08/04/2024;12:00:00;SAO JOSE DO SUL;Velocidade Incompatível;Tombamento;Sem Vítimas;Pleno dia;Decrescente;Céu Claro;Simples;Curva;-29.519.934;-5.147.336
08/04/2024;15:25:00;ORTIGUEIRA;Velocidade Incompatível;Colisão frontal;Com Vítimas Fatais;Pleno dia;Decrescente;Chuva;Simples;"Curva;Declive";-24.065.596;-5.106.416
08/04/2024;20:40:00;JUTI;Deficiência do Sistema de Iluminação/Sinalização;Colisão traseira;Sem Vítimas;Plena Noite;Decrescente;Céu Claro;Simples;Reta;-2.283.392.022;-5.467.955.916
08/04/2024;19:40:00;IVINHEMA;Demais falhas na via;Saída de leito carroçável;Com Vítimas Feridas;Plena Noite;Crescente;Céu Claro;Simples;Reta;-22.384.267;-53.570.935
09/04/2024;06:00:00;GUARULHOS;Manobra de mudança de faixa;Tombamento;Com Vítimas Feridas;Amanhecer;Crescente;Sol;Múltipla;Reta;-2.349.659.264;-4.655.648.754
09/04/2024;06:30:00;JUATUBA;Velocidade Incompatível;Colisão traseira;Com Vítimas Feridas;Pleno dia;Crescente;Sol;Dupla;"Aclive;Reta";-1.997.391.261;-4.427.096.197
09/04/2024;08:10:00;GUARULHOS;Manobra de mudança de faixa;Colisão traseira;Com Vítimas Feridas;Pleno dia;Crescente;Céu Claro;Múltipla;"Em Obras;Reta";-234.324.306;-464.194.352
09/04/2024;07:30:00;CALIFORNIA;Velocidade Incompatível;Colisão lateral mesmo sentido;Com Vítimas Feridas;Pleno dia;Crescente;Céu Claro;Dupla;Curva;-23.700.246;-5.133.458.376
09/04/2024;11:30:00;CRUZEIRO;Manobra de mudança de faixa;Colisão lateral mesmo sentido;Com Vítimas Feridas;Pleno dia;Decrescente;Céu Claro;Dupla;Declive;-2.262.492.006;-4.491.571.997
09/04/2024;08:50:00;URUACU;Ultrapassagem Indevida;Colisão lateral mesmo sentido;Com Vítimas Feridas;Pleno dia;Crescente;Céu Claro;Simples;Reta;-1.462.512;-4.917.255
09/04/2024;13:20:00;ARAXA;Pista esburacada;Colisão frontal;Com Vítimas Feridas;Pleno dia;Crescente;Céu Claro;Simples;"Declive;Curva";-1.955.471.124;-4.696.541.189
10/03/2024;07:20:00;RUBELITA;Afundamento ou ondulação no pavimento;Tombamento;Com Vítimas Fatais;Pleno dia;Decrescente;Céu Claro;Simples;"Declive;Curva";-1.626.255.277;-4.240.799.904
09/04/2024;16:50:00;SAO JOAO DO RIO DO PEIXE;Frear bruscamente;Saída de leito carroçável;Com Vítimas Feridas;Pleno dia;Crescente;Nublado;Simples;Reta;-68.579;-383.721
09/04/2024;19:15:00;GUAMIRANGA;Velocidade Incompatível;Tombamento;Com Vítimas Feridas;Plena Noite;Crescente;Céu Claro;Simples;"Declive;Curva";-2.519.382.968;-5.078.567.874
09/04/2024;20:10:00;APARECIDA DE GOIANIA;Manobra de mudança de faixa;Colisão traseira;Com Vítimas Feridas;Plena Noite;Crescente;Chuva;Múltipla;Reta;-167.633;-49.24
09/04/2024;19:50:00;ITABAIANA;Velocidade Incompatível;Colisão frontal;Com Vítimas Fatais;Plena Noite;Crescente;Céu Claro;Simples;Reta;-10.594.102;-37.487.961
09/04/2024;21:00:00;GUARULHOS;Manobra de mudança de faixa;Colisão traseira;Com Vítimas Feridas;Plena Noite;Crescente;Nublado;Múltipla;Reta;-2.347.559.815;-465.246.609
10/04/2024;00:20:00;MARINGA;Deficiência do Sistema de Iluminação/Sinalização;Colisão com objeto;Com Vítimas Feridas;Plena Noite;Crescente;Céu Claro;Dupla;Reta;-23.373.814;-51.933.792
10/04/2024;01:10:00;REGISTRO;Estacionar ou parar em local proibido;Colisão traseira;Com Vítimas Fatais;Plena Noite;Crescente;Ignorado;Dupla;Reta;-2.452.913.591;-4.785.619.324
10/04/2024;02:15:00;RIO DE JANEIRO;Acesso irregular;Engavetamento;Com Vítimas Feridas;Plena Noite;Crescente;Céu Claro;Múltipla;"Reta;Ponte";-2.287.133.305;-4.320.407.695
09/04/2024;18:28:00;FLEXEIRAS;Chuva;Tombamento;Sem Vítimas;Plena Noite;Decrescente;Nublado;Dupla;Curva;-922.279.792;-3.577.608.338
10/04/2024;05:20:00;GUARAPUAVA;Ultrapassagem Indevida;Colisão frontal;Com Vítimas Feridas;Plena Noite;Crescente;Céu Claro;Simples;Curva;-2.530.334.725;-5.115.427.693
10/04/2024;06:40:00;MARECHAL FLORIANO;Acesso irregular;Colisão transversal;Com Vítimas Feridas;Amanhecer;Decrescente;Céu Claro;Simples;Curva;-2.041.251.052;-4.069.798.571