data_inversa;horario;municipio;causa_acidente;tipo_acidente;classificacao_acidente;fase_dia;sentido_via;condicao_metereologica;tipo_pista;tracado_via;latitude;longitude
10/04/2024;07:30:00;TERESOPOLIS;Velocidade Incompatível;Colisão frontal;Com Vítimas Feridas;Pleno dia;Decrescente;Céu Claro;Simples;"Aclive;Curva";-22.253.395;-42.919.795
09/04/2024;20:00:00;POUSO ALTO;Demais falhas na via;Saída de leito carroçável;Sem Vítimas;Plena Noite;Decrescente;Céu Claro;Simples;"Curva;Aclive";-2.217.502.858;-4.497.005.105
10/04/2024;07:10:00;ALTO PARANA;Manobra de mudança de faixa;Colisão traseira;Com Vítimas Feridas;Pleno dia;Crescente;Céu Claro;Dupla;"Reta;Declive";-2.316.687.649;-5.225.152.136
10/04/2024;06:30:00;MURIAE;Velocidade Incompatível;Saída de leito carroçável;Com Vítimas Feridas;Pleno dia;Decrescente;Nublado;Simples;"Aclive;Curva";-21.012.506;-42.359.798
10/04/2024;09:10:00;VACARIA;Acostamento em desnível;Saída de leito carroçável;Com Vítimas Feridas;Pleno dia;Decrescente;Céu Claro;Simples;Reta;-2.840.611.002;-5.085.626.496
10/04/2024;11:50:00;MORRETES;Velocidade Incompatível;Capotamento;Com Vítimas Feridas;Pleno dia;Decrescente;Sol;Dupla;"Curva;Declive";-2.557.496.275;-4.885.276.794
05/03/2024;18:19:00;MARECHAL FLORIANO;Velocidade Incompatível;Tombamento;Com Vítimas Fatais;Anoitecer;Crescente;Céu Claro;Simples;"Declive;Curva";-2.041.120.651;-407.479.394
10/04/2024;12:15:00;FORMOSA;Ultrapassagem Indevida;Colisão frontal;Com Vítimas Feridas;Pleno dia;Crescente;Céu Claro;Simples;Reta;-15.320.267;-47.134.056
10/04/2024;12:45:00;ARAUCARIA;Manobra de mudança de faixa;Colisão lateral mesmo sentido;Com Vítimas Feridas;Pleno dia;Crescente;Nublado;Dupla;Reta;-25.570.036;-49.384.193
10/04/2024;13:40:00;SERRA;Acumulo de água sobre o pavimento;Colisão com objeto;Com Vítimas Feridas;Pleno dia;Decrescente;Chuva;Simples;Curva;-2.006.198.397;-4.037.678.888
10/04/2024;14:20:00;EXTREMA;Velocidade Incompatível;Tombamento;Com Vítimas Feridas;Pleno dia;Crescente;Céu Claro;Dupla;Curva;-2.283.909.203;-4.632.850.893
10/04/2024;13:00:00;SAO MARTINHO;Deficiência do Sistema de Iluminação/Sinalização;Colisão transversal;Com Vítimas Feridas;Pleno dia;Crescente;Céu Claro;Simples;Interseção de Vias;-27.736.906;-53.838.505
10/04/2024;15:50:00;SAO JOSE;Manobra de mudança de faixa;Colisão lateral mesmo sentido;Com Vítimas Feridas;Pleno dia;Crescente;Céu Claro;Dupla;Declive;-2.760.001.226;-486.226.467
10/04/2024;18:40:00;VITORIA DA CONQUISTA;Deficiência do Sistema de Iluminação/Sinalização;Colisão traseira;Com Vítimas Feridas;Plena Noite;Crescente;Céu Claro;Simples;"Aclive;Reta";-14.849.115;-40.809.072
10/04/2024;19:15:00;SANTO ANTONIO DA PLATINA;Manobra de mudança de faixa;Colisão frontal;Com Vítimas Feridas;Plena Noite;Crescente;Céu Claro;Simples;Reta;-2.336.290.402;-5.006.502.594
10/04/2024;18:00:00;VILA PROPICIO;Velocidade Incompatível;Saída de leito carroçável;Com Vítimas Feridas;Plena Noite;Decrescente;Chuva;Simples;"Declive;Curva";-15.208.875;-48.697.312
10/04/2024;06:00:00;OLIVEIRA DOS BREJINHOS;Chuva;Colisão frontal;Com Vítimas Feridas;Amanhecer;Decrescente;Chuva;Simples;Reta;-1.231.388.574;-425.969.499
10/04/2024;19:40:00;GUARAPUAVA;Pista Escorregadia;Colisão com objeto;Sem Vítimas;Plena Noite;Crescente;Chuva;Dupla;"Declive;Reta";-2.536.058.272;-5.135.210.476
10/04/2024;23:35:00;MURIAE;Velocidade Incompatível;Tombamento;Com Vítimas Feridas;Plena Noite;Crescente;Nublado;Simples;Curva;-2.123.975.947;-4.239.292.687
11/04/2024;10:50:00;MONTENEGRO;Chuva;Colisão lateral sentido oposto;Com Vítimas Feridas;Pleno dia;Crescente;Chuva;Simples;Reta;-29.814.081;-51.493.126
11/04/2024;11:30:00;VERANOPOLIS;Acumulo de água sobre o pavimento;Saída de leito carroçável;Com Vítimas Feridas;Pleno dia;Decrescente;Chuva;Simples;Declive;-2.891.926.201;-5.153.914.905
11/04/2024;16:20:00;PARAOPEBA;Manobra de mudança de faixa;Saída de leito carroçável;Com Vítimas Feridas;Pleno dia;Crescente;Céu Claro;Dupla;"Aclive;Reta";-1.921.980.485;-4.445.033.788
11/04/2024;16:32:00;PIRAI;Declive acentuado;Tombamento;Sem Vítimas;Pleno dia;Decrescente;Céu Claro;Dupla;"Curva;Declive";-2.260.655.103;-4.393.505.207
11/04/2024;18:40:00;RIANAPOLIS;Iluminação deficiente;Colisão traseira;Com Vítimas Feridas;Plena Noite;Decrescente;Nublado;Simples;Reta;-15.421.203;-49.518.402
11/04/2024;20:00:00;LAGUNA;Manobra de mudança de faixa;Colisão lateral mesmo sentido;Com Vítimas Feridas;Plena Noite;Decrescente;Chuva;Dupla;Reta;-2.840.755.485;-4.879.169.438
05/04/2024;19:00:00;OIAPOQUE;Acostamento em desnível;Saída de leito carroçável;Sem Vítimas;Plena Noite;Crescente;Nevoeiro/Neblina;Simples;Curva;325.336.577;-5.157.866.613
11/04/2024;15:10:00;ORTIGUEIRA;Velocidade Incompatível;Tombamento;Com Vítimas Feridas;Pleno dia;Crescente;Céu Claro;Dupla;"Declive;Curva";-23.985.591;-51.083.305
12/04/2024;05:00:00;ANCHIETA;Velocidade Incompatível;Tombamento;Com Vítimas Feridas;Amanhecer;Crescente;Chuva;Simples;Curva;-2.076.055.768;-4.075.851.633
10/02/2024;17:00:00;FORTALEZA DO TABOCAO;Demais falhas na via;Colisão frontal;Sem Vítimas;Pleno dia;Decrescente;Chuva;Simples;Reta;-911.752.593;-4.853.156.135
12/04/2024;09:02:00;GUARAPUAVA;Desrespeitar a preferência no cruzamento;Colisão frontal;Com Vítimas Feridas;Pleno dia;Decrescente;Céu Claro;Simples;Reta;-2.537.575.671;-5.150.354.683
12/04/2024;08:30:00;PETROPOLIS;Velocidade Incompatível;Colisão com objeto;Com Vítimas Feridas;Pleno dia;Decrescente;Céu Claro;Dupla;Curva;-22.420.418;-43.155.285
12/04/2024;11:30:00;CUNHA PORA;Ultrapassagem Indevida;Colisão lateral sentido oposto;Com Vítimas Feridas;Pleno dia;Decrescente;Céu Claro;Simples;Reta;-2.687.517.922;-531.636.706
12/04/2024;10:15:00;SAPUCAIA;Velocidade Incompatível;Tombamento;Com Vítimas Feridas;Pleno dia;Decrescente;Céu Claro;Simples;Curva;-2.194.148.988;-4.282.319.999
12/04/2024;14:30:00;PONTA GROSSA;Velocidade Incompatível;Saída de leito carroçável;Sem Vítimas;Pleno dia;Decrescente;Céu Claro;Dupla;"Reta;Declive";-2.523.024.416;-5.004.503.118
12/04/2024;17:00:00;IBATIBA;Desrespeitar a preferência no cruzamento;Colisão transversal;Com Vítimas Feridas;Pleno dia;Crescente;Nublado;Simples;"Curva;Interseção de Vias";-2.026.411;-41.580.643
12/04/2024;13:46:00;GUAMARE;Demais falhas na via;Tombamento;Com Vítimas Feridas;Pleno dia;Crescente;Céu Claro;Simples;Reta;-527.475.223;-363.104.471
12/04/2024;18:17:00;RIO VERDE;Manobra de mudança de faixa;Colisão transversal;Com Vítimas Feridas;Pleno dia;Decrescente;Céu Claro;Dupla;Reta;-178.151;-509.343
12/04/2024;18:50:00;IRAUCUBA;Pista esburacada;Colisão traseira;Com Vítimas Fatais;Plena Noite;Crescente;Céu Claro;Simples;Reta;-374.550.768;-3.970.014.474
12/04/2024;18:48:00;PORTO VELHO;Manobra de mudança de faixa;Colisão frontal;Com Vítimas Feridas;Plena Noite;Decrescente;Céu Claro;Dupla;"Aclive;Reta";-925.776.124;-6.441.284.701
12/04/2024;16:40:00;SANTA RITA DE MINAS;Conversão proibida;Colisão transversal;Com Vítimas Feridas;Pleno dia;Decrescente;Céu Claro;Simples;Curva;-1.987.457.783;-4.213.216.953
13/04/2024;04:11:00;CACOAL;Velocidade Incompatível;Colisão traseira;Com Vítimas Feridas;Amanhecer;Crescente;Nublado;Simples;Reta;-1.144.088.061;-614.844.697
13/04/2024;05:28:00;MEDIANEIRA;Velocidade Incompatível;Colisão traseira;Com Vítimas Fatais;Plena Noite;Crescente;Céu Claro;Dupla;Reta;-2.527.063.805;-5.406.252.597
13/04/2024;03:15:00;FRUTAL;Afundamento ou ondulação no pavimento;Colisão com objeto;Com Vítimas Feridas;Plena Noite;Crescente;Céu Claro;Simples;"Reta;Ponte;Declive";-1.992.677.325;-4.895.825.922
12/04/2024;23:50:00;TRES MARIAS;Acostamento em desnível;Tombamento;Sem Vítimas;Plena Noite;Crescente;Céu Claro;Simples;"Aclive;Reta";-1.820.602.828;-4.523.123.233
13/04/2024;05:30:00;JUAZEIRO;Velocidade Incompatível;Colisão traseira;Com Vítimas Feridas;Amanhecer;Crescente;Céu Claro;Simples;"Reta;Aclive";-958.537.093;-4.042.466.184
13/04/2024;07:40:00;CAMPOS ALTOS;Condutor usando celular;Saída de leito carroçável;Sem Vítimas;Pleno dia;Crescente;Céu Claro;Simples;Reta;-196.468.942;-4.624.077.508
13/04/2024;12:40:00;CARIRI DO TOCANTINS;Frear bruscamente;Tombamento;Com Vítimas Feridas;Pleno dia;Crescente;Céu Claro;Simples;Reta;-1.183.845.805;-491.410.439
13/04/2024;11:30:00;PIMENTA BUENO;Pista esburacada;Tombamento;Com Vítimas Feridas;Pleno dia;Crescente;Sol;Simples;"Reta;Declive";-12.017.615;-60.830.446
13/04/2024;11:40:00;ARAQUARI;Velocidade Incompatível;Tombamento;Com Vítimas Feridas;Pleno dia;Decrescente;Chuva;Dupla;Curva;-2.643.793.379;-488.041.234
13/04/2024;13:35:00;CACOAL;Ultrapassagem Indevida;Colisão frontal;Com Vítimas Fatais;Pleno dia;Decrescente;Sol;Simples;Reta;-11.469.031;-61.401.464
13/04/2024;14:40:00;PELOTAS;Velocidade Incompatível;Tombamento;Com Vítimas Feridas;Pleno dia;Crescente;Chuva;Dupla;"Curva;Aclive";-3.174.580.494;-5.240.594.387
13/04/2024;11:30:00;MAUA DA SERRA;Velocidade Incompatível;Tombamento;Com Vítimas Feridas;Pleno dia;Crescente;Céu Claro;Dupla;Curva;-2.394.940.698;-5.111.940.888
13/04/2024;17:30:00;CAPAO DO LEAO;Velocidade Incompatível;Tombamento;Com Vítimas Feridas;Anoitecer;Decrescente;Chuva;Simples;"Interseção de Vias;Rotatória;Curva";-3.175.685.038;-5.243.372.619
01/04/2024;10:55:00;RECIFE;Ultrapassagem Indevida;Colisão transversal;Com Vítimas Feridas;Pleno dia;Crescente;Céu Claro;Dupla;"Viaduto;Aclive";-805.074.296;-3.494.580.619
13/04/2024;20:00:00;JOINVILLE;Manobra de mudança de faixa;Colisão lateral mesmo sentido;Sem Vítimas;Pleno dia;Crescente;Chuva;Dupla;Reta;-261.834.739;-489.105.912
14/04/2024;00:01:00;ESPLANADA;Acesso irregular;Saída de leito carroçável;Sem Vítimas;Plena Noite;Decrescente;Nublado;Dupla;Desvio Temporário;-1.173.553.002;-3.793.456.395
14/04/2024;01:30:00;ITATIM;Manobra de mudança de faixa;Colisão lateral sentido oposto;Sem Vítimas;Plena Noite;Decrescente;Céu Claro;Simples;Reta;-1.269.238.361;-3.969.577.419
14/04/2024;04:00:00;SANTA MARIA;Conversão proibida;Colisão frontal;Sem Vítimas;Plena Noite;Decrescente;Garoa/Chuvisco;Múltipla;"Interseção de Vias;Rotatória";-297.284.269;-5.380.323.691
14/04/2024;01:40:00;EUCLIDES DA CUNHA;Manobra de mudança de faixa;Tombamento;Com Vítimas Feridas;Plena Noite;Crescente;Céu Claro;Simples;Reta;-1.046.887.889;-3.902.377.669
14/04/2024;08:55:00;ANCHIETA;Velocidade Incompatível;Colisão frontal;Com Vítimas Feridas;Pleno dia;Decrescente;Chuva;Simples;Curva;-20.665.676;-40.655.926
13/04/2024;20:40:00;VENTANIA;Velocidade Incompatível;Tombamento;Com Vítimas Feridas;Plena Noite;Decrescente;Garoa/Chuvisco;Simples;"Curva;Declive;Ponte";-2.412.557.916;-5.023.718.319
14/04/2024;09:16:00;CARMO DA CACHOEIRA;Manobra de mudança de faixa;Colisão frontal;Com Vítimas Feridas;Pleno dia;Crescente;Céu Claro;Múltipla;Reta;-2.157.989.599;-4.523.993.582
14/04/2024;07:45:00;CAXIAS;Ultrapassagem Indevida;Colisão lateral mesmo sentido;Sem Vítimas;Pleno dia;Decrescente;Céu Claro;Simples;Reta;-4.769.635;-43.597.851
14/04/2024;08:10:00;PAULO FRONTIN;Velocidade Incompatível;Colisão lateral sentido oposto;Com Vítimas Feridas;Amanhecer;Crescente;Chuva;Simples;Curva;-26.033.367;-50.688.385
14/04/2024;14:00:00;JUSCIMEIRA;Pista esburacada;Saída de leito carroçável;Com Vítimas Feridas;Pleno dia;Crescente;Chuva;Dupla;"Reta;Declive";-1.611.396.214;-5.485.939.336
29/03/2024;14:35:00;CANDOI;Velocidade Incompatível;Tombamento;Com Vítimas Fatais;Pleno dia;Crescente;Sol;Simples;Curva;-254.170.549;-520.600.681
14/04/2024;17:55:00;VARZEA GRANDE;Ultrapassagem Indevida;Colisão lateral sentido oposto;Com Vítimas Fatais;Plena Noite;Decrescente;Céu Claro;Simples;Curva;-1.570.009.627;-5.616.402.984
14/04/2024;15:10:00;FLEXEIRAS;Chuva;Saída de leito carroçável;Sem Vítimas;Pleno dia;Decrescente;Céu Claro;Dupla;"Declive;Curva";-915.664.176;-3.576.810.669
15/04/2024;05:01:00;SERRA;Manobra de mudança de faixa;Colisão lateral mesmo sentido;Com Vítimas Feridas;Amanhecer;Crescente;Céu Claro;Múltipla;Reta;-2.022.662.056;-4.027.075.088
15/04/2024;06:30:00;MIRACATU;Velocidade Incompatível;Saída de leito carroçável;Com Vítimas Feridas;Amanhecer;Crescente;Chuva;Dupla;Reta;-24.030.436;-47.178.276
15/04/2024;08:50:00;TIBAGI;Pista Escorregadia;Colisão lateral mesmo sentido;Sem Vítimas;Pleno dia;Crescente;Chuva;Dupla;Curva;-2.494.239.016;-5.040.224.704
15/04/2024;13:30:00;BARREIRAS;Ultrapassagem Indevida;Colisão frontal;Com Vítimas Fatais;Pleno dia;Crescente;Céu Claro;Simples;Reta;-12.110.154;-44.984.898
15/04/2024;14:00:00;RIBEIRAO DAS NEVES;Manobra de mudança de faixa;Colisão lateral mesmo sentido;Com Vítimas Feridas;Pleno dia;Decrescente;Céu Claro;Dupla;Reta;-1.982.351.202;-4.408.438.913
15/04/2024;16:00:00;LAJEADO;Manobra de mudança de faixa;Colisão lateral mesmo sentido;Com Vítimas Feridas;Pleno dia;Decrescente;Nublado;Dupla;"Reta;Desvio Temporário;Em Obras";-29.443.069;-51.984.135
18/03/2024;23:00:00;JOAO PINHEIRO;Animais na Pista;Incêndio;Sem Vítimas;Plena Noite;Decrescente;Céu Claro;Simples;Curva;-17.928.853;-45.576.467
15/04/2024;12:30:00;UBAIRA;Velocidade Incompatível;Tombamento;Com Vítimas Feridas;Pleno dia;Decrescente;Nublado;Simples;Curva;-1.325.235.225;-3.972.720.623
15/04/2024;14:12:00;ORTIGUEIRA;Acumulo de água sobre o pavimento;Colisão transversal;Com Vítimas Fatais;Pleno dia;Crescente;Chuva;Simples;Curva;-2.439.914.107;-5.078.383.753
15/04/2024;16:21:00;SANTANA DO PARAISO;Conversão proibida;Colisão transversal;Com Vítimas Feridas;Pleno dia;Crescente;Céu Claro;Simples;Reta;-19.419.534;-4.249.392
15/04/2024;19:00:00;PALHOCA;Chuva;Colisão traseira;Com Vítimas Feridas;Plena Noite;Crescente;Chuva;Dupla;Reta;-2.769.198.941;-4.866.368.358
15/04/2024;17:50:00;VIRMOND;Velocidade Incompatível;Tombamento;Com Vítimas Feridas;Anoitecer;Decrescente;Chuva;Simples;"Declive;Curva";-253.784;-52.202.767
16/04/2024;02:37:00;SAO PAULO;Velocidade Incompatível;Tombamento;Sem Vítimas;Plena Noite;Crescente;Céu Claro;Dupla;"Declive;Curva";-2.338.372.401;-4.656.502.116
16/04/2024;04:40:00;GRAO MOGOL;Pista Escorregadia;Colisão lateral mesmo sentido;Com Vítimas Feridas;Plena Noite;Decrescente;Chuva;Simples;"Declive;Reta";-1.643.408.996;-4.327.992.195
16/04/2024;10:15:00;MARUIM;Velocidade Incompatível;Colisão com objeto;Sem Vítimas;Pleno dia;Decrescente;Chuva;Dupla;Reta;-1.074.264.798;-3.709.334.602
16/04/2024;07:20:00;MANDAGUACU;Velocidade Incompatível;Saída de leito carroçável;Sem Vítimas;Pleno dia;Crescente;Chuva;Dupla;Curva;-2.336.169.997;-5.208.593.395
15/04/2024;12:00:00;GUARAI;Ultrapassagem Indevida;Tombamento;Sem Vítimas;Pleno dia;Decrescente;Céu Claro;Simples;Reta;-893.832.265;-4.850.669.861
11/03/2024;15:15:00;VALPARAISO DE GOIAS;Manobra de mudança de faixa;Colisão lateral mesmo sentido;Com Vítimas Feridas;Pleno dia;Decrescente;Céu Claro;Dupla;Reta;-16.100.814;-47.977.351
16/04/2024;10:34:00;NOVA ALVORADA DO SUL;Ultrapassagem Indevida;Colisão frontal;Com Vítimas Feridas;Pleno dia;Crescente;Chuva;Simples;Reta;-214.986.441;-5.439.515.773
16/04/2024;13:15:00;MAMANGUAPE;Acumulo de água sobre o pavimento;Saída de leito carroçável;Sem Vítimas;Pleno dia;Crescente;Chuva;Dupla;Declive;-659.256.898;-3.514.508.356
16/04/2024;08:10:00;JARU;Ultrapassagem Indevida;Colisão lateral mesmo sentido;Com Vítimas Feridas;Pleno dia;Crescente;Céu Claro;Dupla;"Em Obras;Reta";-1.045.220.802;-6.246.072.003
16/04/2024;17:05:00;CAMPO GRANDE;Acesso irregular;Colisão transversal;Com Vítimas Feridas;Anoitecer;Crescente;Garoa/Chuvisco;Simples;Reta;-2.042.493.093;-5.454.550.758
16/04/2024;18:55:00;PALHOCA;Manobra de mudança de faixa;Colisão lateral mesmo sentido;Com Vítimas Feridas;Plena Noite;Crescente;Chuva;Múltipla;Reta;-2.764.443;-4.867.057
16/04/2024;19:00:00;SABARA;Estacionar ou parar em local proibido;Colisão traseira;Com Vítimas Feridas;Plena Noite;Decrescente;Céu Claro;Simples;Curva;-1.985.593.827;-4.389.662.047
16/04/2024;17:10:00;SEROPEDICA;Ultrapassagem Indevida;Colisão traseira;Com Vítimas Feridas;Pleno dia;Decrescente;Céu Claro;Simples;Reta;-22.791.252;-43.651.257
16/04/2024;18:15:00;IMPERATRIZ;Pista esburacada;Tombamento;Com Vítimas Fatais;Anoitecer;Decrescente;Nublado;Simples;Reta;-5.472.474;-47.472.221
17/04/2024;04:30:00;GUARULHOS;Manobra de mudança de faixa;Colisão lateral mesmo sentido;Com Vítimas Feridas;Amanhecer;Crescente;Garoa/Chuvisco;Múltipla;Reta;-2.346.143.954;-4.648.885.316
17/04/2024;07:00:00;CONCORDIA;Ultrapassagem Indevida;Colisão frontal;Com Vítimas Feridas;Pleno dia;Crescente;Céu Claro;Simples;Reta;-27.192.907;-51.936.951
17/04/2024;08:40:00;NOVO PROGRESSO;Pista Escorregadia;Colisão frontal;Com Vítimas Fatais;Amanhecer;Crescente;Chuva;Simples;"Declive;Curva";-662.063.994;-5.550.139.215
05/04/2024;15:30:00;CARANDAI;Manobra de mudança de faixa;Colisão lateral mesmo sentido;Com Vítimas Feridas;Pleno dia;Crescente;Céu Claro;Dupla;"Curva;Aclive";-2.085.737.701;-4.380.281.604
17/04/2024;11:48:00;LENCOIS;Curva acentuada;Tombamento;Com Vítimas Fatais;Pleno dia;Crescente;Chuva;Simples;Curva;-1.246.727.769;-414.150.469
17/04/2024;09:30:00;ALAGOINHAS;Manobra de mudança de faixa;Colisão frontal;Com Vítimas Feridas;Pleno dia;Crescente;Nublado;Simples;Curva;-1.226.960.367;-3.837.451.672
17/04/2024;08:40:00;IRATI;Pista esburacada;Saída de leito carroçável;Sem Vítimas;Pleno dia;Decrescente;Céu Claro;Simples;Reta;-2.542.042.397;-5.060.786.607
17/04/2024;10:30:00;JANGADA;Acesso irregular;Colisão transversal;Com Vítimas Feridas;Pleno dia;Crescente;Garoa/Chuvisco;Simples;Reta;-1.528.421.196;-5.643.782.994
17/04/2024;14:50:00;ESTRELA DO NORTE;Ultrapassagem Indevida;Colisão lateral sentido oposto;Com Vítimas Feridas;Pleno dia;Crescente;Céu Claro;Simples;Declive;-1.392.662;-49.070.942
04/01/2024;08:30:00;PERITORO;Acostamento em desnível;Tombamento;Com Vítimas Feridas;Pleno dia;Decrescente;Céu Claro;Simples;Reta;-436.574;-44.348.591
17/04/2024;16:30:00;CONSELHEIRO LAFAIETE;Manobra de mudança de faixa;Colisão lateral mesmo sentido;Com Vítimas Feridas;Pleno dia;Crescente;Céu Claro;Simples;Reta;-2.063.591.993;-4.381.353.421
17/04/2024;16:43:00;BETIM;Condutor usando celular;Colisão traseira;Com Vítimas Feridas;Pleno dia;Decrescente;Céu Claro;Múltipla;"Aclive;Reta";-19.959.599;-440.863.159
17/04/2024;18:30:00;CORUPA;Manobra de mudança de faixa;Colisão lateral mesmo sentido;Com Vítimas Feridas;Anoitecer;Crescente;Céu Claro;Simples;"Reta;Aclive";-2.641.501.369;-4.925.741.675
17/04/2024;17:20:00;BARRA DO GARCAS;Manobra de mudança de faixa;Tombamento;Sem Vítimas;Pleno dia;Crescente;Céu Claro;Simples;Reta;-1.511.688.707;-5.221.024.826
17/04/2024;18:40:00;VILHENA;Ultrapassagem Indevida;Colisão lateral sentido oposto;Com Vítimas Feridas;Plena Noite;Crescente;Chuva;Simples;Reta;-1.262.720.995;-6.033.444.791
18/04/2024;06:20:00;BIGUACU;Manobra de mudança de faixa;Colisão lateral mesmo sentido;Com Vítimas Feridas;Pleno dia;Crescente;Céu Claro;Dupla;Curva;-2.742.536.698;-4.862.465.876
18/04/2024;04:40:00;ITAUBA;Ultrapassagem Indevida;Saída de leito carroçável;Com Vítimas Feridas;Amanhecer;Decrescente;Céu Claro;Simples;"Declive;Reta";-1.109.627.694;-5.529.548.909
18/04/2024;03:20:00;PETROPOLIS;Neblina;Tombamento;Com Vítimas Feridas;Plena Noite;Crescente;Céu Claro;Simples;"Curva;Declive";-22.556.263;-4.323.718
17/04/2024;19:30:00;COLORADO DO OESTE;Pista esburacada;Tombamento;Com Vítimas Feridas;Anoitecer;Decrescente;Chuva;Simples;Curva;-131.021.662;-6.041.098.797
14/04/2024;21:00:00;AIURUOCA;Velocidade Incompatível;Tombamento;Com Vítimas Feridas;Plena Noite;Decrescente;Céu Claro;Simples;"Declive;Curva";-2.193.092.585;-4.455.308.994
18/04/2024;10:30:00;CARIACICA;Manobra de mudança de faixa;Colisão lateral mesmo sentido;Sem Vítimas;Pleno dia;Crescente;Céu Claro;Dupla;Reta;-2.022.694;-4.036.458
26/03/2024;06:00:00;ITABIRITO;Manobra de mudança de faixa;Colisão lateral sentido oposto;Com Vítimas Feridas;Pleno dia;Crescente;Chuva;Simples;Reta;-203.591;-4.390.992.896
18/04/2024;14:07:00;SANTO ANTONIO DO AMPARO;Velocidade Incompatível;Colisão lateral mesmo sentido;Com Vítimas Feridas;Pleno dia;Crescente;Chuva;Dupla;Curva;-2.096.227.294;-4.492.925.305
18/04/2024;16:00:00;PONTA GROSSA;Velocidade Incompatível;Engavetamento;Com Vítimas Feridas;Pleno dia;Decrescente;Sol;Dupla;"Declive;Reta";-2.510.734.326;-5.019.215.584
18/04/2024;14:40:00;DIAMANTINO;Ultrapassagem Indevida;Colisão lateral mesmo sentido;Com Vítimas Feridas;Pleno dia;Crescente;Céu Claro;Simples;Curva;-1.438.413.105;-5.612.218.806
18/04/2024;14:40:00;MESSIAS;Velocidade Incompatível;Derramamento de carga;Com Vítimas Feridas;Pleno dia;Decrescente;Nublado;Dupla;Curva;-930.153.295;-3.582.114.728
02/02/2024;12:00:00;NAVIRAI;Manobra de mudança de faixa;Colisão frontal;Com Vítimas Fatais;Pleno dia;Crescente;Céu Claro;Simples;"Declive;Reta";-2.301.910.606;-5.430.128.306
18/04/2024;14:40:00;ARROIO DOS RATOS;Ultrapassagem Indevida;Colisão frontal;Com Vítimas Fatais;Pleno dia;Crescente;Céu Claro;Simples;Reta;-30.107.643;-51.747.883
18/04/2024;19:20:00;RIBEIRAO DAS NEVES;Chuva;Tombamento;Com Vítimas Feridas;Plena Noite;Decrescente;Chuva;Dupla;Reta;-1.977.463.885;-4.412.321.882
18/04/2024;19:55:00;PELOTAS;Desrespeitar a preferência no cruzamento;Colisão transversal;Com Vítimas Feridas;Plena Noite;Crescente;Céu Claro;Simples;Interseção de Vias;-31.721.104;-52.389.843
18/04/2024;16:12:00;VILHENA;Manobra de mudança de faixa;Colisão lateral mesmo sentido;Com Vítimas Feridas;Pleno dia;Decrescente;Céu Claro;Simples;Reta;-1.275.194.006;-6.010.600.907
18/04/2024;19:50:00;LAGES;Velocidade Incompatível;Tombamento;Com Vítimas Feridas;Plena Noite;Crescente;Céu Claro;Simples;Desvio Temporário;-2.786.721.884;-5.039.576.317
18/04/2024;20:25:00;VARZEA GRANDE;Acesso irregular;Colisão transversal;Com Vítimas Feridas;Plena Noite;Decrescente;Céu Claro;Simples;Reta;-15.652.245;-56.201.519
19/04/2024;07:40:00;CARIACICA;Ultrapassagem Indevida;Colisão lateral mesmo sentido;Com Vítimas Feridas;Pleno dia;Decrescente;Céu Claro;Dupla;"Retorno Regulamentado;Reta";-2.028.927.747;-4.039.181.575
19/04/2024;07:10:00;CURITIBA;Velocidade Incompatível;Colisão lateral mesmo sentido;Com Vítimas Feridas;Amanhecer;Decrescente;Céu Claro;Dupla;"Reta;Aclive";-2.547.642.706;-4.935.092.413
14/03/2024;14:40:00;BRASILEIRA;Velocidade Incompatível;Saída de leito carroçável;Com Vítimas Feridas;Pleno dia;Decrescente;Sol;Simples;Reta;-408.647.291;-415.607.771
19/04/2024;08:40:00;SANTA LUZIA;Velocidade Incompatível;Tombamento;Sem Vítimas;Pleno dia;Decrescente;Céu Claro;Simples;Curva;-1.982.277.514;-4.381.330.675
19/04/2024;12:05:00;SAO GONCALO DO RIO ABAIXO;Velocidade Incompatível;Colisão frontal;Com Vítimas Feridas;Pleno dia;Crescente;Nublado;Simples;Curva;-19.822.337;-43.387.112
19/04/2024;12:00:00;FORMOSA DO RIO PRETO;Condutor usando celular;Colisão traseira;Com Vítimas Feridas;Pleno dia;Decrescente;Céu Claro;Simples;Reta;-1.101.690.597;-4.520.825.835
19/04/2024;08:30:00;IRAJUBA;Velocidade Incompatível;Saída de leito carroçável;Sem Vítimas;Pleno dia;Crescente;Céu Claro;Simples;"Curva;Declive";-131.886.621;-4.000.636.166
19/04/2024;12:14:00;FRANCISCO MACEDO;Sinalização mal posicionada;Colisão traseira;Com Vítimas Feridas;Pleno dia;Decrescente;Céu Claro;Simples;Reta;-727.224.281;-4.083.709.577
19/04/2024;14:00:00;BACABEIRA;Manobra de mudança de faixa;Saída de leito carroçável;Com Vítimas Feridas;Pleno dia;Crescente;Chuva;Dupla;Reta;-298.920.503;-4.431.246.375
15/03/2024;15:10:00;INDIANOPOLIS;Acesso irregular;Colisão frontal;Com Vítimas Feridas;Pleno dia;Crescente;Céu Claro;Simples;Reta;-189.060.632;-4.790.271.878
19/04/2024;19:05:00;LAGES;Desrespeitar a preferência no cruzamento;Colisão transversal;Com Vítimas Feridas;Plena Noite;Crescente;Céu Claro;Simples;Interseção de Vias;-2.784.512.201;-5.037.880.391
19/04/2024;15:40:00;SAO JOSE DA VITORIA;Curva acentuada;Tombamento;Com Vítimas Feridas;Pleno dia;Crescente;Céu Claro;Simples;Curva;-151.537.051;-3.940.306.294