data_inversa;horario;municipio;causa_acidente;tipo_acidente;classificacao_acidente;fase_dia;sentido_via;condicao_metereologica;tipo_pista;tracado_via;latitude;longitude
19/04/2024;16:15:00;SANTANA DO PARAISO;Ultrapassagem Indevida;Colisão frontal;Com Vítimas Feridas;Pleno dia;Crescente;Céu Claro;Simples;Reta;-1.944.412.107;-4.251.326.501
19/04/2024;22:50:00;GRAVATAI;Velocidade Incompatível;Colisão lateral mesmo sentido;Sem Vítimas;Plena Noite;Decrescente;Ignorado;Simples;Curva;-2.995.521;-51.006.855
19/04/2024;15:30:00;GRAJAU;Ultrapassagem Indevida;Colisão frontal;Com Vítimas Fatais;Pleno dia;Crescente;Céu Claro;Simples;Reta;-561.536.468;-4.575.504.217
20/04/2024;04:10:00;SAO JOAO DA FRONTEIRA;Pista esburacada;Tombamento;Com Vítimas Feridas;Amanhecer;Crescente;Ignorado;Simples;"Curva;Declive";-3.918.148;-4.123.305
20/04/2024;07:10:00;CAMPINA GRANDE DO SUL;Demais Fenômenos da natureza;Colisão traseira;Com Vítimas Feridas;Amanhecer;Decrescente;Sol;Múltipla;Reta;-2.517.611.697;-48.874.256
20/04/2024;06:45:00;ARES;Restrição de visibilidade em curvas verticais;Colisão traseira;Com Vítimas Fatais;Pleno dia;Decrescente;Chuva;Dupla;Declive;-618.022.401;-3.521.699.006
20/04/2024;07:25:00;CABO DE SANTO AGOSTINHO;Chuva;Colisão com objeto;Sem Vítimas;Pleno dia;Crescente;Chuva;Dupla;Reta;-823.201.792;-3.499.778.611
20/04/2024;05:30:00;ITAGUARA;Estacionar ou parar em local proibido;Colisão traseira;Com Vítimas Feridas;Amanhecer;Decrescente;Céu Claro;Dupla;Curva;-2.040.868.701;-4.452.561.498
12/04/2024;07:30:00;RANCHO QUEIMADO;Chuva;Tombamento;Com Vítimas Feridas;Pleno dia;Decrescente;Chuva;Simples;Curva;-27.689.093;-49.097.748
20/04/2024;07:10:00;CAMPINA GRANDE DO SUL;Demais Fenômenos da natureza;Colisão traseira;Com Vítimas Feridas;Amanhecer;Decrescente;Céu Claro;Dupla;Reta;-2.517.611.697;-48.874.256
20/04/2024;11:40:00;SAO JOSE DOS PINHAIS;Manobra de mudança de faixa;Colisão lateral mesmo sentido;Sem Vítimas;Pleno dia;Decrescente;Céu Claro;Dupla;Reta;-2.550.173.873;-4.912.064.552
20/04/2024;13:58:00;CARAVELAS;Ultrapassagem Indevida;Colisão frontal;Com Vítimas Fatais;Pleno dia;Crescente;Céu Claro;Simples;Reta;-17.669.006;-39.773.391
20/04/2024;15:30:00;CALDAS;Velocidade Incompatível;Tombamento;Com Vítimas Feridas;Pleno dia;Crescente;Céu Claro;Simples;Curva;-21.884.323;-46.385.551
20/04/2024;19:15:00;EMBU DAS ARTES;Velocidade Incompatível;Colisão traseira;Com Vítimas Feridas;Plena Noite;Decrescente;Nublado;Dupla;Reta;-2.367.784.787;-4.685.769.227
20/04/2024;21:20:00;LAGOA VERMELHA;Conversão proibida;Colisão transversal;Com Vítimas Feridas;Pleno dia;Crescente;Céu Claro;Simples;Reta;-28.218.493;-51.509.666
21/04/2024;06:00:00;HORIZONTE;Manobra de mudança de faixa;Colisão lateral mesmo sentido;Com Vítimas Feridas;Pleno dia;Crescente;Céu Claro;Dupla;Reta;-410.857.928;-384.942.173
21/04/2024;07:10:00;ARAGUARI;Condutor usando celular;Colisão traseira;Com Vítimas Feridas;Pleno dia;Decrescente;Céu Claro;Dupla;Reta;-1.869.101.412;-4.818.009.275
21/04/2024;09:30:00;PELOTAS;Ultrapassagem Indevida;Colisão transversal;Com Vítimas Feridas;Pleno dia;Crescente;Céu Claro;Dupla;Reta;-3.166.695.916;-5.234.000.444
21/04/2024;10:05:00;FLORIANO;Desrespeitar a preferência no cruzamento;Colisão lateral mesmo sentido;Sem Vítimas;Pleno dia;Crescente;Céu Claro;Simples;Rotatória;-6.783.895;-43.015.095
21/04/2024;13:50:00;SANTA ISABEL;Demais falhas na via;Colisão traseira;Com Vítimas Feridas;Pleno dia;Decrescente;Céu Claro;Dupla;Reta;-2.334.505.765;-4.616.213.519
21/04/2024;11:40:00;SAO JOSE DA VITORIA;Velocidade Incompatível;Colisão lateral sentido oposto;Com Vítimas Feridas;Pleno dia;Crescente;Chuva;Simples;Curva;-1.515.775.202;-3.941.074.199
21/04/2024;12:55:00;LENCOIS;Curva acentuada;Tombamento;Com Vítimas Feridas;Pleno dia;Crescente;Nublado;Simples;"Curva;Declive";-1.250.261.567;-4.123.031.616
21/04/2024;15:30:00;IRANI;Desrespeitar a preferência no cruzamento;Colisão transversal;Com Vítimas Feridas;Pleno dia;Decrescente;Céu Claro;Simples;Interseção de Vias;-26.963.764;-51.854.839
21/04/2024;19:45:00;TUBARAO;Manobra de mudança de faixa;Colisão lateral mesmo sentido;Com Vítimas Feridas;Plena Noite;Decrescente;Céu Claro;Múltipla;Reta;-2.844.404.822;-4.896.611.372
21/04/2024;21:00:00;MARAU;Velocidade Incompatível;Saída de leito carroçável;Com Vítimas Fatais;Plena Noite;Decrescente;Chuva;Simples;Curva;-14.172.033;-39.323.475
21/04/2024;21:00:00;EUCLIDES DA CUNHA;Manobra de mudança de faixa;Colisão frontal;Com Vítimas Fatais;Plena Noite;Crescente;Céu Claro;Simples;Reta;-1.051.105.402;-3.900.840.806
31/01/2024;13:15:00;ROMARIA;Ultrapassagem Indevida;Colisão transversal;Com Vítimas Feridas;Pleno dia;Decrescente;Céu Claro;Simples;Reta;-1.893.281.314;-4.764.266.968
22/04/2024;04:30:00;RUY BARBOSA;Velocidade Incompatível;Tombamento;Com Vítimas Fatais;Plena Noite;Decrescente;Chuva;Simples;Curva;-1.244.791.908;-4.066.549.802
22/04/2024;10:40:00;ORTIGUEIRA;Velocidade Incompatível;Colisão com objeto;Com Vítimas Feridas;Pleno dia;Crescente;Céu Claro;Simples;"Curva;Aclive";-24.065.512;-51.064.135
22/04/2024;11:00:00;CAMBUI;Velocidade Incompatível;Tombamento;Com Vítimas Feridas;Pleno dia;Decrescente;Céu Claro;Dupla;Curva;-2.264.690.021;-4.608.866.058
17/04/2024;19:00:00;SANTIAGO;Ultrapassagem Indevida;Colisão frontal;Com Vítimas Feridas;Plena Noite;Crescente;Céu Claro;Simples;"Reta;Aclive";-2.932.884.397;-5.475.642.192
22/04/2024;13:50:00;SOORETAMA;Manobra de mudança de faixa;Colisão lateral mesmo sentido;Com Vítimas Feridas;Pleno dia;Decrescente;Nublado;Múltipla;"Declive;Reta;Interseção de Vias";-1.920.297.056;-4.009.535.551
22/04/2024;10:30:00;EXTREMA;Velocidade Incompatível;Colisão com objeto;Com Vítimas Feridas;Pleno dia;Decrescente;Céu Claro;Dupla;"Declive;Curva";-2.280.188.832;-4.626.962.063
22/04/2024;15:00:00;ABARE;Faixas de trânsito com largura insuficiente;Colisão lateral mesmo sentido;Sem Vítimas;Pleno dia;Decrescente;Céu Claro;Simples;Reta;-8.704.946;-39.260.635
22/04/2024;15:15:00;NOVA ANDRADINA;Ultrapassagem Indevida;Colisão lateral mesmo sentido;Sem Vítimas;Pleno dia;Crescente;Sol;Simples;Reta;-2.230.964.917;-5.340.001.881
22/04/2024;18:50:00;PELOTAS;Estacionar ou parar em local proibido;Colisão traseira;Com Vítimas Feridas;Plena Noite;Crescente;Céu Claro;Dupla;Reta;-317.359.522;-5.239.349.776
22/04/2024;22:05:00;SOBRAL;Ultrapassagem Indevida;Colisão frontal;Com Vítimas Fatais;Plena Noite;Decrescente;Céu Claro;Simples;Curva;-374.803.929;-400.521.183
23/04/2024;07:10:00;SAO FRANCISCO DE GOIAS;Velocidade Incompatível;Saída de leito carroçável;Com Vítimas Feridas;Pleno dia;Decrescente;Céu Claro;Simples;Reta;-15.994.681;-4.914.809
19/03/2024;06:30:00;GUARANTA DO NORTE;Declive acentuado;Saída de leito carroçável;Com Vítimas Fatais;Pleno dia;Crescente;Céu Claro;Dupla;"Curva;Declive";-972.607.806;-5.488.158.286
22/04/2024;08:40:00;SAO JOSE DA VITORIA;Velocidade Incompatível;Tombamento;Com Vítimas Feridas;Pleno dia;Decrescente;Sol;Simples;Curva;-1.515.775.202;-3.941.074.199
23/04/2024;10:30:00;CAPELA;Chuva;Saída de leito carroçável;Com Vítimas Feridas;Pleno dia;Crescente;Chuva;Dupla;Reta;-1.049.230.498;-3.694.471.029
23/04/2024;12:50:00;AQUIRAZ;Acesso irregular;Colisão transversal;Com Vítimas Feridas;Pleno dia;Decrescente;Céu Claro;Dupla;Retorno Regulamentado;-394.905.489;-3.851.212.845
23/04/2024;10:45:00;PONTE SERRADA;Acostamento em desnível;Tombamento;Com Vítimas Feridas;Pleno dia;Decrescente;Chuva;Simples;"Curva;Declive";-26.888.617;-5.199.427
23/04/2024;14:20:00;TIJUCAS DO SUL;Velocidade Incompatível;Tombamento;Com Vítimas Feridas;Pleno dia;Crescente;Céu Claro;Dupla;"Curva;Declive";-2.584.246.208;-490.576.458
23/04/2024;15:15:00;IPAMERI;Velocidade Incompatível;Tombamento;Com Vítimas Feridas;Pleno dia;Decrescente;Sol;Simples;"Curva;Rotatória";-169.654;-477.396
23/04/2024;16:00:00;BRASILIA;Velocidade Incompatível;Saída de leito carroçável;Sem Vítimas;Pleno dia;Decrescente;Nublado;Dupla;Reta;-15.612.175;-47.700.928
23/04/2024;16:25:00;ORTIGUEIRA;Velocidade Incompatível;Tombamento;Com Vítimas Feridas;Pleno dia;Crescente;Céu Claro;Dupla;"Curva;Declive";-2.401.071.301;-5.109.287.371
23/04/2024;08:00:00;SANTO ANTONIO DAS MISSOES;Demais falhas na via;Queda de ocupante de veículo;Com Vítimas Fatais;Pleno dia;Crescente;Céu Claro;Simples;Reta;-28.516.802;-55.504.478
23/04/2024;16:50:00;FORMOSA;Afundamento ou ondulação no pavimento;Colisão lateral sentido oposto;Com Vítimas Feridas;Pleno dia;Crescente;Céu Claro;Simples;"Reta;Aclive";-15.419.437;-47.098.999
23/04/2024;18:50:00;CATALAO;Velocidade Incompatível;Saída de leito carroçável;Com Vítimas Feridas;Plena Noite;Decrescente;Céu Claro;Simples;"Em Obras;Desvio Temporário;Reta";-181.483;-47.907
23/04/2024;20:30:00;GUARAPUAVA;Desrespeitar a preferência no cruzamento;Colisão transversal;Sem Vítimas;Plena Noite;Crescente;Garoa/Chuvisco;Simples;Reta;-2.538.002.555;-5.150.868.487
23/04/2024;21:40:00;GARANHUNS;Acesso irregular;Colisão frontal;Com Vítimas Feridas;Plena Noite;Decrescente;Céu Claro;Simples;Reta;-88.796.227;-3.649.484.286
23/04/2024;23:20:00;ITAPERUNA;Deficiência do Sistema de Iluminação/Sinalização;Colisão frontal;Com Vítimas Fatais;Plena Noite;Crescente;Céu Claro;Simples;Reta;-2.117.841.194;-42.048.441
24/04/2024;03:40:00;CAJATI;Estacionar ou parar em local proibido;Colisão lateral mesmo sentido;Com Vítimas Feridas;Plena Noite;Decrescente;Céu Claro;Dupla;Reta;-2.472.188.994;-48.072.155
24/04/2024;05:55:00;SANTA LUZIA DO ITANHY;Velocidade Incompatível;Tombamento;Com Vítimas Feridas;Amanhecer;Decrescente;Nublado;Simples;"Curva;Declive";-1.130.466.694;-3.750.742.901
24/04/2024;02:00:00;PATOS DE MINAS;Acumulo de água sobre o pavimento;Saída de leito carroçável;Com Vítimas Feridas;Plena Noite;Decrescente;Nublado;Simples;"Declive;Curva";-1.877.097.792;-466.805.881
24/04/2024;06:20:00;FRANCISCO SA;Estacionar ou parar em local proibido;Colisão traseira;Com Vítimas Feridas;Amanhecer;Decrescente;Sol;Simples;"Reta;Aclive";-1.654.433.804;-4.359.543.496
24/04/2024;08:00:00;URUACU;Conversão proibida;Colisão transversal;Com Vítimas Feridas;Pleno dia;Crescente;Céu Claro;Simples;Reta;-14.527.802;-49.159.687
24/04/2024;10:40:00;NOSSA SENHORA DO SOCORRO;Manobra de mudança de faixa;Colisão com objeto;Sem Vítimas;Pleno dia;Decrescente;Céu Claro;Dupla;Reta;-1.088.051.024;-3.713.355.535
24/04/2024;10:20:00;ANGRA DOS REIS;Ultrapassagem Indevida;Colisão lateral mesmo sentido;Com Vítimas Feridas;Pleno dia;Crescente;Céu Claro;Simples;Reta;-2.300.914;-442.766
24/04/2024;10:45:00;PARANAGUA;Ultrapassagem Indevida;Colisão transversal;Com Vítimas Feridas;Pleno dia;Decrescente;Nublado;Simples;"Interseção de Vias;Reta";-25.546.182;-48.560.186
24/04/2024;07:00:00;SANTA LUCIA;Velocidade Incompatível;Tombamento;Com Vítimas Feridas;Pleno dia;Decrescente;Nublado;Dupla;Curva;-2.534.495.402;-5.358.666.028
24/04/2024;13:45:00;VASSOURAS;Ultrapassagem Indevida;Colisão lateral mesmo sentido;Com Vítimas Feridas;Pleno dia;Crescente;Sol;Simples;Reta;-2.227.409.599;-4.346.159.297
24/04/2024;11:50:00;CAMBUI;Manobra de mudança de faixa;Colisão traseira;Com Vítimas Feridas;Pleno dia;Decrescente;Céu Claro;Dupla;Reta;-2.266.922.696;-4.609.354.146
24/04/2024;17:30:00;DUQUE DE CAXIAS;Acesso irregular;Colisão traseira;Com Vítimas Feridas;Plena Noite;Crescente;Céu Claro;Dupla;Reta;-2.266.906;-4.330.996.156
24/04/2024;21:10:00;CAMPOS ALTOS;Velocidade Incompatível;Saída de leito carroçável;Com Vítimas Fatais;Plena Noite;Decrescente;Chuva;Simples;Reta;-1.965.375.972;-4.618.487.656
25/04/2024;05:20:00;TERENOS;Ultrapassagem Indevida;Colisão lateral sentido oposto;Com Vítimas Fatais;Amanhecer;Crescente;Céu Claro;Simples;Reta;-2.048.309.924;-5.478.814.298
25/04/2024;04:30:00;MANAUS;Ausência de sinalização;Colisão com objeto;Com Vítimas Feridas;Amanhecer;Decrescente;Nublado;Simples;"Aclive;Reta";-2.514.083;-60.037.113
25/04/2024;05:50:00;CALIFORNIA;Velocidade Incompatível;Tombamento;Com Vítimas Feridas;Amanhecer;Decrescente;Céu Claro;Dupla;"Curva;Declive";-2.371.590.684;-5.131.665.496
25/04/2024;06:00:00;JOAQUIM GOMES;Velocidade Incompatível;Tombamento;Com Vítimas Feridas;Pleno dia;Crescente;Nublado;Dupla;Curva;-910.736.895;-3.575.887.214
25/04/2024;08:40:00;VASSOURAS;Desrespeitar a preferência no cruzamento;Colisão transversal;Com Vítimas Feridas;Pleno dia;Crescente;Céu Claro;Simples;Reta;-2.230.906.209;-4.350.409.593
25/04/2024;08:35:00;SAO LOURENCO DA SERRA;Velocidade Incompatível;Tombamento;Com Vítimas Feridas;Pleno dia;Decrescente;Sol;Dupla;Curva;-2.385.630.016;-4.694.096.988
25/04/2024;10:05:00;MONTES CLAROS;Velocidade Incompatível;Tombamento;Com Vítimas Feridas;Pleno dia;Crescente;Sol;Simples;Curva;-1.681.045.689;-4.391.029.358
25/04/2024;12:15:00;ERECHIM;Desrespeitar a preferência no cruzamento;Colisão transversal;Com Vítimas Feridas;Pleno dia;Crescente;Nublado;Simples;Rotatória;-2.766.693.813;-5.229.069.167
17/04/2024;19:00:00;CURITIBA;Manobra de mudança de faixa;Colisão lateral mesmo sentido;Com Vítimas Feridas;Plena Noite;Decrescente;Ignorado;Dupla;"Reta;Aclive";-2.555.937.499;-4.930.690.885
09/03/2024;20:50:00;ESTIVA;Velocidade Incompatível;Tombamento;Com Vítimas Feridas;Plena Noite;Decrescente;Chuva;Dupla;Curva;-22.472.813;-4.601.072.791
25/04/2024;14:38:00;SAO JOSE;Chuva;Colisão lateral mesmo sentido;Com Vítimas Feridas;Pleno dia;Crescente;Chuva;Dupla;Reta;-2.758.313.237;-4.861.532.885
20/03/2024;10:20:00;MAUA DA SERRA;Curva acentuada;Tombamento;Com Vítimas Feridas;Pleno dia;Decrescente;Céu Claro;Dupla;"Declive;Curva";-239.743.171;-511.035.821
19/04/2024;08:20:00;VITORIA DA CONQUISTA;Velocidade Incompatível;Saída de leito carroçável;Com Vítimas Feridas;Pleno dia;Crescente;Céu Claro;Simples;"Declive;Rotatória;Interseção de Vias";-14.851;-408.485
25/04/2024;18:15:00;PONTA GROSSA;Manobra de mudança de faixa;Colisão lateral mesmo sentido;Com Vítimas Feridas;Anoitecer;Decrescente;Céu Claro;Dupla;Reta;-251.201.651;-5.018.497.556
25/04/2024;23:20:00;MALLET;Ausência de sinalização;Colisão com objeto;Sem Vítimas;Plena Noite;Decrescente;Garoa/Chuvisco;Simples;Reta;-2.585.753.792;-5.084.186.196
26/04/2024;05:30:00;JOINVILLE;Velocidade Incompatível;Colisão com objeto;Com Vítimas Feridas;Amanhecer;Decrescente;Nublado;Dupla;Reta;-2.628.215.489;-4.888.973.081
26/04/2024;04:15:00;SAO GONCALO DO SAPUCAI;Velocidade Incompatível;Saída de leito carroçável;Com Vítimas Feridas;Plena Noite;Decrescente;Céu Claro;Dupla;"Declive;Curva";-2.192.361.372;-4.561.220.884
26/04/2024;09:00:00;FEIRA DE SANTANA;Ultrapassagem Indevida;Colisão lateral mesmo sentido;Com Vítimas Feridas;Pleno dia;Crescente;Sol;Simples;Reta;-1.223.175;-3.895.283
26/04/2024;05:45:00;SEROPEDICA;Iluminação deficiente;Atropelamento de Pedestre;Com Vítimas Feridas;Amanhecer;Crescente;Ignorado;Simples;Reta;-22.810.925;-43.631.504
26/04/2024;13:10:00;SAO LUIS;Manobra de mudança de faixa;Colisão lateral mesmo sentido;Com Vítimas Feridas;Pleno dia;Decrescente;Céu Claro;Dupla;Reta;-269.540.095;-4.430.511.707
14/04/2024;08:30:00;ATIBAIA;Manobra de mudança de faixa;Colisão traseira;Com Vítimas Feridas;Pleno dia;Decrescente;Céu Claro;Dupla;Reta;-2.309.731.913;-4.657.132.387
26/04/2024;16:15:00;PADRE BERNARDO;Velocidade Incompatível;Saída de leito carroçável;Com Vítimas Feridas;Pleno dia;Crescente;Céu Claro;Simples;"Curva;Declive";-15.487.851;-48.231.476
26/04/2024;19:00:00;PARANAGUA;Conversão proibida;Colisão transversal;Com Vítimas Feridas;Plena Noite;Crescente;Nublado;Simples;Reta;-2.554.027.307;-4.855.819.702
26/04/2024;19:50:00;GARIBALDI;Velocidade Incompatível;Colisão transversal;Com Vítimas Feridas;Plena Noite;Crescente;Céu Claro;Simples;"Reta;Retorno Regulamentado";-2.921.351.804;-5.151.780.626
26/04/2024;19:00:00;CACHOEIRA;Pista Escorregadia;Saída de leito carroçável;Sem Vítimas;Plena Noite;Crescente;Chuva;Simples;"Curva;Declive";-12.582.305;-38.982.969
26/04/2024;18:30:00;VASSOURAS;Velocidade Incompatível;Colisão traseira;Com Vítimas Fatais;Plena Noite;Crescente;Céu Claro;Simples;Reta;-2.238.996.804;-4.364.928.296
26/04/2024;22:20:00;CACAPAVA;Animais na Pista;Atropelamento de Animal;Com Vítimas Feridas;Plena Noite;Crescente;Céu Claro;Dupla;Reta;-2.312.742.083;-4.573.636.609
26/04/2024;13:05:00;FEIRA DE SANTANA;Chuva;Colisão transversal;Sem Vítimas;Pleno dia;Crescente;Garoa/Chuvisco;Dupla;Reta;-1.212.521.099;-3.896.820.175
27/04/2024;05:35:00;BELEM DE SAO FRANCISCO;Velocidade Incompatível;Tombamento;Com Vítimas Feridas;Amanhecer;Crescente;Céu Claro;Simples;"Declive;Rotatória;Curva";-855.080.633;-3.922.187.805
27/04/2024;04:40:00;JARU;Ultrapassagem Indevida;Colisão lateral mesmo sentido;Sem Vítimas;Plena Noite;Decrescente;Céu Claro;Simples;"Desvio Temporário;Reta;Em Obras";-1.045.220.802;-6.246.072.003
27/04/2024;06:00:00;UBAPORANGA;Velocidade Incompatível;Colisão traseira;Com Vítimas Feridas;Pleno dia;Decrescente;Céu Claro;Simples;Reta;-1.963.654.904;-4.210.593.182
27/04/2024;07:30:00;VITORIA DA CONQUISTA;Ultrapassagem Indevida;Colisão frontal;Com Vítimas Feridas;Pleno dia;Decrescente;Céu Claro;Simples;"Aclive;Curva";-14.851;-408.485
27/04/2024;06:30:00;BETIM;Manobra de mudança de faixa;Colisão lateral mesmo sentido;Sem Vítimas;Pleno dia;Decrescente;Nublado;Dupla;Reta;-1.995.644.414;-4.413.611.598
27/04/2024;12:00:00;CANOAS;Manobra de mudança de faixa;Colisão lateral mesmo sentido;Sem Vítimas;Pleno dia;Crescente;Nublado;Simples;"Reta;Declive";-29.885.923;-51.223.259
27/04/2024;12:15:00;JUNQUEIRO;Velocidade Incompatível;Saída de leito carroçável;Com Vítimas Feridas;Pleno dia;Crescente;Nublado;Dupla;"Curva;Declive";-989.535.548;-3.641.225.988
27/04/2024;16:30:00;SANTO ANTONIO DE JESUS;Acumulo de água sobre o pavimento;Colisão lateral sentido oposto;Sem Vítimas;Pleno dia;Crescente;Chuva;Simples;Reta;-1.303.122.697;-3.928.868.185
27/04/2024;21:30:00;JACAREZINHO;Velocidade Incompatível;Colisão transversal;Com Vítimas Feridas;Plena Noite;Crescente;Céu Claro;Simples;Interseção de Vias;-2.318.983.693;-4.998.599.052
28/04/2024;04:20:00;SANTA LUZIA;Curva acentuada;Tombamento;Com Vítimas Feridas;Plena Noite;Decrescente;Céu Claro;Simples;Curva;-1.982.950.465;-4.384.255.613
27/04/2024;22:20:00;CAPIM GROSSO;Ausência de sinalização;Colisão lateral sentido oposto;Com Vítimas Feridas;Plena Noite;Crescente;Chuva;Simples;Reta;-1.128.477.721;-3.998.886.108
28/04/2024;08:20:00;MONTES CLAROS;Velocidade Incompatível;Tombamento;Com Vítimas Feridas;Pleno dia;Decrescente;Sol;Simples;"Curva;Declive";-1.674.574.399;-4.388.392.402
28/04/2024;10:45:00;TAUBATE;Manobra de mudança de faixa;Colisão lateral mesmo sentido;Com Vítimas Feridas;Pleno dia;Decrescente;Céu Claro;Dupla;Reta;-2.300.340.176;-4.550.626.912
28/04/2024;09:20:00;ARIQUEMES;Desrespeitar a preferência no cruzamento;Colisão transversal;Sem Vítimas;Pleno dia;Crescente;Sol;Simples;"Reta;Interseção de Vias";-993.398.403;-6.305.522.959
28/04/2024;10:40:00;CAMPINA GRANDE DO SUL;Velocidade Incompatível;Colisão traseira;Com Vítimas Feridas;Pleno dia;Crescente;Céu Claro;Dupla;"Reta;Aclive";-252.656.158;-4.891.632.335
24/03/2024;22:20:00;MAGE;Manobra de mudança de faixa;Colisão traseira;Com Vítimas Feridas;Plena Noite;Crescente;Garoa/Chuvisco;Dupla;Reta;-2.264.655.224;-4.320.138.601
28/04/2024;21:00:00;CAPANEMA;Velocidade Incompatível;Tombamento;Com Vítimas Feridas;Plena Noite;Crescente;Nublado;Simples;"Curva;Declive";-25.610.612;-53.708.613
28/04/2024;18:10:00;CUSTODIA;Deficiência do Sistema de Iluminação/Sinalização;Colisão traseira;Com Vítimas Fatais;Plena Noite;Decrescente;Chuva;Simples;Reta;-808.036.265;-3.767.555.593
28/04/2024;19:00:00;ARIQUEMES;Ultrapassagem Indevida;Colisão lateral mesmo sentido;Com Vítimas Feridas;Plena Noite;Crescente;Céu Claro;Simples;Curva;-995.093.501;-6.305.095.013
28/04/2024;20:00:00;VIRMOND;Velocidade Incompatível;Tombamento;Com Vítimas Feridas;Plena Noite;Decrescente;Céu Claro;Simples;"Curva;Declive";-253.768.424;-522.542.894
28/04/2024;21:50:00;PALHOCA;Chuva;Colisão com objeto;Com Vítimas Feridas;Plena Noite;Crescente;Chuva;Dupla;Curva;-2.781.043.812;-4.863.537.111
29/04/2024;00:15:00;RECIFE;Manobra de mudança de faixa;Colisão lateral mesmo sentido;Sem Vítimas;Plena Noite;Decrescente;Garoa/Chuvisco;Dupla;Reta;-807.079.525;-349.535.389
29/04/2024;01:00:00;APIUNA;Velocidade Incompatível;Tombamento;Com Vítimas Feridas;Plena Noite;Decrescente;Garoa/Chuvisco;Simples;Curva;-270.585.007;-4.938.970.184
29/04/2024;04:00:00;MAGE;Ultrapassagem Indevida;Colisão traseira;Com Vítimas Feridas;Plena Noite;Decrescente;Céu Claro;Dupla;Reta;-2.264.988.985;-4.317.250.297
29/04/2024;05:50:00;BLUMENAU;Frear bruscamente;Colisão traseira;Sem Vítimas;Pleno dia;Crescente;Garoa/Chuvisco;Dupla;Reta;-26.862.286;-49.093.903
08/04/2024;22:30:00;JACAREZINHO;Velocidade Incompatível;Colisão frontal;Com Vítimas Feridas;Plena Noite;Decrescente;Chuva;Simples;Reta;-2.322.711.873;-5.002.866.715
29/04/2024;11:50:00;VARGEM;Manobra de mudança de faixa;Colisão traseira;Com Vítimas Feridas;Pleno dia;Decrescente;Céu Claro;Dupla;Reta;-2.294.112.083;-4.647.449.533
29/04/2024;11:00:00;JOINVILLE;Velocidade Incompatível;Colisão traseira;Com Vítimas Feridas;Pleno dia;Decrescente;Nublado;Múltipla;Reta;-2.633.150.083;-4.886.187.762
29/04/2024;12:50:00;SANTA LUZIA;Ultrapassagem Indevida;Colisão lateral mesmo sentido;Com Vítimas Feridas;Pleno dia;Crescente;Céu Claro;Simples;Reta;-1.982.497.944;-4.383.335.441
09/03/2024;15:15:00;NOBRES;Velocidade Incompatível;Colisão traseira;Com Vítimas Feridas;Pleno dia;Crescente;Garoa/Chuvisco;Dupla;Reta;-1.472.535.023;-563.186.616
20/04/2024;15:41:00;MANAUS;Estacionar ou parar em local proibido;Colisão traseira;Com Vítimas Feridas;Pleno dia;Decrescente;Nublado;Simples;Reta;-292.441.787;-6.003.694.179
29/04/2024;16:15:00;VERANOPOLIS;Ultrapassagem Indevida;Colisão lateral mesmo sentido;Com Vítimas Feridas;Pleno dia;Decrescente;Garoa/Chuvisco;Simples;"Curva;Aclive";-2.900.634.714;-5.154.974.121
14/03/2024;07:35:00;POUSO ALTO;Manobra de mudança de faixa;Colisão transversal;Com Vítimas Feridas;Pleno dia;Crescente;Céu Claro;Simples;Reta;-2.217.997.484;-4.497.686.149
13/04/2024;22:30:00;JATAI;Chuva;Saída de leito carroçável;Com Vítimas Feridas;Plena Noite;Decrescente;Chuva;Simples;"Declive;Curva";-17.904.121;-51.828.594
29/04/2024;19:25:00;VILHENA;Manobra de mudança de faixa;Colisão transversal;Sem Vítimas;Pleno dia;Crescente;Céu Claro;Simples;Reta;-127.863.749;-600.898.697
29/04/2024;20:00:00;GUARULHOS;Velocidade Incompatível;Colisão traseira;Com Vítimas Feridas;Plena Noite;Crescente;Nevoeiro/Neblina;Múltipla;Reta;-2.346.741.916;-4.650.655.389
30/04/2024;02:30:00;MONTENEGRO;Demais Fenômenos da natureza;Eventos atípicos;Com Vítimas Feridas;Plena Noite;Crescente;Chuva;Dupla;Reta;-29.815.044;-51.412.865
29/04/2024;20:10:00;NOVA GLORIA;Manobra de mudança de faixa;Colisão lateral mesmo sentido;Com Vítimas Feridas;Plena Noite;Decrescente;Céu Claro;Simples;"Aclive;Reta";-15.092.429;-49.471.367
30/04/2024;04:00:00;GUARULHOS;Manobra de mudança de faixa;Colisão lateral mesmo sentido;Com Vítimas Feridas;Plena Noite;Decrescente;Céu Claro;Múltipla;Reta;-2.345.100.957;-4.646.419.471
30/04/2024;07:10:00;FRANCISCO SA;Velocidade Incompatível;Colisão frontal;Com Vítimas Feridas;Pleno dia;Crescente;Sol;Simples;Reta;-1.661.472.808;-436.647.179
30/04/2024;07:30:00;BAIXO GUANDU;Velocidade Incompatível;Tombamento;Com Vítimas Feridas;Pleno dia;Crescente;Céu Claro;Simples;Curva;-1.950.888.397;-4.091.169.834
30/04/2024;06:00:00;POCONE;Velocidade Incompatível;Saída de leito carroçável;Com Vítimas Fatais;Pleno dia;Decrescente;Céu Claro;Simples;Curva;-1.579.168.191;-5.665.677.806
30/04/2024;06:30:00;DUQUE DE CAXIAS;Manobra de mudança de faixa;Colisão lateral mesmo sentido;Com Vítimas Fatais;Pleno dia;Crescente;Céu Claro;Múltipla;Reta;-227.004.454;-4.329.014.851