data_inversa;horario;municipio;causa_acidente;tipo_acidente;classificacao_acidente;fase_dia;sentido_via;condicao_metereologica;tipo_pista;tracado_via;latitude;longitude
10/05/2024;20:55:00;PELOTAS;Ultrapassagem Indevida;Colisão lateral sentido oposto;Com Vítimas Feridas;Plena Noite;Crescente;Chuva;Simples;Retorno Regulamentado;-3.169.748.285;-5.242.085.591
10/05/2024;21:40:00;FORTALEZA;Conversão proibida;Colisão lateral mesmo sentido;Sem Vítimas;Pleno dia;Crescente;Céu Claro;Dupla;Reta;-386.973.356;-3.849.827.361
10/05/2024;22:10:00;CAMPO LARGO;Manobra de mudança de faixa;Colisão lateral mesmo sentido;Com Vítimas Feridas;Plena Noite;Crescente;Nublado;Dupla;Curva;-2.544.597.579;-4.956.938.982
10/05/2024;23:00:00;MAGE;Manobra de mudança de faixa;Colisão transversal;Sem Vítimas;Plena Noite;Crescente;Nublado;Dupla;Reta;-2.260.969.336;-4.303.076.263
11/05/2024;04:54:00;CONTAGEM;Velocidade Incompatível;Colisão traseira;Com Vítimas Fatais;Amanhecer;Crescente;Céu Claro;Múltipla;Reta;-1.996.165.988;-440.505.302
11/05/2024;04:20:00;MINEIROS;Manobra de mudança de faixa;Colisão frontal;Com Vítimas Fatais;Amanhecer;Crescente;Céu Claro;Simples;"Reta;Aclive";-17.591.177;-52.476.814
11/05/2024;06:30:00;CAREACU;Velocidade Incompatível;Colisão traseira;Com Vítimas Feridas;Amanhecer;Decrescente;Céu Claro;Dupla;Reta;-2.209.779.644;-4.571.786.074
11/05/2024;07:50:00;XANXERE;Conversão proibida;Colisão lateral mesmo sentido;Sem Vítimas;Pleno dia;Crescente;Nublado;Dupla;"Interseção de Vias;Reta";-26.881.372;-5.237.252
10/05/2024;05:30:00;NOVA TIMBOTEUA;Ultrapassagem Indevida;Colisão frontal;Com Vítimas Fatais;Amanhecer;Crescente;Nevoeiro/Neblina;Simples;"Reta;Declive";-131.305.099;-47.417.276
11/05/2024;06:50:00;AREIA BRANCA;Manobra de mudança de faixa;Colisão lateral sentido oposto;Com Vítimas Feridas;Pleno dia;Crescente;Céu Claro;Simples;Reta;-494.073.062;-3.710.794.982
11/05/2024;08:26:00;COLOMBO;Ausência de sinalização;Colisão lateral mesmo sentido;Com Vítimas Feridas;Pleno dia;Crescente;Céu Claro;Dupla;"Viaduto;Interseção de Vias;Reta;Declive";-253.848;-491.711
22/04/2024;04:10:00;POMBAL;Animais na Pista;Atropelamento de Animal;Com Vítimas Feridas;Plena Noite;Crescente;Céu Claro;Simples;Reta;-67.577;-377.916
11/05/2024;09:45:00;LAVRINHAS;Velocidade Incompatível;Tombamento;Com Vítimas Feridas;Pleno dia;Decrescente;Céu Claro;Dupla;Curva;-2.258.368.521;-4.487.772.952
11/05/2024;14:23:00;JOAO PESSOA;Manobra de mudança de faixa;Colisão lateral mesmo sentido;Com Vítimas Feridas;Pleno dia;Crescente;Céu Claro;Múltipla;Reta;-71.693;-348.782
11/05/2024;13:50:00;PRESIDENTE MEDICI;Ultrapassagem Indevida;Colisão lateral mesmo sentido;Com Vítimas Feridas;Pleno dia;Decrescente;Sol;Simples;"Reta;Declive";-1.130.051.155;-6.189.216.614
11/05/2024;14:40:00;PERDOES;Velocidade Incompatível;Colisão com objeto;Com Vítimas Feridas;Pleno dia;Crescente;Céu Claro;Dupla;Curva;-2.111.551.592;-4.509.411.331
11/05/2024;19:40:00;MARINGA;Velocidade Incompatível;Colisão traseira;Com Vítimas Feridas;Plena Noite;Crescente;Céu Claro;Dupla;Reta;-2.345.577.333;-5.184.656.918
12/05/2024;11:30:00;ESMERALDAS;Velocidade Incompatível;Colisão com objeto;Com Vítimas Feridas;Pleno dia;Decrescente;Céu Claro;Dupla;"Curva;Declive";-1.963.737.896;-4.420.372.986
12/05/2024;13:30:00;RIO VERDE;Manobra de mudança de faixa;Colisão traseira;Com Vítimas Fatais;Pleno dia;Decrescente;Céu Claro;Dupla;Reta;-1.779.126.493;-5.089.368.296
12/05/2024;09:10:00;PIRAI;Acesso irregular;Atropelamento de Pedestre;Com Vítimas Fatais;Pleno dia;Crescente;Céu Claro;Dupla;"Curva;Aclive";-2.259.976.123;-4.394.042.912
12/05/2024;10:30:00;CAPAO BONITO DO SUL;Velocidade Incompatível;Saída de leito carroçável;Com Vítimas Feridas;Pleno dia;Decrescente;Nublado;Simples;Curva;-28.290.833;-51.422.482
12/05/2024;14:15:00;RUSSAS;Velocidade Incompatível;Saída de leito carroçável;Sem Vítimas;Pleno dia;Decrescente;Nublado;Simples;Curva;-475.795.993;-3.805.953.766
12/05/2024;18:40:00;JUAZEIRINHO;Manobra de mudança de faixa;Colisão frontal;Com Vítimas Fatais;Plena Noite;Crescente;Céu Claro;Simples;Reta;-7.039.602;-36.513.313
12/05/2024;19:30:00;SAO JOSE DA VITORIA;Ultrapassagem Indevida;Colisão frontal;Com Vítimas Feridas;Plena Noite;Crescente;Céu Claro;Simples;Reta;-1.513.086.315;-3.937.770.958
12/05/2024;21:50:00;SAO JOSE DO CERRITO;Velocidade Incompatível;Colisão traseira;Com Vítimas Feridas;Plena Noite;Decrescente;Garoa/Chuvisco;Simples;Reta;-2.762.302.053;-5.065.692.902
13/05/2024;01:03:00;CACOAL;Estacionar ou parar em local proibido;Colisão traseira;Sem Vítimas;Plena Noite;Crescente;Céu Claro;Simples;Aclive;-1.143.579.019;-6.147.096.987
12/04/2024;17:10:00;GENERAL CARNEIRO;Acostamento em desnível;Tombamento;Sem Vítimas;Pleno dia;Decrescente;Céu Claro;Simples;Reta;-1.559.324.648;-5.324.689.506
13/05/2024;06:50:00;ARAGUARI;Falta de acostamento;Colisão lateral mesmo sentido;Com Vítimas Feridas;Amanhecer;Decrescente;Céu Claro;Dupla;Reta;-1.865.453.092;-4.814.727.203
13/05/2024;05:30:00;FLEXEIRAS;Velocidade Incompatível;Saída de leito carroçável;Sem Vítimas;Pleno dia;Crescente;Céu Claro;Dupla;Curva;-920.251.191;-3.578.756.691
13/05/2024;06:06:00;ITAGUAI;Velocidade Incompatível;Colisão traseira;Com Vítimas Feridas;Pleno dia;Decrescente;Céu Claro;Dupla;Reta;-2.287.188.798;-4.380.896.322
13/05/2024;08:30:00;MORRETES;Velocidade Incompatível;Tombamento;Com Vítimas Feridas;Pleno dia;Decrescente;Sol;Dupla;"Curva;Declive";-2.557.390.607;-488.555.789
13/05/2024;11:05:00;CAMPOS NOVOS;Desrespeitar a preferência no cruzamento;Colisão transversal;Com Vítimas Feridas;Pleno dia;Decrescente;Chuva;Simples;Interseção de Vias;-2.746.696.317;-5.127.320.766
13/05/2024;12:45:00;POCOES;Ultrapassagem Indevida;Colisão frontal;Com Vítimas Fatais;Pleno dia;Decrescente;Céu Claro;Simples;"Reta;Declive";-1.450.641.995;-4.035.949.057
13/05/2024;12:00:00;RIO BRANCO;Velocidade Incompatível;Tombamento;Sem Vítimas;Pleno dia;Decrescente;Céu Claro;Dupla;Rotatória;-995.359.291;-6.786.119.892
13/05/2024;15:10:00;SAO JOSE DOS PINHAIS;Manobra de mudança de faixa;Colisão lateral mesmo sentido;Sem Vítimas;Pleno dia;Decrescente;Nublado;Dupla;"Reta;Aclive";-2.559.168.398;-4.917.197.705
13/05/2024;18:10:00;GUARANIACU;Ultrapassagem Indevida;Colisão frontal;Com Vítimas Fatais;Anoitecer;Decrescente;Nevoeiro/Neblina;Simples;Reta;-2.509.019.378;-5.292.856.303
14/05/2024;01:00:00;IBIRAMA;Velocidade Incompatível;Tombamento;Com Vítimas Feridas;Plena Noite;Crescente;Chuva;Simples;Curva;-27.082.176;-49.511.818
13/05/2024;21:40:00;PORTO VITORIA;Acumulo de água sobre o pavimento;Tombamento;Com Vítimas Feridas;Plena Noite;Decrescente;Chuva;Simples;"Declive;Curva;Em Obras";-2.635.188.257;-5.125.328.064
13/05/2024;22:50:00;SANTO ANTONIO DO AMPARO;Velocidade Incompatível;Saída de leito carroçável;Com Vítimas Feridas;Plena Noite;Decrescente;Céu Claro;Dupla;Reta;-20.909.207;-44.861.596
14/05/2024;02:40:00;TRES CORACOES;Velocidade Incompatível;Colisão traseira;Com Vítimas Feridas;Plena Noite;Crescente;Céu Claro;Dupla;"Reta;Aclive";-2.171.597.801;-4.537.713.297
13/05/2024;18:47:00;GOVERNADOR VALADARES;Velocidade Incompatível;Derramamento de carga;Sem Vítimas;Plena Noite;Decrescente;Céu Claro;Simples;"Reta;Declive;Rotatória;Viaduto";-1.884.643.132;-4.198.034.763
14/05/2024;08:32:00;RECIFE;Desrespeitar a preferência no cruzamento;Colisão transversal;Com Vítimas Feridas;Pleno dia;Crescente;Céu Claro;Dupla;Reta;-8.126.982;-3.494.386
08/05/2024;18:55:00;DOURADOS;Ultrapassagem Indevida;Saída de leito carroçável;Com Vítimas Feridas;Plena Noite;Crescente;Céu Claro;Simples;Reta;-22.390.823;-5.479.163.703
14/05/2024;11:40:00;JOAO MONLEVADE;Manobra de mudança de faixa;Colisão lateral mesmo sentido;Com Vítimas Feridas;Pleno dia;Crescente;Céu Claro;Simples;"Aclive;Curva";-1.984.345;-432.023.406
14/05/2024;10:00:00;VILHENA;Conversão proibida;Colisão lateral mesmo sentido;Com Vítimas Feridas;Pleno dia;Crescente;Nublado;Dupla;Reta;-1.274.605.898;-6.011.270.299
13/05/2024;17:59:00;TERRA NOVA DO NORTE;Acostamento em desnível;Saída de leito carroçável;Com Vítimas Feridas;Anoitecer;Crescente;Céu Claro;Simples;Reta;-1.049.663;-55.071.756
14/05/2024;12:45:00;TEIXEIRA SOARES;Velocidade Incompatível;Tombamento;Com Vítimas Feridas;Pleno dia;Decrescente;Chuva;Simples;"Curva;Declive";-2.546.666.689;-5.036.874.801
14/05/2024;11:45:00;MORRETES;Curva acentuada;Tombamento;Com Vítimas Feridas;Pleno dia;Crescente;Chuva;Dupla;Curva;-25.560.717;-48.815.673
14/05/2024;16:15:00;ITAPAJE;Velocidade Incompatível;Colisão frontal;Com Vítimas Feridas;Pleno dia;Decrescente;Céu Claro;Simples;Curva;-373.622.251;-3.967.622.342
14/05/2024;20:00:00;ITAPECERICA DA SERRA;Manobra de mudança de faixa;Colisão lateral mesmo sentido;Sem Vítimas;Plena Noite;Crescente;Céu Claro;Dupla;Curva;-237.303.281;-4.689.425.963
14/05/2024;18:20:00;CACHOEIRINHA;Ultrapassagem Indevida;Colisão transversal;Com Vítimas Feridas;Plena Noite;Crescente;Céu Claro;Simples;Reta;-8.557.818;-3.627.539
14/05/2024;21:15:00;CALIFORNIA;Velocidade Incompatível;Colisão com objeto;Com Vítimas Feridas;Plena Noite;Crescente;Céu Claro;Dupla;Curva;-23.650.385;-5.137.400.796
14/05/2024;23:44:00;SAO JOSE DOS CAMPOS;Manobra de mudança de faixa;Colisão transversal;Sem Vítimas;Plena Noite;Decrescente;Céu Claro;Dupla;Reta;-231.869.844;-458.548.078
14/05/2024;23:28:00;IGARASSU;Manobra de mudança de faixa;Colisão traseira;Com Vítimas Feridas;Plena Noite;Decrescente;Nublado;Múltipla;"Reta;Declive";-783.887.431;-3.491.196.739
14/05/2024;22:00:00;FLEXEIRAS;Velocidade Incompatível;Tombamento;Com Vítimas Feridas;Plena Noite;Decrescente;Chuva;Dupla;Curva;-920.251.191;-3.578.756.691
15/05/2024;02:30:00;CANUDOS;Acostamento em desnível;Saída de leito carroçável;Sem Vítimas;Plena Noite;Crescente;Céu Claro;Simples;Reta;-10.014.247;-3.916.041.298
15/05/2024;06:40:00;SALVADOR;Manobra de mudança de faixa;Colisão traseira;Com Vítimas Feridas;Pleno dia;Crescente;Céu Claro;Dupla;Reta;-1.287.957.905;-3.843.213.893
15/05/2024;08:50:00;ONDA VERDE;Manobra de mudança de faixa;Colisão frontal;Com Vítimas Feridas;Pleno dia;Decrescente;Sol;Simples;"Reta;Declive";-2.063.503.334;-49.337.883
15/05/2024;09:00:00;JACAREI;Velocidade Incompatível;Colisão traseira;Com Vítimas Feridas;Pleno dia;Decrescente;Nublado;Dupla;Reta;-2.327.617.003;-4.597.592.098
20/03/2024;14:55:00;BOA VISTA;Manobra de mudança de faixa;Colisão lateral mesmo sentido;Com Vítimas Feridas;Pleno dia;Decrescente;Sol;Simples;Reta;2.707.947;-60.842.733
15/05/2024;10:15:00;JEQUITAI;Velocidade Incompatível;Tombamento;Com Vítimas Feridas;Pleno dia;Crescente;Céu Claro;Simples;Curva;-1.704.887.701;-4.432.704.498
03/05/2024;08:38:00;JABOATAO DOS GUARARAPES;Ultrapassagem Indevida;Colisão lateral mesmo sentido;Sem Vítimas;Pleno dia;Crescente;Céu Claro;Dupla;Reta;-815.979.445;-349.406.004
15/05/2024;11:50:00;PARATY;Pista Escorregadia;Colisão transversal;Com Vítimas Fatais;Pleno dia;Crescente;Chuva;Simples;Curva;-230.232.454;-4.451.684.972
15/05/2024;13:30:00;SOBRAL;Pista esburacada;Engavetamento;Com Vítimas Feridas;Pleno dia;Decrescente;Chuva;Simples;Reta;-374.916.207;-4.050.785.595
04/05/2024;09:55:00;EXTREMA;Velocidade Incompatível;Tombamento;Com Vítimas Feridas;Pleno dia;Decrescente;Sol;Dupla;Curva;-2.282.581.176;-4.631.288.767
15/05/2024;14:30:00;CAMPINA GRANDE DO SUL;Velocidade Incompatível;Colisão com objeto;Com Vítimas Feridas;Pleno dia;Crescente;Garoa/Chuvisco;Dupla;Curva;-2.517.611.697;-48.874.256
15/05/2024;15:15:00;TRES RIOS;Ultrapassagem Indevida;Colisão lateral mesmo sentido;Com Vítimas Feridas;Pleno dia;Decrescente;Céu Claro;Simples;Curva;-2.209.474.628;-4.307.198.988
15/05/2024;15:00:00;SAO LUIS;Pista Escorregadia;Colisão lateral mesmo sentido;Sem Vítimas;Pleno dia;Crescente;Chuva;Dupla;Curva;-271.719.899;-4.432.099.307
15/05/2024;15:45:00;MONTES CLAROS;Ultrapassagem Indevida;Colisão lateral sentido oposto;Com Vítimas Feridas;Pleno dia;Crescente;Céu Claro;Simples;Curva;-1.665.853.004;-43.735.423
15/05/2024;17:50:00;ITAJAI;Manobra de mudança de faixa;Colisão lateral mesmo sentido;Com Vítimas Feridas;Plena Noite;Crescente;Céu Claro;Dupla;Reta;-2.687.905.605;-4.872.603.512
15/05/2024;19:00:00;GARUVA;Condutor usando celular;Colisão traseira;Com Vítimas Feridas;Plena Noite;Decrescente;Nublado;Dupla;Reta;-2.609.803.515;-4.886.773.972
15/05/2024;16:40:00;URUACU;Ultrapassagem Indevida;Colisão lateral mesmo sentido;Com Vítimas Feridas;Pleno dia;Crescente;Céu Claro;Simples;"Reta;Declive";-14.567.051;-49.156.227
15/05/2024;19:15:00;DUQUE DE CAXIAS;Manobra de mudança de faixa;Colisão lateral mesmo sentido;Com Vítimas Feridas;Plena Noite;Decrescente;Céu Claro;Dupla;Reta;-2.266.237.951;-4.325.529.831
15/05/2024;21:10:00;RECIFE;Ausência de sinalização;Colisão traseira;Com Vítimas Feridas;Plena Noite;Decrescente;Nublado;Dupla;Reta;-8.010.588;-34.937.338
15/05/2024;22:00:00;GUARAPUAVA;Ultrapassagem Indevida;Colisão frontal;Com Vítimas Feridas;Plena Noite;Decrescente;Nevoeiro/Neblina;Simples;Reta;-2.531.576.601;-5.118.861.896
16/05/2024;00:50:00;AREAL;Velocidade Incompatível;Tombamento;Com Vítimas Feridas;Plena Noite;Crescente;Nublado;Dupla;Curva;-2.219.245.612;-4.316.023.202
15/05/2024;23:20:00;CONCEICAO DO ALMEIDA;Ultrapassagem Indevida;Saída de leito carroçável;Com Vítimas Feridas;Plena Noite;Crescente;Garoa/Chuvisco;Simples;Reta;-1.299.277.217;-3.928.802.128
16/05/2024;08:40:00;BETIM;Manobra de mudança de faixa;Colisão traseira;Com Vítimas Fatais;Pleno dia;Decrescente;Céu Claro;Dupla;"Aclive;Reta";-2.004.164.508;-4.426.386.697
16/05/2024;07:30:00;EXTREMA;Manobra de mudança de faixa;Colisão lateral mesmo sentido;Com Vítimas Feridas;Pleno dia;Decrescente;Céu Claro;Dupla;Reta;-2.287.479.042;-4.636.655.782
16/05/2024;08:45:00;CARACARAI;Demais falhas na via;Colisão traseira;Com Vítimas Feridas;Pleno dia;Crescente;Céu Claro;Simples;Reta;1.496.955;-60.957.287
16/05/2024;09:20:00;RONDONOPOLIS;Manobra de mudança de faixa;Saída de leito carroçável;Com Vítimas Feridas;Pleno dia;Crescente;Céu Claro;Dupla;Reta;-1.661.130.805;-5.470.053.179
15/05/2024;22:40:00;PORTO FRANCO;Velocidade Incompatível;Tombamento;Com Vítimas Feridas;Plena Noite;Decrescente;Céu Claro;Simples;"Reta;Declive";-6.373.761;-47.380.894
16/05/2024;18:45:00;POUSO REDONDO;Ultrapassagem Indevida;Colisão traseira;Sem Vítimas;Anoitecer;Crescente;Nublado;Simples;"Aclive;Reta";-27.258.179;-49.929.146
16/05/2024;17:30:00;POUSO REDONDO;Frear bruscamente;Colisão lateral sentido oposto;Com Vítimas Feridas;Plena Noite;Crescente;Nublado;Simples;Reta;-27.258.179;-49.929.146
16/05/2024;16:40:00;BOM JARDIM;Ultrapassagem Indevida;Colisão frontal;Com Vítimas Fatais;Pleno dia;Decrescente;Sol;Simples;Reta;-36.483;-45.482.876
16/05/2024;19:10:00;SANTA MARIA;Desrespeitar a preferência no cruzamento;Colisão transversal;Sem Vítimas;Plena Noite;Crescente;Garoa/Chuvisco;Simples;Rotatória;-2.969.545.296;-5.377.594.113
16/05/2024;18:35:00;JAPERI;Acesso irregular;Colisão traseira;Com Vítimas Feridas;Plena Noite;Crescente;Nublado;Dupla;Reta;-22.670.579;-43.548.345
16/05/2024;20:50:00;SEROPEDICA;Manobra de mudança de faixa;Colisão lateral mesmo sentido;Sem Vítimas;Plena Noite;Crescente;Nublado;Dupla;Reta;-22.713.438;-43.734.085
16/05/2024;22:50:00;FORTALEZA;Manobra de mudança de faixa;Colisão transversal;Com Vítimas Feridas;Plena Noite;Decrescente;Garoa/Chuvisco;Dupla;Reta;-386.088.501;-3.849.715.296
16/05/2024;21:50:00;ARAQUARI;Estacionar ou parar em local proibido;Colisão traseira;Sem Vítimas;Plena Noite;Decrescente;Nublado;Dupla;Reta;-2.651.082.007;-4.872.345.612
16/05/2024;21:15:00;FRANCISCO SA;Velocidade Incompatível;Tombamento;Com Vítimas Feridas;Plena Noite;Crescente;Céu Claro;Simples;Curva;-1.647.130.466;-4.345.673.904
17/05/2024;05:50:00;JANGADA;Velocidade Incompatível;Colisão traseira;Com Vítimas Feridas;Amanhecer;Crescente;Céu Claro;Simples;Reta;-1.524.622.376;-5.647.574.185
17/05/2024;09:00:00;SAO JOSE DO RIO PRETO;Ultrapassagem Indevida;Colisão lateral mesmo sentido;Com Vítimas Feridas;Pleno dia;Decrescente;Céu Claro;Dupla;Interseção de Vias;-2.086.715.501;-4.941.334.398
17/05/2024;05:00:00;NOVA SANTA HELENA;Ultrapassagem Indevida;Colisão lateral mesmo sentido;Com Vítimas Feridas;Pleno dia;Crescente;Céu Claro;Simples;"Reta;Aclive";-10.963.698;-5.522.303.101
17/05/2024;07:40:00;INHAPIM;Velocidade Incompatível;Tombamento;Com Vítimas Feridas;Pleno dia;Decrescente;Céu Claro;Simples;"Curva;Interseção de Vias";-194.367.023;-421.257.636
17/05/2024;08:30:00;UBERLANDIA;Manobra de mudança de faixa;Queda de ocupante de veículo;Com Vítimas Fatais;Pleno dia;Crescente;Céu Claro;Simples;Reta;-1.892.793.854;-4.819.198.317
17/05/2024;09:55:00;SAO JOSE;Velocidade Incompatível;Atropelamento de Pedestre;Com Vítimas Feridas;Pleno dia;Decrescente;Garoa/Chuvisco;Simples;"Reta;Interseção de Vias";-2.759.193.546;-4.861.824.557
17/05/2024;09:40:00;ESCADA;Chuva;Tombamento;Sem Vítimas;Pleno dia;Decrescente;Chuva;Dupla;Reta;-841.439.454;-353.044.618
17/05/2024;10:50:00;ARAGUARI;Velocidade Incompatível;Tombamento;Com Vítimas Feridas;Pleno dia;Crescente;Sol;Dupla;Curva;-1.842.565.962;-4.806.374.788
17/05/2024;07:40:00;ITAITUBA;Velocidade Incompatível;Tombamento;Com Vítimas Feridas;Pleno dia;Decrescente;Céu Claro;Simples;"Curva;Declive";-4.770.808;-56.100.236
17/05/2024;09:30:00;SORRISO;Acumulo de água sobre o pavimento;Colisão frontal;Com Vítimas Fatais;Pleno dia;Decrescente;Chuva;Simples;Reta;-12.722.363;-5.582.774
17/05/2024;10:30:00;MARAVILHA;Chuva;Colisão frontal;Com Vítimas Feridas;Pleno dia;Crescente;Chuva;Simples;Curva;-26.763.353;-5.325.167.656
17/05/2024;13:00:00;LAVRAS;Velocidade Incompatível;Tombamento;Com Vítimas Feridas;Pleno dia;Crescente;Céu Claro;Simples;"Declive;Interseção de Vias;Curva";-2.120.874.401;-4.512.332.598
17/05/2024;17:10:00;SINOP;Manobra de mudança de faixa;Colisão lateral mesmo sentido;Com Vítimas Feridas;Pleno dia;Decrescente;Céu Claro;Dupla;"Aclive;Reta";-1.196.096;-5.551.721
17/05/2024;17:35:00;GOVERNADOR MANGABEIRA;Velocidade Incompatível;Colisão frontal;Com Vítimas Fatais;Anoitecer;Decrescente;Nublado;Simples;Curva;-12.613.631;-3.908.511.758
17/05/2024;17:50:00;JABOATAO DOS GUARARAPES;Manobra de mudança de faixa;Colisão lateral mesmo sentido;Com Vítimas Feridas;Anoitecer;Crescente;Chuva;Múltipla;Reta;-807.583.727;-3.497.015.791
17/05/2024;20:00:00;ANGRA DOS REIS;Desrespeitar a preferência no cruzamento;Colisão transversal;Com Vítimas Feridas;Plena Noite;Decrescente;Nublado;Simples;Retorno Regulamentado;-2.299.820.396;-4.426.554.599
17/05/2024;21:40:00;UBERLANDIA;Sinalização mal posicionada;Colisão traseira;Com Vítimas Feridas;Plena Noite;Decrescente;Céu Claro;Dupla;"Reta;Declive";-18.908.606;-48.311.937
17/05/2024;21:10:00;CAMPINA GRANDE DO SUL;Velocidade Incompatível;Tombamento;Sem Vítimas;Plena Noite;Crescente;Garoa/Chuvisco;Dupla;Reta;-2.510.305.915;-4.870.103.892
17/05/2024;23:40:00;ARAGUARI;Ausência de sinalização;Colisão traseira;Com Vítimas Fatais;Plena Noite;Crescente;Céu Claro;Dupla;"Reta;Declive";-18.607.515;-48.054.594
18/05/2024;01:20:00;AQUIRAZ;Manobra de mudança de faixa;Colisão com objeto;Sem Vítimas;Plena Noite;Crescente;Céu Claro;Dupla;Reta;-403.469.893;-3.851.047.275
18/05/2024;06:50:00;VITORIA DA CONQUISTA;Ultrapassagem Indevida;Colisão lateral sentido oposto;Com Vítimas Feridas;Pleno dia;Decrescente;Nublado;Simples;Reta;-146.847.133;-4.054.154.493
18/05/2024;05:15:00;TIBAGI;Velocidade Incompatível;Saída de leito carroçável;Com Vítimas Feridas;Plena Noite;Decrescente;Nublado;Dupla;"Curva;Declive";-2.478.944.396;-5.050.472.259
18/05/2024;06:30:00;TRES CORACOES;Velocidade Incompatível;Tombamento;Com Vítimas Feridas;Pleno dia;Decrescente;Céu Claro;Dupla;"Curva;Declive";-21.619.307;-45.245.527
18/05/2024;07:00:00;ARIQUEMES;Estacionar ou parar em local proibido;Saída de leito carroçável;Sem Vítimas;Pleno dia;Crescente;Céu Claro;Simples;Reta;-986.143.201;-6.305.831.311
18/05/2024;07:00:00;ITAUBA;Ultrapassagem Indevida;Colisão lateral mesmo sentido;Com Vítimas Feridas;Pleno dia;Decrescente;Nevoeiro/Neblina;Simples;Reta;-1.116.334.906;-5.531.327.737
18/05/2024;08:15:00;PONTA GROSSA;Manobra de mudança de faixa;Saída de leito carroçável;Com Vítimas Feridas;Pleno dia;Decrescente;Chuva;Dupla;"Declive;Reta";-2.514.172.584;-501.586.859
18/05/2024;13:10:00;ITAPEMIRIM;Velocidade Incompatível;Tombamento;Com Vítimas Feridas;Pleno dia;Crescente;Sol;Simples;Curva;-2.089.068.697;-4.103.879.708
18/05/2024;13:40:00;APARECIDA DO RIO DOCE;Manobra de mudança de faixa;Colisão frontal;Com Vítimas Fatais;Pleno dia;Crescente;Céu Claro;Simples;"Reta;Declive";-18.289.244;-51.171.124
18/05/2024;13:00:00;SAO JOSE DOS PINHAIS;Acumulo de água sobre o pavimento;Saída de leito carroçável;Com Vítimas Feridas;Pleno dia;Decrescente;Chuva;Dupla;"Curva;Declive";-2.556.304.611;-4.915.393.174
18/05/2024;12:00:00;SANTA TERESINHA;Velocidade Incompatível;Colisão frontal;Com Vítimas Feridas;Pleno dia;Decrescente;Chuva;Simples;Reta;-1.259.643.624;-3.953.609.788
18/05/2024;15:47:00;IPUIUNA;Conversão proibida;Colisão lateral mesmo sentido;Com Vítimas Feridas;Pleno dia;Crescente;Céu Claro;Simples;"Reta;Declive";-22.085.386;-46.231.434
18/05/2024;15:40:00;MILAGRES;Pista esburacada;Colisão lateral mesmo sentido;Com Vítimas Fatais;Pleno dia;Decrescente;Céu Claro;Simples;Reta;-73.049.078;-389.173.543
18/05/2024;13:00:00;RIBEIRAO DAS NEVES;Manobra de mudança de faixa;Colisão lateral mesmo sentido;Com Vítimas Feridas;Pleno dia;Crescente;Céu Claro;Dupla;"Reta;Aclive";-1.978.946.999;-4.411.290.699
18/05/2024;20:10:00;MIRACATU;Chuva;Saída de leito carroçável;Com Vítimas Feridas;Plena Noite;Crescente;Chuva;Dupla;Curva;-2.404.699.491;-4.719.706.111
18/05/2024;18:00:00;PONTA GROSSA;Acumulo de água sobre o pavimento;Colisão lateral mesmo sentido;Com Vítimas Feridas;Plena Noite;Crescente;Chuva;Dupla;Reta;-2.517.702.586;-501.005.139
18/05/2024;17:40:00;CAMPO LARGO;Demais Fenômenos da natureza;Colisão traseira;Com Vítimas Feridas;Anoitecer;Crescente;Nevoeiro/Neblina;Dupla;"Curva;Declive";-2.544.518.045;-494.985.659
18/05/2024;23:20:00;DIVISA ALEGRE;Manobra de mudança de faixa;Colisão transversal;Com Vítimas Feridas;Plena Noite;Crescente;Céu Claro;Simples;Reta;-1.571.767.418;-4.134.054.455
19/05/2024;04:46:00;RONDONOPOLIS;Estacionar ou parar em local proibido;Colisão lateral mesmo sentido;Com Vítimas Feridas;Amanhecer;Crescente;Nevoeiro/Neblina;Dupla;Aclive;-1.702.147.497;-5.476.233.709
19/05/2024;07:30:00;GRAO MOGOL;Velocidade Incompatível;Tombamento;Com Vítimas Fatais;Pleno dia;Decrescente;Céu Claro;Simples;"Curva;Declive";-1.633.690.716;-4.313.798.285
19/05/2024;10:27:00;RECIFE;Manobra de mudança de faixa;Colisão traseira;Com Vítimas Feridas;Pleno dia;Decrescente;Céu Claro;Dupla;Reta;-803.368.534;-3.494.184.125
19/05/2024;10:45:00;CACAPAVA;Manobra de mudança de faixa;Colisão lateral mesmo sentido;Com Vítimas Feridas;Pleno dia;Decrescente;Sol;Dupla;"Reta;Aclive";-2.308.187.757;-4.566.158.663
19/05/2024;10:00:00;LEOPOLDINA;Velocidade Incompatível;Tombamento;Com Vítimas Feridas;Pleno dia;Decrescente;Sol;Simples;Curva;-2.159.023.796;-4.268.715.187
19/05/2024;14:50:00;BAIA FORMOSA;Manobra de mudança de faixa;Tombamento;Com Vítimas Feridas;Pleno dia;Decrescente;Sol;Dupla;"Reta;Aclive";-650.166.475;-3.511.200.246
19/05/2024;11:30:00;ENCRUZILHADA;Velocidade Incompatível;Tombamento;Com Vítimas Feridas;Pleno dia;Decrescente;Sol;Simples;"Declive;Curva";-15.518.794;-41.241.226
19/05/2024;17:20:00;SETE LAGOAS;Manobra de mudança de faixa;Colisão lateral mesmo sentido;Sem Vítimas;Pleno dia;Crescente;Céu Claro;Dupla;Reta;-1.946.787.403;-4.429.555.707
19/05/2024;15:20:00;CAJUEIRO DA PRAIA;Manobra de mudança de faixa;Colisão frontal;Com Vítimas Feridas;Pleno dia;Crescente;Nublado;Simples;Reta;-307.563.785;-4.142.678.261