data_inversa;horario;municipio;causa_acidente;tipo_acidente;classificacao_acidente;fase_dia;sentido_via;condicao_metereologica;tipo_pista;tracado_via;latitude;longitude
09/05/2024;18:00:00;RIO DE JANEIRO;Manobra de mudança de faixa;Colisão lateral mesmo sentido;Sem Vítimas;Anoitecer;Não Informado;Vento;Dupla;Reta;-2.287.857.182;-4.323.205.411
19/05/2024;12:30:00;GUARANTA DO NORTE;Velocidade Incompatível;Tombamento;Com Vítimas Feridas;Pleno dia;Crescente;Céu Claro;Simples;"Curva;Declive";-971.780.888;-5.487.808.527
19/05/2024;09:30:00;RUROPOLIS;Pista Escorregadia;Queda de ocupante de veículo;Com Vítimas Fatais;Pleno dia;Crescente;Nublado;Simples;Aclive;-4.224.238;-55.596.455
19/05/2024;15:32:00;IMPERATRIZ;Desrespeitar a preferência no cruzamento;Colisão transversal;Com Vítimas Feridas;Pleno dia;Decrescente;Céu Claro;Simples;"Retorno Regulamentado;Reta";-5.543.249;-47.464.447
19/05/2024;21:00:00;PANTANO GRANDE;Acesso irregular;Colisão transversal;Com Vítimas Feridas;Plena Noite;Crescente;Nublado;Dupla;"Reta;Em Obras";-30.192.993;-52.386.555
19/05/2024;21:30:00;ARARANGUA;Manobra de mudança de faixa;Colisão lateral mesmo sentido;Com Vítimas Feridas;Plena Noite;Decrescente;Garoa/Chuvisco;Múltipla;Reta;-28.978.694;-49.535.236
19/05/2024;19:27:00;LUZ;Velocidade Incompatível;Colisão transversal;Com Vítimas Feridas;Plena Noite;Decrescente;Céu Claro;Simples;Declive;-1.978.350.352;-4.565.591.812
20/05/2024;05:45:00;CAPAO DO LEAO;Pista Escorregadia;Colisão frontal;Com Vítimas Feridas;Amanhecer;Crescente;Chuva;Simples;Curva;-317.543.548;-5.245.089.496
20/05/2024;07:15:00;JACAREI;Manobra de mudança de faixa;Colisão lateral mesmo sentido;Com Vítimas Feridas;Pleno dia;Decrescente;Sol;Dupla;Reta;-2.327.617.003;-4.597.592.098
20/05/2024;08:00:00;GOIANIA;Manobra de mudança de faixa;Colisão lateral mesmo sentido;Com Vítimas Feridas;Pleno dia;Crescente;Céu Claro;Múltipla;Reta;-167.033;-492.311
18/03/2024;06:50:00;SANTA LUZIA;Velocidade Incompatível;Saída de leito carroçável;Com Vítimas Feridas;Pleno dia;Crescente;Céu Claro;Simples;"Declive;Curva";-6.960.707;-3.680.441
20/05/2024;18:20:00;CARUARU;Velocidade Incompatível;Engavetamento;Com Vítimas Feridas;Plena Noite;Crescente;Céu Claro;Dupla;"Reta;Declive";-830.607.988;-3.601.576.003
20/05/2024;16:00:00;RIO PARDO;Desrespeitar a preferência no cruzamento;Colisão transversal;Com Vítimas Fatais;Pleno dia;Decrescente;Sol;Simples;"Curva;Retorno Regulamentado";-2.997.352.413;-5.237.092.495
20/05/2024;20:00:00;NOVA IGUACU;Manobra de mudança de faixa;Capotamento;Com Vítimas Feridas;Plena Noite;Crescente;Garoa/Chuvisco;Dupla;Reta;-2.273.962.339;-4.346.276.495
20/05/2024;18:26:00;ARARIPINA;Animais na Pista;Atropelamento de Animal;Com Vítimas Feridas;Plena Noite;Crescente;Céu Claro;Simples;Reta;-769.556.738;-4.034.957.133
21/05/2024;01:25:00;JACUPIRANGA;Velocidade Incompatível;Colisão traseira;Com Vítimas Fatais;Plena Noite;Decrescente;Céu Claro;Dupla;Reta;-2.469.842.695;-4.800.304.804
21/05/2024;08:00:00;MAGE;Chuva;Engavetamento;Com Vítimas Feridas;Pleno dia;Decrescente;Chuva;Simples;"Reta;Ponte";-2.266.151.289;-4.304.480.692
21/05/2024;08:30:00;RIO DE JANEIRO;Condutor usando celular;Colisão traseira;Com Vítimas Feridas;Pleno dia;Decrescente;Nublado;Dupla;"Viaduto;Aclive;Reta";-2.289.265.625;-436.945.091
21/05/2024;11:15:00;CAMPO GRANDE;Manobra de mudança de faixa;Colisão frontal;Com Vítimas Fatais;Pleno dia;Decrescente;Céu Claro;Simples;Reta;-2.045.726.263;-5.454.671.829
21/05/2024;13:50:00;NOVO HAMBURGO;Frear bruscamente;Colisão traseira;Com Vítimas Feridas;Pleno dia;Decrescente;Sol;Dupla;"Aclive;Reta";-2.971.073.464;-511.474.021
21/05/2024;14:44:00;MACAPA;Velocidade Incompatível;Tombamento;Sem Vítimas;Pleno dia;Crescente;Céu Claro;Dupla;Rotatória;0.1045;-51.126.076
21/05/2024;15:15:00;BOM JARDIM DE MINAS;Ultrapassagem Indevida;Colisão frontal;Com Vítimas Fatais;Pleno dia;Crescente;Céu Claro;Simples;"Curva;Declive";-2.193.311.108;-4.408.851.501
21/05/2024;10:40:00;IBATIBA;Velocidade Incompatível;Saída de leito carroçável;Sem Vítimas;Pleno dia;Crescente;Céu Claro;Simples;"Declive;Curva";-202.148.829;-4.144.925.529
21/05/2024;16:45:00;CACHOEIRA DO SUL;Estacionar ou parar em local proibido;Saída de leito carroçável;Com Vítimas Feridas;Pleno dia;Decrescente;Céu Claro;Simples;Reta;-30.261.528;-52.835.316
21/05/2024;17:50:00;MONSENHOR GIL;Ultrapassagem Indevida;Colisão lateral mesmo sentido;Com Vítimas Feridas;Plena Noite;Crescente;Céu Claro;Simples;Ponte;-558.402.402;-4.261.489.907
21/05/2024;17:30:00;BUERAREMA;Desrespeitar a preferência no cruzamento;Colisão transversal;Com Vítimas Feridas;Anoitecer;Decrescente;Nublado;Simples;"Reta;Interseção de Vias";-14.959.458;-39.307.725
21/05/2024;19:45:00;BALNEARIO CAMBORIU;Manobra de mudança de faixa;Colisão lateral mesmo sentido;Sem Vítimas;Plena Noite;Crescente;Céu Claro;Dupla;"Reta;Aclive";-2.703.881.189;-4.860.025.148
21/05/2024;21:30:00;LAVRAS;Velocidade Incompatível;Tombamento;Com Vítimas Feridas;Plena Noite;Decrescente;Nublado;Dupla;"Curva;Ponte";-2.119.177.791;-4.511.670.723
21/05/2024;21:00:00;TRES RIOS;Conversão proibida;Colisão traseira;Com Vítimas Feridas;Plena Noite;Crescente;Céu Claro;Dupla;Reta;-2.212.300.119;-4.316.875.093
22/05/2024;05:30:00;ANCHIETA;Velocidade Incompatível;Tombamento;Com Vítimas Fatais;Amanhecer;Decrescente;Nublado;Simples;"Curva;Declive";-2.071.074.392;-4.072.242.606
22/05/2024;08:15:00;CASCAVEL;Desrespeitar a preferência no cruzamento;Colisão transversal;Com Vítimas Feridas;Pleno dia;Crescente;Céu Claro;Simples;Interseção de Vias;-249.649.472;-534.210.459
22/05/2024;09:00:00;ABADIANIA;Restrição de visibilidade em curvas horizontais;Colisão traseira;Com Vítimas Feridas;Pleno dia;Crescente;Céu Claro;Dupla;"Declive;Ponte";-162.759;-487.774
22/05/2024;11:24:00;CEARA-MIRIM;Ultrapassagem Indevida;Colisão transversal;Com Vítimas Feridas;Pleno dia;Decrescente;Sol;Simples;"Interseção de Vias;Reta";-56.485.583;-3.544.127.004
22/05/2024;12:00:00;NITEROI;Acesso irregular;Colisão com objeto;Sem Vítimas;Pleno dia;Decrescente;Céu Claro;Múltipla;Reta;-22.878.923;-43.110.676
22/05/2024;11:40:00;ORTIGUEIRA;Velocidade Incompatível;Tombamento;Com Vítimas Feridas;Pleno dia;Crescente;Céu Claro;Simples;"Curva;Declive";-2.409.427.565;-5.104.402.976
22/05/2024;14:13:00;BARRACAO;Desrespeitar a preferência no cruzamento;Colisão transversal;Com Vítimas Feridas;Pleno dia;Decrescente;Céu Claro;Dupla;Reta;-2.625.066;-53.635.523
22/05/2024;14:25:00;GOIANA;Manobra de mudança de faixa;Colisão transversal;Com Vítimas Feridas;Pleno dia;Decrescente;Céu Claro;Dupla;"Reta;Declive";-757.788.903;-3.498.847.822
22/05/2024;13:30:00;FORQUILHA;Velocidade Incompatível;Derramamento de carga;Sem Vítimas;Pleno dia;Crescente;Céu Claro;Simples;Curva;-380.377.236;-4.018.363.237
18/04/2024;07:10:00;ANGRA DOS REIS;Pista Escorregadia;Saída de leito carroçável;Com Vítimas Feridas;Pleno dia;Crescente;Chuva;Simples;Curva;-2.301.090.507;-4.420.795.621
22/05/2024;17:30:00;PAPANDUVA;Conversão proibida;Colisão transversal;Sem Vítimas;Anoitecer;Decrescente;Céu Claro;Simples;Reta;-263.932.492;-5.015.515.026
22/05/2024;23:30:00;MARINGA;Ultrapassagem Indevida;Colisão lateral mesmo sentido;Sem Vítimas;Plena Noite;Crescente;Céu Claro;Dupla;Reta;-234.273;-519.375
23/05/2024;06:30:00;LAGES;Neblina;Colisão traseira;Com Vítimas Feridas;Amanhecer;Crescente;Nevoeiro/Neblina;Simples;"Interseção de Vias;Reta";-2.781.801.267;-5.037.304.401
23/05/2024;08:00:00;NOVA LIMA;Pista Escorregadia;Queda de ocupante de veículo;Com Vítimas Feridas;Pleno dia;Crescente;Céu Claro;Dupla;Viaduto;-2.015.241.986;-4.396.263.156
23/05/2024;07:22:00;CACAPAVA DO SUL;Afundamento ou ondulação no pavimento;Colisão frontal;Com Vítimas Feridas;Pleno dia;Crescente;Chuva;Simples;"Curva;Aclive";-30.372.007;-53.655.449
23/05/2024;08:15:00;BRASILIA;Manobra de mudança de faixa;Colisão traseira;Com Vítimas Feridas;Pleno dia;Crescente;Céu Claro;Dupla;Reta;-15.890.521;-48.086.864
23/05/2024;10:37:00;RIO VERDE;Manobra de mudança de faixa;Colisão lateral mesmo sentido;Com Vítimas Feridas;Pleno dia;Crescente;Céu Claro;Dupla;"Retorno Regulamentado;Reta";-1.778.387.458;-5.089.907.885
23/05/2024;09:30:00;SANTO ANTONIO DE JESUS;Ultrapassagem Indevida;Colisão transversal;Sem Vítimas;Pleno dia;Crescente;Céu Claro;Simples;"Reta;Retorno Regulamentado";-130.815.032;-3.927.559.444
23/05/2024;11:35:00;CARATINGA;Demais falhas na via;Colisão com objeto;Sem Vítimas;Pleno dia;Crescente;Sol;Simples;Ponte;-1.979.589.034;-4.213.754.654
23/05/2024;14:10:00;CHAPECO;Manobra de mudança de faixa;Colisão lateral mesmo sentido;Sem Vítimas;Pleno dia;Crescente;Chuva;Dupla;Reta;-2.700.359.519;-5.264.391.044
23/05/2024;14:34:00;PRATA;Velocidade Incompatível;Colisão frontal;Com Vítimas Fatais;Pleno dia;Crescente;Céu Claro;Simples;Reta;-1.951.436.207;-4.884.030.206
23/05/2024;16:00:00;CASIMIRO DE ABREU;Manobra de mudança de faixa;Colisão lateral mesmo sentido;Com Vítimas Feridas;Anoitecer;Crescente;Céu Claro;Dupla;Reta;-2.249.143.999;-4.226.199.401
23/05/2024;23:00:00;MARINGA;Manobra de mudança de faixa;Colisão lateral mesmo sentido;Com Vítimas Feridas;Plena Noite;Crescente;Céu Claro;Dupla;Reta;-234.113.569;-519.407.767
23/05/2024;22:30:00;PRUDENTOPOLIS;Ausência de sinalização;Colisão frontal;Com Vítimas Feridas;Plena Noite;Crescente;Garoa/Chuvisco;Simples;Curva;-2.531.908.557;-5.103.200.708
23/05/2024;18:45:00;SAO LUIS;Falta de elemento de contenção que evite a saída do leito carroçável;Colisão lateral mesmo sentido;Com Vítimas Feridas;Plena Noite;Decrescente;Céu Claro;Dupla;Reta;-253.073;-443.068
28/04/2024;19:30:00;PRUDENTOPOLIS;Manobra de mudança de faixa;Tombamento;Com Vítimas Fatais;Plena Noite;Decrescente;Nublado;Simples;"Declive;Reta";-2.539.075.669;-5.081.768.392
24/05/2024;05:20:00;ITAMBACURI;Acesso irregular;Colisão transversal;Com Vítimas Feridas;Amanhecer;Decrescente;Céu Claro;Simples;"Em Obras;Reta";-1.806.936.519;-4.167.662.169
24/05/2024;06:30:00;SANTA LUZIA;Pista esburacada;Colisão transversal;Com Vítimas Fatais;Pleno dia;Crescente;Céu Claro;Simples;"Reta;Declive";-399.218.176;-4.570.058.513
24/05/2024;14:16:00;ESTIVA;Manobra de mudança de faixa;Colisão lateral mesmo sentido;Sem Vítimas;Pleno dia;Decrescente;Céu Claro;Dupla;"Reta;Declive";-2.249.922;-4.601.370.998
24/05/2024;17:49:00;CARIDADE;Desrespeitar a preferência no cruzamento;Colisão traseira;Com Vítimas Feridas;Plena Noite;Crescente;Céu Claro;Simples;"Reta;Interseção de Vias";-424.158.307;-392.043.639
24/05/2024;18:30:00;SERRA;Manobra de mudança de faixa;Colisão traseira;Com Vítimas Feridas;Plena Noite;Decrescente;Céu Claro;Dupla;Reta;-2.020.788.726;-403.133.509
24/05/2024;18:40:00;CALIFORNIA;Velocidade Incompatível;Colisão traseira;Com Vítimas Feridas;Plena Noite;Crescente;Garoa/Chuvisco;Simples;Reta;-23.658.546;-51.371.983
24/05/2024;17:40:00;MANHUACU;Ultrapassagem Indevida;Colisão transversal;Com Vítimas Feridas;Plena Noite;Crescente;Nublado;Simples;Reta;-2.025.748.975;-4.203.048.732
24/05/2024;20:41:00;ANGICAL DO PIAUI;Manobra de mudança de faixa;Colisão transversal;Com Vítimas Fatais;Plena Noite;Crescente;Nublado;Simples;Reta;-60.323;-42.737.713
24/05/2024;19:00:00;RIO DE JANEIRO;Manobra de mudança de faixa;Colisão lateral mesmo sentido;Com Vítimas Feridas;Plena Noite;Decrescente;Céu Claro;Múltipla;Reta;-2.288.517.902;-4.321.704.364
24/05/2024;20:30:00;GUAMIRANGA;Velocidade Incompatível;Tombamento;Com Vítimas Fatais;Plena Noite;Crescente;Nublado;Dupla;"Declive;Curva";-251.801.849;-5.072.816.849
24/05/2024;15:30:00;PARANAVAI;Afundamento ou ondulação no pavimento;Derramamento de carga;Sem Vítimas;Anoitecer;Crescente;Garoa/Chuvisco;Dupla;Reta;-2.308.086.594;-5.240.984.795
24/05/2024;19:50:00;AGUAS MORNAS;Conversão proibida;Colisão lateral sentido oposto;Sem Vítimas;Plena Noite;Crescente;Céu Claro;Simples;Reta;-27.716.148;-48.869.583
24/05/2024;21:10:00;CAMPO VERDE;Estacionar ou parar em local proibido;Colisão traseira;Com Vítimas Feridas;Plena Noite;Decrescente;Nevoeiro/Neblina;Dupla;Curva;-1.581.316.926;-5.538.561.692
25/05/2024;03:53:00;FORMOSA;Falta de elemento de contenção que evite a saída do leito carroçável;Saída de leito carroçável;Com Vítimas Feridas;Plena Noite;Crescente;Vento;Simples;"Curva;Declive";-1.522.989;-47.172.417
25/05/2024;00:10:00;JUAZEIRINHO;Manobra de mudança de faixa;Colisão lateral sentido oposto;Sem Vítimas;Plena Noite;Crescente;Céu Claro;Simples;Reta;-70.343;-364.926
24/05/2024;16:00:00;ITAPEBI;Curva acentuada;Tombamento;Com Vítimas Feridas;Pleno dia;Crescente;Nublado;Simples;Curva;-1.599.037.461;-3.957.258.224
25/05/2024;08:49:00;CAMPANHA;Velocidade Incompatível;Saída de leito carroçável;Com Vítimas Feridas;Pleno dia;Crescente;Céu Claro;Dupla;Reta;-2.171.597.801;-4.537.713.297
25/05/2024;09:40:00;GUARULHOS;Frear bruscamente;Tombamento;Com Vítimas Feridas;Pleno dia;Crescente;Céu Claro;Múltipla;Reta;-2.342.870.023;-4.641.085.991
25/05/2024;10:00:00;ITABUNA;Acesso irregular;Colisão transversal;Com Vítimas Feridas;Pleno dia;Decrescente;Céu Claro;Simples;"Curva;Declive;Interseção de Vias";-14.774.409;-3.928.828
25/05/2024;10:30:00;PINDARE-MIRIM;Demais falhas na via;Saída de leito carroçável;Com Vítimas Feridas;Pleno dia;Crescente;Céu Claro;Simples;Ponte;-374.374.297;-4.543.781.805
25/05/2024;16:15:00;PORTO ALEGRE;Acesso irregular;Colisão transversal;Com Vítimas Feridas;Pleno dia;Decrescente;Céu Claro;Dupla;"Aclive;Interseção de Vias";-29.971.916;-51.176.838
25/05/2024;16:10:00;LAGES;Desrespeitar a preferência no cruzamento;Colisão transversal;Sem Vítimas;Pleno dia;Decrescente;Nublado;Simples;"Interseção de Vias;Rotatória";-27.797.529;-50.291.862
25/05/2024;11:00:00;COLORADO DO OESTE;Ultrapassagem Indevida;Colisão frontal;Com Vítimas Fatais;Pleno dia;Crescente;Céu Claro;Simples;Reta;-1.319.087.287;-60.677.908
25/05/2024;21:26:00;SAO JOSE DA VITORIA;Curva acentuada;Colisão lateral sentido oposto;Com Vítimas Fatais;Plena Noite;Crescente;Chuva;Simples;"Curva;Declive";-15.033.683;-39.331.168
25/05/2024;23:35:00;ARAGUARI;Velocidade Incompatível;Tombamento;Com Vítimas Feridas;Plena Noite;Decrescente;Céu Claro;Dupla;"Reta;Declive";-1.862.396.607;-4.811.699.737
26/05/2024;01:05:00;ARAGUAINA;Ultrapassagem Indevida;Colisão lateral sentido oposto;Sem Vítimas;Plena Noite;Decrescente;Céu Claro;Simples;Aclive;-7.110.162;-48.184.059
12/04/2024;19:00:00;SAO JOSE;Pista Escorregadia;Colisão traseira;Com Vítimas Feridas;Plena Noite;Crescente;Chuva;Dupla;Reta;-2.761.563.417;-4.864.475.727
26/05/2024;11:25:00;ELDORADO DO SUL;Conversão proibida;Colisão transversal;Com Vítimas Feridas;Pleno dia;Crescente;Céu Claro;Simples;Reta;-30.040.455;-51.329.193
26/05/2024;11:16:00;ARACRUZ;Chuva;Colisão frontal;Com Vítimas Fatais;Pleno dia;Decrescente;Chuva;Simples;"Curva;Declive";-1.967.569.037;-4.026.368.893
26/05/2024;07:30:00;PIMENTA BUENO;Ultrapassagem Indevida;Colisão lateral sentido oposto;Com Vítimas Feridas;Pleno dia;Crescente;Céu Claro;Simples;"Reta;Aclive";-1.192.608;-60.962.271
26/05/2024;13:55:00;BARREIRAS;Ultrapassagem Indevida;Saída de leito carroçável;Com Vítimas Feridas;Pleno dia;Decrescente;Céu Claro;Simples;Reta;-1.211.626.016;-4.508.318.469
22/05/2024;17:20:00;RIO DE JANEIRO;Manobra de mudança de faixa;Colisão lateral mesmo sentido;Sem Vítimas;Pleno dia;Crescente;Céu Claro;Dupla;Reta;-2.281.113.183;-433.336.729
26/05/2024;16:00:00;ARGIRITA;Pista Escorregadia;Colisão lateral sentido oposto;Sem Vítimas;Pleno dia;Crescente;Céu Claro;Simples;"Reta;Aclive";-2.163.594.597;-4.283.380.808
26/05/2024;10:25:00;BICAS;Pista Escorregadia;Colisão frontal;Com Vítimas Feridas;Pleno dia;Decrescente;Chuva;Simples;Curva;-2.172.932.823;-4.305.146.694
26/05/2024;16:40:00;SAO GONCALO DO SAPUCAI;Velocidade Incompatível;Colisão com objeto;Com Vítimas Feridas;Pleno dia;Crescente;Chuva;Dupla;Curva;-2.189.588.836;-455.504.751
26/05/2024;17:30:00;UBERABA;Velocidade Incompatível;Colisão traseira;Com Vítimas Feridas;Anoitecer;Crescente;Céu Claro;Dupla;"Reta;Declive";-1.977.896.821;-4.794.093.599
26/05/2024;17:50:00;NOVA SERRANA;Ultrapassagem Indevida;Colisão transversal;Com Vítimas Feridas;Anoitecer;Crescente;Céu Claro;Simples;Reta;-19.881.131;-44.931.502
26/05/2024;18:15:00;HULHA NEGRA;Ultrapassagem Indevida;Colisão lateral mesmo sentido;Com Vítimas Feridas;Pleno dia;Decrescente;Céu Claro;Simples;Reta;-3.139.405.393;-5.381.877.099
26/05/2024;22:00:00;GOIANIA;Manobra de mudança de faixa;Colisão lateral mesmo sentido;Com Vítimas Feridas;Plena Noite;Crescente;Céu Claro;Dupla;Reta;-167.423;-49.415
26/05/2024;21:00:00;APIUNA;Estacionar ou parar em local proibido;Colisão traseira;Com Vítimas Feridas;Plena Noite;Decrescente;Nublado;Simples;Reta;-27.037.956;-49.393.417
27/05/2024;04:30:00;CAMPOS DOS GOYTACAZES;Velocidade Incompatível;Tombamento;Com Vítimas Feridas;Amanhecer;Decrescente;Céu Claro;Simples;Curva;-2.135.038.601;-4.133.532.577
27/05/2024;04:45:00;JATAI;Neblina;Saída de leito carroçável;Com Vítimas Feridas;Plena Noite;Decrescente;Nevoeiro/Neblina;Dupla;Retorno Regulamentado;-178.421;-514.504
27/05/2024;05:20:00;SAO CRISTOVAO DO SUL;Velocidade Incompatível;Colisão com objeto;Com Vítimas Feridas;Plena Noite;Crescente;Garoa/Chuvisco;Simples;"Curva;Declive";-272.255.548;-5.046.647.072
27/05/2024;07:30:00;GANDU;Frear bruscamente;Colisão lateral sentido oposto;Com Vítimas Fatais;Pleno dia;Crescente;Céu Claro;Simples;Curva;-139.178.362;-3.948.511.279
27/05/2024;08:50:00;TRIUNFO;Chuva;Colisão com objeto;Com Vítimas Fatais;Pleno dia;Crescente;Chuva;Simples;Curva;-29.786.842;-51.543.865
27/05/2024;13:30:00;ALHANDRA;Condutor usando celular;Colisão traseira;Com Vítimas Feridas;Pleno dia;Decrescente;Céu Claro;Dupla;"Reta;Aclive";-737.530.762;-3.495.572.805
27/05/2024;16:15:00;SANTO ANTONIO DO AMPARO;Velocidade Incompatível;Colisão lateral mesmo sentido;Com Vítimas Feridas;Pleno dia;Crescente;Céu Claro;Dupla;Curva;-2.099.437.964;-4.496.041.633
27/05/2024;14:45:00;PANTANO GRANDE;Manobra de mudança de faixa;Colisão frontal;Com Vítimas Fatais;Pleno dia;Decrescente;Chuva;Simples;Reta;-3.013.711.082;-5.237.010.956
27/05/2024;15:30:00;SAO PAULO;Manobra de mudança de faixa;Colisão lateral mesmo sentido;Com Vítimas Feridas;Pleno dia;Crescente;Garoa/Chuvisco;Dupla;Curva;-23.384.264;-46.564.927
27/05/2024;18:15:00;POUSO ALEGRE;Velocidade Incompatível;Colisão traseira;Com Vítimas Feridas;Plena Noite;Crescente;Nublado;Dupla;"Curva;Declive";-2.236.783.696;-4.593.277.651
27/05/2024;23:10:00;QUITANDINHA;Manobra de mudança de faixa;Colisão lateral mesmo sentido;Sem Vítimas;Plena Noite;Decrescente;Garoa/Chuvisco;Simples;"Reta;Declive";-25.899.184;-49.560.742
28/05/2024;00:10:00;SAO SEBASTIAO;Velocidade Incompatível;Tombamento;Com Vítimas Feridas;Plena Noite;Crescente;Céu Claro;Dupla;"Reta;Declive";-1.002.978.319;-3.663.332.084
28/05/2024;03:58:00;SAO SEBASTIAO;Estacionar ou parar em local proibido;Saída de leito carroçável;Com Vítimas Feridas;Plena Noite;Crescente;Chuva;Dupla;"Reta;Declive";-1.002.368.879;-3.662.646.315
27/05/2024;19:30:00;SAO MATEUS DO SUL;Velocidade Incompatível;Colisão frontal;Com Vítimas Feridas;Plena Noite;Decrescente;Garoa/Chuvisco;Simples;"Reta;Ponte";-2.587.806.772;-5.038.450.241
28/05/2024;07:00:00;SAO PAULO;Manobra de mudança de faixa;Colisão lateral mesmo sentido;Com Vítimas Feridas;Pleno dia;Crescente;Nublado;Múltipla;"Reta;Em Obras";-2.351.291.902;-4.657.604.698
28/05/2024;07:30:00;BOM DESPACHO;Ultrapassagem Indevida;Colisão lateral sentido oposto;Com Vítimas Feridas;Pleno dia;Crescente;Sol;Simples;Reta;-1.978.253.434;-4.535.499.573
28/05/2024;07:50:00;VITORIA DA CONQUISTA;Ultrapassagem Indevida;Colisão frontal;Com Vítimas Fatais;Pleno dia;Decrescente;Nevoeiro/Neblina;Simples;"Reta;Aclive";-1.485.023;-4.080.689
28/05/2024;07:40:00;ITATIAIUCU;Velocidade Incompatível;Tombamento;Com Vítimas Feridas;Pleno dia;Decrescente;Céu Claro;Dupla;Curva;-2.016.465.568;-4.436.428.451
28/05/2024;08:10:00;CANAPOLIS;Velocidade Incompatível;Tombamento;Com Vítimas Feridas;Pleno dia;Crescente;Céu Claro;Múltipla;"Interseção de Vias;Curva";-1.871.301.452;-491.343.677
28/05/2024;07:45:00;TUBARAO;Demais Fenômenos da natureza;Colisão com objeto;Com Vítimas Feridas;Pleno dia;Decrescente;Céu Claro;Dupla;Curva;-2.846.686.157;-4.899.692.059
28/05/2024;12:05:00;JACUPIRANGA;Acesso irregular;Colisão transversal;Com Vítimas Feridas;Pleno dia;Decrescente;Céu Claro;Dupla;Interseção de Vias;-2.468.648.001;-4.798.910.399
28/05/2024;11:45:00;JEREMOABO;Ultrapassagem Indevida;Colisão lateral mesmo sentido;Com Vítimas Feridas;Pleno dia;Decrescente;Céu Claro;Simples;"Reta;Declive";-10.155.765;-38.284.415
28/05/2024;10:40:00;ALTO ARAGUAIA;Desrespeitar a preferência no cruzamento;Atropelamento de Pedestre;Com Vítimas Feridas;Pleno dia;Decrescente;Céu Claro;Dupla;Interseção de Vias;-1.731.512.037;-5.321.547.747
28/05/2024;17:37:00;TERESINA;Ultrapassagem Indevida;Colisão lateral mesmo sentido;Com Vítimas Feridas;Pleno dia;Decrescente;Céu Claro;Dupla;Reta;-507.691.285;-4.274.103.999
25/05/2024;01:30:00;CODO;Curva acentuada;Tombamento;Com Vítimas Feridas;Plena Noite;Crescente;Céu Claro;Simples;Curva;-4.541.063;-44.018.379
28/05/2024;20:40:00;CAXIAS;Velocidade Incompatível;Saída de leito carroçável;Com Vítimas Feridas;Plena Noite;Decrescente;Céu Claro;Simples;Curva;-4.871.665;-43.322.151
28/05/2024;22:38:00;BRASILIA;Manobra de mudança de faixa;Colisão frontal;Com Vítimas Fatais;Plena Noite;Decrescente;Céu Claro;Simples;"Curva;Declive";-15.933.754;-47.817.089
28/05/2024;22:10:00;AGUA DOCE;Velocidade Incompatível;Colisão transversal;Com Vítimas Feridas;Plena Noite;Crescente;Garoa/Chuvisco;Simples;"Reta;Interseção de Vias";-26.697.666;-5.157.309
29/05/2024;08:00:00;GUARATINGUETA;Manobra de mudança de faixa;Colisão lateral mesmo sentido;Com Vítimas Feridas;Pleno dia;Crescente;Céu Claro;Dupla;Reta;-2.279.106.843;-4.516.105.167
29/05/2024;08:49:00;TAPES;Manobra de mudança de faixa;Colisão transversal;Com Vítimas Feridas;Pleno dia;Decrescente;Sol;Dupla;Curva;-30.598.012;-51.540.005
29/05/2024;11:40:00;GUARAPUAVA;Desrespeitar a preferência no cruzamento;Colisão transversal;Com Vítimas Feridas;Pleno dia;Crescente;Céu Claro;Simples;Interseção de Vias;-2.535.596.408;-5.123.534.897
29/05/2024;14:15:00;LAJEDO;Ultrapassagem Indevida;Colisão lateral sentido oposto;Sem Vítimas;Pleno dia;Crescente;Chuva;Simples;"Reta;Declive";-861.537.298;-3.629.867.707
29/05/2024;16:15:00;TERESOPOLIS;Chuva;Colisão lateral sentido oposto;Sem Vítimas;Pleno dia;Decrescente;Nevoeiro/Neblina;Simples;"Declive;Curva";-2.245.860.515;-4.297.439.809
29/05/2024;16:30:00;UBERLANDIA;Manobra de mudança de faixa;Colisão lateral mesmo sentido;Com Vítimas Feridas;Pleno dia;Crescente;Sol;Dupla;Reta;-18.907.263;-48.228.497
23/04/2024;18:45:00;SAO JOSE DOS PINHAIS;Ultrapassagem Indevida;Colisão lateral mesmo sentido;Com Vítimas Feridas;Plena Noite;Crescente;Céu Claro;Dupla;"Declive;Reta";-2.558.426.494;-4.917.618.795
29/05/2024;13:30:00;PETROPOLIS;Pista Escorregadia;Tombamento;Com Vítimas Fatais;Pleno dia;Decrescente;Chuva;Dupla;"Curva;Aclive";-2.252.850.694;-432.349.802
29/05/2024;20:15:00;VENDA NOVA DO IMIGRANTE;Desrespeitar a preferência no cruzamento;Colisão transversal;Com Vítimas Feridas;Plena Noite;Decrescente;Nublado;Simples;Reta;-2.036.398.712;-410.657.984
29/05/2024;16:00:00;ORTIGUEIRA;Velocidade Incompatível;Tombamento;Com Vítimas Feridas;Pleno dia;Crescente;Céu Claro;Simples;Curva;-24.064.732;-5.106.268
29/05/2024;17:35:00;ALFREDO WAGNER;Velocidade Incompatível;Colisão lateral sentido oposto;Com Vítimas Fatais;Anoitecer;Crescente;Céu Claro;Simples;Curva;-276.800.568;-492.190.195
30/05/2024;06:40:00;CURITIBA;Manobra de mudança de faixa;Colisão lateral mesmo sentido;Com Vítimas Feridas;Pleno dia;Crescente;Céu Claro;Dupla;Curva;-2.556.857.207;-4.931.023.179