data_inversa;horario;municipio;causa_acidente;tipo_acidente;classificacao_acidente;fase_dia;sentido_via;condicao_metereologica;tipo_pista;tracado_via;latitude;longitude
30/05/2024;10:00:00;ITAPISSUMA;Chuva;Saída de leito carroçável;Com Vítimas Feridas;Pleno dia;Decrescente;Chuva;Dupla;"Reta;Em Obras";-777.952.193;-3.493.231.384
30/05/2024;07:00:00;JACIARA;Desrespeitar a preferência no cruzamento;Colisão transversal;Com Vítimas Feridas;Pleno dia;Crescente;Céu Claro;Dupla;"Curva;Declive";-1.596.896.219;-5.494.417.191
30/05/2024;12:00:00;CAMPINA GRANDE DO SUL;Frear bruscamente;Saída de leito carroçável;Com Vítimas Feridas;Pleno dia;Decrescente;Céu Claro;Simples;Curva;-2.510.885.561;-4.876.563.896
30/05/2024;11:30:00;CANAPI;Ultrapassagem Indevida;Colisão lateral mesmo sentido;Com Vítimas Feridas;Pleno dia;Crescente;Nublado;Simples;Reta;-92.076.023;-375.580.429
30/05/2024;10:13:00;CAMPOS DOS GOYTACAZES;Acesso irregular;Colisão transversal;Com Vítimas Feridas;Pleno dia;Crescente;Céu Claro;Simples;Reta;-2.172.074.188;-4.131.491.733
22/05/2024;19:20:00;ITUIUTABA;Acesso irregular;Colisão transversal;Com Vítimas Feridas;Plena Noite;Decrescente;Céu Claro;Simples;Reta;-1.891.745.432;-4.941.063.799
30/05/2024;16:10:00;PASSO FUNDO;Desrespeitar a preferência no cruzamento;Colisão transversal;Com Vítimas Feridas;Pleno dia;Crescente;Sol;Simples;"Interseção de Vias;Rotatória";-28.236.645;-52.375.156
30/05/2024;16:30:00;PORTO SEGURO;Chuva;Saída de leito carroçável;Com Vítimas Feridas;Pleno dia;Crescente;Chuva;Simples;Reta;-1.638.725.526;-3.945.086.677
30/05/2024;13:40:00;IRAUCUBA;Pista esburacada;Saída de leito carroçável;Com Vítimas Feridas;Pleno dia;Crescente;Chuva;Simples;Reta;-375.031.559;-3.996.800.004
30/05/2024;15:50:00;QUATRO PONTES;Curva acentuada;Tombamento;Sem Vítimas;Pleno dia;Crescente;Céu Claro;Dupla;Aclive;-245.859.879;-5.398.178.458
30/05/2024;18:30:00;IPIXUNA DO PARA;Animais na Pista;Atropelamento de Animal;Com Vítimas Fatais;Anoitecer;Crescente;Céu Claro;Simples;Reta;-26.365.889;-4.748.004.444
31/05/2024;03:45:00;ARUJA;Deficiência do Sistema de Iluminação/Sinalização;Atropelamento de Pedestre;Com Vítimas Feridas;Plena Noite;Crescente;Garoa/Chuvisco;Dupla;Reta;-2.339.721.625;-4.629.284.287
31/05/2024;04:05:00;MEDIANEIRA;Velocidade Incompatível;Colisão traseira;Com Vítimas Feridas;Plena Noite;Decrescente;Céu Claro;Dupla;"Declive;Reta";-25.256.637;-54.038.579
31/05/2024;05:45:00;VITORIA DA CONQUISTA;Desrespeitar a preferência no cruzamento;Colisão transversal;Com Vítimas Fatais;Amanhecer;Decrescente;Nublado;Simples;"Interseção de Vias;Rotatória";-1.482.363.318;-4.081.843.042
31/05/2024;07:45:00;GOIANIA;Velocidade Incompatível;Colisão traseira;Com Vítimas Feridas;Pleno dia;Crescente;Céu Claro;Dupla;"Reta;Aclive";-166.939;-492.321
11/05/2024;09:00:00;SANTO ANTONIO DO LEVERGER;Frear bruscamente;Colisão traseira;Com Vítimas Feridas;Pleno dia;Crescente;Sol;Dupla;Reta;-1.580.416.834;-5.555.429.598
31/05/2024;10:40:00;APUCARANA;Desrespeitar a preferência no cruzamento;Colisão transversal;Com Vítimas Feridas;Pleno dia;Crescente;Céu Claro;Dupla;"Reta;Interseção de Vias";-23.568.266;-51.512.928
31/05/2024;11:25:00;BATAGUASSU;Velocidade Incompatível;Colisão traseira;Com Vítimas Feridas;Pleno dia;Decrescente;Céu Claro;Simples;Reta;-2.172.211.935;-5.240.397.292
31/05/2024;08:40:00;SAO LUIS;Manobra de mudança de faixa;Colisão lateral mesmo sentido;Com Vítimas Feridas;Pleno dia;Decrescente;Sol;Dupla;Reta;-253.073;-443.068
31/05/2024;12:15:00;DUQUE DE CAXIAS;Manobra de mudança de faixa;Colisão transversal;Com Vítimas Feridas;Pleno dia;Decrescente;Céu Claro;Simples;Reta;-22.745.676;-432.881
31/05/2024;16:50:00;ESTEIO;Frear bruscamente;Colisão traseira;Com Vítimas Feridas;Pleno dia;Decrescente;Céu Claro;Dupla;Reta;-2.983.125.611;-5.117.367.879
31/05/2024;18:40:00;VENDA NOVA DO IMIGRANTE;Velocidade Incompatível;Colisão traseira;Com Vítimas Fatais;Plena Noite;Decrescente;Céu Claro;Simples;Reta;-2.034.357.039;-4.110.950.531
31/05/2024;18:50:00;ANCHIETA;Velocidade Incompatível;Tombamento;Com Vítimas Feridas;Plena Noite;Crescente;Nublado;Simples;"Declive;Curva";-20.753.749;-4.075.894.999
31/05/2024;22:25:00;ITAPERUNA;Acumulo de areia ou detritos sobre o pavimento;Derramamento de carga;Com Vítimas Feridas;Plena Noite;Crescente;Céu Claro;Simples;Curva;-2.121.130.024;-418.848.634
31/05/2024;22:20:00;EUGENOPOLIS;Curva acentuada;Tombamento;Com Vítimas Feridas;Plena Noite;Decrescente;Céu Claro;Simples;Curva;-2.112.697.007;-4.224.532.702
01/06/2024;01:00:00;DOM ELISEU;Manobra de mudança de faixa;Colisão lateral sentido oposto;Sem Vítimas;Plena Noite;Crescente;Nublado;Simples;Reta;-4.301.102;-47.582.943
01/06/2024;07:00:00;PARAISO DO TOCANTINS;Ultrapassagem Indevida;Colisão lateral mesmo sentido;Com Vítimas Feridas;Pleno dia;Crescente;Céu Claro;Simples;Reta;-1.029.936.901;-4.888.409.895
01/06/2024;07:00:00;CAMPINA GRANDE;Desvio temporário;Colisão lateral mesmo sentido;Sem Vítimas;Pleno dia;Crescente;Céu Claro;Simples;"Em Obras;Desvio Temporário;Curva";-72.688;-358.837
01/06/2024;08:30:00;TRES MARIAS;Velocidade Incompatível;Tombamento;Com Vítimas Feridas;Pleno dia;Crescente;Céu Claro;Simples;Curva;-18.350.118;-4.509.330.699
30/05/2024;12:20:00;PATOS DE MINAS;Ultrapassagem Indevida;Colisão lateral sentido oposto;Sem Vítimas;Pleno dia;Crescente;Céu Claro;Múltipla;Reta;-1.864.392.302;-4.649.892.399
20/03/2024;09:00:00;UBERLANDIA;Pista Escorregadia;Colisão traseira;Com Vítimas Feridas;Pleno dia;Crescente;Chuva;Dupla;Reta;-1.888.759;-4.826.823
01/06/2024;09:40:00;CANDOI;Ultrapassagem Indevida;Colisão lateral sentido oposto;Com Vítimas Feridas;Pleno dia;Decrescente;Céu Claro;Simples;Curva;-2.541.653.205;-5.204.901.695
01/06/2024;19:00:00;SANTA ROSA DO SUL;Falta de acostamento;Atropelamento de Pedestre;Com Vítimas Feridas;Plena Noite;Crescente;Céu Claro;Múltipla;Reta;-291.453.211;-4.972.212.553
01/06/2024;20:20:00;IRACEMINHA;Demais falhas na via;Colisão lateral sentido oposto;Sem Vítimas;Plena Noite;Crescente;Céu Claro;Dupla;"Curva;Aclive";-26.811.321;-53.362.316
02/06/2024;01:45:00;JOINVILLE;Estacionar ou parar em local proibido;Colisão com objeto;Com Vítimas Feridas;Plena Noite;Crescente;Nevoeiro/Neblina;Dupla;"Reta;Aclive";-2.623.667.403;-4.891.486.706
02/06/2024;05:20:00;PALMEIRAS DO TOCANTINS;Animais na Pista;Atropelamento de Animal;Com Vítimas Feridas;Amanhecer;Crescente;Céu Claro;Simples;Reta;-6.621.758;-47.561.535
02/06/2024;07:50:00;ANTONINA;Frear bruscamente;Colisão traseira;Com Vítimas Feridas;Pleno dia;Decrescente;Sol;Dupla;Curva;-251.116.664;-487.648.109
02/06/2024;12:00:00;CICERO DANTAS;Ultrapassagem Indevida;Saída de leito carroçável;Sem Vítimas;Pleno dia;Decrescente;Chuva;Simples;Curva;-1.056.531.407;-3.837.390.963
02/06/2024;13:00:00;AQUIRAZ;Estacionar ou parar em local proibido;Colisão traseira;Sem Vítimas;Pleno dia;Decrescente;Nublado;Dupla;"Declive;Reta";-394.905.489;-3.851.212.845
02/06/2024;07:45:00;ANTONINA;Velocidade Incompatível;Tombamento;Com Vítimas Feridas;Pleno dia;Decrescente;Céu Claro;Simples;"Curva;Declive";-25.112.415;-48.763.878
02/06/2024;04:10:00;ITABUNA;Curva acentuada;Saída de leito carroçável;Com Vítimas Feridas;Plena Noite;Crescente;Chuva;Simples;Curva;-148.050.658;-392.945.913
02/06/2024;18:30:00;CATUJI;Animais na Pista;Atropelamento de Animal;Com Vítimas Feridas;Anoitecer;Crescente;Chuva;Simples;"Reta;Aclive";-1.728.377.607;-4.151.409.092
03/06/2024;10:17:00;OLHO DAGUA DAS CUNHAS;Acumulo de água sobre o pavimento;Saída de leito carroçável;Com Vítimas Feridas;Pleno dia;Decrescente;Chuva;Simples;Reta;-405.087;-45.090.786
03/06/2024;10:15:00;SAO JOSE;Manobra de mudança de faixa;Colisão traseira;Com Vítimas Feridas;Pleno dia;Crescente;Céu Claro;Múltipla;Reta;-2.757.413.014;-4.861.363.083
03/06/2024;13:30:00;TERESINA;Manobra de mudança de faixa;Colisão lateral mesmo sentido;Sem Vítimas;Pleno dia;Crescente;Céu Claro;Dupla;"Aclive;Curva";-5.074.137;-4.273.629
03/06/2024;15:05:00;CAPELA;Velocidade Incompatível;Saída de leito carroçável;Com Vítimas Feridas;Pleno dia;Crescente;Chuva;Dupla;Reta;-1.052.530.719;-3.695.530.873
03/06/2024;16:42:00;MARUIM;Velocidade Incompatível;Colisão frontal;Com Vítimas Feridas;Pleno dia;Decrescente;Chuva;Dupla;Curva;-1.076.273.662;-3.711.145.231
03/06/2024;17:30:00;MURIAE;Conversão proibida;Colisão transversal;Com Vítimas Feridas;Plena Noite;Crescente;Nublado;Simples;Reta;-2.113.416.858;-4.238.722.798
03/06/2024;17:35:00;CAUCAIA;Manobra de mudança de faixa;Tombamento;Sem Vítimas;Anoitecer;Crescente;Céu Claro;Múltipla;Reta;-37.266.762;-3.877.703.408
03/06/2024;15:00:00;BOA VISTA;Ausência de sinalização;Colisão com objeto;Sem Vítimas;Pleno dia;Decrescente;Chuva;Simples;"Curva;Interseção de Vias;Rotatória";-7.249.509;-36.219.105
03/06/2024;16:00:00;TERRA NOVA DO NORTE;Ultrapassagem Indevida;Saída de leito carroçável;Sem Vítimas;Pleno dia;Crescente;Céu Claro;Simples;"Interseção de Vias;Declive;Curva";-1.073.950.212;-5.514.330.659
03/06/2024;18:45:00;CAMBE;Acesso irregular;Colisão frontal;Com Vítimas Fatais;Plena Noite;Decrescente;Céu Claro;Dupla;Reta;-23.295.311;-51.296.401
18/05/2024;20:32:00;BETIM;Manobra de mudança de faixa;Colisão lateral mesmo sentido;Com Vítimas Feridas;Plena Noite;Decrescente;Céu Claro;Dupla;Reta;-1.996.019.934;-441.550.827
03/06/2024;21:35:00;TERESOPOLIS;Conversão proibida;Colisão transversal;Com Vítimas Fatais;Plena Noite;Decrescente;Céu Claro;Simples;Reta;-2.214.560.636;-4.279.362.881
21/05/2024;09:35:00;MINEIROS;Afundamento ou ondulação no pavimento;Saída de leito carroçável;Com Vítimas Feridas;Pleno dia;Decrescente;Céu Claro;Simples;Reta;-17.492.758;-52.547.817
31/05/2024;16:00:00;POXOREO;Ultrapassagem Indevida;Colisão transversal;Sem Vítimas;Pleno dia;Crescente;Céu Claro;Simples;Reta;-1.565.636.375;-5.387.757.398
04/06/2024;07:55:00;MADALENA;Manobra de mudança de faixa;Colisão traseira;Com Vítimas Feridas;Pleno dia;Crescente;Céu Claro;Simples;Reta;-491.054.005;-3.961.422.193
04/06/2024;08:10:00;SANTO ANTONIO DO LEVERGER;Curva acentuada;Tombamento;Com Vítimas Feridas;Pleno dia;Crescente;Céu Claro;Dupla;Curva;-1.580.502.622;-555.546.431
10/05/2024;05:00:00;IMBITUVA;Manobra de mudança de faixa;Colisão lateral sentido oposto;Com Vítimas Fatais;Amanhecer;Decrescente;Céu Claro;Simples;Reta;-2.529.542.504;-5.063.715.055
04/06/2024;11:00:00;PICOS;Ultrapassagem Indevida;Colisão traseira;Com Vítimas Feridas;Pleno dia;Crescente;Céu Claro;Simples;Reta;-700.108.408;-4.161.168.804
04/06/2024;13:05:00;GOIANAPOLIS;Desrespeitar a preferência no cruzamento;Colisão transversal;Com Vítimas Feridas;Pleno dia;Decrescente;Céu Claro;Dupla;Curva;-164.478;-490.224
04/06/2024;14:10:00;CANOAS;Manobra de mudança de faixa;Colisão traseira;Com Vítimas Feridas;Pleno dia;Crescente;Nublado;Dupla;Reta;-2.995.942.501;-5.117.608.515
04/06/2024;15:15:00;MANDIRITUBA;Velocidade Incompatível;Colisão traseira;Com Vítimas Feridas;Pleno dia;Decrescente;Nublado;Simples;"Reta;Declive";-2.577.290.167;-4.932.325.542
04/06/2024;15:15:00;PRATA;Velocidade Incompatível;Colisão traseira;Com Vítimas Feridas;Pleno dia;Decrescente;Céu Claro;Simples;"Em Obras;Reta";-1.959.131.213;-4.883.018.771
04/06/2024;12:40:00;IBIRAPITANGA;Curva acentuada;Colisão frontal;Com Vítimas Fatais;Pleno dia;Crescente;Nublado;Simples;Curva;-14.136.708;-39.358.192
04/06/2024;18:37:00;RIO DE JANEIRO;Frear bruscamente;Colisão traseira;Com Vítimas Feridas;Plena Noite;Decrescente;Ignorado;Dupla;Reta;-2.286.665.409;-4.358.896.989
04/06/2024;15:30:00;GENERAL CARNEIRO;Falta de acostamento;Tombamento;Com Vítimas Feridas;Pleno dia;Crescente;Céu Claro;Simples;Reta;-1.556.945.795;-5.299.613.601
04/06/2024;19:15:00;PEIXE-BOI;Deficiência do Sistema de Iluminação/Sinalização;Colisão lateral mesmo sentido;Sem Vítimas;Plena Noite;Decrescente;Céu Claro;Simples;Reta;-12.810.931;-4.731.624.298
04/06/2024;18:40:00;MONSENHOR GIL;Ultrapassagem Indevida;Colisão lateral sentido oposto;Com Vítimas Feridas;Plena Noite;Decrescente;Céu Claro;Simples;"Reta;Declive";-568.287.491;-4.259.874.443
04/06/2024;23:55:00;BRUMADINHO;Velocidade Incompatível;Saída de leito carroçável;Com Vítimas Feridas;Plena Noite;Crescente;Céu Claro;Dupla;"Curva;Declive";-2.016.710.798;-4.433.422.398
05/06/2024;04:30:00;PANTANO GRANDE;Animais na Pista;Tombamento;Com Vítimas Feridas;Plena Noite;Decrescente;Nublado;Simples;"Rotatória;Interseção de Vias";-3.016.547.788;-5.237.420.261
05/06/2024;05:45:00;SAPUCAIA;Velocidade Incompatível;Tombamento;Com Vítimas Feridas;Amanhecer;Decrescente;Sol;Simples;Curva;-220.176.231;-4.296.036.243
05/06/2024;10:50:00;LAGOA VERMELHA;Ultrapassagem Indevida;Saída de leito carroçável;Com Vítimas Feridas;Pleno dia;Crescente;Céu Claro;Simples;"Declive;Reta";-2.795.405;-51.459.437
05/06/2024;12:00:00;TERRA NOVA DO NORTE;Ultrapassagem Indevida;Colisão lateral mesmo sentido;Com Vítimas Feridas;Pleno dia;Crescente;Céu Claro;Simples;Reta;-1.054.489.476;-5.508.538.853
28/04/2024;04:15:00;SANTA LUZIA DO PARA;Ultrapassagem Indevida;Colisão frontal;Com Vítimas Fatais;Plena Noite;Crescente;Garoa/Chuvisco;Simples;"Aclive;Reta";-140.583.911;-4.700.639.613
05/06/2024;13:50:00;PORTO VELHO;Demais falhas na via;Saída de leito carroçável;Sem Vítimas;Pleno dia;Decrescente;Sol;Dupla;"Viaduto;Aclive";-877.331.583;-6.387.969.248
05/06/2024;15:30:00;LEOPOLDINA;Velocidade Incompatível;Tombamento;Com Vítimas Feridas;Pleno dia;Crescente;Céu Claro;Simples;"Declive;Curva";-2.159.023.796;-4.268.715.187
05/06/2024;18:45:00;NOVA ERA;Ultrapassagem Indevida;Saída de leito carroçável;Com Vítimas Feridas;Plena Noite;Crescente;Céu Claro;Simples;"Reta;Ponte";-1.978.715.144;-4.305.117.784
30/05/2024;11:00:00;JATAI;Velocidade Incompatível;Saída de leito carroçável;Sem Vítimas;Pleno dia;Decrescente;Céu Claro;Simples;Rotatória;-17.843.911;-51.741.625
06/06/2024;00:35:00;QUEIMADOS;Velocidade Incompatível;Colisão traseira;Com Vítimas Feridas;Plena Noite;Decrescente;Ignorado;Dupla;Reta;-2.272.952.183;-4.357.481.597
06/06/2024;07:40:00;CANOAS;Velocidade Incompatível;Queda de ocupante de veículo;Com Vítimas Feridas;Pleno dia;Crescente;Céu Claro;Dupla;Reta;-2.995.942.501;-5.117.608.515
06/06/2024;10:22:00;VILHENA;Desrespeitar a preferência no cruzamento;Colisão transversal;Com Vítimas Feridas;Pleno dia;Crescente;Céu Claro;Simples;Interseção de Vias;-1.273.672.751;-6.014.804.088
06/06/2024;13:39:00;CASCAVEL;Desrespeitar a preferência no cruzamento;Colisão transversal;Com Vítimas Feridas;Pleno dia;Decrescente;Céu Claro;Simples;"Reta;Interseção de Vias";-2.496.667.511;-5.342.418.551
06/06/2024;16:20:00;PEROLA DOESTE;Acesso irregular;Colisão transversal;Com Vítimas Feridas;Pleno dia;Decrescente;Céu Claro;Simples;Reta;-2.587.341.795;-537.451.074
23/04/2024;20:25:00;ANTONINA;Velocidade Incompatível;Tombamento;Com Vítimas Feridas;Plena Noite;Decrescente;Céu Claro;Dupla;"Curva;Declive";-2.511.112.056;-4.875.279.665
06/06/2024;17:10:00;TOLEDO;Frear bruscamente;Colisão traseira;Com Vítimas Feridas;Pleno dia;Crescente;Céu Claro;Dupla;Curva;-24.717.822;-53.711.597
07/06/2024;01:25:00;SAO MAMEDE;Velocidade Incompatível;Colisão traseira;Com Vítimas Feridas;Plena Noite;Crescente;Céu Claro;Simples;"Reta;Declive";-6.938.223;-37.096.747
07/06/2024;00:10:00;INDAIAL;Velocidade Incompatível;Saída de leito carroçável;Com Vítimas Feridas;Plena Noite;Decrescente;Ignorado;Simples;"Curva;Declive";-268.743.538;-4.918.875.217
26/05/2024;00:15:00;PAULO FRONTIN;Manobra de mudança de faixa;Colisão lateral sentido oposto;Sem Vítimas;Plena Noite;Crescente;Garoa/Chuvisco;Simples;Declive;-26.066.572;-50.729.763
07/06/2024;03:00:00;POUSO ALTO;Velocidade Incompatível;Tombamento;Com Vítimas Feridas;Plena Noite;Decrescente;Céu Claro;Simples;Curva;-221.055.941;-4.495.688.947
06/06/2024;19:10:00;PAULO FRONTIN;Ultrapassagem Indevida;Colisão frontal;Com Vítimas Feridas;Plena Noite;Decrescente;Céu Claro;Simples;Reta;-2.607.165;-50.737.957
07/06/2024;06:50:00;SANTA LUZIA DO ITANHY;Acumulo de água sobre o pavimento;Colisão frontal;Com Vítimas Feridas;Pleno dia;Decrescente;Chuva;Simples;Declive;-1.132.878.328;-3.756.697.367
07/06/2024;07:37:00;FEIRA DE SANTANA;Manobra de mudança de faixa;Colisão lateral mesmo sentido;Com Vítimas Feridas;Pleno dia;Crescente;Céu Claro;Dupla;Reta;-1.224.420.407;-3.898.563.987
07/06/2024;08:30:00;SENADOR JOSE BENTO;Velocidade Incompatível;Tombamento;Com Vítimas Feridas;Pleno dia;Crescente;Céu Claro;Simples;"Curva;Declive";-221.315.495;-461.741.677
07/06/2024;08:45:00;TERRA NOVA;Manobra de mudança de faixa;Saída de leito carroçável;Com Vítimas Feridas;Pleno dia;Decrescente;Céu Claro;Dupla;Reta;-1.245.504.393;-3.870.402.395
07/06/2024;10:30:00;CRISTALINA;Conversão proibida;Colisão traseira;Com Vítimas Feridas;Pleno dia;Decrescente;Céu Claro;Simples;Reta;-1.610.610.344;-4.749.477.642
07/06/2024;10:30:00;MUITOS CAPOES;Ultrapassagem Indevida;Colisão traseira;Com Vítimas Feridas;Pleno dia;Decrescente;Céu Claro;Simples;Reta;-28.370.888;-51.093.613
07/06/2024;06:30:00;MANOEL URBANO;Manobra de mudança de faixa;Colisão frontal;Com Vítimas Feridas;Amanhecer;Crescente;Nevoeiro/Neblina;Simples;Reta;-888.582.723;-6.928.008.012
07/06/2024;07:00:00;VILHENA;Ultrapassagem Indevida;Engavetamento;Sem Vítimas;Pleno dia;Decrescente;Céu Claro;Simples;Reta;-1.251.847.763;-6.041.759.091
07/06/2024;11:55:00;TERESINA;Desrespeitar a preferência no cruzamento;Colisão transversal;Com Vítimas Feridas;Pleno dia;Crescente;Céu Claro;Dupla;"Viaduto;Rotatória";-5.190.726;-42.761.345
07/06/2024;11:15:00;LAMARAO;Manobra de mudança de faixa;Saída de leito carroçável;Com Vítimas Feridas;Pleno dia;Decrescente;Céu Claro;Simples;Reta;-11.770.267;-38.985.825
07/06/2024;09:40:00;APARECIDA DO RIO DOCE;Velocidade Incompatível;Tombamento;Com Vítimas Feridas;Pleno dia;Decrescente;Céu Claro;Simples;Curva;-1.816.310.129;-5.143.086.433
07/06/2024;14:35:00;FRUTAL;Acesso irregular;Colisão transversal;Com Vítimas Feridas;Pleno dia;Crescente;Céu Claro;Simples;Reta;-20.014.926;-489.162
07/06/2024;14:00:00;VITORIA DA CONQUISTA;Ultrapassagem Indevida;Colisão frontal;Com Vítimas Feridas;Pleno dia;Crescente;Céu Claro;Simples;Reta;-1.489.546.848;-4.082.323.194
07/06/2024;14:50:00;SAO CRISTOVAO;Acumulo de água sobre o pavimento;Saída de leito carroçável;Sem Vítimas;Pleno dia;Decrescente;Chuva;Dupla;Reta;-1.094.880.037;-3.721.099.182
07/06/2024;14:13:00;MAGE;Demais Fenômenos da natureza;Colisão traseira;Com Vítimas Feridas;Pleno dia;Crescente;Céu Claro;Dupla;Reta;-2.261.573.088;-4.303.749.507
07/06/2024;11:45:00;MARTINS SOARES;Velocidade Incompatível;Capotamento;Com Vítimas Feridas;Pleno dia;Decrescente;Céu Claro;Simples;Curva;-2.025.054.582;-4.183.493.898
07/06/2024;18:50:00;CAXIAS DO SUL;Manobra de mudança de faixa;Colisão lateral mesmo sentido;Com Vítimas Feridas;Anoitecer;Decrescente;Céu Claro;Simples;"Declive;Curva";-291.879.477;-5.117.968.082
07/06/2024;19:00:00;RECIFE;Manobra de mudança de faixa;Colisão lateral mesmo sentido;Com Vítimas Feridas;Plena Noite;Decrescente;Chuva;Dupla;Reta;-8.126.982;-3.494.386
07/06/2024;21:30:00;RESENDE;Manobra de mudança de faixa;Colisão lateral mesmo sentido;Com Vítimas Feridas;Plena Noite;Decrescente;Céu Claro;Dupla;Reta;-2.245.713.262;-4.441.063.703
07/06/2024;22:06:00;BRASILIA;Ultrapassagem Indevida;Colisão frontal;Com Vítimas Fatais;Plena Noite;Decrescente;Céu Claro;Simples;Reta;-157.095;-48.199.628
07/06/2024;19:00:00;GUARANIACU;Deficiência do Sistema de Iluminação/Sinalização;Colisão traseira;Com Vítimas Feridas;Plena Noite;Crescente;Céu Claro;Simples;Reta;-2.511.018.112;-5.285.167.802
07/06/2024;18:30:00;SERITINGA;Velocidade Incompatível;Colisão frontal;Com Vítimas Fatais;Plena Noite;Crescente;Céu Claro;Simples;Reta;-2.193.968.682;-4.449.100.577
08/06/2024;07:40:00;PELOTAS;Velocidade Incompatível;Tombamento;Com Vítimas Feridas;Pleno dia;Crescente;Nevoeiro/Neblina;Simples;Viaduto;-3.174.307.729;-5.239.966.642
08/06/2024;08:50:00;LINDOESTE;Demais falhas na via;Tombamento;Com Vítimas Feridas;Pleno dia;Crescente;Sol;Dupla;"Curva;Aclive";-2.533.653.711;-535.887.282
08/06/2024;08:15:00;CANDEIAS;Velocidade Incompatível;Tombamento;Sem Vítimas;Pleno dia;Crescente;Céu Claro;Dupla;Reta;-1.258.896.655;-3.852.358.272
08/06/2024;06:10:00;SANTA RITA DE MINAS;Velocidade Incompatível;Tombamento;Com Vítimas Fatais;Pleno dia;Decrescente;Céu Claro;Simples;Curva;-1.988.846.312;-4.213.788.986
08/06/2024;06:20:00;ENCRUZILHADA;Velocidade Incompatível;Tombamento;Com Vítimas Feridas;Pleno dia;Crescente;Céu Claro;Simples;Curva;-15.588.113;-41.280.912
27/05/2024;13:10:00;CACERES;Acesso irregular;Colisão transversal;Com Vítimas Feridas;Pleno dia;Decrescente;Sol;Simples;Reta;-1.624.559.649;-5.753.816.911
08/06/2024;10:25:00;PONTA GROSSA;Manobra de mudança de faixa;Colisão lateral mesmo sentido;Com Vítimas Feridas;Pleno dia;Crescente;Sol;Dupla;Reta;-250.805.653;-5.020.175.905
08/06/2024;10:54:00;JI-PARANA;Ultrapassagem Indevida;Colisão frontal;Com Vítimas Fatais;Pleno dia;Decrescente;Céu Claro;Simples;Reta;-10.934.878;-6.192.951.078
08/06/2024;10:40:00;PARANAIBA;Manobra de mudança de faixa;Colisão lateral mesmo sentido;Com Vítimas Feridas;Pleno dia;Crescente;Sol;Simples;Reta;-1.938.373.911;-5.143.499.208
08/06/2024;16:25:00;CAMPOS NOVOS;Condutor usando celular;Colisão lateral sentido oposto;Sem Vítimas;Pleno dia;Decrescente;Céu Claro;Simples;Reta;-27.390.564;-51.125.843
08/06/2024;18:40:00;ITAJAI;Manobra de mudança de faixa;Colisão lateral mesmo sentido;Com Vítimas Feridas;Plena Noite;Decrescente;Céu Claro;Dupla;Reta;-2.694.335.064;-4.869.198.648
08/06/2024;14:00:00;ITAPEVA;Velocidade Incompatível;Tombamento;Sem Vítimas;Pleno dia;Crescente;Céu Claro;Dupla;Curva;-2.277.108.975;-4.619.946.952
08/06/2024;20:20:00;AGUA SANTA;Manobra de mudança de faixa;Colisão lateral mesmo sentido;Com Vítimas Feridas;Plena Noite;Crescente;Céu Claro;Simples;Reta;-28.292.898;-52.000.069
09/06/2024;03:00:00;ARAQUARI;Iluminação deficiente;Colisão transversal;Com Vítimas Feridas;Plena Noite;Crescente;Nublado;Simples;Reta;-2.637.043.169;-4.869.219.602
09/06/2024;04:10:00;LINHARES;Desrespeitar a preferência no cruzamento;Colisão transversal;Com Vítimas Feridas;Plena Noite;Decrescente;Céu Claro;Simples;Interseção de Vias;-1.937.887.202;-4.006.657.892
09/06/2024;07:10:00;AGUIARNOPOLIS;Ultrapassagem Indevida;Colisão lateral sentido oposto;Com Vítimas Fatais;Pleno dia;Decrescente;Céu Claro;Simples;"Reta;Declive";-6.570.574;-47.501.114
05/05/2024;10:40:00;MAGE;Velocidade Incompatível;Tombamento;Com Vítimas Feridas;Pleno dia;Crescente;Céu Claro;Dupla;"Curva;Declive;Viaduto";-2.266.137.035;-4.309.295.957
09/06/2024;10:55:00;SAO SEBASTIAO DA BELA VISTA;Manobra de mudança de faixa;Colisão lateral mesmo sentido;Com Vítimas Feridas;Pleno dia;Decrescente;Céu Claro;Dupla;Curva;-2.217.094.703;-4.583.750.295
09/06/2024;13:30:00;FRUTAL;Acesso irregular;Colisão transversal;Com Vítimas Feridas;Pleno dia;Decrescente;Céu Claro;Simples;"Reta;Interseção de Vias";-20.093.695;-48.748.842
09/06/2024;11:35:00;OLIVEIRA;Velocidade Incompatível;Saída de leito carroçável;Com Vítimas Feridas;Pleno dia;Decrescente;Céu Claro;Dupla;"Curva;Declive";-2.079.478.236;-4.478.958.208
09/06/2024;15:45:00;PIRACANJUBA;Velocidade Incompatível;Derramamento de carga;Sem Vítimas;Pleno dia;Crescente;Céu Claro;Dupla;Curva;-171.147;-492.132
09/06/2024;17:20:00;RAFAEL JAMBEIRO;Falta de elemento de contenção que evite a saída do leito carroçável;Saída de leito carroçável;Com Vítimas Feridas;Anoitecer;Crescente;Chuva;Dupla;"Aclive;Reta";-125.209.134;-393.926.248
09/06/2024;09:30:00;BRUNOPOLIS;Velocidade Incompatível;Tombamento;Com Vítimas Fatais;Pleno dia;Crescente;Céu Claro;Simples;"Curva;Aclive";-273.336.866;-508.858.868