data_inversa;horario;municipio;causa_acidente;tipo_acidente;classificacao_acidente;fase_dia;sentido_via;condicao_metereologica;tipo_pista;tracado_via;latitude;longitude
09/06/2024;19:35:00;CAJATI;Velocidade Incompatível;Saída de leito carroçável;Com Vítimas Feridas;Plena Noite;Decrescente;Céu Claro;Simples;Reta;-2.487.423.036;-482.190.838
09/06/2024;21:20:00;COCALZINHO DE GOIAS;Velocidade Incompatível;Tombamento;Com Vítimas Fatais;Plena Noite;Crescente;Céu Claro;Simples;Curva;-1.567.064.324;-4.869.998.932
09/06/2024;20:00:00;CHAPECO;Velocidade Incompatível;Tombamento;Com Vítimas Feridas;Pleno dia;Crescente;Céu Claro;Simples;Curva;-2.699.134.246;-5.268.614.704
10/06/2024;07:15:00;MAUA DA SERRA;Velocidade Incompatível;Tombamento;Com Vítimas Feridas;Pleno dia;Crescente;Céu Claro;Dupla;"Curva;Declive";-2.393.783.962;-5.114.217.281
10/06/2024;08:50:00;SATUBA;Chuva;Colisão frontal;Com Vítimas Feridas;Pleno dia;Decrescente;Chuva;Simples;Curva;-958.847.626;-358.696.781
10/06/2024;08:50:00;CHAPECO;Desrespeitar a preferência no cruzamento;Colisão transversal;Com Vítimas Feridas;Pleno dia;Decrescente;Céu Claro;Dupla;"Aclive;Interseção de Vias";-2.699.973.884;-5.264.651.656
04/06/2024;14:45:00;PARNAMIRIM;Manobra de mudança de faixa;Colisão lateral mesmo sentido;Sem Vítimas;Pleno dia;Decrescente;Céu Claro;Múltipla;Reta;-596.429;-35.264.877
10/06/2024;11:00:00;CLAUDIA;Velocidade Incompatível;Colisão com objeto;Com Vítimas Feridas;Pleno dia;Crescente;Céu Claro;Simples;"Declive;Reta";-11.286.561;-553.177
06/06/2024;17:30:00;PATROCINIO;Ultrapassagem Indevida;Saída de leito carroçável;Com Vítimas Feridas;Anoitecer;Crescente;Céu Claro;Simples;Reta;-1.891.052.317;-4.718.665.587
10/06/2024;16:25:00;XAXIM;Frear bruscamente;Engavetamento;Sem Vítimas;Pleno dia;Decrescente;Céu Claro;Simples;Rotatória;-26.930.862;-52.499.157
10/06/2024;18:40:00;GUAPO;Velocidade Incompatível;Colisão traseira;Com Vítimas Feridas;Plena Noite;Decrescente;Céu Claro;Dupla;"Aclive;Reta";-169.324;-496.679
10/06/2024;19:39:00;COCALZINHO DE GOIAS;Manobra de mudança de faixa;Tombamento;Sem Vítimas;Plena Noite;Decrescente;Céu Claro;Simples;"Aclive;Reta";-1.574.049.683;-4.857.730.866
10/06/2024;21:30:00;CAMBARA;Condutor usando celular;Saída de leito carroçável;Com Vítimas Feridas;Plena Noite;Decrescente;Céu Claro;Simples;Reta;-2.302.932.265;-5.004.678.547
11/06/2024;03:30:00;NOVA VICOSA;Ultrapassagem Indevida;Colisão frontal;Com Vítimas Feridas;Plena Noite;Crescente;Céu Claro;Simples;Reta;-1.795.479.574;-3.986.189.067
11/06/2024;06:10:00;PIRIPIRI;Desrespeitar a preferência no cruzamento;Colisão transversal;Com Vítimas Feridas;Amanhecer;Decrescente;Céu Claro;Simples;Rotatória;-4.272.144;-41.761.505
11/06/2024;07:15:00;SERRA;Manobra de mudança de faixa;Colisão lateral mesmo sentido;Com Vítimas Feridas;Pleno dia;Crescente;Céu Claro;Dupla;Reta;-20.129.093;-40.308.125
11/06/2024;08:40:00;ESTANCIA;Manobra de mudança de faixa;Colisão lateral mesmo sentido;Com Vítimas Feridas;Pleno dia;Crescente;Céu Claro;Dupla;Curva;-1.122.094.463;-3.741.933.749
11/06/2024;08:10:00;VALPARAISO DE GOIAS;Manobra de mudança de faixa;Colisão lateral mesmo sentido;Com Vítimas Feridas;Pleno dia;Crescente;Sol;Dupla;Reta;-16.067.129;-47.984.235
11/06/2024;08:10:00;RECIFE;Manobra de mudança de faixa;Colisão transversal;Com Vítimas Feridas;Pleno dia;Decrescente;Nublado;Dupla;Reta;-813.661;-34.947.281
20/04/2024;11:05:00;XAXIM;Ultrapassagem Indevida;Colisão lateral mesmo sentido;Com Vítimas Fatais;Pleno dia;Crescente;Sol;Simples;Reta;-269.238;-5.249.686
11/06/2024;04:50:00;NOVA SERRANA;Fumaça;Colisão traseira;Com Vítimas Feridas;Amanhecer;Crescente;Nevoeiro/Neblina;Dupla;Reta;-1.989.197.285;-4.488.685.183
11/06/2024;11:00:00;BOCAIUVA DO SUL;Velocidade Incompatível;Colisão lateral sentido oposto;Com Vítimas Feridas;Pleno dia;Crescente;Céu Claro;Simples;Curva;-25.197.294;-49.110.645
11/06/2024;11:30:00;LAPA;Ultrapassagem Indevida;Colisão frontal;Com Vítimas Feridas;Pleno dia;Crescente;Céu Claro;Simples;"Reta;Declive";-25.780.834;-49.866.035
11/06/2024;10:25:00;NOVA MAMORE;Manobra de mudança de faixa;Colisão frontal;Com Vítimas Feridas;Pleno dia;Decrescente;Céu Claro;Simples;Reta;-10.273.323;-65.293.633
11/06/2024;16:00:00;CONSELHEIRO LAFAIETE;Manobra de mudança de faixa;Colisão lateral mesmo sentido;Com Vítimas Feridas;Pleno dia;Crescente;Céu Claro;Simples;Reta;-207.004.574;-4.379.300.963
11/06/2024;14:00:00;GENERAL CARNEIRO;Acostamento em desnível;Tombamento;Sem Vítimas;Pleno dia;Crescente;Céu Claro;Simples;Reta;-1.558.797.578;-5.317.073.277
24/05/2024;21:00:00;NOVA LACERDA;Ultrapassagem Indevida;Colisão frontal;Com Vítimas Fatais;Plena Noite;Decrescente;Céu Claro;Simples;Curva;-1.441.005.412;-5.961.228.621
11/06/2024;17:15:00;CURITIBA;Manobra de mudança de faixa;Colisão lateral mesmo sentido;Sem Vítimas;Anoitecer;Decrescente;Céu Claro;Dupla;Reta;-2.557.140.489;-4.920.748.999
11/06/2024;18:40:00;CARIACICA;Manobra de mudança de faixa;Colisão lateral mesmo sentido;Com Vítimas Feridas;Plena Noite;Crescente;Céu Claro;Dupla;"Curva;Declive";-2.032.415.948;-403.952.903
11/06/2024;19:00:00;ABADIANIA;Ultrapassagem Indevida;Colisão lateral mesmo sentido;Com Vítimas Fatais;Plena Noite;Crescente;Céu Claro;Simples;Reta;-16.123.541;-4.889.446.496
11/06/2024;19:15:00;PONTE SERRADA;Velocidade Incompatível;Saída de leito carroçável;Com Vítimas Feridas;Plena Noite;Crescente;Céu Claro;Simples;Reta;-26.863.695;-52.024.818
11/06/2024;18:45:00;EUNAPOLIS;Velocidade Incompatível;Saída de leito carroçável;Com Vítimas Fatais;Plena Noite;Decrescente;Céu Claro;Simples;"Curva;Declive";-1.617.032.951;-3.959.489.822
12/06/2024;00:10:00;BRASILIA;Velocidade Incompatível;Saída de leito carroçável;Com Vítimas Feridas;Plena Noite;Decrescente;Céu Claro;Dupla;"Reta;Aclive";-15.897.939;-48.113.056
11/06/2024;18:30:00;CARDOSO MOREIRA;Estacionar ou parar em local proibido;Colisão traseira;Com Vítimas Fatais;Plena Noite;Crescente;Céu Claro;Simples;"Reta;Aclive";-2.155.895.006;-4.145.319.306
12/06/2024;01:40:00;LUIS CORREIA;Velocidade Incompatível;Tombamento;Com Vítimas Feridas;Plena Noite;Crescente;Nublado;Simples;Curva;-300.095.249;-4.170.367.956
12/06/2024;03:00:00;QUATRO BARRAS;Neblina;Colisão traseira;Com Vítimas Fatais;Plena Noite;Decrescente;Nevoeiro/Neblina;Dupla;Reta;-2.533.112.288;-4.903.156.015
12/06/2024;04:50:00;CAMPO GRANDE;Animais na Pista;Tombamento;Com Vítimas Feridas;Amanhecer;Crescente;Céu Claro;Dupla;Reta;-2.056.994.516;-5.464.056.096
12/06/2024;06:00:00;UBERLANDIA;Animais na Pista;Atropelamento de Animal;Com Vítimas Feridas;Amanhecer;Crescente;Vento;Dupla;Reta;-189.113;-482.622
12/06/2024;08:00:00;SAO LEOPOLDO;Acostamento em desnível;Queda de ocupante de veículo;Com Vítimas Feridas;Pleno dia;Decrescente;Céu Claro;Múltipla;"Reta;Em Obras";-2.972.297.087;-5.114.858.729
12/06/2024;09:06:00;VIANA;Acesso irregular;Atropelamento de Pedestre;Com Vítimas Feridas;Pleno dia;Crescente;Céu Claro;Simples;Reta;-2.034.529.844;-4.041.026.774
12/06/2024;07:30:00;ERECHIM;Velocidade Incompatível;Atropelamento de Pedestre;Com Vítimas Fatais;Pleno dia;Decrescente;Céu Claro;Simples;Reta;-2.765.081.236;-5.225.703.835
12/06/2024;06:30:00;CRISTALINA;Ultrapassagem Indevida;Colisão lateral mesmo sentido;Sem Vítimas;Amanhecer;Crescente;Céu Claro;Simples;Reta;-16.953.749;-47.279.249
12/06/2024;10:25:00;SAO MIGUEL DE TAIPU;Condutor usando celular;Colisão traseira;Com Vítimas Fatais;Pleno dia;Decrescente;Céu Claro;Dupla;"Aclive;Reta";-71.989;-351.649
12/06/2024;11:25:00;LAJE;Acesso irregular;Atropelamento de Pedestre;Com Vítimas Fatais;Pleno dia;Crescente;Chuva;Simples;"Reta;Aclive";-13.190.209;-39.325.345
12/06/2024;11:30:00;ARACRUZ;Curva acentuada;Tombamento;Sem Vítimas;Pleno dia;Crescente;Céu Claro;Simples;"Curva;Declive";-1.964.708.421;-4.023.286.555
12/06/2024;13:40:00;DUQUE DE CAXIAS;Manobra de mudança de faixa;Colisão lateral mesmo sentido;Com Vítimas Feridas;Pleno dia;Crescente;Céu Claro;Múltipla;Reta;-2.270.948.502;-4.329.040.354
12/06/2024;09:00:00;EUCLIDES DA CUNHA;Chuva;Tombamento;Sem Vítimas;Pleno dia;Crescente;Chuva;Simples;Reta;-1.041.092.477;-3.904.318.151
12/06/2024;16:25:00;POCOS DE CALDAS;Velocidade Incompatível;Tombamento;Com Vítimas Feridas;Pleno dia;Decrescente;Céu Claro;Simples;"Declive;Curva";-21.775.564;-46.432.232
12/06/2024;18:50:00;INDAIAL;Ultrapassagem Indevida;Colisão transversal;Com Vítimas Feridas;Plena Noite;Crescente;Céu Claro;Múltipla;"Aclive;Reta";-2.688.575.124;-4.925.012.112
12/06/2024;16:00:00;BETIM;Velocidade Incompatível;Colisão lateral mesmo sentido;Com Vítimas Feridas;Pleno dia;Crescente;Sol;Múltipla;Interseção de Vias;-199.871.021;-4.420.001.507
12/06/2024;19:50:00;QUITANDINHA;Conversão proibida;Colisão transversal;Com Vítimas Feridas;Plena Noite;Decrescente;Céu Claro;Simples;"Reta;Declive";-25.864.829;-4.942.392
12/06/2024;19:10:00;PIMENTA BUENO;Acostamento em desnível;Tombamento;Com Vítimas Feridas;Plena Noite;Decrescente;Céu Claro;Simples;Reta;-1.216.555.399;-6.071.298.494
12/06/2024;21:20:00;ACAUA;Manobra de mudança de faixa;Colisão frontal;Com Vítimas Fatais;Plena Noite;Decrescente;Céu Claro;Simples;Reta;-837.852.386;-4.108.460.939
13/06/2024;05:45:00;COXIM;Manobra de mudança de faixa;Colisão lateral sentido oposto;Sem Vítimas;Amanhecer;Decrescente;Céu Claro;Simples;Reta;-183.654;-546.649.078
11/06/2024;05:30:00;NOVA SERRANA;Fumaça;Colisão traseira;Com Vítimas Feridas;Amanhecer;Decrescente;Nevoeiro/Neblina;Dupla;Reta;-1.989.197.285;-4.488.685.183
13/06/2024;08:30:00;SORRISO;Ultrapassagem Indevida;Colisão traseira;Sem Vítimas;Pleno dia;Decrescente;Céu Claro;Simples;"Declive;Reta";-1.268.732.532;-5.580.115.378
28/05/2024;08:30:00;PIMENTA BUENO;Manobra de mudança de faixa;Colisão lateral mesmo sentido;Com Vítimas Feridas;Pleno dia;Crescente;Sol;Simples;Reta;-1.185.470.219;-6.101.183.924
13/06/2024;10:40:00;ANASTACIO;Frear bruscamente;Colisão com objeto;Sem Vítimas;Pleno dia;Decrescente;Céu Claro;Simples;"Reta;Ponte";-2.053.327.076;-5.557.653.879
13/06/2024;12:45:00;ITABORAI;Manobra de mudança de faixa;Colisão lateral mesmo sentido;Sem Vítimas;Pleno dia;Decrescente;Sol;Dupla;Reta;-227.584.434;-4.289.502.344
13/06/2024;15:00:00;SERTANIA;Velocidade Incompatível;Tombamento;Sem Vítimas;Pleno dia;Crescente;Céu Claro;Simples;"Curva;Aclive";-839.825.268;-3.735.480.309
13/06/2024;17:20:00;SAO JOSE;Manobra de mudança de faixa;Colisão lateral mesmo sentido;Com Vítimas Feridas;Anoitecer;Crescente;Céu Claro;Múltipla;Reta;-2.757.413.014;-4.861.363.083
13/06/2024;15:15:00;MORRINHOS;Velocidade Incompatível;Colisão transversal;Com Vítimas Feridas;Pleno dia;Crescente;Céu Claro;Dupla;Reta;-179.234;-492.421
13/06/2024;16:00:00;CAUCAIA;Ultrapassagem Indevida;Colisão frontal;Com Vítimas Feridas;Pleno dia;Crescente;Céu Claro;Simples;"Reta;Em Obras";-3.703.152;-38.855.202
13/06/2024;17:00:00;MANDAGUARI;Demais falhas na via;Colisão lateral mesmo sentido;Sem Vítimas;Pleno dia;Decrescente;Céu Claro;Dupla;"Reta;Aclive";-23.525.274;-5.171.882.629
13/06/2024;18:00:00;BRASILIA;Manobra de mudança de faixa;Colisão traseira;Com Vítimas Feridas;Anoitecer;Decrescente;Céu Claro;Dupla;"Retorno Regulamentado;Curva;Aclive";-15.580.584;-47.458.492
13/06/2024;16:35:00;ALTO PARAISO;Manobra de mudança de faixa;Colisão lateral sentido oposto;Com Vítimas Feridas;Pleno dia;Decrescente;Céu Claro;Dupla;Reta;-965.163.208;-6.307.643.886
11/06/2024;05:30:00;NOVA SERRANA;Fumaça;Engavetamento;Com Vítimas Feridas;Amanhecer;Crescente;Nevoeiro/Neblina;Dupla;Reta;-1.989.197.285;-4.488.685.183
05/06/2024;10:40:00;NOVA LARANJEIRAS;Manobra de mudança de faixa;Colisão frontal;Com Vítimas Feridas;Pleno dia;Decrescente;Céu Claro;Simples;Curva;-2.525.915.206;-52.628.614
16/05/2024;14:40:00;ITATIAIUCU;Velocidade Incompatível;Colisão traseira;Com Vítimas Feridas;Pleno dia;Decrescente;Céu Claro;Dupla;Reta;-2.025.686.585;-444.185.141
14/06/2024;00:20:00;MARQUES DE SOUZA;Ultrapassagem Indevida;Colisão frontal;Com Vítimas Fatais;Plena Noite;Crescente;Céu Claro;Simples;"Curva;Declive";-29.313.985;-52.104.434
13/06/2024;20:50:00;AGUA DOCE;Velocidade Incompatível;Colisão com objeto;Com Vítimas Feridas;Plena Noite;Decrescente;Céu Claro;Simples;"Reta;Ponte";-26.678.205;-51.554.218
14/06/2024;07:50:00;SAO LEOPOLDO;Acostamento em desnível;Tombamento;Com Vítimas Fatais;Pleno dia;Decrescente;Céu Claro;Dupla;"Interseção de Vias;Em Obras;Reta";-2.972.297.087;-5.114.858.729
14/06/2024;06:03:00;CAMPINA GRANDE;Conversão proibida;Colisão traseira;Sem Vítimas;Pleno dia;Decrescente;Céu Claro;Simples;Reta;-728.120.589;-3.588.915.693
14/06/2024;09:15:00;BALNEARIO CAMBORIU;Manobra de mudança de faixa;Colisão lateral mesmo sentido;Com Vítimas Feridas;Pleno dia;Decrescente;Céu Claro;Dupla;Reta;-2.698.407.618;-4.866.977.107
14/06/2024;11:40:00;SAO JOSE DOS PINHAIS;Manobra de mudança de faixa;Colisão traseira;Com Vítimas Feridas;Pleno dia;Decrescente;Céu Claro;Múltipla;"Reta;Declive";-2.573.890.105;-4.913.059.434
14/06/2024;15:40:00;PERDOES;Manobra de mudança de faixa;Colisão traseira;Com Vítimas Feridas;Pleno dia;Crescente;Céu Claro;Dupla;"Retorno Regulamentado;Declive;Curva";-210.939.261;-4.507.727.193
14/01/2024;16:00:00;CAETANOPOLIS;Chuva;Colisão com objeto;Sem Vítimas;Pleno dia;Decrescente;Chuva;Dupla;"Curva;Declive";-1.935.805.678;-4.434.637.785
14/06/2024;16:20:00;SEABRA;Manobra de mudança de faixa;Colisão frontal;Com Vítimas Feridas;Pleno dia;Crescente;Céu Claro;Simples;Reta;-1.242.107.802;-4.183.842.802
14/06/2024;18:12:00;IRAUCUBA;Pista esburacada;Saída de leito carroçável;Com Vítimas Feridas;Plena Noite;Crescente;Garoa/Chuvisco;Simples;Reta;-374.922.845;-3.970.828.968
14/06/2024;20:42:00;JARAGUA;Desrespeitar a preferência no cruzamento;Colisão transversal;Com Vítimas Feridas;Plena Noite;Decrescente;Céu Claro;Dupla;"Reta;Interseção de Vias";-15.725.415;-49.327.385
14/06/2024;18:00:00;NOVA SERRANA;Acesso irregular;Atropelamento de Pedestre;Com Vítimas Feridas;Plena Noite;Crescente;Céu Claro;Simples;Reta;-1.987.341.662;-4.496.007.194
14/06/2024;20:35:00;ITAPEMIRIM;Velocidade Incompatível;Tombamento;Com Vítimas Feridas;Plena Noite;Crescente;Céu Claro;Simples;Curva;-2.088.992.827;-4.103.814.125
14/06/2024;20:30:00;SEABRA;Ultrapassagem Indevida;Colisão traseira;Com Vítimas Feridas;Plena Noite;Crescente;Céu Claro;Simples;Reta;-1.247.696.407;-4.174.012.319
14/06/2024;21:50:00;MURIAE;Velocidade Incompatível;Tombamento;Com Vítimas Feridas;Plena Noite;Crescente;Céu Claro;Simples;"Curva;Declive";-2.113.877.737;-4.230.683.684
14/06/2024;15:20:00;CACERES;Ultrapassagem Indevida;Colisão frontal;Com Vítimas Fatais;Pleno dia;Decrescente;Céu Claro;Simples;Reta;-1.620.833.594;-5.757.476.078
14/06/2024;17:00:00;NAQUE;Ultrapassagem Indevida;Colisão frontal;Com Vítimas Feridas;Pleno dia;Crescente;Céu Claro;Simples;Reta;-192.194.934;-4.230.962.818
15/06/2024;01:05:00;SERRA;Desrespeitar a preferência no cruzamento;Colisão transversal;Com Vítimas Feridas;Plena Noite;Decrescente;Nublado;Múltipla;"Interseção de Vias;Reta";-2.021.740.496;-4.026.990.578
29/05/2024;07:30:00;PERIQUITO;Ausência de sinalização;Engavetamento;Com Vítimas Feridas;Pleno dia;Crescente;Céu Claro;Simples;"Em Obras;Curva";-1.906.693.456;-4.216.495.514
15/06/2024;06:00:00;DIAMANTINO;Ultrapassagem Indevida;Saída de leito carroçável;Com Vítimas Feridas;Amanhecer;Decrescente;Céu Claro;Simples;"Reta;Aclive";-1.439.526.434;-5.634.747.887
15/06/2024;07:30:00;TIBAGI;Velocidade Incompatível;Tombamento;Sem Vítimas;Pleno dia;Crescente;Céu Claro;Dupla;"Curva;Aclive";-2.485.877.828;-5.045.246.312
15/06/2024;06:00:00;PELOTAS;Manobra de mudança de faixa;Saída de leito carroçável;Sem Vítimas;Pleno dia;Crescente;Chuva;Simples;Reta;-3.158.165.781;-5.227.291.518
15/06/2024;10:51:00;SAO MIGUEL DO OESTE;Desrespeitar a preferência no cruzamento;Colisão transversal;Com Vítimas Feridas;Pleno dia;Decrescente;Céu Claro;Dupla;Interseção de Vias;-2.674.369.417;-5.350.131.512
06/06/2024;16:10:00;MARILANDIA DO SUL;Velocidade Incompatível;Colisão traseira;Com Vítimas Feridas;Pleno dia;Crescente;Sol;Dupla;Reta;-2.374.039.225;-5.127.598.286
15/06/2024;14:50:00;SETE LAGOAS;Velocidade Incompatível;Colisão traseira;Com Vítimas Feridas;Pleno dia;Decrescente;Céu Claro;Dupla;Reta;-194.065.509;-4.433.367.766
15/06/2024;17:05:00;CASCAVEL;Velocidade Incompatível;Colisão traseira;Com Vítimas Feridas;Pleno dia;Decrescente;Nublado;Dupla;"Reta;Aclive";-2.498.685.299;-5.355.948.192
15/06/2024;17:50:00;JANDAIA DO SUL;Velocidade Incompatível;Colisão lateral mesmo sentido;Com Vítimas Fatais;Pleno dia;Não Informado;Céu Claro;Dupla;Aclive;-23.592.227;-51.619.723
15/06/2024;19:10:00;JUTI;Acesso irregular;Colisão lateral sentido oposto;Com Vítimas Feridas;Plena Noite;Decrescente;Céu Claro;Simples;Reta;-22.831.549;-54.682.579
15/06/2024;18:50:00;IBAITI;Acesso irregular;Colisão transversal;Com Vítimas Feridas;Plena Noite;Decrescente;Céu Claro;Simples;Curva;-23.838.009;-5.019.312
15/06/2024;15:05:00;TIBAGI;Velocidade Incompatível;Tombamento;Com Vítimas Feridas;Pleno dia;Decrescente;Céu Claro;Simples;"Rotatória;Interseção de Vias";-2.450.050.476;-5.044.458.389
15/06/2024;20:45:00;DOM ELISEU;Ultrapassagem Indevida;Queda de ocupante de veículo;Com Vítimas Feridas;Plena Noite;Crescente;Céu Claro;Simples;Reta;-4.256.201;-47.562.159
15/06/2024;20:00:00;PATOS DE MINAS;Ultrapassagem Indevida;Colisão lateral mesmo sentido;Com Vítimas Feridas;Plena Noite;Crescente;Céu Claro;Simples;Curva;-1.863.309.325;-464.411.538
16/06/2024;01:43:00;VILA VELHA;Manobra de mudança de faixa;Saída de leito carroçável;Com Vítimas Feridas;Plena Noite;Decrescente;Céu Claro;Múltipla;Reta;-2.043.478.198;-4.045.963.937
16/06/2024;05:00:00;MUQUEM DE SAO FRANCISCO;Curva acentuada;Saída de leito carroçável;Com Vítimas Feridas;Amanhecer;Decrescente;Céu Claro;Simples;"Curva;Declive";-1.222.808;-4.383.238
16/06/2024;07:40:00;NOVA SANTA HELENA;Ultrapassagem Indevida;Queda de ocupante de veículo;Com Vítimas Fatais;Pleno dia;Crescente;Céu Claro;Simples;Aclive;-1.083.089.908;-5.517.999.379
16/06/2024;08:30:00;ESTIVA;Velocidade Incompatível;Tombamento;Com Vítimas Feridas;Pleno dia;Crescente;Céu Claro;Dupla;"Curva;Declive";-2.242.051.273;-45.965.265
16/06/2024;09:55:00;UMBAUBA;Velocidade Incompatível;Colisão frontal;Com Vítimas Fatais;Pleno dia;Crescente;Chuva;Simples;"Reta;Declive";-1.138.287.257;-376.659.286
16/06/2024;08:30:00;ALIANCA DO TOCANTINS;Frear bruscamente;Saída de leito carroçável;Com Vítimas Feridas;Pleno dia;Decrescente;Céu Claro;Simples;Reta;-1.150.048.609;-4.900.682.672
16/06/2024;09:50:00;LAPA;Velocidade Incompatível;Tombamento;Com Vítimas Feridas;Pleno dia;Decrescente;Sol;Simples;Curva;-25.870.127;-50.063.599
16/06/2024;14:10:00;RIBEIRAO DAS NEVES;Manobra de mudança de faixa;Colisão lateral mesmo sentido;Com Vítimas Feridas;Pleno dia;Decrescente;Céu Claro;Dupla;"Reta;Declive";-1.972.987.888;-4.415.253.368
16/06/2024;18:00:00;FAZENDA RIO GRANDE;Manobra de mudança de faixa;Colisão lateral mesmo sentido;Com Vítimas Feridas;Plena Noite;Crescente;Céu Claro;Dupla;Reta;-25.684.885;-49.316.472
17/06/2024;05:50:00;DOIS IRMAOS DO BURITI;Ultrapassagem Indevida;Colisão frontal;Com Vítimas Fatais;Amanhecer;Crescente;Céu Claro;Simples;"Declive;Reta";-2.054.178.326;-5.544.642.492
17/06/2024;07:30:00;JAGUARI;Ultrapassagem Indevida;Colisão frontal;Com Vítimas Fatais;Pleno dia;Crescente;Nevoeiro/Neblina;Simples;Reta;-2.959.617.811;-5.468.583.284
17/06/2024;07:00:00;ABRE CAMPO;Velocidade Incompatível;Tombamento;Com Vítimas Feridas;Pleno dia;Decrescente;Céu Claro;Simples;"Aclive;Curva";-2.029.066.833;-4.248.754.605
17/06/2024;07:00:00;ITABUNA;Conversão proibida;Colisão transversal;Com Vítimas Feridas;Pleno dia;Crescente;Garoa/Chuvisco;Simples;Reta;-1.481.574.494;-3.929.612.388
17/06/2024;05:50:00;CRISTALINA;Curva acentuada;Saída de leito carroçável;Com Vítimas Feridas;Amanhecer;Decrescente;Céu Claro;Simples;Curva;-17.021.539;-47.178.851
17/06/2024;09:45:00;SETE LAGOAS;Manobra de mudança de faixa;Colisão lateral mesmo sentido;Com Vítimas Feridas;Pleno dia;Crescente;Céu Claro;Dupla;"Interseção de Vias;Reta";-1.949.804.878;-4.427.929.974
17/06/2024;11:20:00;ANDARAI;Chuva;Saída de leito carroçável;Com Vítimas Feridas;Pleno dia;Decrescente;Chuva;Simples;Curva;-1.246.317.934;-4.100.208.678
17/06/2024;12:30:00;UMARI;Acesso irregular;Colisão frontal;Com Vítimas Fatais;Pleno dia;Decrescente;Céu Claro;Simples;"Aclive;Reta";-659.517.916;-388.409.935
17/06/2024;07:00:00;OEIRAS;Ultrapassagem Indevida;Colisão lateral sentido oposto;Com Vítimas Feridas;Pleno dia;Crescente;Céu Claro;Simples;"Reta;Declive";-699.024.993;-4.209.712.204
17/06/2024;15:50:00;CAMPINA GRANDE;Ultrapassagem Indevida;Colisão lateral mesmo sentido;Com Vítimas Feridas;Pleno dia;Decrescente;Nublado;Dupla;Reta;-72.693;-359.138
17/06/2024;16:12:00;GUARATUBA;Velocidade Incompatível;Colisão traseira;Com Vítimas Feridas;Pleno dia;Crescente;Céu Claro;Dupla;"Reta;Declive";-2.589.358.488;-4.893.146.782
17/06/2024;14:50:00;JOINVILLE;Estacionar ou parar em local proibido;Colisão traseira;Com Vítimas Feridas;Pleno dia;Decrescente;Céu Claro;Múltipla;Reta;-2.632.214.492;-488.689.509
17/06/2024;10:30:00;TIBAGI;Velocidade Incompatível;Tombamento;Sem Vítimas;Pleno dia;Decrescente;Sol;Simples;"Reta;Ponte";-2.465.345.001;-5.045.324.743
17/06/2024;19:30:00;GOIANIA;Ausência de sinalização;Colisão com objeto;Com Vítimas Feridas;Pleno dia;Crescente;Céu Claro;Dupla;Reta;-167.002;-493.335
17/06/2024;21:40:00;ROSARIO DO SUL;Ultrapassagem Indevida;Colisão frontal;Com Vítimas Fatais;Plena Noite;Crescente;Garoa/Chuvisco;Simples;Reta;-30.239.555;-5.499.247
17/06/2024;21:15:00;SALVADOR;Pista esburacada;Queda de ocupante de veículo;Com Vítimas Feridas;Plena Noite;Crescente;Chuva;Dupla;Reta;-12.891.109;-38.445.374
17/06/2024;23:00:00;BETIM;Manobra de mudança de faixa;Colisão lateral mesmo sentido;Com Vítimas Feridas;Plena Noite;Decrescente;Céu Claro;Dupla;Reta;-1.996.825;-44.198.708
18/06/2024;02:00:00;BELA VISTA DO MARANHAO;Demais falhas na via;Tombamento;Com Vítimas Feridas;Plena Noite;Crescente;Céu Claro;Simples;Curva;-376.045.803;-4.522.144.318
18/06/2024;07:40:00;CARIACICA;Desrespeitar a preferência no cruzamento;Colisão transversal;Com Vítimas Feridas;Pleno dia;Decrescente;Céu Claro;Dupla;"Retorno Regulamentado;Reta";-2.028.318.797;-403.719.101
18/06/2024;08:20:00;JUAZEIRO;Manobra de mudança de faixa;Colisão traseira;Com Vítimas Feridas;Plena Noite;Crescente;Céu Claro;Simples;Reta;-942.503.135;-4.050.388.907
18/06/2024;11:10:00;DOMINGOS MARTINS;Velocidade Incompatível;Tombamento;Com Vítimas Feridas;Pleno dia;Decrescente;Sol;Simples;"Curva;Declive";-2.040.924.049;-4.094.035.394
18/06/2024;10:00:00;CURITIBANOS;Chuva;Saída de leito carroçável;Com Vítimas Feridas;Pleno dia;Crescente;Chuva;Simples;"Curva;Declive";-2.730.164.872;-5.066.689.342
18/06/2024;12:15:00;MARECHAL CANDIDO RONDON;Ultrapassagem Indevida;Colisão transversal;Com Vítimas Feridas;Pleno dia;Decrescente;Céu Claro;Dupla;Reta;-246.078.602;-5.396.910.988
18/06/2024;13:00:00;SAO JOSE DOS PINHAIS;Velocidade Incompatível;Colisão traseira;Com Vítimas Feridas;Pleno dia;Crescente;Céu Claro;Dupla;Reta;-2.555.944.814;-4.915.099.774
18/06/2024;13:45:00;CATALAO;Velocidade Incompatível;Saída de leito carroçável;Com Vítimas Feridas;Pleno dia;Decrescente;Sol;Dupla;Curva;-178.451;-477.721
06/05/2024;01:30:00;BALNEARIO CAMBORIU;Manobra de mudança de faixa;Colisão traseira;Com Vítimas Feridas;Plena Noite;Crescente;Céu Claro;Simples;"Reta;Declive";-27.056.089;-48.599.449
18/06/2024;15:00:00;JUIZ DE FORA;Velocidade Incompatível;Tombamento;Com Vítimas Feridas;Pleno dia;Crescente;Céu Claro;Simples;Curva;-2.170.273.313;-4.345.311.417