data_inversa;horario;municipio;causa_acidente;tipo_acidente;classificacao_acidente;fase_dia;sentido_via;condicao_metereologica;tipo_pista;tracado_via;latitude;longitude
18/06/2024;14:50:00;APIUNA;Velocidade Incompatível;Colisão com objeto;Com Vítimas Feridas;Pleno dia;Decrescente;Céu Claro;Simples;"Retorno Regulamentado;Reta";-2.698.909.863;-4.937.424.302
18/06/2024;18:30:00;CHAPECO;Manobra de mudança de faixa;Colisão lateral mesmo sentido;Com Vítimas Feridas;Plena Noite;Crescente;Nublado;Dupla;Reta;-2.701.164.515;-5.263.953.123
18/06/2024;20:00:00;BALNEARIO CAMBORIU;Manobra de mudança de faixa;Colisão lateral mesmo sentido;Com Vítimas Feridas;Plena Noite;Crescente;Nublado;Dupla;Reta;-27.056.089;-48.599.449
18/06/2024;21:00:00;IPAMERI;Velocidade Incompatível;Tombamento;Com Vítimas Feridas;Plena Noite;Crescente;Céu Claro;Dupla;Retorno Regulamentado;-171.391;-477.232
18/06/2024;19:00:00;CAETE;Ausência de sinalização;Colisão traseira;Com Vítimas Feridas;Plena Noite;Crescente;Céu Claro;Dupla;Reta;-19.783.061;-4.366.116.123
19/06/2024;03:20:00;SERRA;Animais na Pista;Atropelamento de Animal;Com Vítimas Fatais;Plena Noite;Decrescente;Céu Claro;Dupla;"Interseção de Vias;Reta;Viaduto;Declive";-2.014.806.027;-4.034.474.373
19/06/2024;03:00:00;CAMPO ALEGRE DE GOIAS;Velocidade Incompatível;Saída de leito carroçável;Com Vítimas Feridas;Plena Noite;Decrescente;Céu Claro;Dupla;Curva;-178.022;-477.667
18/06/2024;17:30:00;NOVA SERRANA;Desrespeitar a preferência no cruzamento;Colisão transversal;Com Vítimas Feridas;Anoitecer;Decrescente;Céu Claro;Dupla;Viaduto;-1.987.514.825;-4.495.031.205
19/06/2024;06:00:00;CARIACICA;Manobra de mudança de faixa;Colisão traseira;Com Vítimas Feridas;Amanhecer;Crescente;Sol;Dupla;Reta;-2.029.755.744;-4.039.445.616
19/06/2024;07:50:00;TRES CORACOES;Demais Fenômenos da natureza;Colisão traseira;Com Vítimas Feridas;Pleno dia;Decrescente;Sol;Dupla;"Aclive;Curva";-2.169.738.825;-4.536.578.894
19/06/2024;07:00:00;IRAJUBA;Chuva;Saída de leito carroçável;Sem Vítimas;Pleno dia;Crescente;Chuva;Simples;"Declive;Curva";-13.156.971;-39.998.238
19/06/2024;09:35:00;SALINAS;Desrespeitar a preferência no cruzamento;Colisão transversal;Com Vítimas Feridas;Pleno dia;Crescente;Sol;Simples;"Reta;Interseção de Vias";-1.613.449.793;-4.228.064.775
12/06/2024;01:15:00;CORREGO DANTA;Velocidade Incompatível;Saída de leito carroçável;Com Vítimas Feridas;Plena Noite;Crescente;Céu Claro;Simples;Curva;-19.662.981;-46.092.099
19/06/2024;11:10:00;CAMBUI;Velocidade Incompatível;Colisão com objeto;Com Vítimas Feridas;Pleno dia;Crescente;Sol;Dupla;Curva;-2.257.874.206;-4.604.473.491
19/06/2024;13:40:00;CACHOEIRA DE PAJEU;Desrespeitar a preferência no cruzamento;Colisão transversal;Com Vítimas Feridas;Pleno dia;Crescente;Céu Claro;Múltipla;Interseção de Vias;-1.587.144.601;-4.143.021.999
19/06/2024;19:00:00;CAMBE;Manobra de mudança de faixa;Colisão lateral mesmo sentido;Com Vítimas Feridas;Plena Noite;Decrescente;Céu Claro;Dupla;Reta;-2.328.514.875;-5.124.008.417
19/06/2024;20:40:00;CANOINHAS;Conversão proibida;Colisão transversal;Sem Vítimas;Plena Noite;Decrescente;Céu Claro;Simples;Reta;-2.624.263.646;-5.049.461.672
19/06/2024;20:10:00;COCAL DE TELHA;Ultrapassagem Indevida;Colisão lateral mesmo sentido;Com Vítimas Feridas;Plena Noite;Decrescente;Céu Claro;Simples;Reta;-464.967;-42.046.658
19/06/2024;21:00:00;POSSE;Velocidade Incompatível;Tombamento;Sem Vítimas;Plena Noite;Crescente;Céu Claro;Simples;"Declive;Viaduto";-14.119.506;-46.311.592
19/06/2024;15:22:00;MORROS;Ultrapassagem Indevida;Colisão lateral mesmo sentido;Sem Vítimas;Pleno dia;Crescente;Céu Claro;Simples;Reta;-2.853.502;-43.878.452
20/06/2024;05:30:00;GUARULHOS;Manobra de mudança de faixa;Colisão lateral mesmo sentido;Com Vítimas Feridas;Amanhecer;Decrescente;Céu Claro;Dupla;"Reta;Em Obras;Interseção de Vias";-23.457.972;-46.479.927
20/06/2024;06:20:00;BRASILIA;Manobra de mudança de faixa;Engavetamento;Com Vítimas Feridas;Pleno dia;Decrescente;Céu Claro;Dupla;"Reta;Declive";-15.662.208;-47.799.866
20/06/2024;03:00:00;CAMPANHA;Velocidade Incompatível;Colisão com objeto;Sem Vítimas;Pleno dia;Decrescente;Nublado;Dupla;Reta;-2.183.682.863;-4.550.981.014
20/06/2024;06:55:00;GOIATUBA;Acumulo de areia ou detritos sobre o pavimento;Colisão traseira;Com Vítimas Feridas;Pleno dia;Crescente;Céu Claro;Simples;Curva;-180.638;-49.269
19/06/2024;08:15:00;MARINGA;Velocidade Incompatível;Colisão traseira;Sem Vítimas;Pleno dia;Decrescente;Céu Claro;Dupla;"Aclive;Retorno Regulamentado";-2.341.196.097;-5.188.025.236
20/06/2024;10:46:00;SAO JOSE;Manobra de mudança de faixa;Colisão lateral mesmo sentido;Com Vítimas Feridas;Pleno dia;Decrescente;Nublado;Múltipla;Reta;-2.762.329.313;-4.865.245.588
11/05/2024;20:30:00;CLARO DOS POCOES;Estacionar ou parar em local proibido;Colisão traseira;Com Vítimas Feridas;Plena Noite;Decrescente;Céu Claro;Simples;Reta;-1.695.683.423;-4.424.911.273
19/04/2024;14:00:00;NOVO PROGRESSO;Ultrapassagem Indevida;Tombamento;Com Vítimas Feridas;Pleno dia;Crescente;Céu Claro;Simples;Curva;-74.753.701;-5.528.474.712
20/06/2024;14:40:00;POUSO ALTO;Falta de acostamento;Colisão traseira;Com Vítimas Feridas;Pleno dia;Crescente;Céu Claro;Simples;"Curva;Declive";-222.393.211;-4.493.648.355
20/06/2024;14:15:00;CANDEIAS;Velocidade Incompatível;Engavetamento;Com Vítimas Feridas;Pleno dia;Decrescente;Céu Claro;Dupla;Reta;-1.263.012.705;-3.847.968.619
20/06/2024;06:20:00;ITATIM;Ultrapassagem Indevida;Colisão frontal;Com Vítimas Feridas;Pleno dia;Crescente;Chuva;Simples;Reta;-1.275.611.922;-3.980.106.476
20/06/2024;12:50:00;BANDEIRANTES;Acesso irregular;Colisão lateral mesmo sentido;Sem Vítimas;Pleno dia;Decrescente;Céu Claro;Simples;Rotatória;-1.967.691.695;-5.434.532.956
20/06/2024;14:00:00;FORMOSA;Velocidade Incompatível;Tombamento;Com Vítimas Feridas;Pleno dia;Crescente;Céu Claro;Simples;"Curva;Interseção de Vias";-15.548.405;-47.169.384
20/06/2024;14:20:00;NOVO LINO;Chuva;Colisão com objeto;Com Vítimas Feridas;Pleno dia;Decrescente;Chuva;Dupla;"Curva;Retorno Regulamentado;Declive";-898.376.638;-3.567.363.739
20/06/2024;16:45:00;ERECHIM;Desrespeitar a preferência no cruzamento;Colisão transversal;Sem Vítimas;Pleno dia;Decrescente;Chuva;Simples;"Declive;Rotatória";-2.762.193.685;-522.373.724
20/06/2024;15:45:00;SEROPEDICA;Fumaça;Colisão traseira;Com Vítimas Feridas;Pleno dia;Crescente;Céu Claro;Dupla;"Reta;Declive";-22.721.238;-43.681.105
20/06/2024;19:50:00;TIJUCAS;Animais na Pista;Atropelamento de Animal;Com Vítimas Feridas;Plena Noite;Decrescente;Nublado;Dupla;Reta;-2.719.096.301;-4.861.259.017
20/06/2024;21:00:00;SAO GONCALO;Manobra de mudança de faixa;Colisão lateral mesmo sentido;Com Vítimas Feridas;Plena Noite;Crescente;Céu Claro;Dupla;Reta;-2.279.498.873;-4.303.446.105
20/06/2024;18:30:00;CHAPECO;Chuva;Colisão frontal;Com Vítimas Feridas;Plena Noite;Crescente;Chuva;Simples;"Aclive;Curva";-2.700.047.589;-5.267.019.007
20/06/2024;15:20:00;MURITIBA;Manobra de mudança de faixa;Colisão transversal;Com Vítimas Feridas;Pleno dia;Crescente;Nublado;Simples;"Rotatória;Reta";-12.603.141;-39.015.137
20/06/2024;17:10:00;CATUJI;Velocidade Incompatível;Tombamento;Com Vítimas Feridas;Pleno dia;Decrescente;Céu Claro;Simples;"Declive;Curva";-1.741.543.302;-4.151.420.574
20/06/2024;17:40:00;CACERES;Acostamento em desnível;Saída de leito carroçável;Sem Vítimas;Anoitecer;Crescente;Céu Claro;Simples;Curva;-1.612.248.137;-5.731.052.671
20/06/2024;21:00:00;ITAPAJE;Velocidade Incompatível;Tombamento;Com Vítimas Feridas;Plena Noite;Crescente;Céu Claro;Simples;"Declive;Rotatória";-368.728.127;-3.959.053.159
21/06/2024;02:50:00;NOVA ERA;Ultrapassagem Indevida;Colisão frontal;Com Vítimas Feridas;Plena Noite;Crescente;Céu Claro;Simples;Curva;-19.833.665;-4.309.613.103
20/06/2024;18:40:00;QUEIMADOS;Iluminação deficiente;Colisão traseira;Com Vítimas Feridas;Plena Noite;Crescente;Céu Claro;Dupla;Reta;-2.272.980.637;-4.356.512.004
28/05/2024;07:40:00;SAO JOSE;Manobra de mudança de faixa;Colisão lateral mesmo sentido;Com Vítimas Feridas;Pleno dia;Crescente;Céu Claro;Múltipla;Reta;-2.755.711.595;-4.861.897.889
21/06/2024;07:30:00;ESTEIO;Manobra de mudança de faixa;Colisão traseira;Com Vítimas Feridas;Amanhecer;Crescente;Chuva;Dupla;"Viaduto;Reta";-2.983.148.605;-511.771.059
21/06/2024;08:20:00;CAMPINA GRANDE;Manobra de mudança de faixa;Colisão transversal;Com Vítimas Feridas;Pleno dia;Crescente;Céu Claro;Dupla;"Retorno Regulamentado;Curva";-72.512;-358.399
21/06/2024;08:10:00;CORREGO DANTA;Velocidade Incompatível;Colisão lateral sentido oposto;Com Vítimas Feridas;Pleno dia;Decrescente;Céu Claro;Simples;Curva;-1.967.341.593;-4.604.310.036
01/05/2024;02:30:00;CRISTALINA;Animais na Pista;Tombamento;Com Vítimas Feridas;Plena Noite;Decrescente;Céu Claro;Dupla;Reta;-169.309;-477.117
12/06/2024;05:30:00;PIRANHAS;Estacionar ou parar em local proibido;Colisão traseira;Com Vítimas Feridas;Plena Noite;Crescente;Céu Claro;Simples;Declive;-1.634.414.294;-519.333.639
21/06/2024;12:45:00;JUQUIA;Manobra de mudança de faixa;Colisão lateral mesmo sentido;Com Vítimas Feridas;Pleno dia;Crescente;Céu Claro;Dupla;Reta;-2.434.184.089;-4.764.612.417
21/06/2024;14:50:00;CONSELHEIRO LAFAIETE;Conversão proibida;Colisão transversal;Sem Vítimas;Pleno dia;Decrescente;Céu Claro;Simples;"Interseção de Vias;Reta";-20.663.351;-43.803.115
21/06/2024;18:50:00;FRANCISCO SA;Acesso irregular;Colisão transversal;Com Vítimas Feridas;Plena Noite;Crescente;Céu Claro;Simples;Reta;-1.651.784.211;-4.355.947.992
21/06/2024;14:35:00;ITAGUARA;Velocidade Incompatível;Tombamento;Com Vítimas Feridas;Pleno dia;Crescente;Céu Claro;Dupla;Curva;-20.395.748;-44.503.624
21/06/2024;18:40:00;VILA NOVA DO SUL;Ultrapassagem Indevida;Colisão frontal;Com Vítimas Feridas;Anoitecer;Crescente;Garoa/Chuvisco;Simples;"Reta;Aclive";-30.367.632;-53.811.005
21/06/2024;21:00:00;DOMINGOS MARTINS;Desrespeitar a preferência no cruzamento;Colisão transversal;Com Vítimas Feridas;Plena Noite;Crescente;Céu Claro;Simples;Interseção de Vias;-203.659.225;-4.106.040.133
21/06/2024;17:20:00;IMPERATRIZ;Manobra de mudança de faixa;Colisão traseira;Sem Vítimas;Plena Noite;Decrescente;Céu Claro;Simples;Reta;-5.550.874;-47.459.305
21/06/2024;19:40:00;MINADOR DO NEGRAO;Ausência de sinalização;Saída de leito carroçável;Sem Vítimas;Plena Noite;Crescente;Chuva;Simples;"Curva;Interseção de Vias;Em Obras";-939.069.017;-3.683.155.775
21/06/2024;20:45:00;RIBAS DO RIO PARDO;Ultrapassagem Indevida;Colisão lateral sentido oposto;Com Vítimas Feridas;Plena Noite;Decrescente;Céu Claro;Simples;Reta;-2.047.066;-53.601.042
19/06/2024;17:30:00;CAPIM GROSSO;Velocidade Incompatível;Tombamento;Sem Vítimas;Pleno dia;Decrescente;Nublado;Simples;"Curva;Ponte;Declive";-1.122.077.798;-4.002.906.096
22/06/2024;01:30:00;CAPIVARI DE BAIXO;Manobra de mudança de faixa;Derramamento de carga;Sem Vítimas;Plena Noite;Decrescente;Céu Claro;Múltipla;Reta;-284.505.813;-4.897.202.969
22/06/2024;02:20:00;CAJATI;Velocidade Incompatível;Tombamento;Com Vítimas Feridas;Plena Noite;Decrescente;Céu Claro;Simples;"Declive;Curva";-2.477.541.893;-4.820.947.907
22/06/2024;08:03:00;SAO JOSE DOS PINHAIS;Manobra de mudança de faixa;Colisão lateral mesmo sentido;Com Vítimas Feridas;Pleno dia;Decrescente;Céu Claro;Dupla;"Aclive;Reta";-2.571.305.887;-4.913.941.456
22/06/2024;09:20:00;TRIUNFO;Velocidade Incompatível;Colisão lateral mesmo sentido;Com Vítimas Feridas;Pleno dia;Decrescente;Céu Claro;Simples;"Declive;Desvio Temporário;Reta";-297.029;-51.665.871
22/06/2024;09:30:00;SINOP;Manobra de mudança de faixa;Colisão lateral mesmo sentido;Sem Vítimas;Pleno dia;Crescente;Céu Claro;Simples;Reta;-1.186.088.313;-5.549.499.035
22/06/2024;12:00:00;EXTREMA;Velocidade Incompatível;Tombamento;Com Vítimas Feridas;Pleno dia;Decrescente;Céu Claro;Dupla;Curva;-2.282.575.593;-4.631.227.255
26/02/2024;07:20:00;CASCAVEL;Desrespeitar a preferência no cruzamento;Colisão transversal;Com Vítimas Feridas;Pleno dia;Decrescente;Céu Claro;Dupla;"Reta;Retorno Regulamentado";-2.492.789.039;-5.345.578.194
22/06/2024;14:30:00;BARRA DO GARCAS;Ultrapassagem Indevida;Colisão lateral mesmo sentido;Sem Vítimas;Pleno dia;Crescente;Céu Claro;Simples;Reta;-1.561.617.498;-5.220.729.646
22/06/2024;15:30:00;SAO LOURENCO DO SUL;Conversão proibida;Colisão transversal;Com Vítimas Fatais;Pleno dia;Crescente;Céu Claro;Dupla;"Curva;Em Obras;Desvio Temporário";-3.132.224.393;-5.203.089.939
22/06/2024;12:45:00;EXTREMA;Curva acentuada;Saída de leito carroçável;Com Vítimas Feridas;Pleno dia;Crescente;Sol;Dupla;Curva;-2.281.267.324;-4.628.976.345
22/06/2024;16:40:00;TERESINA;Conversão proibida;Colisão transversal;Com Vítimas Feridas;Pleno dia;Crescente;Sol;Múltipla;Reta;-5.265.623;-42.727.868
22/06/2024;14:50:00;SAO LUIS;Manobra de mudança de faixa;Colisão transversal;Com Vítimas Feridas;Pleno dia;Decrescente;Céu Claro;Dupla;Declive;-275.938.096;-4.435.428.204
22/06/2024;14:30:00;FOZ DO JORDAO;Ultrapassagem Indevida;Colisão frontal;Com Vítimas Feridas;Pleno dia;Crescente;Céu Claro;Simples;Curva;-25.637.034;-52.101.206
23/06/2024;02:40:00;NOVA SOURE;Deficiência do Sistema de Iluminação/Sinalização;Colisão traseira;Com Vítimas Fatais;Plena Noite;Crescente;Céu Claro;Simples;Reta;-11.268.002;-38.448.806
23/06/2024;07:40:00;ITACARE;Acostamento em desnível;Tombamento;Com Vítimas Feridas;Pleno dia;Crescente;Nublado;Simples;"Reta;Aclive";-14.391.692;-39.323.687
23/06/2024;13:00:00;GUARULHOS;Manobra de mudança de faixa;Colisão lateral mesmo sentido;Com Vítimas Feridas;Pleno dia;Decrescente;Sol;Múltipla;Reta;-2.349.659.264;-4.655.648.754
23/06/2024;14:32:00;SERRA;Conversão proibida;Colisão transversal;Com Vítimas Fatais;Pleno dia;Crescente;Céu Claro;Simples;Curva;-2.014.616.415;-4.028.836.206
23/06/2024;18:15:00;PETROPOLIS;Velocidade Incompatível;Colisão lateral mesmo sentido;Com Vítimas Feridas;Plena Noite;Crescente;Céu Claro;Dupla;Curva;-2.252.850.694;-432.349.802
23/06/2024;20:30:00;PERDOES;Velocidade Incompatível;Tombamento;Com Vítimas Feridas;Pleno dia;Crescente;Céu Claro;Dupla;Reta;-21.107.021;-4.509.114
23/06/2024;19:05:00;SANTOS DUMONT;Velocidade Incompatível;Saída de leito carroçável;Com Vítimas Feridas;Plena Noite;Crescente;Céu Claro;Simples;"Curva;Ponte;Aclive";-2.136.247.924;-4.357.519.146
23/06/2024;20:40:00;PORTO BELO;Manobra de mudança de faixa;Colisão traseira;Sem Vítimas;Plena Noite;Decrescente;Nublado;Dupla;Reta;-27.181.625;-486.121.179
23/06/2024;22:22:00;FORTALEZA;Acesso irregular;Colisão com objeto;Sem Vítimas;Plena Noite;Crescente;Céu Claro;Dupla;Reta;-387.839.882;-3.850.066.893
23/06/2024;18:10:00;BARRO DURO;Manobra de mudança de faixa;Colisão lateral sentido oposto;Com Vítimas Feridas;Anoitecer;Decrescente;Céu Claro;Simples;Reta;-581.026.323;-4.252.112.517
23/06/2024;23:30:00;SANTA CECILIA;Ultrapassagem Indevida;Tombamento;Com Vítimas Feridas;Plena Noite;Crescente;Céu Claro;Simples;"Curva;Aclive";-2.707.453.696;-5.042.919.788
24/06/2024;05:00:00;TRES RIOS;Acesso irregular;Colisão transversal;Com Vítimas Feridas;Amanhecer;Crescente;Céu Claro;Simples;Reta;-2.212.300.119;-4.316.875.093
24/06/2024;07:00:00;RIBEIRAO DAS NEVES;Manobra de mudança de faixa;Colisão lateral mesmo sentido;Sem Vítimas;Pleno dia;Crescente;Céu Claro;Dupla;Reta;-1.974.716.686;-4.414.731.173
24/06/2024;07:50:00;MARIALVA;Velocidade Incompatível;Colisão transversal;Com Vítimas Feridas;Pleno dia;Crescente;Céu Claro;Dupla;"Retorno Regulamentado;Reta";-2.346.141.044;-5.183.659.926
24/06/2024;10:55:00;ATIBAIA;Manobra de mudança de faixa;Colisão lateral mesmo sentido;Sem Vítimas;Pleno dia;Crescente;Céu Claro;Múltipla;"Em Obras;Reta;Declive";-23.088.586;-46.571.798
19/06/2024;06:20:00;SAO LEOPOLDO;Manobra de mudança de faixa;Colisão lateral mesmo sentido;Sem Vítimas;Pleno dia;Decrescente;Chuva;Múltipla;"Reta;Interseção de Vias";-2.977.605.895;-5.115.508.618
24/06/2024;12:00:00;ARAQUARI;Pista Escorregadia;Colisão lateral mesmo sentido;Sem Vítimas;Pleno dia;Crescente;Chuva;Simples;Reta;-2.638.972.308;-4.873.411.593
24/06/2024;09:30:00;CANDEIAS DO JAMARI;Conversão proibida;Colisão lateral mesmo sentido;Com Vítimas Feridas;Pleno dia;Crescente;Céu Claro;Simples;Reta;-883.202.303;-6.345.031.807
24/06/2024;10:40:00;LAPA;Velocidade Incompatível;Colisão frontal;Com Vítimas Feridas;Pleno dia;Crescente;Chuva;Simples;Curva;-25.858.768;-5.008.609
24/06/2024;14:10:00;ESTRELA;Manobra de mudança de faixa;Colisão lateral mesmo sentido;Sem Vítimas;Pleno dia;Decrescente;Nublado;Dupla;Reta;-29.500.067;-51.949.615
14/06/2024;05:00:00;LONTRAS;Ultrapassagem Indevida;Colisão transversal;Com Vítimas Feridas;Amanhecer;Decrescente;Nevoeiro/Neblina;Simples;"Curva;Declive";-27.148.499;-49.556.137
24/06/2024;13:55:00;TRIUNFO;Condutor usando celular;Colisão lateral sentido oposto;Com Vítimas Fatais;Pleno dia;Decrescente;Nublado;Simples;Curva;-29.751.001;-51.599.842
24/06/2024;15:40:00;SAO GONCALO DO AMARANTE;Ultrapassagem Indevida;Colisão frontal;Com Vítimas Feridas;Pleno dia;Crescente;Céu Claro;Simples;Reta;-367.091.681;-39.188.308
24/06/2024;17:00:00;ABRE CAMPO;Manobra de mudança de faixa;Colisão lateral mesmo sentido;Com Vítimas Feridas;Pleno dia;Crescente;Céu Claro;Simples;"Reta;Em Obras";-2.030.646.793;-4.246.611.787
24/06/2024;17:30:00;VARZEA GRANDE;Acesso irregular;Colisão transversal;Com Vítimas Fatais;Pleno dia;Decrescente;Céu Claro;Simples;Declive;-15.670.709;-56.179.794
24/06/2024;21:40:00;SAO MATEUS;Desrespeitar a preferência no cruzamento;Colisão transversal;Com Vítimas Feridas;Plena Noite;Crescente;Céu Claro;Simples;"Reta;Interseção de Vias";-187.165.195;-3.987.436.378
28/05/2024;07:15:00;PALMARES;Manobra de mudança de faixa;Colisão lateral mesmo sentido;Com Vítimas Feridas;Pleno dia;Decrescente;Céu Claro;Dupla;Reta;-8.686.644;-35.587.478
24/06/2024;21:15:00;CRISTINAPOLIS;Animais na Pista;Atropelamento de Animal;Com Vítimas Feridas;Plena Noite;Decrescente;Nublado;Simples;Reta;-1.142.524.494;-3.771.286.607
24/06/2024;22:40:00;PONTA GROSSA;Velocidade Incompatível;Colisão com objeto;Sem Vítimas;Plena Noite;Decrescente;Chuva;Dupla;"Reta;Declive";-25.126.949;-50.177.387
25/06/2024;02:20:00;ITAPEBI;Velocidade Incompatível;Colisão com objeto;Com Vítimas Feridas;Plena Noite;Decrescente;Nevoeiro/Neblina;Simples;"Curva;Declive";-1.600.138;-3.958.484
25/06/2024;08:00:00;IBEMA;Neblina;Colisão transversal;Com Vítimas Feridas;Pleno dia;Crescente;Nevoeiro/Neblina;Simples;"Interseção de Vias;Reta;Retorno Regulamentado";-2.509.412.204;-5.295.864.699
06/05/2024;11:00:00;MONTE CARMELO;Fumaça;Colisão traseira;Com Vítimas Feridas;Pleno dia;Crescente;Céu Claro;Simples;Reta;-189.145.672;-4.735.877.801
18/06/2024;07:50:00;TIANGUA;Afundamento ou ondulação no pavimento;Colisão traseira;Com Vítimas Feridas;Pleno dia;Crescente;Céu Claro;Simples;Reta;-366.765.581;-4.089.334.488
25/06/2024;09:50:00;CORONEL VIVIDA;Desrespeitar a preferência no cruzamento;Colisão transversal;Com Vítimas Feridas;Pleno dia;Crescente;Nublado;Simples;Interseção de Vias;-2.597.165.895;-5.253.234.029
25/06/2024;09:25:00;CASCAVEL;Manobra de mudança de faixa;Colisão lateral mesmo sentido;Com Vítimas Feridas;Pleno dia;Crescente;Céu Claro;Dupla;Ponte;-2.478.313.388;-5.367.750.084
25/06/2024;11:30:00;ITAITUBA;Velocidade Incompatível;Colisão transversal;Com Vítimas Feridas;Pleno dia;Decrescente;Sol;Simples;Reta;-425.911.073;-5.603.851.318
25/06/2024;11:10:00;CARANDAI;Falta de acostamento;Saída de leito carroçável;Com Vítimas Feridas;Pleno dia;Decrescente;Céu Claro;Simples;Reta;-20.980.681;-4.378.116
25/06/2024;14:10:00;FOZ DO IGUACU;Manobra de mudança de faixa;Colisão transversal;Sem Vítimas;Pleno dia;Crescente;Céu Claro;Dupla;Reta;-2.550.257.577;-5.453.868.311
25/06/2024;14:37:00;ITAPEMIRIM;Acesso irregular;Colisão transversal;Com Vítimas Feridas;Pleno dia;Crescente;Céu Claro;Simples;Reta;-2.095.438.035;-4.109.327.978
25/06/2024;15:20:00;VARZEA GRANDE;Ultrapassagem Indevida;Colisão lateral sentido oposto;Com Vítimas Fatais;Pleno dia;Crescente;Céu Claro;Simples;Curva;-1.557.126.241;-5.625.105.218
25/06/2024;14:55:00;SANTA CRUZ DE SALINAS;Ultrapassagem Indevida;Colisão lateral mesmo sentido;Com Vítimas Fatais;Pleno dia;Decrescente;Céu Claro;Simples;"Reta;Aclive";-1.601.199.099;-4.189.687.729
25/06/2024;15:40:00;MONSENHOR HIPOLITO;Acesso irregular;Colisão lateral mesmo sentido;Com Vítimas Feridas;Pleno dia;Decrescente;Céu Claro;Simples;Reta;-680.187.388;-4.102.273.713
25/06/2024;17:40:00;MARAU;Manobra de mudança de faixa;Colisão frontal;Com Vítimas Fatais;Anoitecer;Decrescente;Céu Claro;Simples;"Reta;Aclive";-1.423.987.614;-3.932.026.953
25/06/2024;17:40:00;SAPUCAIA;Velocidade Incompatível;Tombamento;Com Vítimas Feridas;Plena Noite;Decrescente;Céu Claro;Simples;"Curva;Declive";-2.196.021.372;-427.364.942
26/06/2024;06:20:00;JANGADA;Frear bruscamente;Engavetamento;Com Vítimas Feridas;Pleno dia;Crescente;Céu Claro;Simples;Reta;-1.529.227.197;-5.643.455.719
26/06/2024;09:59:00;JOAO PESSOA;Manobra de mudança de faixa;Colisão transversal;Com Vítimas Feridas;Pleno dia;Decrescente;Céu Claro;Dupla;Retorno Regulamentado;-71.710.694;-3.489.765.372
22/06/2024;23:30:00;IBIRAPITANGA;Chuva;Saída de leito carroçável;Com Vítimas Feridas;Plena Noite;Decrescente;Chuva;Simples;Reta;-1.395.803.902;-3.948.365.202
26/06/2024;12:00:00;ANTONIO OLINTO;Chuva;Colisão lateral sentido oposto;Sem Vítimas;Pleno dia;Crescente;Garoa/Chuvisco;Simples;"Reta;Aclive";-25.888.903;-50.216.633
26/06/2024;05:00:00;MORENO;Animais na Pista;Atropelamento de Animal;Com Vítimas Feridas;Plena Noite;Crescente;Céu Claro;Dupla;"Declive;Reta";-8.111.269;-35.143.135
26/06/2024;13:50:00;UBERLANDIA;Velocidade Incompatível;Tombamento;Com Vítimas Feridas;Pleno dia;Crescente;Céu Claro;Dupla;Curva;-1.890.585.472;-4.832.526.001
26/06/2024;14:06:00;CACHOEIRA DO SUL;Ultrapassagem Indevida;Colisão lateral mesmo sentido;Com Vítimas Fatais;Pleno dia;Decrescente;Nublado;Simples;Reta;-30.274.347;-53.108.261
26/06/2024;14:55:00;PONTE SERRADA;Desrespeitar a preferência no cruzamento;Colisão transversal;Com Vítimas Feridas;Pleno dia;Decrescente;Garoa/Chuvisco;Simples;"Retorno Regulamentado;Reta;Interseção de Vias";-2.686.647.589;-5.202.280.012
26/06/2024;17:09:00;ESTANCIA;Manobra de mudança de faixa;Colisão traseira;Com Vítimas Feridas;Anoitecer;Crescente;Céu Claro;Dupla;Reta;-1.121.285.446;-3.741.509.724
26/06/2024;17:20:00;MAUA DA SERRA;Velocidade Incompatível;Tombamento;Com Vítimas Feridas;Pleno dia;Decrescente;Céu Claro;Dupla;"Aclive;Curva";-23.950.361;-51.118.939
26/06/2024;15:00:00;INHAPIM;Manobra de mudança de faixa;Colisão lateral mesmo sentido;Com Vítimas Feridas;Pleno dia;Decrescente;Céu Claro;Dupla;Reta;-1.953.642.905;-4.212.651.952
26/06/2024;14:50:00;BURITIZEIRO;Demais Fenômenos da natureza;Incêndio;Sem Vítimas;Pleno dia;Decrescente;Céu Claro;Simples;Reta;-1.776.307.326;-4.541.748.047
26/06/2024;19:40:00;TIJUCAS;Ultrapassagem Indevida;Colisão com objeto;Sem Vítimas;Plena Noite;Decrescente;Nublado;Dupla;Retorno Regulamentado;-27.279.105;-48.631.554
26/06/2024;21:14:00;SAPUCAIA;Velocidade Incompatível;Saída de leito carroçável;Com Vítimas Feridas;Plena Noite;Decrescente;Céu Claro;Simples;Curva;-22.086.487;-42.811.764
27/06/2024;00:00:00;VASSOURAS;Manobra de mudança de faixa;Colisão transversal;Sem Vítimas;Plena Noite;Decrescente;Céu Claro;Simples;Curva;-2.221.504.929;-4.340.702.789
27/06/2024;00:30:00;RORAINOPOLIS;Manobra de mudança de faixa;Colisão frontal;Com Vítimas Fatais;Plena Noite;Decrescente;Nublado;Simples;Reta;0.707157;-6.044.672
27/06/2024;06:00:00;ITAPERUNA;Manobra de mudança de faixa;Colisão frontal;Com Vítimas Fatais;Amanhecer;Crescente;Céu Claro;Simples;"Reta;Aclive";-2.117.851.503;-4.202.934.599
27/06/2024;06:00:00;SANTA CECILIA;Ultrapassagem Indevida;Colisão lateral mesmo sentido;Sem Vítimas;Plena Noite;Decrescente;Céu Claro;Simples;"Declive;Reta";-267.575.178;-5.034.172.617