data_inversa;horario;municipio;causa_acidente;tipo_acidente;classificacao_acidente;fase_dia;sentido_via;condicao_metereologica;tipo_pista;tracado_via;latitude;longitude
27/06/2024;05:00:00;EXTREMA;Animais na Pista;Atropelamento de Animal;Com Vítimas Feridas;Amanhecer;Decrescente;Céu Claro;Dupla;Reta;-228.076.393;-4.627.636.971
27/06/2024;11:30:00;GUARULHOS;Manobra de mudança de faixa;Colisão lateral mesmo sentido;Com Vítimas Feridas;Pleno dia;Decrescente;Céu Claro;Múltipla;Reta;-2.348.586.772;-4.654.075.317
27/06/2024;11:40:00;CATALAO;Velocidade Incompatível;Tombamento;Com Vítimas Feridas;Pleno dia;Crescente;Céu Claro;Simples;"Viaduto;Rotatória";-179.172;-477.901
22/05/2024;07:50:00;PROFESSOR JAMIL;Velocidade Incompatível;Tombamento;Com Vítimas Feridas;Pleno dia;Crescente;Céu Claro;Dupla;"Declive;Curva";-173.851;-492.343
27/06/2024;17:20:00;ARACATI;Manobra de mudança de faixa;Colisão transversal;Com Vítimas Feridas;Pleno dia;Crescente;Céu Claro;Simples;Reta;-458.544.313;-3.772.502.035
27/06/2024;18:27:00;CANAS;Animais na Pista;Atropelamento de Animal;Com Vítimas Feridas;Anoitecer;Crescente;Céu Claro;Dupla;Reta;-2.271.393.589;-4.505.335.608
27/06/2024;20:15:00;ITABAIANA;Desrespeitar a preferência no cruzamento;Colisão transversal;Com Vítimas Fatais;Plena Noite;Decrescente;Céu Claro;Múltipla;"Interseção de Vias;Reta";-10.700.226;-37.431.423
27/06/2024;18:20:00;PILAR;Velocidade Incompatível;Tombamento;Com Vítimas Feridas;Plena Noite;Crescente;Céu Claro;Dupla;"Curva;Declive";-959.200.401;-3.600.249.993
27/06/2024;19:00:00;CANUDOS;Animais na Pista;Atropelamento de Animal;Com Vítimas Feridas;Plena Noite;Decrescente;Céu Claro;Simples;"Reta;Em Obras";-1.005.458.498;-3.915.325.095
27/06/2024;21:05:00;CAJATI;Pista Escorregadia;Tombamento;Sem Vítimas;Plena Noite;Crescente;Garoa/Chuvisco;Simples;Curva;-2.490.632.831;-4.825.534.344
27/06/2024;20:05:00;SABARA;Demais falhas na via;Tombamento;Com Vítimas Feridas;Plena Noite;Decrescente;Céu Claro;Simples;"Aclive;Reta";-1.978.885.371;-4.370.613.892
27/06/2024;19:50:00;ELESBAO VELOSO;Ultrapassagem Indevida;Capotamento;Com Vítimas Feridas;Plena Noite;Crescente;Céu Claro;Simples;Declive;-622.943.692;-4.205.798.695
28/06/2024;02:05:00;ESCADA;Frear bruscamente;Colisão com objeto;Sem Vítimas;Plena Noite;Crescente;Céu Claro;Dupla;Reta;-836.958.202;-3.522.919.699
28/06/2024;04:40:00;GUARULHOS;Frear bruscamente;Colisão traseira;Com Vítimas Feridas;Plena Noite;Crescente;Céu Claro;Múltipla;Reta;-2.348.071.896;-4.653.271.603
28/06/2024;05:00:00;SAO MATEUS;Ultrapassagem Indevida;Colisão frontal;Com Vítimas Fatais;Amanhecer;Crescente;Nevoeiro/Neblina;Simples;Aclive;-1.882.149.709;-3.990.673.788
28/06/2024;07:15:00;CURITIBA;Velocidade Incompatível;Colisão com objeto;Com Vítimas Feridas;Amanhecer;Crescente;Nevoeiro/Neblina;Dupla;Reta;-2.556.989.668;-4.918.778.205
28/06/2024;07:20:00;MARECHAL CANDIDO RONDON;Velocidade Incompatível;Tombamento;Sem Vítimas;Amanhecer;Decrescente;Céu Claro;Simples;"Reta;Declive";-2.451.605.302;-5.411.455.929
28/06/2024;08:10:00;CANOAS;Manobra de mudança de faixa;Colisão lateral mesmo sentido;Com Vítimas Feridas;Pleno dia;Crescente;Céu Claro;Dupla;Reta;-29.896.093;-51.244.072
28/06/2024;06:25:00;JUIZ DE FORA;Velocidade Incompatível;Tombamento;Com Vítimas Feridas;Amanhecer;Crescente;Céu Claro;Dupla;"Curva;Interseção de Vias";-2.167.939.981;-4.344.987.329
27/06/2024;20:20:00;IMBAU;Ultrapassagem Indevida;Colisão com objeto;Com Vítimas Fatais;Plena Noite;Decrescente;Céu Claro;Dupla;"Interseção de Vias;Reta";-244.627.114;-507.500.942
28/06/2024;07:10:00;FEIRA DE SANTANA;Frear bruscamente;Colisão traseira;Com Vítimas Feridas;Pleno dia;Decrescente;Céu Claro;Dupla;Reta;-1.230.639.712;-3.889.051.509
28/06/2024;11:30:00;JUIZ DE FORA;Velocidade Incompatível;Tombamento;Com Vítimas Feridas;Pleno dia;Decrescente;Céu Claro;Dupla;"Reta;Interseção de Vias";-2.173.048.051;-4.343.650.818
28/06/2024;10:50:00;SANTA RITA;Manobra de mudança de faixa;Colisão lateral mesmo sentido;Sem Vítimas;Pleno dia;Crescente;Céu Claro;Dupla;Reta;-71.685;-35.032
28/06/2024;13:30:00;PARANAGUA;Manobra de mudança de faixa;Colisão lateral mesmo sentido;Com Vítimas Feridas;Pleno dia;Decrescente;Céu Claro;Dupla;Reta;-2.556.248.278;-4.864.419.937
28/06/2024;09:40:00;RIBEIRAO CASCALHEIRA;Velocidade Incompatível;Saída de leito carroçável;Com Vítimas Feridas;Pleno dia;Decrescente;Céu Claro;Simples;Curva;-13.197.804;-51.906.423
28/06/2024;13:50:00;FEIRA DE SANTANA;Manobra de mudança de faixa;Saída de leito carroçável;Com Vítimas Feridas;Pleno dia;Crescente;Sol;Dupla;Reta;-122.803;-389.787
28/06/2024;19:30:00;MANAUS;Ultrapassagem Indevida;Colisão frontal;Sem Vítimas;Plena Noite;Decrescente;Céu Claro;Simples;Reta;-2.970.491;-60.016.605
28/06/2024;21:40:00;OURO PRETO;Manobra de mudança de faixa;Colisão lateral mesmo sentido;Com Vítimas Feridas;Plena Noite;Crescente;Céu Claro;Simples;"Reta;Aclive";-2.042.625.199;-4.386.231.799
28/06/2024;21:15:00;LAPA;Velocidade Incompatível;Tombamento;Com Vítimas Feridas;Plena Noite;Crescente;Nublado;Simples;Curva;-25.858.768;-5.008.609
28/06/2024;23:30:00;MARIBONDO;Velocidade Incompatível;Colisão com objeto;Com Vítimas Feridas;Plena Noite;Crescente;Nevoeiro/Neblina;Simples;Curva;-955.850.017;-3.627.067.597
29/06/2024;09:00:00;POUSO ALEGRE;Manobra de mudança de faixa;Colisão lateral mesmo sentido;Com Vítimas Feridas;Pleno dia;Decrescente;Céu Claro;Dupla;Reta;-2.223.285.426;-4.587.649.405
29/06/2024;15:10:00;FORTALEZA DO TABOCAO;Ultrapassagem Indevida;Tombamento;Sem Vítimas;Pleno dia;Decrescente;Céu Claro;Simples;Reta;-902.301.795;-4.850.307.549
29/06/2024;15:22:00;ITABELA;Velocidade Incompatível;Tombamento;Com Vítimas Feridas;Pleno dia;Decrescente;Céu Claro;Simples;Curva;-165.328.508;-395.666.908
29/06/2024;18:00:00;LEOPOLDINA;Desrespeitar a preferência no cruzamento;Colisão transversal;Com Vítimas Feridas;Anoitecer;Crescente;Céu Claro;Simples;"Rotatória;Interseção de Vias";-2.152.207.278;-4.261.775.334
29/06/2024;14:50:00;SANTA TERESINHA;Velocidade Incompatível;Saída de leito carroçável;Sem Vítimas;Pleno dia;Decrescente;Céu Claro;Simples;Reta;-126.682.164;-396.450.058
29/06/2024;09:30:00;ALTO GARCAS;Acostamento em desnível;Saída de leito carroçável;Com Vítimas Feridas;Pleno dia;Decrescente;Céu Claro;Simples;Reta;-1.685.723;-53.864.815
08/04/2024;22:30:00;POUSO NOVO;Velocidade Incompatível;Saída de leito carroçável;Com Vítimas Feridas;Plena Noite;Crescente;Céu Claro;Simples;Curva;-2.914.125.425;-522.387.886
30/06/2024;07:50:00;ITAITUBA;Ultrapassagem Indevida;Tombamento;Com Vítimas Feridas;Pleno dia;Crescente;Céu Claro;Simples;"Reta;Declive";-483.522.303;-5.613.775.395
30/06/2024;14:30:00;MAIRIPORA;Velocidade Incompatível;Tombamento;Com Vítimas Feridas;Pleno dia;Crescente;Garoa/Chuvisco;Dupla;"Declive;Curva";-2.329.011.611;-465.800.681
30/06/2024;08:35:00;VITORIA DA CONQUISTA;Velocidade Incompatível;Colisão traseira;Sem Vítimas;Pleno dia;Decrescente;Céu Claro;Simples;Reta;-15.141.639;-41.045.621
30/06/2024;19:00:00;PARAOPEBA;Velocidade Incompatível;Colisão lateral mesmo sentido;Com Vítimas Feridas;Plena Noite;Crescente;Céu Claro;Dupla;"Declive;Reta";-1.928.815;-44.392
30/06/2024;20:10:00;ARCOVERDE;Manobra de mudança de faixa;Colisão frontal;Com Vítimas Feridas;Plena Noite;Crescente;Céu Claro;Simples;"Reta;Declive;Viaduto";-8.429.241;-37.060.127
29/06/2024;11:40:00;DELTA;Velocidade Incompatível;Colisão lateral mesmo sentido;Sem Vítimas;Pleno dia;Crescente;Céu Claro;Dupla;"Reta;Declive";-1.987.965.993;-4.785.365.089
01/07/2024;02:40:00;CASIMIRO DE ABREU;Chuva;Saída de leito carroçável;Com Vítimas Feridas;Plena Noite;Decrescente;Chuva;Simples;Curva;-2.245.589.967;-420.608.363
01/06/2024;11:40:00;GURUPI;Desrespeitar a preferência no cruzamento;Colisão transversal;Com Vítimas Feridas;Pleno dia;Crescente;Céu Claro;Simples;Reta;-1.170.103.104;-4.907.271.583
01/07/2024;04:15:00;CAMPO MAIOR;Manobra de mudança de faixa;Saída de leito carroçável;Com Vítimas Feridas;Plena Noite;Crescente;Céu Claro;Simples;Curva;-4.802.398;-42.137.829
01/07/2024;05:45:00;CONTAGEM;Velocidade Incompatível;Colisão traseira;Com Vítimas Feridas;Pleno dia;Crescente;Céu Claro;Dupla;Reta;-1.991.067.739;-4.404.283.762
01/07/2024;05:50:00;NOVA XAVANTINA;Neblina;Colisão traseira;Com Vítimas Feridas;Amanhecer;Decrescente;Céu Claro;Simples;Reta;-1.487.079.792;-5.228.852.877
01/07/2024;10:20:00;VITORIA DA CONQUISTA;Velocidade Incompatível;Colisão traseira;Com Vítimas Feridas;Pleno dia;Decrescente;Céu Claro;Simples;"Reta;Declive";-1.478.186.283;-4.073.870.709
01/07/2024;11:05:00;SAO JOSE DOS CAMPOS;Manobra de mudança de faixa;Colisão lateral mesmo sentido;Com Vítimas Feridas;Pleno dia;Crescente;Nublado;Dupla;Reta;-2.319.542.994;-4.587.176.303
16/04/2024;03:00:00;CORDILHEIRA ALTA;Velocidade Incompatível;Colisão transversal;Com Vítimas Feridas;Plena Noite;Crescente;Garoa/Chuvisco;Simples;"Declive;Curva";-26.982.185;-5.259.734
01/07/2024;11:10:00;SAO JOSE DO SUL;Velocidade Incompatível;Tombamento;Com Vítimas Feridas;Pleno dia;Decrescente;Céu Claro;Simples;Curva;-2.955.360.797;-5.148.039.953
01/07/2024;14:15:00;CONTAGEM;Manobra de mudança de faixa;Colisão lateral mesmo sentido;Com Vítimas Feridas;Pleno dia;Crescente;Céu Claro;Dupla;Reta;-198.854.435;-4.405.049.985
01/07/2024;16:00:00;SAO JOSE DOS CAMPOS;Manobra de mudança de faixa;Colisão transversal;Sem Vítimas;Pleno dia;Crescente;Céu Claro;Dupla;Reta;-2.319.542.994;-4.587.176.303
01/07/2024;17:15:00;ITAJAI;Desrespeitar a preferência no cruzamento;Colisão transversal;Com Vítimas Feridas;Pleno dia;Decrescente;Céu Claro;Dupla;"Rotatória;Viaduto;Reta";-2.688.747.187;-4.872.252.969
01/07/2024;13:00:00;SAPUCAIA;Velocidade Incompatível;Tombamento;Com Vítimas Feridas;Pleno dia;Decrescente;Chuva;Simples;"Curva;Ponte";-2.195.256.217;-4.273.351.991
01/07/2024;17:50:00;SANTO ANTONIO DA PLATINA;Fumaça;Incêndio;Sem Vítimas;Anoitecer;Decrescente;Céu Claro;Simples;Aclive;-2.326.665.491;-5.006.410.039
01/07/2024;11:40:00;CAJATI;Velocidade Incompatível;Tombamento;Com Vítimas Feridas;Pleno dia;Decrescente;Céu Claro;Simples;Curva;-2.481.945.809;-482.116.127
02/07/2024;06:30:00;MARACAJA;Velocidade Incompatível;Colisão traseira;Com Vítimas Fatais;Amanhecer;Crescente;Nevoeiro/Neblina;Múltipla;Reta;-288.766.775;-494.564.418
02/07/2024;07:05:00;DOM PEDRITO;Animais na Pista;Colisão traseira;Sem Vítimas;Pleno dia;Decrescente;Céu Claro;Simples;Reta;-3.083.779.911;-55.052.104
02/07/2024;06:45:00;SENADOR GUIOMARD;Ultrapassagem Indevida;Tombamento;Com Vítimas Feridas;Pleno dia;Crescente;Céu Claro;Simples;"Reta;Declive";-100.495.828;-6.728.075.719
02/07/2024;10:20:00;MATUPA;Ultrapassagem Indevida;Saída de leito carroçável;Com Vítimas Feridas;Pleno dia;Decrescente;Céu Claro;Simples;Reta;-10.134.167;-5.493.110.197
02/07/2024;12:18:00;SAO MIGUEL DO IGUACU;Manobra de mudança de faixa;Colisão traseira;Sem Vítimas;Pleno dia;Decrescente;Céu Claro;Dupla;Reta;-2.541.563.081;-5.434.484.511
02/07/2024;11:00:00;DARCINOPOLIS;Ultrapassagem Indevida;Saída de leito carroçável;Com Vítimas Feridas;Pleno dia;Decrescente;Céu Claro;Simples;Reta;-6.728.148;-4.776.828
02/07/2024;14:10:00;SAO MIGUEL DO IGUACU;Manobra de mudança de faixa;Colisão lateral mesmo sentido;Com Vítimas Feridas;Pleno dia;Crescente;Céu Claro;Dupla;Declive;-2.538.205.385;-5.428.673.709
02/07/2024;14:40:00;TAUBATE;Ultrapassagem Indevida;Colisão traseira;Com Vítimas Feridas;Pleno dia;Crescente;Sol;Dupla;Reta;-2.305.376.319;-456.088.049
02/07/2024;15:40:00;GRAO MOGOL;Velocidade Incompatível;Colisão traseira;Com Vítimas Feridas;Pleno dia;Decrescente;Céu Claro;Simples;"Em Obras;Reta";-162.892.832;-4.302.510.292
02/07/2024;15:30:00;LAGES;Desrespeitar a preferência no cruzamento;Colisão transversal;Com Vítimas Feridas;Pleno dia;Crescente;Céu Claro;Simples;Rotatória;-2.779.979.235;-5.036.360.264
02/07/2024;17:30:00;CARUARU;Manobra de mudança de faixa;Colisão lateral mesmo sentido;Com Vítimas Feridas;Anoitecer;Crescente;Céu Claro;Dupla;Reta;-831.339.932;-3.604.175.591
02/07/2024;17:15:00;SANTO ANTONIO DO DESCOBERTO;Velocidade Incompatível;Colisão traseira;Com Vítimas Feridas;Anoitecer;Crescente;Céu Claro;Dupla;Reta;-161.183.886;-483.240.509
02/07/2024;17:20:00;DOMINGOS MARTINS;Velocidade Incompatível;Tombamento;Com Vítimas Feridas;Anoitecer;Crescente;Céu Claro;Simples;"Declive;Curva";-2.040.832.649;-4.091.604.228
02/07/2024;19:40:00;RANCHO ALEGRE DOESTE;Animais na Pista;Atropelamento de Animal;Com Vítimas Feridas;Plena Noite;Decrescente;Céu Claro;Simples;"Reta;Declive";-2.413.910.001;-52.875.407
02/07/2024;18:00:00;AGUA BRANCA;Frear bruscamente;Colisão traseira;Com Vítimas Feridas;Plena Noite;Crescente;Nublado;Simples;"Reta;Em Obras";-929.390.121;-3.783.582.496
02/07/2024;20:45:00;SAO JOAQUIM DE BICAS;Animais na Pista;Atropelamento de Animal;Com Vítimas Feridas;Plena Noite;Decrescente;Céu Claro;Múltipla;Curva;-20.044.142;-44.270.616
30/06/2024;10:42:00;ALTAMIRA;Ultrapassagem Indevida;Colisão frontal;Com Vítimas Fatais;Pleno dia;Crescente;Céu Claro;Simples;Reta;-823.205.807;-5.511.763.517
02/07/2024;16:00:00;MEDICILANDIA;Demais falhas na via;Colisão lateral mesmo sentido;Com Vítimas Feridas;Pleno dia;Decrescente;Céu Claro;Simples;Reta;-353.744.028;-531.718.087
02/07/2024;20:40:00;JACIARA;Ultrapassagem Indevida;Colisão lateral mesmo sentido;Com Vítimas Feridas;Plena Noite;Decrescente;Céu Claro;Dupla;Declive;-1.595.076.591;-5.499.952.397
03/07/2024;01:45:00;NOVA IGUACU;Animais na Pista;Atropelamento de Animal;Sem Vítimas;Pleno dia;Decrescente;Céu Claro;Dupla;Reta;-2.268.403.385;-4.343.204.498
03/07/2024;06:50:00;PIRAI;Velocidade Incompatível;Tombamento;Com Vítimas Feridas;Anoitecer;Decrescente;Céu Claro;Simples;"Declive;Curva";-2.266.355.363;-4.384.062.168
03/07/2024;08:30:00;ITAJAI;Manobra de mudança de faixa;Colisão traseira;Com Vítimas Feridas;Pleno dia;Crescente;Céu Claro;Múltipla;Reta;-2.688.747.187;-4.872.252.969
03/07/2024;08:15:00;MUITOS CAPOES;Ultrapassagem Indevida;Colisão frontal;Com Vítimas Feridas;Pleno dia;Crescente;Nublado;Simples;Reta;-2.840.371;-5.104.912
03/07/2024;09:28:00;RIO VERDE;Conversão proibida;Colisão transversal;Com Vítimas Feridas;Pleno dia;Decrescente;Céu Claro;Dupla;Reta;-178.154;-511.083
03/07/2024;06:30:00;CORRENTINA;Demais Fenômenos da natureza;Colisão transversal;Com Vítimas Feridas;Pleno dia;Crescente;Céu Claro;Simples;Reta;-1.334.775.335;-4.463.734.466
29/06/2024;21:30:00;PALMAS;Manobra de mudança de faixa;Colisão transversal;Com Vítimas Feridas;Plena Noite;Crescente;Céu Claro;Múltipla;Reta;-1.015.618.788;-4.816.564.032
03/07/2024;10:30:00;BELO HORIZONTE;Manobra de mudança de faixa;Colisão lateral mesmo sentido;Sem Vítimas;Pleno dia;Não Informado;Sol;Dupla;"Reta;Declive";-1.985.223.971;-4.396.121.264
03/07/2024;11:55:00;ORTIGUEIRA;Velocidade Incompatível;Tombamento;Com Vítimas Feridas;Pleno dia;Crescente;Céu Claro;Dupla;Curva;-2.394.976.808;-5.111.509.323
03/07/2024;15:30:00;SAO CRISTOVAO;Manobra de mudança de faixa;Colisão lateral mesmo sentido;Sem Vítimas;Pleno dia;Decrescente;Garoa/Chuvisco;Dupla;Declive;-1.092.296.794;-3.717.475.104
26/05/2024;14:00:00;SAO DESIDERIO;Demais falhas na via;Colisão lateral sentido oposto;Com Vítimas Feridas;Pleno dia;Crescente;Céu Claro;Simples;Reta;-13.0;-46.0
03/07/2024;15:50:00;ARAPONGAS;Acesso irregular;Colisão traseira;Com Vítimas Feridas;Pleno dia;Crescente;Céu Claro;Simples;Reta;-233.925.119;-514.231.937
03/07/2024;15:20:00;CANDEIAS DO JAMARI;Ausência de sinalização;Colisão lateral mesmo sentido;Sem Vítimas;Pleno dia;Crescente;Sol;Dupla;"Em Obras;Interseção de Vias;Curva";-877.434.451;-6.348.418.057
03/07/2024;14:30:00;LAPA;Velocidade Incompatível;Tombamento;Sem Vítimas;Pleno dia;Decrescente;Céu Claro;Simples;Curva;-25.882.042;-50.008.629
03/07/2024;18:40:00;SANTO ANTONIO DA PLATINA;Ultrapassagem Indevida;Colisão lateral sentido oposto;Com Vítimas Feridas;Plena Noite;Decrescente;Céu Claro;Simples;Reta;-2.332.062.187;-5.006.804.466
03/07/2024;18:45:00;PEDRO CANARIO;Ultrapassagem Indevida;Colisão lateral mesmo sentido;Com Vítimas Feridas;Plena Noite;Crescente;Céu Claro;Múltipla;Reta;-1.826.546.317;-3.995.721.865
03/07/2024;20:55:00;EMBU DAS ARTES;Manobra de mudança de faixa;Colisão lateral mesmo sentido;Sem Vítimas;Plena Noite;Crescente;Céu Claro;Dupla;Reta;-2.368.570.216;-4.685.970.975
24/06/2024;11:00:00;ARAGUARI;Velocidade Incompatível;Tombamento;Com Vítimas Feridas;Pleno dia;Decrescente;Céu Claro;Dupla;Curva;-1.861.851.284;-481.028.889
03/07/2024;21:40:00;SANTA TEREZA DE GOIAS;Ultrapassagem Indevida;Colisão frontal;Com Vítimas Fatais;Plena Noite;Decrescente;Céu Claro;Simples;Reta;-1.361.298;-49.042.297
03/07/2024;21:40:00;ENGENHEIRO CALDAS;Ultrapassagem Indevida;Colisão lateral sentido oposto;Com Vítimas Feridas;Plena Noite;Decrescente;Céu Claro;Simples;"Declive;Reta";-1.921.626.114;-420.573.808
04/07/2024;05:35:00;BACABEIRA;Animais na Pista;Atropelamento de Animal;Com Vítimas Feridas;Plena Noite;Crescente;Céu Claro;Dupla;Aclive;-292.373.274;-4.434.012.671
04/07/2024;03:45:00;RODEIO;Velocidade Incompatível;Tombamento;Com Vítimas Feridas;Plena Noite;Decrescente;Céu Claro;Simples;Curva;-2.695.900.448;-4.932.496.548
10/05/2024;06:59:00;GARANHUNS;Velocidade Incompatível;Saída de leito carroçável;Com Vítimas Feridas;Pleno dia;Crescente;Nublado;Simples;"Curva;Declive";-884.593.423;-3.652.457.016
11/05/2024;09:30:00;RONDON DO PARA;Manobra de mudança de faixa;Colisão lateral sentido oposto;Com Vítimas Feridas;Pleno dia;Crescente;Céu Claro;Simples;Reta;-4.564.695;-47.836.113
11/05/2024;12:45:00;PRESIDENTE MEDICI;Acostamento em desnível;Colisão lateral sentido oposto;Com Vítimas Feridas;Pleno dia;Crescente;Céu Claro;Simples;Reta;-1.129.701.584;-6.189.403.573
04/07/2024;15:15:00;INHAPI;Frear bruscamente;Colisão traseira;Com Vítimas Feridas;Pleno dia;Decrescente;Céu Claro;Simples;Reta;-923.594.141;-3.764.447.786
04/07/2024;15:45:00;NOVA LARANJEIRAS;Velocidade Incompatível;Tombamento;Sem Vítimas;Pleno dia;Decrescente;Céu Claro;Simples;"Declive;Curva";-252.494;-526.289
04/07/2024;18:30:00;DOIS IRMAOS DO BURITI;Ultrapassagem Indevida;Colisão lateral mesmo sentido;Com Vítimas Feridas;Plena Noite;Decrescente;Céu Claro;Simples;Reta;-2.054.037.879;-5.555.744.501
04/07/2024;17:55:00;ELDORADO DO SUL;Conversão proibida;Colisão transversal;Com Vítimas Feridas;Anoitecer;Crescente;Nublado;Dupla;Reta;-30.057.785;-51.500.351
04/07/2024;15:20:00;CAMPINA GRANDE;Conversão proibida;Colisão transversal;Com Vítimas Feridas;Pleno dia;Decrescente;Céu Claro;Simples;"Reta;Rotatória";-725.694.458;-3.592.821.836
04/07/2024;19:45:00;CAMPO LARGO;Demais falhas na via;Tombamento;Com Vítimas Feridas;Plena Noite;Decrescente;Céu Claro;Dupla;Curva;-2.546.194.458;-4.958.083.343
04/07/2024;17:45:00;SAO MIGUEL DO OESTE;Manobra de mudança de faixa;Colisão transversal;Com Vítimas Feridas;Anoitecer;Decrescente;Nublado;Dupla;"Declive;Reta;Interseção de Vias";-267.589.655;-5.350.047.827
04/07/2024;19:45:00;TERESINA;Manobra de mudança de faixa;Colisão lateral mesmo sentido;Com Vítimas Feridas;Plena Noite;Decrescente;Céu Claro;Múltipla;"Viaduto;Reta";-514.374.305;-4.277.812.611
04/07/2024;15:30:00;POMBOS;Manobra de mudança de faixa;Colisão lateral mesmo sentido;Sem Vítimas;Pleno dia;Decrescente;Céu Claro;Simples;Reta;-815.598.579;-3.542.308.007
04/07/2024;22:40:00;PALHOCA;Velocidade Incompatível;Colisão traseira;Com Vítimas Feridas;Plena Noite;Crescente;Céu Claro;Dupla;Reta;-27.725.967;-48.643.324
05/07/2024;00:45:00;PALMEIRAS DO TOCANTINS;Afundamento ou ondulação no pavimento;Saída de leito carroçável;Com Vítimas Feridas;Plena Noite;Crescente;Céu Claro;Simples;Reta;-6.641.345;-47.667.072
05/07/2024;06:50:00;CARMOPOLIS DE MINAS;Neblina;Colisão traseira;Com Vítimas Fatais;Amanhecer;Decrescente;Nevoeiro/Neblina;Dupla;Curva;-2.052.516.037;-4.463.089.389
05/07/2024;05:30:00;SEABRA;Curva acentuada;Tombamento;Com Vítimas Feridas;Amanhecer;Decrescente;Céu Claro;Simples;Curva;-1.248.920.807;-4.173.173.904
05/07/2024;07:30:00;PUGMIL;Ultrapassagem Indevida;Colisão lateral sentido oposto;Com Vítimas Feridas;Pleno dia;Crescente;Céu Claro;Simples;"Reta;Ponte";-1.029.936.901;-4.888.409.895
05/07/2024;08:00:00;JABOATAO DOS GUARARAPES;Manobra de mudança de faixa;Colisão transversal;Com Vítimas Feridas;Pleno dia;Decrescente;Nublado;Dupla;Reta;-8.168.383;-349.376
05/07/2024;07:15:00;IMBAU;Velocidade Incompatível;Tombamento;Com Vítimas Fatais;Pleno dia;Decrescente;Céu Claro;Dupla;"Declive;Curva";-24.483.282;-50.734.283
05/07/2024;09:20:00;PORTO ALEGRE;Manobra de mudança de faixa;Colisão traseira;Sem Vítimas;Pleno dia;Decrescente;Chuva;Múltipla;Reta;-2.998.149.282;-5.120.123.213
05/07/2024;09:50:00;FEIRA DE SANTANA;Conversão proibida;Colisão transversal;Com Vítimas Feridas;Pleno dia;Crescente;Nublado;Dupla;Reta;-122.417.119;-3.893.768.485
05/07/2024;08:50:00;SOLEDADE;Manobra de mudança de faixa;Colisão lateral sentido oposto;Com Vítimas Feridas;Pleno dia;Crescente;Céu Claro;Simples;Curva;-2.873.544;-52.555.305
04/07/2024;06:38:00;PRESIDENTE MEDICI;Demais falhas na via;Colisão lateral sentido oposto;Com Vítimas Feridas;Pleno dia;Decrescente;Céu Claro;Simples;Reta;-1.137.476.688;-6.182.168.795
19/06/2024;23:20:00;ARAUJOS;Manobra de mudança de faixa;Colisão frontal;Com Vítimas Fatais;Plena Noite;Decrescente;Vento;Simples;Reta;-1.981.413.516;-4.509.767.404
05/07/2024;14:10:00;LAGES;Acesso irregular;Colisão lateral mesmo sentido;Com Vítimas Feridas;Pleno dia;Crescente;Céu Claro;Múltipla;Reta;-278.060.626;-5.036.577.523
05/07/2024;11:25:00;GOVERNADOR VALADARES;Velocidade Incompatível;Tombamento;Com Vítimas Feridas;Pleno dia;Decrescente;Sol;Simples;"Interseção de Vias;Curva;Rotatória;Retorno Regulamentado";-1.884.936.788;-4.197.891.368
05/07/2024;15:00:00;RIO BRANCO;Pista esburacada;Colisão traseira;Com Vítimas Feridas;Pleno dia;Crescente;Céu Claro;Dupla;Declive;-10.012.444;-67.746.305
30/05/2024;18:30:00;PORTO VELHO;Deficiência do Sistema de Iluminação/Sinalização;Colisão lateral mesmo sentido;Com Vítimas Feridas;Anoitecer;Decrescente;Céu Claro;Simples;Reta;-978.206.014;-6.642.509.898
05/07/2024;10:49:00;MESSIAS;Chuva;Saída de leito carroçável;Com Vítimas Feridas;Amanhecer;Decrescente;Chuva;Dupla;Curva;-931.533.293;-3.583.028.732
05/07/2024;19:10:00;CAMPO GRANDE;Estacionar ou parar em local proibido;Colisão traseira;Com Vítimas Fatais;Plena Noite;Crescente;Céu Claro;Dupla;Reta;-2.047.734.957;-5.475.069.718
26/05/2024;01:25:00;UBERABA;Velocidade Incompatível;Colisão traseira;Com Vítimas Feridas;Plena Noite;Crescente;Céu Claro;Dupla;"Reta;Declive";-1.972.771.598;-4.798.120.608
05/07/2024;14:40:00;SAO MATEUS DO MARANHAO;Animais na Pista;Colisão lateral sentido oposto;Com Vítimas Feridas;Pleno dia;Crescente;Céu Claro;Simples;Reta;-407.327.101;-4.447.380.819
05/07/2024;20:45:00;SINOP;Ultrapassagem Indevida;Colisão frontal;Com Vítimas Fatais;Plena Noite;Decrescente;Céu Claro;Simples;Reta;-1.172.012.965;-5.545.854.785
05/07/2024;23:00:00;GOIANIA;Velocidade Incompatível;Tombamento;Sem Vítimas;Plena Noite;Decrescente;Céu Claro;Dupla;"Curva;Rotatória";-166.777;-492.676
06/07/2024;04:50:00;IBATIBA;Neblina;Colisão traseira;Com Vítimas Feridas;Plena Noite;Crescente;Nublado;Simples;Reta;-2.026.970.693;-4.161.248.493
05/07/2024;17:00:00;AIURUOCA;Velocidade Incompatível;Saída de leito carroçável;Com Vítimas Feridas;Pleno dia;Crescente;Céu Claro;Simples;"Curva;Declive";-2.193.263.164;-4.470.242.991
06/07/2024;09:00:00;PIRAI;Acostamento em desnível;Tombamento;Com Vítimas Feridas;Pleno dia;Decrescente;Céu Claro;Dupla;Reta;-2.258.294.737;-4.396.879.302
06/07/2024;06:30:00;NOVA SANTA HELENA;Estacionar ou parar em local proibido;Colisão traseira;Com Vítimas Feridas;Pleno dia;Crescente;Céu Claro;Simples;Declive;-1.093.976.207;-5.521.080.884