data_inversa;horario;municipio;causa_acidente;tipo_acidente;classificacao_acidente;fase_dia;sentido_via;condicao_metereologica;tipo_pista;tracado_via;latitude;longitude
24/07/2024;16:00:00;SINOP;Desrespeitar a preferência no cruzamento;Colisão transversal;Com Vítimas Feridas;Pleno dia;Crescente;Céu Claro;Simples;"Retorno Regulamentado;Reta";-1.169.346.568;-5.545.156.002
24/07/2024;17:50:00;CAMBE;Manobra de mudança de faixa;Engavetamento;Com Vítimas Feridas;Pleno dia;Decrescente;Céu Claro;Dupla;"Retorno Regulamentado;Reta";-2.329.529.604;-5.129.549.325
24/07/2024;16:30:00;SINOP;Desrespeitar a preferência no cruzamento;Colisão transversal;Com Vítimas Feridas;Pleno dia;Crescente;Céu Claro;Simples;"Interseção de Vias;Rotatória;Retorno Regulamentado;Reta";-1.169.332;-5.545.158
24/07/2024;21:20:00;IRUPI;Velocidade Incompatível;Tombamento;Com Vítimas Feridas;Plena Noite;Decrescente;Nublado;Simples;Curva;-2.026.434.457;-4.159.340.179
24/07/2024;15:30:00;XANXERE;Ausência de sinalização;Colisão lateral mesmo sentido;Com Vítimas Feridas;Pleno dia;Crescente;Céu Claro;Simples;"Reta;Aclive";-2.688.604.788;-5.243.869.901
25/07/2024;05:15:00;LUZ;Desrespeitar a preferência no cruzamento;Colisão transversal;Com Vítimas Feridas;Amanhecer;Decrescente;Céu Claro;Simples;Rotatória;-1.978.323.056;-4.565.745.094
24/07/2024;19:25:00;PRIMAVERA DO LESTE;Acostamento em desnível;Tombamento;Com Vítimas Feridas;Plena Noite;Crescente;Céu Claro;Simples;Reta;-1.558.080.453;-5.445.501.395
25/07/2024;07:00:00;JOAO PINHEIRO;Acesso irregular;Colisão frontal;Sem Vítimas;Pleno dia;Crescente;Céu Claro;Simples;Reta;-1.796.221.895;-4.559.438.109
25/07/2024;08:00:00;CANDEIAS;Manobra de mudança de faixa;Colisão lateral mesmo sentido;Com Vítimas Feridas;Pleno dia;Crescente;Chuva;Múltipla;Reta;-1.263.012.705;-3.847.968.619
25/07/2024;09:54:00;NOVA IGUACU;Manobra de mudança de faixa;Colisão lateral mesmo sentido;Com Vítimas Feridas;Pleno dia;Decrescente;Céu Claro;Múltipla;Reta;-2.273.962.339;-4.346.276.495
25/07/2024;01:00:00;DUQUE DE CAXIAS;Animais na Pista;Colisão traseira;Com Vítimas Feridas;Plena Noite;Crescente;Céu Claro;Múltipla;Reta;-2.272.756.999;-432.891.609
10/05/2024;09:39:00;ITATIAIUCU;Velocidade Incompatível;Tombamento;Com Vítimas Feridas;Pleno dia;Crescente;Sol;Dupla;Curva;-201.904.316;-4.438.268.793
25/07/2024;12:15:00;OSORIO;Manobra de mudança de faixa;Colisão lateral mesmo sentido;Sem Vítimas;Pleno dia;Crescente;Céu Claro;Dupla;Reta;-2.974.048.559;-5.021.040.559
25/07/2024;12:40:00;BLUMENAU;Acesso irregular;Colisão transversal;Com Vítimas Feridas;Pleno dia;Decrescente;Céu Claro;Simples;"Reta;Interseção de Vias;Em Obras";-26.883.879;-49.145.622
25/07/2024;14:00:00;BERURI;Fumaça;Colisão frontal;Com Vítimas Feridas;Pleno dia;Crescente;Céu Claro;Simples;Reta;-505.690.522;-6.165.630.381
25/07/2024;15:15:00;DOM ELISEU;Conversão proibida;Colisão transversal;Com Vítimas Feridas;Pleno dia;Crescente;Céu Claro;Simples;Reta;-426.636.302;-4.756.070.012
25/07/2024;15:00:00;FLEXEIRAS;Manobra de mudança de faixa;Colisão lateral mesmo sentido;Sem Vítimas;Pleno dia;Crescente;Céu Claro;Dupla;Reta;-923.626.636;-3.576.617.122
25/07/2024;19:15:00;PAVERAMA;Manobra de mudança de faixa;Colisão lateral mesmo sentido;Com Vítimas Feridas;Plena Noite;Crescente;Céu Claro;Dupla;"Aclive;Curva";-2.965.059.042;-5.176.093.698
25/07/2024;12:30:00;GUARUJA DO SUL;Velocidade Incompatível;Tombamento;Sem Vítimas;Pleno dia;Crescente;Céu Claro;Simples;"Curva;Declive";-2.641.337.297;-5.352.364.405
25/07/2024;14:45:00;POXOREO;Acostamento em desnível;Tombamento;Com Vítimas Feridas;Pleno dia;Decrescente;Céu Claro;Simples;Reta;-1.557.937.887;-5.441.239.401
25/07/2024;21:00:00;CURVELO;Desrespeitar a preferência no cruzamento;Colisão transversal;Com Vítimas Feridas;Plena Noite;Crescente;Céu Claro;Simples;"Interseção de Vias;Reta";-19.137.384;-4.461.668.015
25/07/2024;20:00:00;DIVISA ALEGRE;Velocidade Incompatível;Tombamento;Sem Vítimas;Plena Noite;Crescente;Céu Claro;Simples;Reta;-1.572.609.196;-4.134.372.437
26/07/2024;05:10:00;RECIFE;Manobra de mudança de faixa;Colisão lateral mesmo sentido;Sem Vítimas;Pleno dia;Decrescente;Céu Claro;Dupla;Reta;-797.708.575;-3.492.607.318
26/07/2024;08:30:00;SETE LAGOAS;Estacionar ou parar em local proibido;Colisão traseira;Com Vítimas Feridas;Pleno dia;Decrescente;Céu Claro;Múltipla;"Declive;Reta";-1.950.551.591;-4.427.423.377
26/07/2024;08:15:00;BRASILIA;Manobra de mudança de faixa;Colisão lateral mesmo sentido;Sem Vítimas;Pleno dia;Decrescente;Céu Claro;Múltipla;Reta;-15.802.453;-48.080.387
26/07/2024;07:50:00;CANAS;Manobra de mudança de faixa;Colisão com objeto;Com Vítimas Feridas;Pleno dia;Decrescente;Céu Claro;Dupla;Reta;-2.271.393.589;-4.505.335.608
26/07/2024;09:55:00;INDAIAL;Ultrapassagem Indevida;Colisão frontal;Com Vítimas Feridas;Pleno dia;Decrescente;Céu Claro;Simples;"Reta;Em Obras";-2.687.074.581;-4.921.505.928
26/07/2024;07:40:00;SAO GONCALO DO AMARANTE;Animais na Pista;Saída de leito carroçável;Sem Vítimas;Pleno dia;Decrescente;Céu Claro;Dupla;"Declive;Reta";-575.951.414;-3.529.714.108
26/07/2024;11:30:00;GUAICARA;Desrespeitar a preferência no cruzamento;Colisão transversal;Com Vítimas Feridas;Pleno dia;Decrescente;Céu Claro;Simples;"Rotatória;Reta;Interseção de Vias";-21.633.102;-49.787.743
26/07/2024;11:45:00;MARMELEIRO;Velocidade Incompatível;Saída de leito carroçável;Com Vítimas Fatais;Pleno dia;Crescente;Céu Claro;Simples;Curva;-2.623.355.831;-531.812.465
26/07/2024;10:15:00;TRES DE MAIO;Desrespeitar a preferência no cruzamento;Colisão transversal;Com Vítimas Feridas;Pleno dia;Crescente;Céu Claro;Simples;Curva;-2.776.660.989;-5.427.491.106
26/07/2024;16:00:00;VIANA;Manobra de mudança de faixa;Colisão lateral mesmo sentido;Com Vítimas Feridas;Pleno dia;Decrescente;Sol;Dupla;Reta;-203.800.645;-4.045.431.391
26/07/2024;15:15:00;ARACATI;Velocidade Incompatível;Colisão frontal;Com Vítimas Feridas;Pleno dia;Crescente;Céu Claro;Simples;Reta;-461.941.944;-376.509.365
26/07/2024;16:42:00;ABREU E LIMA;Manobra de mudança de faixa;Colisão lateral mesmo sentido;Sem Vítimas;Pleno dia;Decrescente;Céu Claro;Múltipla;Reta;-79.005.152;-3.490.180.641
26/07/2024;18:00:00;SAO DOMINGOS DO PRATA;Velocidade Incompatível;Colisão traseira;Sem Vítimas;Anoitecer;Decrescente;Céu Claro;Simples;Reta;-200.020.998;-4.277.600.786
18/07/2024;15:50:00;PATO BRANCO;Manobra de mudança de faixa;Colisão lateral mesmo sentido;Sem Vítimas;Pleno dia;Crescente;Céu Claro;Simples;"Aclive;Curva";-26.051.307;-52.624.901
26/07/2024;22:15:00;PANTANO GRANDE;Desrespeitar a preferência no cruzamento;Colisão transversal;Com Vítimas Feridas;Plena Noite;Crescente;Céu Claro;Simples;Interseção de Vias;-3.016.557.339;-5.237.349.987
26/07/2024;20:50:00;MUQUEM DE SAO FRANCISCO;Manobra de mudança de faixa;Colisão frontal;Com Vítimas Fatais;Plena Noite;Crescente;Céu Claro;Simples;Reta;-1.214.100.918;-4.335.275.377
27/07/2024;07:15:00;BALNEARIO CAMBORIU;Conversão proibida;Colisão transversal;Com Vítimas Feridas;Pleno dia;Decrescente;Céu Claro;Múltipla;Reta;-2.698.407.618;-4.866.977.107
27/07/2024;07:10:00;LEOPOLDINA;Curva acentuada;Tombamento;Com Vítimas Feridas;Pleno dia;Decrescente;Céu Claro;Simples;Curva;-2.157.932.128;-4.268.264.985
27/07/2024;06:20:00;GOVERNADOR CELSO RAMOS;Frear bruscamente;Colisão traseira;Com Vítimas Feridas;Amanhecer;Crescente;Nevoeiro/Neblina;Dupla;"Reta;Em Obras";-2.733.081.601;-4.862.697.562
27/07/2024;08:55:00;LAGOINHA DO PIAUI;Ultrapassagem Indevida;Colisão transversal;Com Vítimas Feridas;Pleno dia;Crescente;Céu Claro;Simples;Reta;-576.504.417;-4.260.991.708
27/07/2024;12:05:00;SANTA TEREZA DO OESTE;Ultrapassagem Indevida;Colisão lateral mesmo sentido;Com Vítimas Feridas;Pleno dia;Decrescente;Nublado;Simples;Aclive;-2.505.215.123;-5.363.184.497
27/07/2024;15:10:00;DUQUE DE CAXIAS;Frear bruscamente;Colisão lateral mesmo sentido;Com Vítimas Feridas;Pleno dia;Crescente;Céu Claro;Dupla;Reta;-226.723.488;-4.328.215.398
27/07/2024;15:00:00;BREJO SANTO;Ultrapassagem Indevida;Colisão frontal;Com Vítimas Feridas;Pleno dia;Decrescente;Céu Claro;Simples;Reta;-747.977.281;-389.815.676
27/07/2024;18:15:00;RIO GRANDE;Pista Escorregadia;Queda de ocupante de veículo;Com Vítimas Feridas;Plena Noite;Crescente;Nevoeiro/Neblina;Simples;Curva;-3.205.362.099;-5.208.645.803
27/07/2024;17:55:00;TAPAUA;Fumaça;Colisão lateral sentido oposto;Com Vítimas Feridas;Pleno dia;Crescente;Céu Claro;Simples;Reta;-6.726.126;-6.298.621
27/07/2024;18:45:00;SAO SIMAO;Ultrapassagem Indevida;Colisão frontal;Com Vítimas Feridas;Plena Noite;Decrescente;Céu Claro;Simples;Declive;-19.024.111;-50.528.896
27/07/2024;21:50:00;SOORETAMA;Ultrapassagem Indevida;Colisão frontal;Com Vítimas Fatais;Plena Noite;Crescente;Céu Claro;Simples;Reta;-1.913.567.283;-4.007.109.336
27/07/2024;22:35:00;CAETE;Velocidade Incompatível;Tombamento;Com Vítimas Feridas;Plena Noite;Crescente;Nublado;Dupla;"Curva;Aclive";-1.976.425.109;-4.364.210.754
28/07/2024;02:55:00;FRANCISCO SA;Velocidade Incompatível;Saída de leito carroçável;Com Vítimas Feridas;Plena Noite;Crescente;Céu Claro;Simples;Curva;-1.646.506.081;-4.343.616.486
28/07/2024;08:00:00;RIO GRANDE;Velocidade Incompatível;Saída de leito carroçável;Com Vítimas Feridas;Pleno dia;Decrescente;Garoa/Chuvisco;Dupla;"Reta;Declive";-3.180.429.309;-5.232.886.107
28/07/2024;11:15:00;ITAMONTE;Velocidade Incompatível;Colisão lateral sentido oposto;Com Vítimas Feridas;Pleno dia;Crescente;Céu Claro;Simples;Curva;-2.236.272.523;-4.477.518.082
15/06/2024;06:45:00;PRATA;Manobra de mudança de faixa;Colisão frontal;Com Vítimas Fatais;Amanhecer;Crescente;Céu Claro;Simples;"Aclive;Reta";-190.706.063;-4.900.347.944
28/07/2024;13:15:00;ELDORADO DO SUL;Velocidade Incompatível;Colisão frontal;Com Vítimas Feridas;Pleno dia;Crescente;Nublado;Múltipla;Reta;-3.006.164.163;-5.153.010.976
28/07/2024;14:00:00;FLEXEIRAS;Velocidade Incompatível;Colisão com objeto;Com Vítimas Feridas;Pleno dia;Crescente;Céu Claro;Dupla;Curva;-9.241.987;-35.760.014
28/07/2024;18:20:00;CONTAGEM;Manobra de mudança de faixa;Colisão lateral mesmo sentido;Com Vítimas Feridas;Plena Noite;Decrescente;Céu Claro;Dupla;Reta;-1.996.179.268;-4.405.041.676
28/07/2024;17:30:00;MAUA DA SERRA;Velocidade Incompatível;Tombamento;Com Vítimas Feridas;Anoitecer;Crescente;Céu Claro;Dupla;"Declive;Curva";-2.393.470.963;-5.113.824.606
28/07/2024;21:10:00;TIJUCAS DO SUL;Ultrapassagem Indevida;Colisão lateral mesmo sentido;Com Vítimas Feridas;Plena Noite;Crescente;Céu Claro;Dupla;Reta;-2.578.245.804;-4.912.098.281
28/07/2024;19:05:00;PONTES E LACERDA;Desrespeitar a preferência no cruzamento;Colisão transversal;Com Vítimas Feridas;Plena Noite;Crescente;Céu Claro;Simples;"Reta;Interseção de Vias";-1.522.684.916;-5.934.942.484
28/07/2024;20:10:00;JOACABA;Ultrapassagem Indevida;Saída de leito carroçável;Com Vítimas Feridas;Plena Noite;Decrescente;Chuva;Simples;"Declive;Curva";-27.132.223;-51.627.563
29/07/2024;03:00:00;BETIM;Animais na Pista;Atropelamento de Animal;Com Vítimas Feridas;Plena Noite;Crescente;Céu Claro;Dupla;"Aclive;Reta";-2.004.478.441;-4.427.276.484
28/07/2024;16:50:00;POXOREO;Acostamento em desnível;Tombamento;Com Vítimas Feridas;Pleno dia;Crescente;Céu Claro;Simples;"Reta;Ponte";-1.563.324.793;-5.396.682.499
29/07/2024;06:00:00;PORTO SEGURO;Ultrapassagem Indevida;Colisão frontal;Com Vítimas Feridas;Amanhecer;Crescente;Céu Claro;Simples;Curva;-1.639.129.187;-3.920.169.694
29/07/2024;08:00:00;MONTE ALEGRE DE MINAS;Ultrapassagem Indevida;Colisão lateral sentido oposto;Com Vítimas Fatais;Pleno dia;Crescente;Céu Claro;Simples;"Reta;Ponte";-1.898.732.805;-4.902.192.524
20/07/2024;13:00:00;FOZ DO IGUACU;Ultrapassagem Indevida;Colisão lateral mesmo sentido;Com Vítimas Feridas;Pleno dia;Crescente;Céu Claro;Dupla;"Retorno Regulamentado;Declive;Curva";-2.551.117.694;-5.454.994.082
29/07/2024;11:00:00;CARIACICA;Frear bruscamente;Colisão traseira;Com Vítimas Feridas;Pleno dia;Crescente;Sol;Dupla;Reta;-20.268.324;-40.388.883
29/07/2024;08:40:00;ARAXA;Ultrapassagem Indevida;Colisão lateral mesmo sentido;Com Vítimas Feridas;Pleno dia;Decrescente;Céu Claro;Simples;Reta;-1.961.440.236;-4.720.558.085
29/07/2024;12:35:00;SAO JOSE DOS PINHAIS;Manobra de mudança de faixa;Saída de leito carroçável;Com Vítimas Feridas;Pleno dia;Crescente;Chuva;Dupla;"Declive;Reta";-25.520.798;-49.135.202
29/07/2024;15:22:00;SAO GONCALO DO SAPUCAI;Manobra de mudança de faixa;Colisão lateral mesmo sentido;Com Vítimas Fatais;Pleno dia;Crescente;Céu Claro;Dupla;Reta;-2.194.639.129;-4.562.086.966
29/07/2024;16:20:00;ITABORAI;Acesso irregular;Colisão traseira;Com Vítimas Feridas;Pleno dia;Crescente;Céu Claro;Dupla;Reta;-2.273.591.014;-4.280.592.689
29/07/2024;19:45:00;UBERABA;Desrespeitar a preferência no cruzamento;Colisão transversal;Com Vítimas Feridas;Plena Noite;Crescente;Céu Claro;Dupla;"Retorno Regulamentado;Aclive;Reta";-1.922.352.202;-4.814.475.808
29/07/2024;16:30:00;ORTIGUEIRA;Velocidade Incompatível;Saída de leito carroçável;Com Vítimas Feridas;Pleno dia;Crescente;Chuva;Simples;Curva;-240.677.081;-510.634.941
30/07/2024;05:00:00;SAO SEBASTIAO DA BELA VISTA;Velocidade Incompatível;Tombamento;Com Vítimas Feridas;Amanhecer;Crescente;Céu Claro;Dupla;Reta;-2.213.347.012;-4.580.792.092
30/07/2024;08:30:00;JOINVILLE;Manobra de mudança de faixa;Colisão lateral mesmo sentido;Com Vítimas Feridas;Pleno dia;Decrescente;Nublado;Dupla;Reta;-2.629.251.598;-4.888.474.385
30/07/2024;08:20:00;JUQUITIBA;Chuva;Saída de leito carroçável;Com Vítimas Fatais;Pleno dia;Crescente;Garoa/Chuvisco;Dupla;Curva;-2.394.085.262;-4.705.337.099
28/07/2024;01:00:00;OLIVEIRA;Animais na Pista;Atropelamento de Animal;Sem Vítimas;Plena Noite;Crescente;Céu Claro;Dupla;Curva;-2.064.973.798;-4.473.551.891
30/07/2024;12:10:00;ALHANDRA;Manobra de mudança de faixa;Colisão com objeto;Sem Vítimas;Pleno dia;Crescente;Céu Claro;Dupla;Reta;-732.549.201;-3.494.709.877
30/07/2024;14:00:00;ANCHIETA;Velocidade Incompatível;Colisão lateral sentido oposto;Com Vítimas Feridas;Pleno dia;Crescente;Céu Claro;Simples;"Declive;Curva";-207.043.621;-4.071.735.486
30/07/2024;14:40:00;ESTEIO;Desvio temporário;Colisão lateral mesmo sentido;Com Vítimas Feridas;Pleno dia;Decrescente;Nublado;Múltipla;"Reta;Desvio Temporário;Em Obras";-2.985.262.195;-5.117.968.329
30/07/2024;16:20:00;EXTREMA;Manobra de mudança de faixa;Colisão lateral mesmo sentido;Com Vítimas Fatais;Pleno dia;Crescente;Garoa/Chuvisco;Múltipla;"Aclive;Reta";-2.283.552.207;-4.632.007.599
30/07/2024;15:12:00;GARUVA;Manobra de mudança de faixa;Colisão traseira;Sem Vítimas;Pleno dia;Crescente;Nublado;Múltipla;Reta;-2.598.895.627;-4.888.356.133
30/07/2024;19:00:00;CARIDADE;Demais falhas na via;Colisão traseira;Com Vítimas Feridas;Plena Noite;Crescente;Céu Claro;Simples;Reta;-4.094.943;-39.055.965
30/07/2024;20:50:00;JEQUITAI;Velocidade Incompatível;Tombamento;Com Vítimas Feridas;Plena Noite;Crescente;Céu Claro;Simples;Curva;-170.053.288;-4.429.189.682
31/07/2024;04:00:00;PIRAI;Pista Escorregadia;Capotamento;Com Vítimas Feridas;Amanhecer;Decrescente;Chuva;Dupla;Curva;-2.265.223.367;-4.382.992.389
31/07/2024;06:00:00;DOM PEDRITO;Animais na Pista;Atropelamento de Animal;Com Vítimas Feridas;Amanhecer;Crescente;Céu Claro;Simples;Reta;-3.112.969.842;-5.438.732.722
28/07/2024;03:30:00;JAGUAQUARA;Velocidade Incompatível;Colisão lateral sentido oposto;Sem Vítimas;Plena Noite;Decrescente;Céu Claro;Simples;Curva;-1.353.126.279;-4.006.433.648
25/06/2024;14:40:00;OCARA;Velocidade Incompatível;Engavetamento;Com Vítimas Fatais;Pleno dia;Crescente;Sol;Simples;"Reta;Em Obras";-438.873.492;-384.326.269
31/07/2024;11:20:00;CONTAGEM;Manobra de mudança de faixa;Colisão traseira;Com Vítimas Feridas;Pleno dia;Crescente;Céu Claro;Simples;"Aclive;Reta";-1.989.255.399;-4.404.985.478
31/07/2024;12:50:00;MOSSORO;Manobra de mudança de faixa;Colisão lateral mesmo sentido;Com Vítimas Feridas;Pleno dia;Decrescente;Céu Claro;Simples;Reta;-49.257.959;-3.741.798.185
31/07/2024;10:40:00;GOVERNADOR VALADARES;Acesso irregular;Colisão transversal;Com Vítimas Feridas;Pleno dia;Crescente;Céu Claro;Simples;Aclive;-1.875.570.099;-4.198.568.765
31/07/2024;12:45:00;PETROPOLIS;Velocidade Incompatível;Tombamento;Com Vítimas Feridas;Pleno dia;Crescente;Céu Claro;Simples;Curva;-2.248.005.592;-4.323.543.994
31/07/2024;08:25:00;JEQUIE;Ultrapassagem Indevida;Colisão lateral mesmo sentido;Sem Vítimas;Pleno dia;Decrescente;Céu Claro;Simples;Reta;-1.389.460.708;-4.014.410.687
31/07/2024;13:15:00;PANAMBI;Demais falhas na via;Saída de leito carroçável;Com Vítimas Feridas;Pleno dia;Decrescente;Céu Claro;Simples;"Declive;Reta";-28.378.822;-53.383.121
31/07/2024;14:30:00;JUAZEIRINHO;Acostamento em desnível;Capotamento;Com Vítimas Feridas;Pleno dia;Crescente;Sol;Simples;Reta;-70.473;-365.268
31/07/2024;14:15:00;SAPUCAIA;Velocidade Incompatível;Tombamento;Com Vítimas Feridas;Pleno dia;Crescente;Céu Claro;Simples;Curva;-2.206.816.216;-4.303.290.587
31/07/2024;11:00:00;PARAGOMINAS;Manobra de mudança de faixa;Colisão lateral sentido oposto;Com Vítimas Feridas;Pleno dia;Decrescente;Sol;Simples;Reta;-314.247.298;-4.749.195.111
31/07/2024;18:30:00;CHOPINZINHO;Ultrapassagem Indevida;Colisão frontal;Com Vítimas Feridas;Plena Noite;Crescente;Céu Claro;Simples;Reta;-25.951.228;-5.240.757.596
31/07/2024;15:20:00;GUAPIMIRIM;Curva acentuada;Tombamento;Com Vítimas Feridas;Pleno dia;Crescente;Nublado;Simples;"Declive;Curva";-2.247.811.419;-4.299.603.471
31/07/2024;21:00:00;PARANAGUA;Estacionar ou parar em local proibido;Colisão lateral mesmo sentido;Sem Vítimas;Plena Noite;Decrescente;Céu Claro;Dupla;Reta;-25.568.198;-48.615.292
01/08/2024;10:00:00;SAO JOSE DOS CAMPOS;Manobra de mudança de faixa;Tombamento;Com Vítimas Feridas;Pleno dia;Crescente;Céu Claro;Múltipla;Reta;-2.319.542.994;-4.587.176.303
01/08/2024;07:50:00;MONTEIRO;Conversão proibida;Colisão transversal;Com Vítimas Feridas;Pleno dia;Crescente;Céu Claro;Simples;Curva;-791.049.426;-3.714.508.079
01/08/2024;10:00:00;IGARAPE;Velocidade Incompatível;Colisão lateral mesmo sentido;Com Vítimas Feridas;Pleno dia;Decrescente;Céu Claro;Dupla;"Declive;Curva";-2.010.866.993;-4.431.488.799
24/07/2024;21:50:00;PARANATAMA;Ausência de sinalização;Colisão traseira;Sem Vítimas;Plena Noite;Crescente;Garoa/Chuvisco;Simples;"Aclive;Reta";-88.998.297;-3.664.277.108
15/07/2024;11:45:00;TIJUCAS DO SUL;Velocidade Incompatível;Colisão traseira;Com Vítimas Feridas;Pleno dia;Crescente;Chuva;Simples;"Declive;Curva";-258.545.188;-4.899.854.279
01/08/2024;14:05:00;ALFREDO WAGNER;Velocidade Incompatível;Colisão frontal;Com Vítimas Fatais;Pleno dia;Decrescente;Céu Claro;Simples;Curva;-276.642.202;-492.008.223
01/08/2024;17:00:00;SAO PEDRO DO SUL;Manobra de mudança de faixa;Colisão lateral sentido oposto;Com Vítimas Feridas;Pleno dia;Crescente;Céu Claro;Simples;Curva;-29.639.991;-5.432.167
01/08/2024;12:35:00;PELOTAS;Manobra de mudança de faixa;Colisão transversal;Com Vítimas Feridas;Pleno dia;Crescente;Céu Claro;Dupla;Curva;-3.175.709.532;-5.239.980.728
21/07/2024;21:00:00;CANARANA;Animais na Pista;Colisão lateral mesmo sentido;Sem Vítimas;Plena Noite;Crescente;Céu Claro;Simples;Reta;-1.325.183.916;-5.196.774.569
02/08/2024;07:15:00;CAMPOS DOS GOYTACAZES;Declive acentuado;Tombamento;Sem Vítimas;Pleno dia;Crescente;Céu Claro;Simples;"Declive;Curva";-2.182.752.108;-4.145.414.032
02/08/2024;08:00:00;SAO LEOPOLDO;Manobra de mudança de faixa;Colisão lateral mesmo sentido;Com Vítimas Feridas;Pleno dia;Crescente;Céu Claro;Múltipla;Curva;-2.976.733.091;-511.535.296
02/08/2024;09:00:00;MIRANORTE;Velocidade Incompatível;Saída de leito carroçável;Com Vítimas Feridas;Pleno dia;Decrescente;Céu Claro;Dupla;Curva;-9.550.197;-48.599.823
25/07/2024;17:00:00;RUSSAS;Ultrapassagem Indevida;Capotamento;Com Vítimas Feridas;Pleno dia;Decrescente;Céu Claro;Simples;"Declive;Reta";-501.875.184;-3.805.602.007
02/08/2024;11:00:00;VERA;Ultrapassagem Indevida;Colisão lateral mesmo sentido;Com Vítimas Feridas;Pleno dia;Decrescente;Céu Claro;Simples;Reta;-12.190.175;-55.532.073
02/08/2024;14:30:00;PORTO ALEGRE;Manobra de mudança de faixa;Colisão lateral mesmo sentido;Com Vítimas Feridas;Pleno dia;Decrescente;Sol;Dupla;Reta;-29.994.816;-51.217.403
02/08/2024;07:40:00;SAO DOMINGOS DO AZEITAO;Conversão proibida;Colisão frontal;Com Vítimas Fatais;Pleno dia;Crescente;Céu Claro;Simples;Interseção de Vias;-682.940.133;-4.466.412.981
02/08/2024;08:25:00;FLEXEIRAS;Acostamento em desnível;Tombamento;Com Vítimas Fatais;Pleno dia;Decrescente;Chuva;Dupla;Reta;-916.377.891;-3.577.034.503
02/08/2024;16:25:00;IJUI;Conversão proibida;Colisão lateral sentido oposto;Com Vítimas Feridas;Pleno dia;Crescente;Sol;Simples;Reta;-2.838.165.009;-5.388.145.924
02/08/2024;17:00:00;ALCOBACA;Manobra de mudança de faixa;Colisão lateral mesmo sentido;Com Vítimas Fatais;Pleno dia;Decrescente;Nublado;Simples;Reta;-17.327.788;-39.631.095
02/08/2024;22:00:00;IBIRAMA;Velocidade Incompatível;Saída de leito carroçável;Com Vítimas Feridas;Pleno dia;Decrescente;Nublado;Simples;Curva;-27.099.888;-49.527.679
03/08/2024;00:15:00;ANTONIO DIAS;Desvio temporário;Colisão frontal;Com Vítimas Feridas;Plena Noite;Decrescente;Céu Claro;Simples;"Desvio Temporário;Em Obras";-1.962.698.434;-428.708.198
03/08/2024;06:00:00;RIO GRANDE;Desrespeitar a preferência no cruzamento;Colisão transversal;Sem Vítimas;Amanhecer;Crescente;Nublado;Simples;Reta;-3.204.488.513;-520.855.305
03/08/2024;05:40:00;CAETES;Falta de acostamento;Capotamento;Com Vítimas Feridas;Amanhecer;Decrescente;Chuva;Simples;"Reta;Aclive";-878.427.532;-3.661.322.121
03/08/2024;10:05:00;ARACATI;Desrespeitar a preferência no cruzamento;Colisão transversal;Com Vítimas Feridas;Pleno dia;Crescente;Céu Claro;Simples;"Interseção de Vias;Rotatória";-457.510.003;-3.779.823.699
03/08/2024;09:40:00;SAO DOMINGOS DO PRATA;Ausência de sinalização;Colisão lateral sentido oposto;Com Vítimas Feridas;Pleno dia;Decrescente;Céu Claro;Simples;"Reta;Ponte";-2.002.822.107;-4.274.065.423
03/08/2024;12:00:00;VARGEM;Frear bruscamente;Colisão traseira;Com Vítimas Feridas;Pleno dia;Decrescente;Céu Claro;Dupla;"Reta;Aclive";-2.290.533.708;-4.642.270.582
03/08/2024;14:00:00;NATAL;Manobra de mudança de faixa;Colisão lateral mesmo sentido;Sem Vítimas;Pleno dia;Crescente;Sol;Dupla;"Declive;Viaduto;Reta";-5.777.664;-3.524.937
03/08/2024;15:20:00;RONDONOPOLIS;Manobra de mudança de faixa;Colisão lateral mesmo sentido;Sem Vítimas;Pleno dia;Decrescente;Céu Claro;Dupla;Reta;-1.644.347.006;-5.467.236.704
03/08/2024;15:50:00;DEODAPOLIS;Desrespeitar a preferência no cruzamento;Tombamento;Com Vítimas Fatais;Pleno dia;Crescente;Céu Claro;Simples;Reta;-2.230.271.018;-5.410.049.207
03/08/2024;11:30:00;PALMEIRAS;Velocidade Incompatível;Tombamento;Com Vítimas Feridas;Pleno dia;Decrescente;Céu Claro;Simples;Curva;-1.244.242.411;-4.149.772.087
08/07/2024;01:30:00;FEIRA DE SANTANA;Ausência de sinalização;Colisão traseira;Com Vítimas Feridas;Plena Noite;Decrescente;Céu Claro;Dupla;Reta;-1.228.337.144;-3.899.844.647
03/08/2024;18:30:00;CAMBUI;Velocidade Incompatível;Colisão com objeto;Com Vítimas Feridas;Plena Noite;Decrescente;Céu Claro;Dupla;"Declive;Reta";-226.697.303;-4.609.341.826
03/08/2024;14:30:00;CAMPO ALEGRE DE GOIAS;Velocidade Incompatível;Tombamento;Com Vítimas Feridas;Pleno dia;Crescente;Céu Claro;Dupla;Curva;-178.022;-477.667
03/08/2024;22:48:00;ALIANCA DO TOCANTINS;Ultrapassagem Indevida;Colisão frontal;Com Vítimas Fatais;Plena Noite;Crescente;Céu Claro;Simples;"Reta;Aclive";-114.917.799;-4.900.391.231
03/08/2024;23:30:00;BELO HORIZONTE;Manobra de mudança de faixa;Colisão lateral mesmo sentido;Com Vítimas Fatais;Plena Noite;Decrescente;Céu Claro;Dupla;Reta;-1.992.608.028;-4.400.880.575
04/08/2024;02:30:00;MANGARATIBA;Conversão proibida;Colisão transversal;Com Vítimas Feridas;Plena Noite;Crescente;Céu Claro;Múltipla;"Reta;Interseção de Vias;Retorno Regulamentado";-2.293.391.858;-439.899.979