data_inversa;horario;municipio;causa_acidente;tipo_acidente;classificacao_acidente;fase_dia;sentido_via;condicao_metereologica;tipo_pista;tracado_via;latitude;longitude
23/08/2024;19:40:00;RIO DE JANEIRO;Estacionar ou parar em local proibido;Colisão lateral mesmo sentido;Com Vítimas Feridas;Plena Noite;Decrescente;Nublado;Dupla;Reta;-2.289.346.927;-4.367.542.992
23/08/2024;19:30:00;CURITIBA;Manobra de mudança de faixa;Colisão lateral mesmo sentido;Com Vítimas Feridas;Plena Noite;Decrescente;Nublado;Dupla;"Aclive;Reta";-255.533.615;-493.359.357
23/08/2024;19:00:00;SAO LOURENCO DA SERRA;Curva acentuada;Tombamento;Com Vítimas Feridas;Pleno dia;Crescente;Céu Claro;Simples;Curva;-2.384.287.313;-4.693.238.591
23/08/2024;16:00:00;IBATIBA;Ultrapassagem Indevida;Tombamento;Com Vítimas Feridas;Pleno dia;Decrescente;Céu Claro;Simples;"Reta;Aclive";-2.022.096.685;-4.141.902.406
23/08/2024;17:15:00;PALMEIRA;Ultrapassagem Indevida;Colisão lateral sentido oposto;Com Vítimas Feridas;Pleno dia;Decrescente;Chuva;Simples;"Reta;Aclive";-2.543.186.952;-5.013.991.928
24/08/2024;10:00:00;TIJUCAS DO SUL;Chuva;Colisão com objeto;Com Vítimas Feridas;Pleno dia;Decrescente;Chuva;Dupla;"Reta;Declive";-2.584.564.757;-4.908.816.197
24/08/2024;10:25:00;SANTA RITA;Manobra de mudança de faixa;Colisão lateral mesmo sentido;Sem Vítimas;Pleno dia;Crescente;Sol;Simples;Reta;-315.759.591;-4.433.373.316
24/08/2024;08:20:00;MACAE;Ultrapassagem Indevida;Colisão lateral sentido oposto;Com Vítimas Feridas;Pleno dia;Crescente;Céu Claro;Simples;Curva;-2.226.234.085;-4.185.003.207
24/08/2024;10:35:00;MANDIRITUBA;Velocidade Incompatível;Tombamento;Sem Vítimas;Pleno dia;Decrescente;Chuva;Simples;"Declive;Reta";-25.801.729;-49.329.164
24/08/2024;12:30:00;OURO PRETO;Manobra de mudança de faixa;Colisão lateral mesmo sentido;Com Vítimas Feridas;Pleno dia;Crescente;Céu Claro;Simples;"Reta;Aclive";-2.040.314.903;-4.389.730.509
24/08/2024;13:00:00;ORTIGUEIRA;Chuva;Colisão frontal;Com Vítimas Feridas;Pleno dia;Crescente;Chuva;Simples;Reta;-243.824.678;-507.902.216
24/08/2024;11:10:00;JEQUIE;Manobra de mudança de faixa;Derramamento de carga;Sem Vítimas;Pleno dia;Decrescente;Céu Claro;Simples;Curva;-140.196.772;-4.019.054.244
24/08/2024;06:00:00;SAO FELIX DE BALSAS;Curva acentuada;Tombamento;Com Vítimas Feridas;Amanhecer;Decrescente;Ignorado;Simples;Curva;-681.231.184;-4.480.575.609
24/08/2024;12:30:00;NOVA MUTUM;Demais Fenômenos da natureza;Incêndio;Sem Vítimas;Pleno dia;Decrescente;Céu Claro;Simples;Reta;-1.367.377.202;-5.603.778.485
24/08/2024;14:40:00;EUCLIDES DA CUNHA;Velocidade Incompatível;Colisão frontal;Com Vítimas Fatais;Pleno dia;Crescente;Céu Claro;Simples;"Declive;Reta";-1.060.447.084;-3.897.241.665
24/08/2024;21:00:00;JEREMOABO;Velocidade Incompatível;Saída de leito carroçável;Com Vítimas Fatais;Plena Noite;Crescente;Céu Claro;Simples;Reta;-989.892.785;-3.883.576.505
24/08/2024;21:10:00;ESCADA;Manobra de mudança de faixa;Capotamento;Com Vítimas Feridas;Plena Noite;Crescente;Céu Claro;Dupla;Reta;-834.532.196;-3.514.676.704
25/08/2024;03:00:00;BARRA MANSA;Pista Escorregadia;Colisão com objeto;Com Vítimas Feridas;Plena Noite;Decrescente;Garoa/Chuvisco;Dupla;Curva;-2.244.937.197;-4.432.171.194
25/08/2024;10:30:00;CAMBUI;Velocidade Incompatível;Colisão lateral mesmo sentido;Com Vítimas Feridas;Pleno dia;Crescente;Chuva;Dupla;"Aclive;Curva";-2.267.462.115;-4.609.762.001
25/08/2024;14:30:00;LUZ;Velocidade Incompatível;Colisão lateral sentido oposto;Com Vítimas Feridas;Pleno dia;Decrescente;Céu Claro;Simples;Curva;-1.977.588.012;-4.575.149.703
25/08/2024;14:00:00;CONTAGEM;Manobra de mudança de faixa;Colisão lateral mesmo sentido;Com Vítimas Feridas;Pleno dia;Decrescente;Céu Claro;Dupla;Reta;-1.989.255.399;-4.404.985.478
03/08/2024;23:30:00;APARECIDA;Estacionar ou parar em local proibido;Colisão com objeto;Com Vítimas Fatais;Plena Noite;Crescente;Céu Claro;Simples;Reta;-67.831;-381.362
25/08/2024;10:50:00;RIBEIRAO;Velocidade Incompatível;Tombamento;Com Vítimas Feridas;Pleno dia;Decrescente;Céu Claro;Dupla;Curva;-8.509.864;-35.385.865
26/08/2024;03:30:00;MILAGRES;Velocidade Incompatível;Colisão transversal;Com Vítimas Feridas;Plena Noite;Crescente;Céu Claro;Simples;Curva;-730.948.525;-389.373.064
26/08/2024;04:50:00;VILA VELHA;Velocidade Incompatível;Tombamento;Com Vítimas Feridas;Amanhecer;Decrescente;Céu Claro;Dupla;Curva;-2.048.575.596;-4.047.626.411
26/08/2024;05:00:00;CONSELHEIRO LAFAIETE;Estacionar ou parar em local proibido;Colisão transversal;Com Vítimas Feridas;Plena Noite;Crescente;Céu Claro;Simples;Reta;-207.152.208;-4.379.625.842
26/08/2024;00:25:00;BUTIA;Manobra de mudança de faixa;Colisão lateral sentido oposto;Com Vítimas Feridas;Pleno dia;Decrescente;Céu Claro;Simples;Reta;-30.122.547;-51.868.572
26/08/2024;04:00:00;RESENDE;Chuva;Tombamento;Com Vítimas Feridas;Plena Noite;Crescente;Chuva;Dupla;Curva;-2.249.236.889;-4.465.204.499
26/08/2024;05:30:00;SAO JOSE DA VITORIA;Velocidade Incompatível;Colisão transversal;Com Vítimas Fatais;Pleno dia;Decrescente;Nublado;Simples;Curva;-15.101.936;-39.354.931
26/08/2024;07:40:00;DOMINGOS MARTINS;Velocidade Incompatível;Colisão lateral sentido oposto;Com Vítimas Feridas;Pleno dia;Crescente;Garoa/Chuvisco;Simples;"Curva;Declive";-20.345.532;-41.106.395
26/08/2024;07:20:00;ESTRELA;Manobra de mudança de faixa;Colisão transversal;Com Vítimas Feridas;Pleno dia;Decrescente;Céu Claro;Dupla;Reta;-29.491.436;-5.195.174
26/08/2024;10:45:00;GUARULHOS;Manobra de mudança de faixa;Colisão lateral mesmo sentido;Sem Vítimas;Pleno dia;Decrescente;Céu Claro;Múltipla;Reta;-2.343.608.315;-4.642.805.094
06/08/2024;12:30:00;FOZ DO IGUACU;Manobra de mudança de faixa;Colisão lateral mesmo sentido;Com Vítimas Feridas;Pleno dia;Decrescente;Céu Claro;Simples;"Em Obras;Reta";-255.754;-545.489
26/08/2024;13:15:00;JAGUARIBE;Demais falhas na via;Tombamento;Com Vítimas Feridas;Pleno dia;Crescente;Céu Claro;Simples;Reta;-577.426.789;-3.852.503.341
26/08/2024;14:10:00;IPAUMIRIM;Demais falhas na via;Tombamento;Com Vítimas Feridas;Pleno dia;Decrescente;Céu Claro;Simples;"Declive;Reta";-676.086.622;-3.878.023.035
23/08/2024;06:20:00;TEOFILO OTONI;Manobra de mudança de faixa;Colisão transversal;Com Vítimas Feridas;Pleno dia;Decrescente;Nublado;Simples;"Reta;Aclive";-17.902.369;-41.522.926
27/08/2024;04:00:00;SIMAO PEREIRA;Curva acentuada;Tombamento;Com Vítimas Feridas;Amanhecer;Crescente;Nevoeiro/Neblina;Dupla;"Curva;Aclive";-21.899.943;-4.331.155.704
27/08/2024;06:00:00;BARBACENA;Velocidade Incompatível;Tombamento;Com Vítimas Feridas;Amanhecer;Decrescente;Nublado;Simples;"Curva;Aclive";-2.124.579.254;-4.368.245.104
27/08/2024;06:50:00;CANOAS;Manobra de mudança de faixa;Colisão lateral mesmo sentido;Com Vítimas Feridas;Pleno dia;Crescente;Nublado;Dupla;Reta;-29.887.983;-5.117.901
27/08/2024;07:40:00;ESTIVA;Velocidade Incompatível;Colisão com objeto;Com Vítimas Fatais;Pleno dia;Crescente;Céu Claro;Dupla;"Curva;Declive";-22.450.796;-46.000.139
27/08/2024;08:00:00;JUNQUEIRO;Velocidade Incompatível;Tombamento;Com Vítimas Feridas;Pleno dia;Decrescente;Céu Claro;Dupla;Curva;-990.106.897;-3.646.390.303
27/08/2024;07:25:00;ITAARA;Velocidade Incompatível;Tombamento;Com Vítimas Feridas;Pleno dia;Decrescente;Céu Claro;Dupla;Curva;-2.963.816.702;-537.664.961
27/08/2024;12:00:00;CAMPOS DOS GOYTACAZES;Velocidade Incompatível;Colisão lateral mesmo sentido;Sem Vítimas;Pleno dia;Decrescente;Céu Claro;Dupla;Reta;-2.173.473.386;-4.132.504.025
27/08/2024;13:30:00;PALHOCA;Velocidade Incompatível;Tombamento;Com Vítimas Feridas;Pleno dia;Crescente;Céu Claro;Simples;"Curva;Viaduto;Declive";-276.427;-486.695
27/08/2024;10:54:00;FORTALEZA;Manobra de mudança de faixa;Colisão com objeto;Sem Vítimas;Pleno dia;Decrescente;Céu Claro;Múltipla;Reta;-386.973.356;-3.849.827.361
27/08/2024;15:30:00;SANTA IZABEL DO PARA;Chuva;Saída de leito carroçável;Com Vítimas Feridas;Pleno dia;Crescente;Chuva;Dupla;Reta;-130.604.012;-4.820.471.397
27/08/2024;16:00:00;VIANA;Curva acentuada;Tombamento;Com Vítimas Feridas;Pleno dia;Crescente;Nublado;Simples;"Curva;Declive";-2.038.398.959;-4.055.226.465
27/08/2024;19:15:00;FORTALEZA;Ultrapassagem Indevida;Colisão lateral mesmo sentido;Com Vítimas Feridas;Plena Noite;Crescente;Céu Claro;Dupla;Reta;-382.779.096;-3.850.486.117
27/08/2024;20:15:00;FORMOSA DO RIO PRETO;Manobra de mudança de faixa;Colisão frontal;Com Vítimas Fatais;Plena Noite;Decrescente;Céu Claro;Simples;Reta;-1.106.336.098;-4.519.219.498
27/08/2024;19:00:00;BETIM;Manobra de mudança de faixa;Colisão lateral mesmo sentido;Com Vítimas Feridas;Plena Noite;Decrescente;Céu Claro;Múltipla;Reta;-1.996.280.108;-4.416.465.282
27/08/2024;22:30:00;LEOPOLDINA;Velocidade Incompatível;Saída de leito carroçável;Com Vítimas Feridas;Plena Noite;Decrescente;Céu Claro;Simples;"Curva;Declive";-2.157.932.128;-4.268.264.985
28/08/2024;03:59:00;FORTALEZA DO TABOCAO;Ultrapassagem Indevida;Colisão frontal;Com Vítimas Fatais;Plena Noite;Crescente;Céu Claro;Simples;Reta;-9.038.343;-48.509.452
28/08/2024;03:47:00;SANTA RITA;Deficiência do Sistema de Iluminação/Sinalização;Colisão traseira;Com Vítimas Feridas;Amanhecer;Crescente;Garoa/Chuvisco;Dupla;"Reta;Aclive";-694.606.786;-3.509.493.776
27/08/2024;22:35:00;TRAIRAO;Manobra de mudança de faixa;Colisão frontal;Com Vítimas Fatais;Plena Noite;Decrescente;Céu Claro;Simples;Curva;-501.058.521;-5.618.168.993
28/08/2024;06:00:00;CONTAGEM;Animais na Pista;Atropelamento de Animal;Sem Vítimas;Amanhecer;Decrescente;Céu Claro;Dupla;Reta;-1.986.874.894;-4.405.962.197
15/07/2024;18:18:00;PENHA;Manobra de mudança de faixa;Colisão lateral mesmo sentido;Com Vítimas Feridas;Anoitecer;Crescente;Chuva;Dupla;Reta;-2.680.215.497;-4.867.891.041
28/08/2024;09:00:00;VARZEA GRANDE;Acesso irregular;Colisão transversal;Sem Vítimas;Pleno dia;Crescente;Céu Claro;Simples;Reta;-156.547.233;-561.910.539
21/08/2024;20:39:00;IGARASSU;Manobra de mudança de faixa;Colisão traseira;Com Vítimas Feridas;Plena Noite;Decrescente;Céu Claro;Dupla;Reta;-7.821.475;-34.916.545
23/08/2024;19:45:00;CAMPOS DOS GOYTACAZES;Ultrapassagem Indevida;Colisão lateral mesmo sentido;Com Vítimas Feridas;Plena Noite;Crescente;Céu Claro;Simples;Reta;-2.160.282.119;-4.131.703.919
28/08/2024;12:50:00;FORTALEZA;Manobra de mudança de faixa;Colisão transversal;Com Vítimas Feridas;Pleno dia;Crescente;Sol;Múltipla;"Reta;Declive";-385.940.231;-3.849.693.596
28/08/2024;12:29:00;SANTO ANTONIO DO LEVERGER;Acesso irregular;Colisão traseira;Sem Vítimas;Pleno dia;Crescente;Céu Claro;Dupla;"Curva;Declive";-1.580.114.637;-5.557.413.507
28/08/2024;15:40:00;PINHEIRAL;Manobra de mudança de faixa;Colisão lateral mesmo sentido;Com Vítimas Feridas;Pleno dia;Decrescente;Céu Claro;Dupla;"Curva;Declive";-2.258.632.651;-4.401.391.268
28/08/2024;17:50:00;COLINAS DO TOCANTINS;Ultrapassagem Indevida;Colisão frontal;Com Vítimas Fatais;Anoitecer;Crescente;Céu Claro;Simples;Reta;-819.933.701;-4.846.268.783
28/08/2024;19:40:00;PONTA GROSSA;Manobra de mudança de faixa;Colisão com objeto;Com Vítimas Feridas;Plena Noite;Decrescente;Céu Claro;Dupla;"Reta;Ponte";-2.520.894.789;-5.006.444.688
28/08/2024;20:10:00;SAO JOSE DOS PINHAIS;Velocidade Incompatível;Colisão com objeto;Com Vítimas Feridas;Plena Noite;Crescente;Nublado;Dupla;Reta;-2.560.925.907;-4.917.205.834
28/08/2024;20:50:00;VASSOURAS;Conversão proibida;Colisão lateral mesmo sentido;Com Vítimas Feridas;Plena Noite;Decrescente;Nublado;Simples;Aclive;-2.223.315.315;-4.341.975.301
28/08/2024;22:00:00;SAO JOSE DOS CAMPOS;Manobra de mudança de faixa;Colisão lateral mesmo sentido;Com Vítimas Feridas;Plena Noite;Crescente;Céu Claro;Dupla;Reta;-2.315.300.766;-4.578.709.317
28/08/2024;23:20:00;CAMPOS ALTOS;Ultrapassagem Indevida;Colisão frontal;Com Vítimas Fatais;Plena Noite;Crescente;Céu Claro;Simples;Reta;-1.963.074.085;-4.626.259.386
29/08/2024;05:15:00;LAGOA VERMELHA;Desrespeitar a preferência no cruzamento;Colisão transversal;Com Vítimas Feridas;Plena Noite;Crescente;Céu Claro;Simples;"Interseção de Vias;Rotatória;Reta";-2.821.490.049;-515.102.109
29/08/2024;06:45:00;CURVELO;Ultrapassagem Indevida;Colisão lateral sentido oposto;Com Vítimas Feridas;Pleno dia;Crescente;Céu Claro;Simples;"Reta;Aclive";-1.910.724;-4.465.114
29/08/2024;08:00:00;PIRAI;Velocidade Incompatível;Tombamento;Com Vítimas Feridas;Pleno dia;Crescente;Céu Claro;Dupla;Curva;-2.266.344.256;-4.382.248.878
29/08/2024;07:20:00;JACAREZINHO;Manobra de mudança de faixa;Colisão traseira;Com Vítimas Feridas;Pleno dia;Crescente;Céu Claro;Simples;Reta;-2.316.353.932;-4.996.031.106
29/08/2024;06:30:00;BARRA DO PIRAI;Manobra de mudança de faixa;Colisão lateral mesmo sentido;Com Vítimas Feridas;Pleno dia;Crescente;Nevoeiro/Neblina;Simples;Reta;-2.246.132.715;-438.506.329
29/08/2024;12:00:00;CANOAS;Manobra de mudança de faixa;Colisão traseira;Com Vítimas Feridas;Pleno dia;Crescente;Nublado;Dupla;"Reta;Aclive";-2.996.575.411;-5.120.222.211
29/08/2024;07:00:00;LARANJEIRAS DO SUL;Velocidade Incompatível;Tombamento;Com Vítimas Feridas;Pleno dia;Crescente;Céu Claro;Simples;Curva;-2.533.708;-5.250.756
22/08/2024;04:20:00;CHAPADAO DO SUL;Manobra de mudança de faixa;Colisão lateral sentido oposto;Com Vítimas Feridas;Plena Noite;Crescente;Céu Claro;Simples;Reta;-1.891.359.896;-5.275.725.505
29/08/2024;11:40:00;PONTE ALTA;Ausência de sinalização;Colisão com objeto;Com Vítimas Feridas;Pleno dia;Decrescente;Céu Claro;Simples;Reta;-27.291.437;-50.149.284
29/08/2024;18:15:00;BLUMENAU;Ultrapassagem Indevida;Colisão lateral mesmo sentido;Com Vítimas Feridas;Plena Noite;Crescente;Ignorado;Simples;"Reta;Em Obras";-2.686.275.422;-490.432.477
29/08/2024;18:40:00;PALMEIRA;Conversão proibida;Colisão transversal;Com Vítimas Feridas;Anoitecer;Crescente;Céu Claro;Simples;Curva;-2.543.987.872;-4.997.389.289
29/08/2024;19:00:00;ARAQUARI;Frear bruscamente;Colisão lateral mesmo sentido;Com Vítimas Feridas;Plena Noite;Crescente;Céu Claro;Múltipla;Reta;-2.657.672.096;-4.872.270.551
30/08/2024;04:30:00;CAXIAS;Estacionar ou parar em local proibido;Colisão traseira;Com Vítimas Feridas;Amanhecer;Crescente;Céu Claro;Simples;Reta;-484.161;-43.469.112
30/08/2024;07:00:00;ITAPERUNA;Velocidade Incompatível;Derramamento de carga;Sem Vítimas;Pleno dia;Crescente;Céu Claro;Simples;Curva;-2.124.530.018;-4.178.413.117
30/08/2024;10:00:00;FRUTAL;Pista Escorregadia;Colisão com objeto;Com Vítimas Feridas;Pleno dia;Decrescente;Céu Claro;Simples;"Reta;Aclive";-19.971.495;-49.001.196
30/08/2024;06:40:00;CURITIBANOS;Curva acentuada;Tombamento;Com Vítimas Feridas;Amanhecer;Decrescente;Céu Claro;Simples;"Declive;Curva";-2.730.024.868;-5.067.877.293
30/08/2024;20:00:00;RAFAEL JAMBEIRO;Pista Escorregadia;Colisão frontal;Com Vítimas Feridas;Plena Noite;Crescente;Chuva;Simples;Reta;-1.257.312.266;-3.949.880.917
30/08/2024;10:00:00;PATROCINIO;Afundamento ou ondulação no pavimento;Saída de leito carroçável;Com Vítimas Feridas;Pleno dia;Crescente;Céu Claro;Simples;"Declive;Em Obras";-18.920.198;-4.698.169
30/08/2024;18:40:00;ARAXA;Deficiência do Sistema de Iluminação/Sinalização;Colisão traseira;Sem Vítimas;Anoitecer;Crescente;Céu Claro;Simples;"Reta;Aclive";-1.954.633.998;-4.684.284.701
30/08/2024;21:15:00;BARRA DO PIRAI;Velocidade Incompatível;Tombamento;Com Vítimas Feridas;Plena Noite;Crescente;Céu Claro;Simples;"Curva;Ponte";-224.665.038;-438.574.337
30/08/2024;23:40:00;PALMEIRA;Acostamento em desnível;Colisão com objeto;Sem Vítimas;Plena Noite;Crescente;Céu Claro;Dupla;Reta;-2.534.075;-4.984.942
30/08/2024;21:30:00;JOAO PINHEIRO;Velocidade Incompatível;Colisão traseira;Com Vítimas Feridas;Plena Noite;Decrescente;Céu Claro;Simples;Reta;-1.798.562.814;-4.561.010.411
31/08/2024;07:08:00;CAUCAIA;Manobra de mudança de faixa;Colisão lateral mesmo sentido;Com Vítimas Feridas;Pleno dia;Decrescente;Céu Claro;Múltipla;Reta;-374.164.754;-3.860.449.792
31/08/2024;06:20:00;TORITAMA;Ultrapassagem Indevida;Colisão frontal;Com Vítimas Fatais;Amanhecer;Crescente;Céu Claro;Simples;Reta;-80.208;-360.528
31/08/2024;07:20:00;GOIANIA;Desrespeitar a preferência no cruzamento;Colisão transversal;Com Vítimas Feridas;Pleno dia;Crescente;Céu Claro;Simples;Reta;-166.117;-492.053
31/08/2024;04:20:00;PIRAPORA;Ultrapassagem Indevida;Tombamento;Com Vítimas Feridas;Plena Noite;Crescente;Céu Claro;Simples;Reta;-172.736.065;-4.486.318.856
31/08/2024;06:00:00;CURVELO;Ultrapassagem Indevida;Colisão transversal;Com Vítimas Feridas;Pleno dia;Crescente;Céu Claro;Simples;Reta;-1.915.620.979;-4.459.445.792
31/08/2024;08:05:00;ERECHIM;Desrespeitar a preferência no cruzamento;Colisão transversal;Com Vítimas Feridas;Pleno dia;Decrescente;Céu Claro;Simples;Rotatória;-2.762.312.752;-5.223.687.793
31/08/2024;11:15:00;MURIAE;Velocidade Incompatível;Tombamento;Com Vítimas Fatais;Pleno dia;Crescente;Céu Claro;Simples;Curva;-21.167.631;-4.237.091
31/08/2024;13:10:00;BETIM;Manobra de mudança de faixa;Colisão lateral mesmo sentido;Sem Vítimas;Pleno dia;Decrescente;Céu Claro;Dupla;"Aclive;Reta";-1.995.958.419;-4.415.244.341
31/08/2024;02:20:00;BODOCO;Manobra de mudança de faixa;Tombamento;Com Vítimas Feridas;Plena Noite;Decrescente;Céu Claro;Simples;"Reta;Aclive";-798.338.221;-3.983.930.609
31/08/2024;13:40:00;NOVA PRATA;Manobra de mudança de faixa;Colisão lateral mesmo sentido;Com Vítimas Feridas;Pleno dia;Decrescente;Nublado;Dupla;"Curva;Aclive";-2.878.874.508;-5.161.532.195
31/08/2024;13:40:00;PASSO FUNDO;Velocidade Incompatível;Colisão lateral mesmo sentido;Com Vítimas Feridas;Pleno dia;Decrescente;Céu Claro;Simples;Reta;-28.269.268;-52.659.126
31/08/2024;16:50:00;LAVRAS;Condutor usando celular;Tombamento;Com Vítimas Feridas;Pleno dia;Crescente;Céu Claro;Simples;Reta;-2.123.347.701;-4.513.482.496
31/08/2024;14:40:00;LENCOIS;Velocidade Incompatível;Tombamento;Com Vítimas Feridas;Pleno dia;Decrescente;Nublado;Simples;Curva;-1.249.505.749;-4.131.194.795
31/08/2024;20:30:00;LUZ;Velocidade Incompatível;Tombamento;Com Vítimas Fatais;Plena Noite;Decrescente;Céu Claro;Simples;"Curva;Declive";-19.711.942;-45.910.692
31/08/2024;19:35:00;CAMPO LARGO;Deficiência do Sistema de Iluminação/Sinalização;Incêndio;Sem Vítimas;Anoitecer;Decrescente;Céu Claro;Dupla;Reta;-2.543.705.738;-4.954.575.352
01/09/2024;09:00:00;SAO PAULO;Manobra de mudança de faixa;Colisão lateral mesmo sentido;Com Vítimas Feridas;Pleno dia;Decrescente;Céu Claro;Múltipla;Reta;-2.351.291.902;-4.657.604.698
01/09/2024;07:45:00;AREAL;Velocidade Incompatível;Saída de leito carroçável;Com Vítimas Feridas;Pleno dia;Crescente;Sol;Simples;Curva;-2.219.936.551;-4.315.850.258
01/09/2024;10:33:00;OCAUCU;Acesso irregular;Colisão transversal;Com Vítimas Feridas;Pleno dia;Decrescente;Céu Claro;Simples;Declive;-2.246.683.224;-4.988.292.673
01/09/2024;14:40:00;SAO SEBASTIAO DA BELA VISTA;Manobra de mudança de faixa;Colisão lateral mesmo sentido;Sem Vítimas;Pleno dia;Decrescente;Sol;Dupla;Reta;-2.215.829.896;-4.582.738.805
01/09/2024;14:10:00;MARINGA;Conversão proibida;Colisão lateral mesmo sentido;Com Vítimas Feridas;Pleno dia;Crescente;Céu Claro;Múltipla;Reta;-23.409.788;-51.987.453
01/09/2024;15:30:00;COLINAS DO TOCANTINS;Manobra de mudança de faixa;Colisão lateral mesmo sentido;Com Vítimas Feridas;Pleno dia;Crescente;Céu Claro;Múltipla;Curva;-807.216.465;-4.846.725.762
01/09/2024;12:20:00;CATUJI;Manobra de mudança de faixa;Colisão lateral mesmo sentido;Com Vítimas Feridas;Pleno dia;Crescente;Céu Claro;Simples;Reta;-17.338.982;-41.531.512
01/09/2024;14:35:00;ALTOS;Manobra de mudança de faixa;Saída de leito carroçável;Com Vítimas Feridas;Pleno dia;Crescente;Céu Claro;Simples;Curva;-5.048.245;-42.560.604
01/09/2024;17:10:00;BOM JESUS DO AMPARO;Velocidade Incompatível;Saída de leito carroçável;Com Vítimas Feridas;Pleno dia;Crescente;Nublado;Dupla;Curva;-19.766.856;-434.576.479
01/09/2024;18:10:00;MARABA;Acesso irregular;Colisão com objeto;Sem Vítimas;Pleno dia;Crescente;Céu Claro;Simples;Reta;-537.407.079;-4.913.575.802
01/09/2024;18:41:00;CATALAO;Velocidade Incompatível;Engavetamento;Com Vítimas Fatais;Plena Noite;Decrescente;Céu Claro;Simples;"Em Obras;Reta;Aclive";-181.838;-479.441
01/09/2024;15:00:00;DIVINO;Velocidade Incompatível;Colisão lateral sentido oposto;Com Vítimas Feridas;Pleno dia;Crescente;Nublado;Simples;Curva;-2.061.019.609;-4.221.031.063
01/09/2024;18:35:00;NOVA SANTA HELENA;Estacionar ou parar em local proibido;Saída de leito carroçável;Com Vítimas Feridas;Plena Noite;Crescente;Céu Claro;Simples;Declive;-1.087.039;-5.519.615
01/09/2024;19:18:00;TERESINA;Estacionar ou parar em local proibido;Colisão traseira;Com Vítimas Feridas;Plena Noite;Decrescente;Céu Claro;Dupla;Reta;-517.381.686;-4.276.624.952
01/09/2024;22:47:00;EMBU DAS ARTES;Manobra de mudança de faixa;Colisão traseira;Com Vítimas Feridas;Plena Noite;Decrescente;Céu Claro;Dupla;Reta;-2.369.998;-46.867.767
02/09/2024;03:30:00;CASIMIRO DE ABREU;Fumaça;Colisão traseira;Sem Vítimas;Plena Noite;Crescente;Nevoeiro/Neblina;Múltipla;Reta;-2.247.879.216;-4.215.282.907
02/09/2024;00:35:00;UBAITABA;Velocidade Incompatível;Colisão traseira;Com Vítimas Fatais;Plena Noite;Decrescente;Céu Claro;Simples;Reta;-14.304.423;-39.323.254
02/09/2024;07:15:00;SAO LUIS;Frear bruscamente;Engavetamento;Sem Vítimas;Pleno dia;Decrescente;Sol;Dupla;Reta;-262.877.986;-4.426.321.818
02/09/2024;05:50:00;MONTE ALEGRE DE MINAS;Velocidade Incompatível;Colisão com objeto;Com Vítimas Feridas;Amanhecer;Crescente;Céu Claro;Dupla;Reta;-1.888.107.196;-4.903.964.281
02/09/2024;09:10:00;UBERABA;Fumaça;Colisão frontal;Com Vítimas Feridas;Pleno dia;Crescente;Céu Claro;Simples;Reta;-1.967.048.503;-4.762.033.999
02/09/2024;07:50:00;SORRISO;Manobra de mudança de faixa;Colisão traseira;Com Vítimas Fatais;Pleno dia;Decrescente;Sol;Dupla;Reta;-1.259.207.258;-5.574.238.658
02/09/2024;07:00:00;ABRE CAMPO;Conversão proibida;Colisão frontal;Com Vítimas Feridas;Pleno dia;Decrescente;Sol;Simples;Curva;-20.333.214;-42.437.654
02/09/2024;10:00:00;FLORIANO;Fumaça;Colisão lateral mesmo sentido;Sem Vítimas;Pleno dia;Crescente;Céu Claro;Simples;Curva;-6.784.288;-42.922.535
02/09/2024;10:00:00;CANDOI;Ultrapassagem Indevida;Colisão lateral sentido oposto;Com Vítimas Feridas;Pleno dia;Decrescente;Céu Claro;Simples;Reta;-2.552.466;-5.198.322
02/09/2024;13:10:00;ESTANCIA VELHA;Velocidade Incompatível;Colisão com objeto;Sem Vítimas;Pleno dia;Crescente;Céu Claro;Simples;"Viaduto;Declive;Interseção de Vias";-2.966.037.586;-5.114.386.509
09/07/2024;11:30:00;ALPERCATA;Ultrapassagem Indevida;Colisão frontal;Com Vítimas Fatais;Pleno dia;Decrescente;Céu Claro;Simples;Reta;-1.892.615.524;-4.193.954.989
02/09/2024;16:45:00;PORTO ALEGRE;Manobra de mudança de faixa;Colisão lateral mesmo sentido;Com Vítimas Feridas;Pleno dia;Decrescente;Céu Claro;Dupla;Reta;-29.973.856;-51.197.853
02/09/2024;16:20:00;OLIVEIRA DOS BREJINHOS;Conversão proibida;Colisão lateral mesmo sentido;Com Vítimas Feridas;Pleno dia;Crescente;Céu Claro;Simples;Reta;-12.056.888;-42.964.415
02/09/2024;22:00:00;LAVRINHAS;Velocidade Incompatível;Tombamento;Com Vítimas Feridas;Plena Noite;Crescente;Céu Claro;Múltipla;"Curva;Aclive";-2.258.368.521;-4.487.772.952
02/09/2024;17:00:00;SOLEDADE;Deficiência do Sistema de Iluminação/Sinalização;Colisão traseira;Com Vítimas Feridas;Pleno dia;Decrescente;Céu Claro;Múltipla;"Em Obras;Curva;Declive";-28.612.078;-52.608.832
25/06/2024;23:30:00;SERRA TALHADA;Manobra de mudança de faixa;Colisão lateral mesmo sentido;Com Vítimas Feridas;Plena Noite;Decrescente;Garoa/Chuvisco;Simples;Aclive;-79.854.402;-3.827.148.304
03/09/2024;08:40:00;MARUIM;Ultrapassagem Indevida;Colisão lateral mesmo sentido;Sem Vítimas;Pleno dia;Decrescente;Céu Claro;Simples;Reta;-1.073.507.923;-3.708.722.591