data_inversa;horario;municipio;causa_acidente;tipo_acidente;classificacao_acidente;fase_dia;sentido_via;condicao_metereologica;tipo_pista;tracado_via;latitude;longitude
21/08/2024;06:20:00;SABARA;Velocidade Incompatível;Tombamento;Com Vítimas Feridas;Amanhecer;Decrescente;Céu Claro;Simples;"Curva;Declive";-1.983.447.607;-4.385.011.601
09/10/2024;22:00:00;MANHUACU;Velocidade Incompatível;Tombamento;Com Vítimas Feridas;Plena Noite;Decrescente;Chuva;Simples;Curva;-2.025.373.412;-4.212.287.611
10/10/2024;01:00:00;BRASILIA;Chuva;Saída de leito carroçável;Sem Vítimas;Plena Noite;Decrescente;Chuva;Dupla;"Declive;Reta";-15.612.175;-47.700.928
10/10/2024;02:06:00;MAUA DA SERRA;Neblina;Colisão com objeto;Sem Vítimas;Plena Noite;Decrescente;Garoa/Chuvisco;Simples;Reta;-238.748.749;-5.125.339.287
10/10/2024;01:05:00;BARRA DO PIRAI;Velocidade Incompatível;Tombamento;Com Vítimas Feridas;Plena Noite;Crescente;Chuva;Simples;Curva;-2.246.663.184;-4.385.828.802
09/10/2024;22:05:00;SAO JOSE DA VITORIA;Velocidade Incompatível;Colisão frontal;Com Vítimas Fatais;Plena Noite;Crescente;Céu Claro;Simples;Curva;-1.509.499.666;-3.935.165.405
10/10/2024;05:45:00;FRANCISCO SA;Velocidade Incompatível;Saída de leito carroçável;Com Vítimas Feridas;Pleno dia;Crescente;Chuva;Simples;"Declive;Reta";-1.655.575.876;-436.098.222
10/10/2024;04:50:00;VIRMOND;Chuva;Tombamento;Com Vítimas Feridas;Plena Noite;Decrescente;Chuva;Múltipla;"Curva;Declive";-2.537.374.294;-5.222.093.399
09/10/2024;23:10:00;DUQUE DE CAXIAS;Velocidade Incompatível;Saída de leito carroçável;Com Vítimas Feridas;Plena Noite;Decrescente;Garoa/Chuvisco;Múltipla;Reta;-2.268.289.906;-4.328.549.346
10/10/2024;07:00:00;BALSA NOVA;Neblina;Engavetamento;Com Vítimas Fatais;Pleno dia;Decrescente;Nublado;Dupla;Curva;-2.547.031.957;-4.969.272.137
16/09/2024;10:00:00;FLEXEIRAS;Sinalização mal posicionada;Colisão traseira;Sem Vítimas;Pleno dia;Decrescente;Céu Claro;Dupla;"Reta;Em Obras";-9.178.258;-35.779.733
10/10/2024;07:00:00;ERECHIM;Acesso irregular;Colisão lateral sentido oposto;Com Vítimas Feridas;Amanhecer;Decrescente;Nublado;Simples;"Reta;Interseção de Vias";-2.765.542.058;-5.226.870.244
10/10/2024;03:15:00;PATOS DE MINAS;Chuva;Colisão transversal;Com Vítimas Fatais;Plena Noite;Crescente;Chuva;Simples;"Declive;Reta";-1.875.724.666;-4.665.769.838
10/10/2024;09:15:00;CARMO DA CACHOEIRA;Velocidade Incompatível;Colisão traseira;Com Vítimas Feridas;Pleno dia;Decrescente;Céu Claro;Dupla;"Declive;Curva";-2.149.216.998;-4.521.046.112
17/08/2024;04:55:00;MIRACATU;Velocidade Incompatível;Tombamento;Com Vítimas Feridas;Amanhecer;Decrescente;Céu Claro;Dupla;"Curva;Aclive";-2.411.717.019;-4.726.764.709
10/10/2024;07:15:00;VARZEA GRANDE;Conversão proibida;Colisão frontal;Com Vítimas Feridas;Pleno dia;Crescente;Sol;Simples;Reta;-1.565.097.388;-5.619.824.409
09/10/2024;10:00:00;BORBA;Demais falhas na via;Saída de leito carroçável;Com Vítimas Feridas;Pleno dia;Decrescente;Céu Claro;Simples;Reta;-450.971.569;-6.112.162.143
10/10/2024;10:31:00;CAPELA;Manobra de mudança de faixa;Colisão traseira;Com Vítimas Feridas;Pleno dia;Crescente;Céu Claro;Simples;"Declive;Curva";-1.057.096.002;-3.696.427.168
20/09/2024;18:00:00;DUQUE DE CAXIAS;Manobra de mudança de faixa;Colisão lateral mesmo sentido;Com Vítimas Feridas;Plena Noite;Decrescente;Garoa/Chuvisco;Múltipla;Reta;-2.277.280.597;-4.328.626.763
10/10/2024;12:20:00;JULIO DE CASTILHOS;Ultrapassagem Indevida;Colisão com objeto;Com Vítimas Feridas;Pleno dia;Crescente;Céu Claro;Simples;"Reta;Ponte";-2.911.407.534;-5.365.036.011
10/10/2024;07:30:00;PIRAPORA;Chuva;Saída de leito carroçável;Com Vítimas Feridas;Pleno dia;Decrescente;Chuva;Simples;Reta;-1.732.423.498;-4.489.663.322
10/10/2024;12:50:00;SAO FRANCISCO DO SUL;Acesso irregular;Colisão lateral mesmo sentido;Com Vítimas Feridas;Pleno dia;Crescente;Chuva;Simples;Reta;-2.628.425.754;-4.864.638.805
10/10/2024;11:50:00;GARUVA;Chuva;Colisão traseira;Com Vítimas Feridas;Pleno dia;Crescente;Chuva;Dupla;Reta;-2.602.692.002;-4.886.142.017
10/10/2024;12:55:00;RECIFE;Manobra de mudança de faixa;Queda de ocupante de veículo;Com Vítimas Feridas;Pleno dia;Crescente;Céu Claro;Dupla;Curva;-8.092.428;-34.947.395
10/10/2024;14:20:00;SABARA;Pista Escorregadia;Colisão frontal;Com Vítimas Feridas;Pleno dia;Crescente;Chuva;Simples;Reta;-1.980.732.736;-4.376.317.978
10/10/2024;13:30:00;JUIZ DE FORA;Chuva;Colisão frontal;Com Vítimas Feridas;Pleno dia;Crescente;Chuva;Simples;Curva;-2.158.240.015;-4.346.596.328
10/10/2024;07:30:00;GRAO MOGOL;Velocidade Incompatível;Tombamento;Com Vítimas Feridas;Pleno dia;Crescente;Garoa/Chuvisco;Simples;Reta;-1.629.689.705;-42.774.932
10/10/2024;16:10:00;APUCARANA;Frear bruscamente;Colisão com objeto;Sem Vítimas;Pleno dia;Crescente;Chuva;Simples;Curva;-2.360.729;-51.407.216
10/10/2024;14:45:00;RIO AZUL;Velocidade Incompatível;Saída de leito carroçável;Com Vítimas Feridas;Pleno dia;Decrescente;Garoa/Chuvisco;Simples;Reta;-256.678.841;-5.074.541.694
10/10/2024;15:30:00;BRAGANCA PAULISTA;Ausência de sinalização;Colisão traseira;Com Vítimas Feridas;Pleno dia;Decrescente;Chuva;Dupla;"Reta;Declive";-2.293.319.831;-4.646.980.452
10/10/2024;17:21:00;PRATA;Ultrapassagem Indevida;Colisão frontal;Com Vítimas Feridas;Pleno dia;Crescente;Chuva;Simples;"Aclive;Reta";-191.609.748;-4.895.869.957
10/10/2024;14:30:00;MONTEIRO;Manobra de mudança de faixa;Colisão lateral mesmo sentido;Com Vítimas Feridas;Pleno dia;Decrescente;Céu Claro;Simples;Reta;-7.800.179;-3.702.467
10/10/2024;20:00:00;ITUIUTABA;Acumulo de areia ou detritos sobre o pavimento;Colisão com objeto;Com Vítimas Feridas;Plena Noite;Crescente;Céu Claro;Simples;"Reta;Declive";-1.889.824.959;-4.926.987.407
10/10/2024;18:30:00;JEQUITAI;Chuva;Saída de leito carroçável;Com Vítimas Feridas;Plena Noite;Decrescente;Garoa/Chuvisco;Simples;Reta;-1.715.114.301;-4.435.975.095
10/10/2024;17:10:00;PERDOES;Velocidade Incompatível;Colisão traseira;Com Vítimas Feridas;Pleno dia;Crescente;Nublado;Dupla;Reta;-2.116.800.802;-4.512.657.489
10/10/2024;22:45:00;SETE LAGOAS;Pista Escorregadia;Colisão traseira;Com Vítimas Feridas;Plena Noite;Crescente;Garoa/Chuvisco;Dupla;"Declive;Curva";-194.136.917;-4.433.879.427
10/10/2024;18:50:00;VARZEA GRANDE;Pista Escorregadia;Saída de leito carroçável;Com Vítimas Feridas;Plena Noite;Decrescente;Ignorado;Simples;Reta;-1.549.417.155;-5.627.739.364
11/10/2024;01:50:00;CONTAGEM;Velocidade Incompatível;Colisão traseira;Com Vítimas Feridas;Plena Noite;Crescente;Nublado;Dupla;Reta;-1.985.651.501;-4.407.213.222
11/10/2024;01:45:00;CAPELA;Animais na Pista;Atropelamento de Animal;Com Vítimas Feridas;Plena Noite;Decrescente;Céu Claro;Dupla;Reta;-1.049.230.498;-3.694.471.029
11/10/2024;03:15:00;GOIANA;Manobra de mudança de faixa;Saída de leito carroçável;Com Vítimas Feridas;Amanhecer;Crescente;Céu Claro;Dupla;Reta;-754.333.741;-3.499.130.487
11/10/2024;03:15:00;PONTA GROSSA;Manobra de mudança de faixa;Colisão traseira;Sem Vítimas;Plena Noite;Crescente;Garoa/Chuvisco;Dupla;"Curva;Aclive";-2.531.565.784;-4.987.766.188
11/10/2024;06:55:00;MOSSORO;Acesso irregular;Colisão transversal;Com Vítimas Feridas;Pleno dia;Decrescente;Céu Claro;Dupla;Reta;-513.471.117;-3.734.486.327
10/10/2024;21:50:00;JOINVILLE;Chuva;Colisão traseira;Com Vítimas Feridas;Plena Noite;Crescente;Chuva;Dupla;Reta;-2.619.234.802;-4.891.210.384
11/10/2024;07:10:00;WANDERLANDIA;Manobra de mudança de faixa;Colisão frontal;Com Vítimas Fatais;Pleno dia;Crescente;Chuva;Simples;Reta;-687.698.114;-479.890.528
11/09/2024;01:50:00;AGUA BOA;Acostamento em desnível;Tombamento;Com Vítimas Feridas;Plena Noite;Crescente;Céu Claro;Simples;Reta;-1.393.685.905;-5.210.028.684
11/10/2024;07:00:00;BAEPENDI;Velocidade Incompatível;Tombamento;Com Vítimas Feridas;Pleno dia;Decrescente;Nublado;Simples;Curva;-2.192.460.612;-4.477.877.599
11/10/2024;09:00:00;BIGUACU;Velocidade Incompatível;Colisão com objeto;Com Vítimas Feridas;Pleno dia;Decrescente;Chuva;Simples;Curva;-2.747.730.273;-4.864.127.329
11/10/2024;08:00:00;PROFESSOR JAMIL;Velocidade Incompatível;Saída de leito carroçável;Com Vítimas Feridas;Pleno dia;Decrescente;Céu Claro;Dupla;Curva;-172.383;-49.239
11/10/2024;09:45:00;SANTAREM;Acostamento em desnível;Colisão transversal;Com Vítimas Feridas;Pleno dia;Decrescente;Céu Claro;Simples;Reta;-2.565.797;-54.721.375
11/10/2024;15:30:00;BETIM;Manobra de mudança de faixa;Colisão lateral mesmo sentido;Com Vítimas Feridas;Pleno dia;Decrescente;Céu Claro;Dupla;Reta;-1.999.676.497;-4.420.958.506
10/10/2024;02:45:00;JOAO PINHEIRO;Pista Escorregadia;Saída de leito carroçável;Com Vítimas Feridas;Plena Noite;Crescente;Nublado;Múltipla;"Curva;Declive";-1.796.152.036;-4.569.552.697
11/10/2024;16:05:00;PASSO FUNDO;Ultrapassagem Indevida;Colisão frontal;Com Vítimas Feridas;Pleno dia;Decrescente;Garoa/Chuvisco;Simples;"Reta;Declive";-28.245.794;-52.572.262
11/10/2024;15:30:00;LEOPOLDINA;Velocidade Incompatível;Saída de leito carroçável;Com Vítimas Feridas;Pleno dia;Decrescente;Céu Claro;Simples;Curva;-2.160.159.985;-4.269.912.624
11/10/2024;19:10:00;GLORINHA;Conversão proibida;Colisão transversal;Com Vítimas Feridas;Plena Noite;Crescente;Nublado;Múltipla;Reta;-29.918.623;-50.828.213
11/10/2024;19:15:00;JOAO PINHEIRO;Ultrapassagem Indevida;Colisão lateral sentido oposto;Com Vítimas Feridas;Plena Noite;Crescente;Chuva;Simples;"Curva;Aclive";-1.762.754.496;-4.645.967.794
11/10/2024;20:00:00;RIALMA;Ultrapassagem Indevida;Colisão traseira;Com Vítimas Feridas;Plena Noite;Decrescente;Chuva;Simples;Reta;-15.238.097;-495.562
11/10/2024;22:00:00;LONTRAS;Velocidade Incompatível;Colisão frontal;Com Vítimas Fatais;Plena Noite;Crescente;Garoa/Chuvisco;Simples;Curva;-271.319.749;-495.385.924
25/06/2024;15:30:00;PRATA;Velocidade Incompatível;Colisão traseira;Com Vítimas Feridas;Pleno dia;Decrescente;Céu Claro;Múltipla;Aclive;-1.933.228.987;-4.890.407.174
12/10/2024;05:40:00;CORRENTINA;Velocidade Incompatível;Colisão com objeto;Com Vítimas Feridas;Amanhecer;Decrescente;Chuva;Simples;Curva;-14.009.943;-46.211.913
11/10/2024;23:20:00;PATOS DE MINAS;Velocidade Incompatível;Colisão com objeto;Com Vítimas Feridas;Plena Noite;Crescente;Chuva;Simples;Curva;-1.861.055.297;-4.628.857.506
12/10/2024;07:20:00;SAO GONCALO DO RIO ABAIXO;Chuva;Colisão traseira;Com Vítimas Feridas;Amanhecer;Decrescente;Garoa/Chuvisco;Simples;"Curva;Declive";-19.854.651;-43.261.071
12/10/2024;05:10:00;OEIRAS;Acesso irregular;Colisão transversal;Sem Vítimas;Pleno dia;Crescente;Céu Claro;Simples;"Interseção de Vias;Reta";-699.465.451;-4.210.490.528
12/10/2024;10:30:00;SANTOS DUMONT;Velocidade Incompatível;Tombamento;Com Vítimas Feridas;Pleno dia;Decrescente;Céu Claro;Simples;Curva;-2.137.012.696;-4.357.558.994
12/10/2024;11:25:00;SAO JOSE DOS PINHAIS;Manobra de mudança de faixa;Tombamento;Com Vítimas Fatais;Pleno dia;Crescente;Céu Claro;Dupla;Curva;-2.559.015.568;-4.917.154.312
12/10/2024;15:10:00;APARECIDA DO TABOADO;Ultrapassagem Indevida;Colisão lateral sentido oposto;Com Vítimas Fatais;Pleno dia;Crescente;Nublado;Simples;Reta;-198.812.438;-511.330.954
12/10/2024;18:00:00;NOVA LONDRINA;Ultrapassagem Indevida;Colisão frontal;Com Vítimas Fatais;Amanhecer;Decrescente;Céu Claro;Simples;Reta;-2.278.336.803;-5.298.723.221
13/10/2024;08:14:00;JUNQUEIRO;Velocidade Incompatível;Capotamento;Com Vítimas Feridas;Pleno dia;Crescente;Sol;Dupla;Reta;-990.106.897;-3.646.390.303
13/10/2024;13:00:00;JOAO MONLEVADE;Velocidade Incompatível;Colisão traseira;Com Vítimas Feridas;Pleno dia;Crescente;Nublado;Simples;Curva;-1.985.592.801;-4.321.689.055
13/10/2024;14:45:00;SAO JOAO DO MANHUACU;Ultrapassagem Indevida;Colisão frontal;Com Vítimas Fatais;Pleno dia;Crescente;Nublado;Simples;Reta;-2.034.697.376;-4.214.642.112
13/10/2024;13:40:00;ITAIOPOLIS;Manobra de mudança de faixa;Colisão lateral mesmo sentido;Com Vítimas Feridas;Pleno dia;Crescente;Céu Claro;Simples;"Reta;Aclive";-2.628.051.002;-4.992.717.199
13/10/2024;19:15:00;CAICO;Ultrapassagem Indevida;Colisão frontal;Com Vítimas Feridas;Plena Noite;Decrescente;Céu Claro;Simples;"Reta;Aclive";-6.494.527;-37.022.232
26/08/2024;09:40:00;ITAPERUNA;Chuva;Colisão lateral sentido oposto;Sem Vítimas;Pleno dia;Decrescente;Chuva;Simples;"Curva;Aclive";-2.131.096.561;-4.170.933.723
14/10/2024;00:10:00;VARZEA GRANDE;Estacionar ou parar em local proibido;Colisão transversal;Com Vítimas Feridas;Plena Noite;Decrescente;Céu Claro;Simples;Reta;-1.570.307.806;-5.615.206.216
14/10/2024;02:10:00;MARECHAL FLORIANO;Velocidade Incompatível;Saída de leito carroçável;Com Vítimas Feridas;Plena Noite;Decrescente;Garoa/Chuvisco;Dupla;Curva;-2.041.397.156;-4.073.317.528
26/07/2024;19:45:00;MUITOS CAPOES;Acostamento em desnível;Tombamento;Com Vítimas Feridas;Plena Noite;Crescente;Nublado;Simples;Curva;-28.318.995;-51.246.716
14/10/2024;07:00:00;SATUBA;Ultrapassagem Indevida;Colisão lateral sentido oposto;Com Vítimas Feridas;Pleno dia;Decrescente;Céu Claro;Simples;Reta;-958.684.648;-3.584.355.384
14/10/2024;08:30:00;BRASILIA;Manobra de mudança de faixa;Colisão lateral mesmo sentido;Com Vítimas Feridas;Pleno dia;Decrescente;Céu Claro;Múltipla;Reta;-15.792.243;-48.158.543
14/10/2024;09:15:00;IGARAPE;Manobra de mudança de faixa;Colisão lateral mesmo sentido;Com Vítimas Feridas;Pleno dia;Decrescente;Céu Claro;Dupla;"Reta;Aclive";-200.946.201;-443.153.549
14/10/2024;10:50:00;MARIALVA;Desrespeitar a preferência no cruzamento;Colisão transversal;Com Vítimas Feridas;Pleno dia;Crescente;Sol;Dupla;"Interseção de Vias;Reta;Retorno Regulamentado";-23.467.516;-51.826.623
14/10/2024;13:00:00;CAJAZEIRAS;Desrespeitar a preferência no cruzamento;Colisão transversal;Com Vítimas Feridas;Pleno dia;Decrescente;Céu Claro;Simples;Interseção de Vias;-690.144.536;-3.856.962.383
14/10/2024;12:30:00;SAO BENTO DO SUL;Pista Escorregadia;Tombamento;Sem Vítimas;Pleno dia;Decrescente;Garoa/Chuvisco;Simples;"Curva;Declive";-2.635.967.199;-49.347.507
14/10/2024;15:40:00;EXTREMOZ;Acesso irregular;Colisão lateral mesmo sentido;Com Vítimas Feridas;Pleno dia;Decrescente;Céu Claro;Simples;Reta;-568.968.701;-3.526.298.333
14/10/2024;15:50:00;AGUAS MORNAS;Acesso irregular;Colisão traseira;Com Vítimas Feridas;Pleno dia;Crescente;Nublado;Simples;Reta;-27.716.148;-48.869.583
14/10/2024;06:50:00;BARRA DO GARCAS;Conversão proibida;Colisão lateral mesmo sentido;Com Vítimas Feridas;Pleno dia;Crescente;Céu Claro;Simples;"Reta;Interseção de Vias";-1.589.164.596;-5.226.202.884
14/10/2024;15:30:00;GUARAPUAVA;Manobra de mudança de faixa;Colisão lateral mesmo sentido;Sem Vítimas;Pleno dia;Decrescente;Céu Claro;Simples;Reta;-2.541.720.101;-51.571.591
14/10/2024;21:20:00;VITORIA DA CONQUISTA;Chuva;Colisão traseira;Com Vítimas Fatais;Plena Noite;Decrescente;Chuva;Simples;Reta;-150.848.343;-4.101.118.151
14/10/2024;20:15:00;PINDARE-MIRIM;Acostamento em desnível;Tombamento;Com Vítimas Feridas;Plena Noite;Decrescente;Chuva;Simples;Reta;-36.483;-45.482.876
15/10/2024;01:10:00;ARAGUARI;Velocidade Incompatível;Capotamento;Com Vítimas Feridas;Plena Noite;Decrescente;Chuva;Dupla;Declive;-1.872.799.811;-4.820.659.169
14/10/2024;23:00:00;PIRAI;Curva acentuada;Saída de leito carroçável;Com Vítimas Fatais;Plena Noite;Decrescente;Céu Claro;Simples;"Curva;Declive";-2.265.604.007;-4.383.713.888
15/10/2024;07:50:00;SAO JOSE DOS PINHAIS;Manobra de mudança de faixa;Colisão traseira;Com Vítimas Feridas;Pleno dia;Crescente;Nublado;Dupla;"Curva;Declive";-2.557.583.659;-4.917.953.679
03/10/2024;02:00:00;POUSO ALEGRE;Manobra de mudança de faixa;Colisão traseira;Com Vítimas Fatais;Plena Noite;Crescente;Nublado;Dupla;"Declive;Reta";-2.233.167.407;-4.591.791.308
15/10/2024;08:30:00;ITAGUAI;Velocidade Incompatível;Tombamento;Com Vítimas Feridas;Pleno dia;Crescente;Céu Claro;Dupla;Rotatória;-2.290.274.343;-4.382.377.625
15/10/2024;09:45:00;ALIANCA DO TOCANTINS;Manobra de mudança de faixa;Saída de leito carroçável;Sem Vítimas;Pleno dia;Crescente;Céu Claro;Simples;Reta;-1.131.846.291;-4.894.418.023
15/10/2024;10:45:00;CHAPECO;Desrespeitar a preferência no cruzamento;Colisão transversal;Com Vítimas Feridas;Pleno dia;Crescente;Nublado;Simples;Interseção de Vias;-2.704.265.612;-5.263.560.053
15/10/2024;11:04:00;SELVIRIA;Acesso irregular;Colisão transversal;Com Vítimas Feridas;Pleno dia;Crescente;Céu Claro;Simples;Curva;-2.037.798.893;-5.144.681.506
15/10/2024;14:30:00;POUSO ALEGRE;Manobra de mudança de faixa;Colisão lateral mesmo sentido;Com Vítimas Feridas;Pleno dia;Crescente;Céu Claro;Dupla;Reta;-2.222.337.078;-45.874.177
15/10/2024;14:40:00;GUAICARA;Desrespeitar a preferência no cruzamento;Colisão transversal;Com Vítimas Feridas;Pleno dia;Decrescente;Céu Claro;Simples;Interseção de Vias;-216.327.966;-4.978.773.236
19/09/2024;06:50:00;UBERABA;Manobra de mudança de faixa;Colisão lateral mesmo sentido;Com Vítimas Feridas;Pleno dia;Decrescente;Céu Claro;Dupla;Reta;-1.977.896.821;-4.794.093.599
15/10/2024;15:00:00;CURITIBA;Ultrapassagem Indevida;Colisão lateral mesmo sentido;Com Vítimas Feridas;Pleno dia;Decrescente;Nublado;Dupla;Reta;-2.555.122.256;-4.930.503.748
15/10/2024;13:20:00;IMPERATRIZ;Manobra de mudança de faixa;Colisão frontal;Com Vítimas Feridas;Pleno dia;Decrescente;Céu Claro;Simples;Reta;-5.588.685;-47.433.857
15/10/2024;15:29:00;MACAIBA;Conversão proibida;Colisão transversal;Com Vítimas Feridas;Pleno dia;Decrescente;Céu Claro;Dupla;"Curva;Viaduto";-5.890.055;-35.491.677
15/10/2024;19:30:00;IJUI;Desrespeitar a preferência no cruzamento;Colisão transversal;Com Vítimas Feridas;Plena Noite;Decrescente;Garoa/Chuvisco;Simples;"Reta;Interseção de Vias";-2.841.254.965;-5.390.765.905
15/10/2024;19:10:00;JARAGUA;Conversão proibida;Colisão transversal;Com Vítimas Feridas;Plena Noite;Decrescente;Ignorado;Simples;Reta;-15.707.553;-49.331.131
15/10/2024;18:50:00;SAO GABRIEL DO OESTE;Demais Fenômenos da natureza;Tombamento;Com Vítimas Feridas;Plena Noite;Decrescente;Vento;Dupla;Reta;-1.921.156.296;-5.474.141.388
15/10/2024;20:30:00;BARRA DO TURVO;Estacionar ou parar em local proibido;Colisão traseira;Com Vítimas Feridas;Plena Noite;Crescente;Garoa/Chuvisco;Dupla;Reta;-2.495.749.618;-4.846.440.871
15/10/2024;17:00:00;PIRAI;Velocidade Incompatível;Engavetamento;Com Vítimas Feridas;Pleno dia;Crescente;Céu Claro;Dupla;Reta;-2.259.967.462;-4.395.005.595
15/10/2024;21:20:00;ARIQUEMES;Manobra de mudança de faixa;Colisão transversal;Com Vítimas Feridas;Plena Noite;Decrescente;Céu Claro;Simples;Reta;-987.052.202;-6.305.779.627
15/10/2024;07:55:00;XANXERE;Desrespeitar a preferência no cruzamento;Colisão transversal;Com Vítimas Feridas;Pleno dia;Decrescente;Nublado;Dupla;Interseção de Vias;-26.882.715;-52.381.729
15/10/2024;21:35:00;MUQUEM DE SAO FRANCISCO;Chuva;Colisão frontal;Com Vítimas Feridas;Plena Noite;Crescente;Chuva;Simples;"Reta;Aclive";-12.131;-43.348
16/10/2024;05:50:00;SAO JOSE DOS CAMPOS;Manobra de mudança de faixa;Engavetamento;Com Vítimas Fatais;Amanhecer;Decrescente;Sol;Múltipla;"Em Obras;Aclive";-2.324.524.337;-4.592.772.774
16/10/2024;06:30:00;MATELANDIA;Velocidade Incompatível;Tombamento;Com Vítimas Feridas;Amanhecer;Crescente;Céu Claro;Dupla;"Curva;Declive";-2.524.664.169;-5.398.334.832
16/10/2024;06:00:00;ITABUNA;Velocidade Incompatível;Tombamento;Com Vítimas Feridas;Pleno dia;Decrescente;Céu Claro;Simples;Curva;-1.481.574.494;-3.929.612.388
16/10/2024;05:45:00;CAMPOS DOS GOYTACAZES;Velocidade Incompatível;Tombamento;Com Vítimas Feridas;Amanhecer;Decrescente;Céu Claro;Simples;Curva;-2.131.648.344;-4.132.577.696
16/10/2024;05:55:00;RIO CASCA;Velocidade Incompatível;Tombamento;Com Vítimas Feridas;Amanhecer;Decrescente;Céu Claro;Simples;Curva;-2.018.090.294;-4.269.776.582
16/10/2024;08:00:00;JOAO PESSOA;Manobra de mudança de faixa;Colisão lateral mesmo sentido;Com Vítimas Feridas;Pleno dia;Decrescente;Céu Claro;Dupla;Reta;-712.885.533;-3.484.890.866
16/10/2024;09:00:00;PALHANO;Velocidade Incompatível;Colisão lateral sentido oposto;Com Vítimas Fatais;Pleno dia;Crescente;Céu Claro;Simples;"Curva;Ponte";-473.165.117;-3.808.466.434
16/10/2024;07:00:00;JOINVILLE;Manobra de mudança de faixa;Colisão lateral mesmo sentido;Sem Vítimas;Pleno dia;Decrescente;Sol;Dupla;Reta;-2.631.096.799;-488.763.392
16/10/2024;09:45:00;SAO GONCALO DO RIO ABAIXO;Velocidade Incompatível;Colisão frontal;Com Vítimas Feridas;Pleno dia;Decrescente;Nublado;Simples;Curva;-1.982.166.032;-4.338.805.676
16/10/2024;10:50:00;CURRAIS NOVOS;Conversão proibida;Colisão frontal;Com Vítimas Feridas;Pleno dia;Crescente;Céu Claro;Simples;"Curva;Aclive";-620.183.227;-363.765.141
16/10/2024;13:04:00;NOSSA SENHORA DO SOCORRO;Ultrapassagem Indevida;Colisão lateral sentido oposto;Com Vítimas Feridas;Pleno dia;Crescente;Céu Claro;Simples;Curva;-10.852.552;-37.192.886
16/10/2024;11:50:00;DOURADOS;Velocidade Incompatível;Saída de leito carroçável;Com Vítimas Feridas;Pleno dia;Crescente;Céu Claro;Dupla;Rotatória;-2.216.094.591;-5.464.879.607
15/10/2024;07:30:00;MORRETES;Velocidade Incompatível;Colisão com objeto;Com Vítimas Feridas;Pleno dia;Decrescente;Garoa/Chuvisco;Dupla;"Declive;Curva";-2.558.170.589;-4.887.791.023
16/10/2024;11:25:00;LAVRAS;Velocidade Incompatível;Tombamento;Com Vítimas Feridas;Pleno dia;Crescente;Sol;Dupla;"Declive;Curva";-2.131.137.883;-4.516.451.703
16/10/2024;17:10:00;GUARATUBA;Manobra de mudança de faixa;Colisão traseira;Sem Vítimas;Pleno dia;Crescente;Céu Claro;Dupla;"Reta;Declive";-2.590.092.097;-4.892.572.096
16/10/2024;09:15:00;EUNAPOLIS;Velocidade Incompatível;Colisão transversal;Com Vítimas Fatais;Pleno dia;Crescente;Céu Claro;Simples;Curva;-1.617.214.307;-3.959.489.822
16/10/2024;16:20:00;PIRAI;Acumulo de água sobre o pavimento;Colisão lateral mesmo sentido;Com Vítimas Feridas;Pleno dia;Decrescente;Chuva;Dupla;Declive;-2.262.040.692;-4.392.593.694
16/10/2024;14:30:00;CANTAGALO;Manobra de mudança de faixa;Colisão lateral mesmo sentido;Com Vítimas Fatais;Pleno dia;Crescente;Céu Claro;Simples;"Aclive;Reta";-2.541.275;-5.208.007
16/10/2024;19:15:00;ROSARIO DO SUL;Ultrapassagem Indevida;Colisão lateral mesmo sentido;Com Vítimas Feridas;Plena Noite;Crescente;Céu Claro;Simples;Reta;-3.027.602.891;-549.787.582
17/10/2024;07:20:00;CARDOSO MOREIRA;Velocidade Incompatível;Colisão frontal;Com Vítimas Feridas;Pleno dia;Decrescente;Céu Claro;Simples;Curva;-2.156.533;-4.144.942.822
17/10/2024;06:00:00;PATU;Ultrapassagem Indevida;Colisão lateral mesmo sentido;Com Vítimas Feridas;Pleno dia;Decrescente;Céu Claro;Simples;Reta;-608.669;-37.584.525
17/10/2024;09:00:00;CONGONHAS;Ultrapassagem Indevida;Colisão lateral mesmo sentido;Com Vítimas Feridas;Pleno dia;Crescente;Céu Claro;Simples;Curva;-2.044.288.105;-4.384.001.613
17/10/2024;12:15:00;CAMPINA GRANDE DO SUL;Manobra de mudança de faixa;Colisão lateral mesmo sentido;Com Vítimas Feridas;Pleno dia;Decrescente;Céu Claro;Dupla;Curva;-2.513.988.802;-4.885.618.719
17/10/2024;10:30:00;BELTERRA;Ultrapassagem Indevida;Colisão frontal;Com Vítimas Feridas;Pleno dia;Crescente;Céu Claro;Simples;"Reta;Aclive";-302.718.303;-5.492.871.534
17/10/2024;15:30:00;CAXIAS DO SUL;Manobra de mudança de faixa;Colisão lateral mesmo sentido;Com Vítimas Feridas;Pleno dia;Decrescente;Céu Claro;Dupla;"Reta;Aclive";-2.914.908.014;-511.429.969
17/10/2024;16:25:00;CARAZINHO;Velocidade Incompatível;Saída de leito carroçável;Sem Vítimas;Pleno dia;Crescente;Céu Claro;Simples;Curva;-28.289.944;-52.723.309
17/10/2024;16:30:00;SAO LEOPOLDO;Velocidade Incompatível;Tombamento;Sem Vítimas;Pleno dia;Crescente;Céu Claro;Dupla;"Curva;Viaduto";-2.973.196.199;-5.114.952.004
17/10/2024;17:20:00;SORRISO;Ultrapassagem Indevida;Colisão lateral mesmo sentido;Sem Vítimas;Anoitecer;Decrescente;Céu Claro;Simples;Curva;-12.397.928;-55.620.897
17/10/2024;16:30:00;TIBAGI;Velocidade Incompatível;Tombamento;Com Vítimas Feridas;Pleno dia;Crescente;Sol;Dupla;"Curva;Declive";-2.487.572.439;-5.044.350.028