data_inversa;horario;municipio;causa_acidente;tipo_acidente;classificacao_acidente;fase_dia;sentido_via;condicao_metereologica;tipo_pista;tracado_via;latitude;longitude
13/11/2024;08:00:00;ROLANDIA;Velocidade Incompatível;Colisão lateral mesmo sentido;Sem Vítimas;Pleno dia;Decrescente;Céu Claro;Dupla;Rotatória;-2.330.106.171;-5.134.471.178
13/11/2024;09:00:00;JOAO MONLEVADE;Pista Escorregadia;Colisão frontal;Com Vítimas Feridas;Pleno dia;Crescente;Garoa/Chuvisco;Simples;Curva;-1.985.985.912;-4.322.566.968
13/11/2024;08:30:00;ESTIVA;Velocidade Incompatível;Colisão traseira;Com Vítimas Feridas;Pleno dia;Decrescente;Chuva;Dupla;Declive;-2.248.184;-46.010.895
13/11/2024;11:30:00;CAETANOPOLIS;Chuva;Saída de leito carroçável;Com Vítimas Feridas;Pleno dia;Crescente;Chuva;Dupla;Reta;-19.324.237;-44.364.925
13/11/2024;12:20:00;ITAPEMA;Manobra de mudança de faixa;Colisão lateral mesmo sentido;Com Vítimas Feridas;Pleno dia;Decrescente;Nublado;Dupla;"Aclive;Reta";-2.708.139.206;-4.860.130.993
05/10/2024;14:00:00;SEABRA;Velocidade Incompatível;Tombamento;Com Vítimas Feridas;Pleno dia;Crescente;Céu Claro;Simples;Curva;-1.248.325.648;-4.172.110.653
13/11/2024;12:45:00;DUQUE DE CAXIAS;Velocidade Incompatível;Colisão traseira;Com Vítimas Feridas;Pleno dia;Decrescente;Nublado;Dupla;Reta;-2.271.853.604;-4.328.993.324
13/11/2024;16:15:00;BETIM;Acumulo de água sobre o pavimento;Tombamento;Com Vítimas Feridas;Pleno dia;Crescente;Chuva;Dupla;"Declive;Reta";-19.955.532;-44.097.209
13/11/2024;12:07:00;MONTES CLAROS;Velocidade Incompatível;Saída de leito carroçável;Com Vítimas Feridas;Pleno dia;Decrescente;Nublado;Simples;"Curva;Declive";-1.687.824.584;-4.400.270.102
13/11/2024;18:10:00;SARANDI;Manobra de mudança de faixa;Colisão lateral mesmo sentido;Com Vítimas Feridas;Anoitecer;Crescente;Céu Claro;Dupla;Declive;-2.345.643.624;-5.184.510.713
13/11/2024;19:07:00;GRAVATAI;Deficiência do Sistema de Iluminação/Sinalização;Colisão traseira;Com Vítimas Feridas;Anoitecer;Decrescente;Céu Claro;Dupla;"Viaduto;Reta";-2.995.521;-51.006.855
13/11/2024;18:50:00;ITAJAI;Velocidade Incompatível;Colisão traseira;Com Vítimas Feridas;Plena Noite;Decrescente;Nublado;Dupla;Reta;-26.912.758;-48.711.998
13/11/2024;16:40:00;SORRISO;Ultrapassagem Indevida;Colisão frontal;Com Vítimas Fatais;Pleno dia;Crescente;Chuva;Simples;Reta;-1.293.325;-5.586.075
13/11/2024;21:30:00;AGRONOMICA;Velocidade Incompatível;Tombamento;Com Vítimas Feridas;Plena Noite;Decrescente;Céu Claro;Simples;Curva;-27.277.105;-49.751.972
13/11/2024;22:45:00;FRUTAL;Animais na Pista;Atropelamento de Animal;Sem Vítimas;Plena Noite;Decrescente;Céu Claro;Simples;"Reta;Declive";-2.006.024.468;-4.881.236.315
14/11/2024;04:30:00;BARRA MANSA;Condutor usando celular;Colisão traseira;Com Vítimas Feridas;Amanhecer;Crescente;Garoa/Chuvisco;Dupla;Reta;-2.255.606.865;-4.413.021.704
14/11/2024;06:00:00;BARRA DO GARCAS;Velocidade Incompatível;Tombamento;Sem Vítimas;Amanhecer;Crescente;Chuva;Simples;Curva;-1.572.778.402;-5.261.820.889
14/11/2024;07:02:00;ALIANCA DO TOCANTINS;Manobra de mudança de faixa;Colisão traseira;Sem Vítimas;Pleno dia;Decrescente;Céu Claro;Simples;Reta;-11.335.566;-4.895.087.901
14/11/2024;08:30:00;GUARULHOS;Manobra de mudança de faixa;Colisão lateral mesmo sentido;Com Vítimas Feridas;Amanhecer;Crescente;Céu Claro;Múltipla;Reta;-2.347.093.408;-4.651.631.097
14/11/2024;05:50:00;PINDAMONHANGABA;Manobra de mudança de faixa;Colisão traseira;Com Vítimas Feridas;Pleno dia;Crescente;Céu Claro;Múltipla;Reta;-2.293.500.994;-4.537.019.403
14/11/2024;09:40:00;CONCEICAO DA BARRA;Ultrapassagem Indevida;Colisão frontal;Com Vítimas Feridas;Pleno dia;Decrescente;Nublado;Simples;Reta;-1.843.474.232;-39.933.535
14/11/2024;06:15:00;CANDOI;Velocidade Incompatível;Colisão lateral sentido oposto;Com Vítimas Feridas;Pleno dia;Decrescente;Céu Claro;Simples;"Reta;Aclive";-2.542.094;-5.204.035
14/11/2024;10:15:00;MACAPA;Manobra de mudança de faixa;Colisão lateral mesmo sentido;Com Vítimas Feridas;Pleno dia;Decrescente;Céu Claro;Simples;Reta;0.08745384;-5.109.096.766
14/11/2024;08:50:00;TERENOS;Ultrapassagem Indevida;Colisão lateral mesmo sentido;Com Vítimas Feridas;Pleno dia;Crescente;Céu Claro;Simples;Reta;-2.044.796.618;-5.484.935.623
14/11/2024;09:30:00;CONDE;Manobra de mudança de faixa;Colisão traseira;Com Vítimas Feridas;Pleno dia;Decrescente;Céu Claro;Dupla;Reta;-721.483.297;-349.117.521
14/11/2024;11:30:00;JUAZEIRO;Manobra de mudança de faixa;Colisão lateral mesmo sentido;Com Vítimas Feridas;Pleno dia;Crescente;Céu Claro;Dupla;Reta;-943.083.743;-4.050.340.891
13/11/2024;19:45:00;SAO SIMAO;Desrespeitar a preferência no cruzamento;Colisão transversal;Com Vítimas Feridas;Plena Noite;Decrescente;Chuva;Simples;"Reta;Interseção de Vias";-18.955.791;-50.622.719
14/11/2024;12:30:00;CARIACICA;Desrespeitar a preferência no cruzamento;Colisão transversal;Com Vítimas Feridas;Pleno dia;Crescente;Nublado;Dupla;Retorno Regulamentado;-2.028.927.747;-4.039.181.575
14/11/2024;11:40:00;CACHOEIRINHA;Manobra de mudança de faixa;Colisão lateral mesmo sentido;Com Vítimas Feridas;Pleno dia;Crescente;Céu Claro;Dupla;Reta;-2.996.376;-51.097.771
14/11/2024;13:15:00;CAMPINA GRANDE DO SUL;Velocidade Incompatível;Tombamento;Com Vítimas Fatais;Pleno dia;Decrescente;Céu Claro;Simples;"Curva;Declive";-250.604;-48.562.973
14/11/2024;13:00:00;SABARA;Velocidade Incompatível;Colisão frontal;Com Vítimas Fatais;Pleno dia;Crescente;Chuva;Simples;Curva;-1.978.663.743;-4.371.433.695
14/11/2024;14:50:00;GOIANIA;Ausência de sinalização;Colisão traseira;Com Vítimas Feridas;Pleno dia;Decrescente;Céu Claro;Múltipla;Reta;-1.663.927.064;-4.920.604.706
14/11/2024;00:30:00;ORTIGUEIRA;Animais na Pista;Saída de leito carroçável;Sem Vítimas;Plena Noite;Decrescente;Céu Claro;Dupla;Reta;-2.423.741.824;-5.091.757.915
14/11/2024;11:33:00;SENADOR GUIOMARD;Estacionar ou parar em local proibido;Colisão traseira;Com Vítimas Feridas;Pleno dia;Crescente;Céu Claro;Dupla;"Reta;Aclive";-1.006.639.448;-6.735.770.121
14/11/2024;19:30:00;CONDE;Desrespeitar a preferência no cruzamento;Colisão transversal;Com Vítimas Feridas;Plena Noite;Decrescente;Céu Claro;Dupla;"Retorno Regulamentado;Interseção de Vias;Reta";-725.987.492;-3.493.560.791
14/11/2024;17:50:00;ALTO ARAGUAIA;Curva acentuada;Tombamento;Com Vítimas Feridas;Anoitecer;Decrescente;Céu Claro;Simples;Curva;-17.310.339;-53.226.654
14/11/2024;21:27:00;SAO JOSE DO RIO PRETO;Ultrapassagem Indevida;Colisão frontal;Com Vítimas Fatais;Plena Noite;Crescente;Nublado;Simples;Reta;-20.707.081;-49.339.182
15/11/2024;03:15:00;PADRE BERNARDO;Chuva;Colisão com objeto;Com Vítimas Fatais;Plena Noite;Crescente;Chuva;Simples;Reta;-1.517.519.881;-4.828.581.333
15/11/2024;03:30:00;SANTA RITA;Animais na Pista;Atropelamento de Animal;Sem Vítimas;Plena Noite;Crescente;Céu Claro;Dupla;Reta;-7.120.528;-34.948.417
15/11/2024;05:00:00;FRANCISCO SA;Velocidade Incompatível;Saída de leito carroçável;Com Vítimas Feridas;Amanhecer;Decrescente;Nublado;Simples;Reta;-1.664.068.999;-4.369.966.903
15/11/2024;06:05:00;TRES CACHOEIRAS;Velocidade Incompatível;Saída de leito carroçável;Sem Vítimas;Amanhecer;Crescente;Céu Claro;Dupla;Curva;-2.943.224.983;-4.988.918.826
15/11/2024;08:30:00;CATALAO;Demais falhas na via;Tombamento;Com Vítimas Feridas;Pleno dia;Crescente;Garoa/Chuvisco;Simples;Rotatória;-181.965;-479.567
15/11/2024;10:25:00;MAGE;Condutor usando celular;Colisão lateral sentido oposto;Com Vítimas Feridas;Pleno dia;Crescente;Céu Claro;Simples;"Ponte;Reta";-2.266.364;-43.036.495
15/11/2024;11:15:00;BAGE;Velocidade Incompatível;Colisão lateral sentido oposto;Com Vítimas Feridas;Pleno dia;Crescente;Céu Claro;Simples;Curva;-3.122.752.291;-5.387.166.216
15/11/2024;13:38:00;LAJES;Afundamento ou ondulação no pavimento;Colisão lateral mesmo sentido;Com Vítimas Feridas;Pleno dia;Crescente;Céu Claro;Simples;Reta;-573.876.969;-3.610.371.695
15/11/2024;10:20:00;BOM DESPACHO;Ultrapassagem Indevida;Colisão lateral sentido oposto;Com Vítimas Feridas;Pleno dia;Crescente;Chuva;Simples;"Curva;Declive";-1.979.900.727;-4.514.183.914
15/11/2024;16:20:00;SAUDADES;Demais falhas na via;Colisão lateral mesmo sentido;Com Vítimas Feridas;Pleno dia;Crescente;Céu Claro;Simples;Reta;-26.820.206;-53.155.052
15/11/2024;17:20:00;RESENDE;Faixas de trânsito com largura insuficiente;Colisão lateral sentido oposto;Com Vítimas Feridas;Anoitecer;Crescente;Chuva;Simples;"Curva;Declive";-22.416.534;-44.750.381
15/11/2024;19:30:00;PRANCHITA;Ultrapassagem Indevida;Colisão lateral sentido oposto;Com Vítimas Feridas;Plena Noite;Crescente;Céu Claro;Simples;"Aclive;Reta";-2.595.794.198;-5.372.316.793
15/11/2024;19:00:00;CLARO DOS POCOES;Ausência de sinalização;Colisão traseira;Com Vítimas Feridas;Anoitecer;Crescente;Nublado;Simples;Reta;-1.684.711.553;-4.407.790.476
15/11/2024;19:00:00;PRATA;Velocidade Incompatível;Saída de leito carroçável;Com Vítimas Feridas;Anoitecer;Crescente;Nublado;Simples;Reta;-1.954.727.195;-4.882.831.264
15/11/2024;18:30:00;LARANJEIRAS DO SUL;Desrespeitar a preferência no cruzamento;Colisão transversal;Com Vítimas Feridas;Anoitecer;Decrescente;Céu Claro;Simples;"Rotatória;Reta";-2.538.552;-5.241.043
16/11/2024;03:00:00;CICERO DANTAS;Ultrapassagem Indevida;Colisão lateral sentido oposto;Com Vítimas Feridas;Plena Noite;Crescente;Céu Claro;Simples;"Curva;Declive";-104.981.751;-3.838.224.737
16/11/2024;07:30:00;TIJUCAS DO SUL;Velocidade Incompatível;Colisão lateral mesmo sentido;Com Vítimas Feridas;Pleno dia;Crescente;Garoa/Chuvisco;Dupla;Reta;-258.516.758;-4.900.332.398
16/11/2024;06:30:00;SAO JOAO DA FRONTEIRA;Manobra de mudança de faixa;Colisão traseira;Com Vítimas Feridas;Pleno dia;Decrescente;Céu Claro;Simples;Reta;-401.549.505;-4.146.271.594
16/11/2024;07:00:00;VALENCA;Pista Escorregadia;Colisão frontal;Com Vítimas Feridas;Pleno dia;Crescente;Nublado;Simples;Curva;-1.336.375.412;-3.937.591.281
16/11/2024;07:30:00;INHAPI;Manobra de mudança de faixa;Colisão frontal;Com Vítimas Fatais;Pleno dia;Decrescente;Céu Claro;Simples;Reta;-927.184;-3.775.294
16/11/2024;11:20:00;MADALENA;Desrespeitar a preferência no cruzamento;Colisão transversal;Sem Vítimas;Pleno dia;Crescente;Sol;Simples;Reta;-485.575.414;-3.957.409.685
16/11/2024;13:20:00;JUIZ DE FORA;Acumulo de água sobre o pavimento;Colisão com objeto;Com Vítimas Feridas;Pleno dia;Decrescente;Chuva;Dupla;"Curva;Declive";-2.170.406.297;-4.345.067.808
16/11/2024;13:20:00;RIBEIRAO DAS NEVES;Frear bruscamente;Colisão com objeto;Sem Vítimas;Pleno dia;Decrescente;Chuva;Dupla;Reta;-1.976.061.249;-441.347.544
16/11/2024;16:30:00;ARAUJOS;Chuva;Colisão frontal;Com Vítimas Feridas;Pleno dia;Crescente;Chuva;Simples;Reta;-1.982.719.122;-4.507.371.312
16/11/2024;17:21:00;CRISTALINA;Pista Escorregadia;Colisão lateral sentido oposto;Com Vítimas Feridas;Pleno dia;Decrescente;Garoa/Chuvisco;Simples;"Reta;Declive";-16.555.499;-4.778.908
16/11/2024;16:30:00;CAMANDUCAIA;Velocidade Incompatível;Colisão com objeto;Com Vítimas Feridas;Pleno dia;Crescente;Chuva;Dupla;"Curva;Declive";-2.276.303.099;-4.617.054.284
16/11/2024;17:20:00;PILAR;Conversão proibida;Colisão frontal;Com Vítimas Feridas;Anoitecer;Decrescente;Céu Claro;Simples;Reta;-958.657.444;-359.567.722
16/11/2024;19:50:00;ITAPISSUMA;Manobra de mudança de faixa;Colisão lateral mesmo sentido;Com Vítimas Feridas;Plena Noite;Decrescente;Céu Claro;Dupla;Reta;-776.009.402;-3.493.544.519
16/11/2024;16:40:00;MIRASSOL DOESTE;Ultrapassagem Indevida;Saída de leito carroçável;Com Vítimas Fatais;Pleno dia;Decrescente;Céu Claro;Simples;Reta;-1.582.133.288;-5.804.157.968
16/11/2024;21:00:00;GRAVATA;Velocidade Incompatível;Colisão lateral sentido oposto;Com Vítimas Fatais;Plena Noite;Crescente;Céu Claro;Simples;Curva;-819.579.864;-3.556.962.305
16/11/2024;19:30:00;TUCANO;Manobra de mudança de faixa;Colisão frontal;Com Vítimas Feridas;Plena Noite;Crescente;Céu Claro;Simples;Reta;-10.940.413;-38.808.203
17/11/2024;06:20:00;CACHOEIRO DE ITAPEMIRIM;Ultrapassagem Indevida;Colisão lateral sentido oposto;Com Vítimas Feridas;Pleno dia;Crescente;Céu Claro;Simples;Reta;-2.095.924.919;-4.110.118.693
17/11/2024;08:30:00;RIO GRANDE;Manobra de mudança de faixa;Colisão transversal;Com Vítimas Feridas;Pleno dia;Decrescente;Céu Claro;Dupla;Reta;-3.207.415.155;-5.226.394.823
17/11/2024;08:15:00;TUPANCIRETA;Velocidade Incompatível;Colisão lateral mesmo sentido;Com Vítimas Feridas;Pleno dia;Decrescente;Céu Claro;Simples;Curva;-2.905.555.199;-5.364.632.608
17/11/2024;07:40:00;BACABEIRA;Manobra de mudança de faixa;Colisão lateral mesmo sentido;Com Vítimas Feridas;Pleno dia;Decrescente;Céu Claro;Dupla;Reta;-2.840.086;-4.437.459.507
17/11/2024;10:20:00;SANTO ANTONIO DA PATRULHA;Manobra de mudança de faixa;Colisão lateral mesmo sentido;Com Vítimas Feridas;Pleno dia;Crescente;Céu Claro;Múltipla;Curva;-29.884.407;-50.444.893
17/11/2024;12:10:00;TEOTONIO VILELA;Velocidade Incompatível;Tombamento;Com Vítimas Feridas;Pleno dia;Decrescente;Céu Claro;Dupla;"Curva;Declive";-989.373.101;-3.640.518.514
17/11/2024;15:50:00;CARIACICA;Manobra de mudança de faixa;Colisão com objeto;Com Vítimas Feridas;Pleno dia;Decrescente;Nublado;Dupla;Reta;-2.022.694;-4.036.458
17/11/2024;13:50:00;UAUA;Animais na Pista;Tombamento;Com Vítimas Feridas;Pleno dia;Decrescente;Sol;Simples;Reta;-992.865.378;-3.933.519.393
04/11/2024;14:30:00;CACHOEIRO DE ITAPEMIRIM;Falta de acostamento;Colisão frontal;Com Vítimas Feridas;Pleno dia;Crescente;Ignorado;Simples;Reta;-208.352.988;-411.701.113
17/11/2024;08:20:00;MASCOTE;Velocidade Incompatível;Colisão transversal;Com Vítimas Fatais;Pleno dia;Crescente;Chuva;Simples;Curva;-1.574.211.501;-3.947.647.498
17/11/2024;18:45:00;TERESINA;Manobra de mudança de faixa;Colisão lateral mesmo sentido;Sem Vítimas;Anoitecer;Decrescente;Céu Claro;Simples;Reta;-514.169.858;-4.278.157.276
18/11/2024;02:10:00;PACAJUS;Animais na Pista;Atropelamento de Animal;Sem Vítimas;Plena Noite;Crescente;Céu Claro;Dupla;Reta;-419.566.554;-3.847.123.658
16/11/2024;11:10:00;TRES MARIAS;Velocidade Incompatível;Saída de leito carroçável;Com Vítimas Feridas;Pleno dia;Crescente;Nublado;Simples;Reta;-1.824.287.344;-4.520.732.403
18/11/2024;11:48:00;RANCHO QUEIMADO;Ultrapassagem Indevida;Colisão frontal;Com Vítimas Feridas;Pleno dia;Decrescente;Céu Claro;Simples;"Reta;Declive";-27.699.602;-49.062.912
18/11/2024;08:40:00;CAPAO ALTO;Velocidade Incompatível;Tombamento;Com Vítimas Feridas;Pleno dia;Crescente;Céu Claro;Simples;"Declive;Curva";-2.819.738.894;-5.075.969.693
18/11/2024;13:10:00;FOZ DO IGUACU;Manobra de mudança de faixa;Tombamento;Com Vítimas Feridas;Pleno dia;Crescente;Sol;Dupla;Curva;-255.106.015;-5.455.481.999
18/11/2024;15:25:00;BUTIA;Manobra de mudança de faixa;Colisão frontal;Com Vítimas Feridas;Pleno dia;Decrescente;Nublado;Simples;Declive;-3.012.389.723;-5.188.958.645
18/11/2024;14:49:00;ALMIRANTE TAMANDARE DO SUL;Ultrapassagem Indevida;Colisão frontal;Com Vítimas Feridas;Pleno dia;Crescente;Céu Claro;Simples;"Curva;Declive";-28.188.417;-52.828.358
18/11/2024;12:10:00;ANGRA DOS REIS;Manobra de mudança de faixa;Colisão lateral mesmo sentido;Com Vítimas Feridas;Pleno dia;Decrescente;Céu Claro;Simples;Curva;-2.300.283.001;-4.447.362.994
18/11/2024;17:00:00;SAO GONCALO DO ABAETE;Velocidade Incompatível;Capotamento;Com Vítimas Fatais;Pleno dia;Crescente;Nublado;Simples;Declive;-180.946.169;-4.547.580.786
18/11/2024;18:00:00;CUNHA PORA;Velocidade Incompatível;Saída de leito carroçável;Com Vítimas Feridas;Pleno dia;Crescente;Céu Claro;Simples;Reta;-2.688.345.282;-531.743.468
18/11/2024;23:00:00;FAZENDA RIO GRANDE;Manobra de mudança de faixa;Colisão lateral mesmo sentido;Sem Vítimas;Plena Noite;Decrescente;Nublado;Múltipla;Reta;-2.567.510.803;-493.157.007
18/11/2024;23:00:00;ITAJA;Ultrapassagem Indevida;Colisão lateral sentido oposto;Com Vítimas Feridas;Plena Noite;Decrescente;Céu Claro;Simples;Reta;-565.777.056;-3.678.026.197
18/11/2024;22:45:00;SAO MATEUS DO SUL;Pista esburacada;Colisão frontal;Com Vítimas Feridas;Plena Noite;Decrescente;Céu Claro;Simples;Reta;-2.592.116;-50.455.887
19/11/2024;05:40:00;PIRAI;Curva acentuada;Tombamento;Sem Vítimas;Pleno dia;Decrescente;Céu Claro;Dupla;Curva;-2.262.040.692;-4.392.593.694
19/11/2024;06:40:00;BETIM;Manobra de mudança de faixa;Colisão traseira;Com Vítimas Feridas;Pleno dia;Decrescente;Céu Claro;Dupla;Curva;-1.995.747.956;-4.414.984.059
19/11/2024;07:30:00;GUAPIRAMA;Ultrapassagem Indevida;Colisão frontal;Com Vítimas Feridas;Pleno dia;Decrescente;Céu Claro;Simples;Reta;-2.342.921.004;-5.007.696.395
19/11/2024;06:00:00;BLUMENAU;Velocidade Incompatível;Tombamento;Sem Vítimas;Pleno dia;Crescente;Nublado;Simples;Desvio Temporário;-2.685.997.954;-4.905.435.506
19/11/2024;11:35:00;BRASILIA;Velocidade Incompatível;Colisão lateral mesmo sentido;Com Vítimas Feridas;Pleno dia;Crescente;Céu Claro;Dupla;"Aclive;Reta";-15.616.901;-47.708.927
19/11/2024;13:00:00;RONDONOPOLIS;Manobra de mudança de faixa;Colisão lateral mesmo sentido;Com Vítimas Feridas;Pleno dia;Decrescente;Céu Claro;Dupla;"Em Obras;Reta";-1.645.928.621;-5.466.092.345
19/11/2024;15:50:00;CONCEICAO DO CASTELO;Velocidade Incompatível;Tombamento;Com Vítimas Feridas;Pleno dia;Decrescente;Chuva;Simples;"Reta;Ponte";-2.032.053.818;-4.121.864.322
19/11/2024;05:13:00;RIO VERDE;Curva acentuada;Tombamento;Sem Vítimas;Amanhecer;Decrescente;Céu Claro;Simples;Interseção de Vias;-1.792.761.132;-5.055.878.055
19/11/2024;17:40:00;SANTA MARIA;Chuva;Saída de leito carroçável;Com Vítimas Feridas;Anoitecer;Crescente;Chuva;Simples;Reta;-2.983.756.091;-5.375.844.783
19/11/2024;19:40:00;MACAE;Ultrapassagem Indevida;Colisão frontal;Com Vítimas Feridas;Plena Noite;Crescente;Céu Claro;Simples;Aclive;-2.221.953.803;-4.176.037.751
19/11/2024;20:20:00;PAULA FREITAS;Ultrapassagem Indevida;Saída de leito carroçável;Com Vítimas Feridas;Plena Noite;Crescente;Nublado;Simples;"Aclive;Reta";-26.190.107;-50.976.234
19/11/2024;21:10:00;TERESINA;Desrespeitar a preferência no cruzamento;Colisão transversal;Com Vítimas Feridas;Plena Noite;Crescente;Céu Claro;Dupla;"Reta;Viaduto";-519.087.662;-4.276.136.398
19/11/2024;17:28:00;DIAMANTINO;Desrespeitar a preferência no cruzamento;Colisão lateral mesmo sentido;Sem Vítimas;Pleno dia;Decrescente;Céu Claro;Dupla;Interseção de Vias;-1.425.568.706;-56.519.993
19/11/2024;17:30:00;SAO MARCOS;Curva acentuada;Tombamento;Com Vítimas Feridas;Pleno dia;Crescente;Garoa/Chuvisco;Múltipla;Curva;-2.900.573.128;-5.106.932.906
19/11/2024;22:30:00;CACHOEIRA DO SUL;Velocidade Incompatível;Colisão frontal;Com Vítimas Fatais;Plena Noite;Crescente;Chuva;Simples;Declive;-3.001.113.881;-5.292.079.926
20/11/2024;06:30:00;NOVA ERA;Velocidade Incompatível;Colisão frontal;Com Vítimas Feridas;Amanhecer;Decrescente;Céu Claro;Simples;"Aclive;Curva";-1.980.185.626;-4.305.406.111
20/11/2024;08:45:00;MAMANGUAPE;Acesso irregular;Colisão transversal;Com Vítimas Feridas;Pleno dia;Crescente;Céu Claro;Dupla;"Reta;Retorno Regulamentado;Aclive";-666.323.695;-351.143.428
20/11/2024;08:25:00;SINOP;Ultrapassagem Indevida;Colisão lateral mesmo sentido;Sem Vítimas;Pleno dia;Decrescente;Céu Claro;Simples;Reta;-1.200.233.809;-5.551.712.578
18/11/2024;14:00:00;PACAJA;Manobra de mudança de faixa;Tombamento;Com Vítimas Feridas;Pleno dia;Crescente;Sol;Simples;Reta;-385.475.423;-5.049.887.291
20/11/2024;11:35:00;POUSO NOVO;Velocidade Incompatível;Colisão frontal;Com Vítimas Feridas;Pleno dia;Decrescente;Chuva;Dupla;"Curva;Declive";-29.194.696;-52.185.722
22/08/2024;06:20:00;OCAUCU;Ultrapassagem Indevida;Colisão lateral mesmo sentido;Sem Vítimas;Amanhecer;Decrescente;Céu Claro;Simples;"Declive;Reta";-2.236.254.299;-4.988.596.698
20/11/2024;08:10:00;ANGICAL DO PIAUI;Manobra de mudança de faixa;Colisão frontal;Com Vítimas Fatais;Pleno dia;Crescente;Sol;Simples;Curva;-6.041.117;-42.735.828
20/11/2024;10:45:00;PIRAI;Velocidade Incompatível;Colisão traseira;Com Vítimas Feridas;Pleno dia;Crescente;Céu Claro;Dupla;Curva;-2.265.208.783;-4.382.143.902
20/11/2024;10:57:00;RONDONOPOLIS;Manobra de mudança de faixa;Colisão lateral mesmo sentido;Com Vítimas Feridas;Pleno dia;Crescente;Sol;Dupla;Reta;-1.644.641.647;-5.466.801.167
20/11/2024;18:00:00;JOAO PESSOA;Manobra de mudança de faixa;Colisão lateral mesmo sentido;Com Vítimas Feridas;Plena Noite;Crescente;Céu Claro;Dupla;Viaduto;-71.562;-348.574
20/11/2024;20:25:00;ITAIOPOLIS;Ultrapassagem Indevida;Colisão lateral sentido oposto;Com Vítimas Feridas;Plena Noite;Crescente;Nublado;Simples;Reta;-2.624.948.781;-4.990.733.133
21/11/2024;06:30:00;IBATIBA;Velocidade Incompatível;Tombamento;Com Vítimas Feridas;Pleno dia;Crescente;Céu Claro;Simples;Curva;-202.148.829;-4.144.925.529
20/11/2024;22:10:00;SAPUCAIA;Velocidade Incompatível;Tombamento;Com Vítimas Feridas;Plena Noite;Decrescente;Nublado;Simples;Curva;-2.203.820.204;-4.278.241.995
21/11/2024;08:52:00;SANTA MARIA;Manobra de mudança de faixa;Colisão transversal;Sem Vítimas;Pleno dia;Decrescente;Céu Claro;Dupla;"Desvio Temporário;Em Obras";-2.970.734.436;-5.382.753.611
27/08/2024;16:15:00;SAO JOSE DO RIO PRETO;Manobra de mudança de faixa;Colisão traseira;Com Vítimas Feridas;Pleno dia;Decrescente;Sol;Dupla;Declive;-2.087.627.206;-4.942.004.692
21/11/2024;11:00:00;ITABORAI;Manobra de mudança de faixa;Colisão traseira;Com Vítimas Feridas;Pleno dia;Crescente;Nublado;Dupla;Reta;-227.584.434;-4.289.502.344
21/11/2024;13:00:00;ITAPERUNA;Velocidade Incompatível;Colisão lateral sentido oposto;Com Vítimas Feridas;Pleno dia;Crescente;Chuva;Simples;Curva;-2.121.755.178;-4.182.535.005
21/11/2024;13:55:00;MURIAE;Velocidade Incompatível;Saída de leito carroçável;Com Vítimas Feridas;Pleno dia;Crescente;Chuva;Simples;Curva;-2.120.407.381;-423.892.452
21/11/2024;17:00:00;EXTREMA;Curva acentuada;Tombamento;Com Vítimas Feridas;Pleno dia;Decrescente;Céu Claro;Dupla;Curva;-2.279.252.334;-4.625.065.327
21/11/2024;16:40:00;JOINVILLE;Velocidade Incompatível;Colisão traseira;Com Vítimas Feridas;Pleno dia;Crescente;Chuva;Dupla;Reta;-262.628.107;-4.890.192.257
21/11/2024;19:20:00;TAQUARITINGA DO NORTE;Conversão proibida;Colisão traseira;Com Vítimas Fatais;Plena Noite;Crescente;Céu Claro;Simples;Reta;-7.931.927;-3.611.956
21/11/2024;20:45:00;FRUTAL;Chuva;Saída de leito carroçável;Com Vítimas Feridas;Plena Noite;Decrescente;Chuva;Simples;"Declive;Reta";-20.025.185;-4.894.096
21/11/2024;19:00:00;CAMPO GRANDE;Velocidade Incompatível;Colisão traseira;Com Vítimas Feridas;Plena Noite;Crescente;Céu Claro;Dupla;Reta;-2.046.729.464;-5.454.013.467
21/11/2024;19:00:00;ITAJAI;Manobra de mudança de faixa;Colisão lateral mesmo sentido;Com Vítimas Feridas;Plena Noite;Decrescente;Garoa/Chuvisco;Dupla;Reta;-2.687.064.015;-4.872.954.134
21/11/2024;16:25:00;PAULO FRONTIN;Velocidade Incompatível;Tombamento;Com Vítimas Feridas;Pleno dia;Crescente;Chuva;Simples;Curva;-26.024.607;-50.671.589
21/11/2024;23:15:00;SAO GONCALO DO RIO ABAIXO;Velocidade Incompatível;Tombamento;Com Vítimas Feridas;Plena Noite;Decrescente;Céu Claro;Simples;Curva;-19.850.555;-43.267.783
21/11/2024;13:30:00;ITAITUBA;Velocidade Incompatível;Tombamento;Sem Vítimas;Pleno dia;Crescente;Céu Claro;Simples;"Curva;Aclive";-614.562.773;-5.562.875.013
21/11/2024;22:50:00;ARAQUARI;Manobra de mudança de faixa;Colisão frontal;Com Vítimas Feridas;Plena Noite;Decrescente;Chuva;Simples;Reta;-2.637.587.078;-4.871.798.158
22/11/2024;00:35:00;PALHOCA;Velocidade Incompatível;Colisão traseira;Com Vítimas Feridas;Plena Noite;Crescente;Chuva;Dupla;Reta;-2.789.714;-48.648.766
02/11/2024;08:55:00;SAO JOSE DO RIO PRETO;Chuva;Saída de leito carroçável;Com Vítimas Feridas;Pleno dia;Crescente;Chuva;Dupla;Reta;-2.082.919.401;-4.936.046.325