data_inversa;horario;municipio;causa_acidente;tipo_acidente;classificacao_acidente;fase_dia;sentido_via;condicao_metereologica;tipo_pista;tracado_via;latitude;longitude
22/11/2024;06:46:00;BRASILIA;Acumulo de areia ou detritos sobre o pavimento;Queda de ocupante de veículo;Com Vítimas Feridas;Amanhecer;Decrescente;Nublado;Dupla;"Interseção de Vias;Reta";-1.600.042;-47.984.603
22/11/2024;06:15:00;SAO LEOPOLDO;Velocidade Incompatível;Tombamento;Com Vítimas Feridas;Pleno dia;Crescente;Nublado;Múltipla;"Curva;Interseção de Vias";-2.973.080.054;-5.114.968.092
22/11/2024;10:40:00;SAO MATEUS;Manobra de mudança de faixa;Tombamento;Com Vítimas Feridas;Pleno dia;Decrescente;Céu Claro;Dupla;Reta;-1.872.054.021;-398.658.931
22/11/2024;11:30:00;ALFREDO WAGNER;Pista Escorregadia;Colisão frontal;Com Vítimas Fatais;Pleno dia;Crescente;Chuva;Simples;Curva;-27.666.153;-49.175.022
22/11/2024;03:30:00;MANAUS;Estacionar ou parar em local proibido;Colisão traseira;Com Vítimas Feridas;Amanhecer;Crescente;Nevoeiro/Neblina;Simples;"Declive;Reta";-226.580.199;-600.398.401
22/11/2024;15:00:00;SANTO ANTONIO DO SUDOESTE;Velocidade Incompatível;Saída de leito carroçável;Com Vítimas Feridas;Pleno dia;Crescente;Nublado;Simples;Curva;-26.134.862;-53.680.685
22/11/2024;16:00:00;BRASILIA;Velocidade Incompatível;Saída de leito carroçável;Com Vítimas Feridas;Pleno dia;Crescente;Chuva;Dupla;Curva;-15.595.603;-47.649.715
22/11/2024;13:18:00;GOVERNADOR VALADARES;Ultrapassagem Indevida;Colisão lateral sentido oposto;Com Vítimas Feridas;Pleno dia;Crescente;Chuva;Dupla;Reta;-1.904.766.095;-4.215.522.105
22/11/2024;16:40:00;LAGES;Desrespeitar a preferência no cruzamento;Colisão traseira;Com Vítimas Feridas;Pleno dia;Decrescente;Nublado;Simples;Reta;-2.781.262.488;-5.036.859.817
22/11/2024;14:20:00;IMPERATRIZ;Ultrapassagem Indevida;Colisão lateral sentido oposto;Com Vítimas Fatais;Pleno dia;Decrescente;Céu Claro;Simples;"Curva;Declive";-5.233.304;-47.511.509
22/11/2024;17:30:00;AGUAS MORNAS;Velocidade Incompatível;Colisão frontal;Com Vítimas Feridas;Pleno dia;Decrescente;Chuva;Simples;"Curva;Aclive";-27.714.352;-48.938.072
22/11/2024;18:09:00;GUARATUBA;Velocidade Incompatível;Colisão lateral mesmo sentido;Com Vítimas Feridas;Plena Noite;Decrescente;Chuva;Dupla;"Aclive;Curva";-25.864.159;-48.937.538
22/11/2024;21:45:00;CANTAGALO;Velocidade Incompatível;Tombamento;Com Vítimas Feridas;Plena Noite;Crescente;Céu Claro;Simples;Curva;-2.542.378.449;-5.203.083.928
23/11/2024;00:10:00;CAMPINA GRANDE DO SUL;Chuva;Colisão traseira;Com Vítimas Feridas;Plena Noite;Crescente;Chuva;Dupla;Curva;-250.604;-48.562.973
23/11/2024;01:45:00;MANDIRITUBA;Acesso irregular;Colisão transversal;Com Vítimas Feridas;Plena Noite;Crescente;Nublado;Simples;Reta;-25.865.191;-49.416.095
02/10/2024;15:10:00;PASSO FUNDO;Desrespeitar a preferência no cruzamento;Colisão transversal;Com Vítimas Feridas;Pleno dia;Decrescente;Garoa/Chuvisco;Simples;Interseção de Vias;-28.236.414;-52.423.466
23/11/2024;06:40:00;RANCHO QUEIMADO;Pista Escorregadia;Colisão lateral sentido oposto;Com Vítimas Feridas;Pleno dia;Crescente;Nublado;Simples;Reta;-27.696.936;-48.964.138
23/11/2024;06:35:00;VIANA;Acumulo de água sobre o pavimento;Colisão com objeto;Com Vítimas Feridas;Pleno dia;Crescente;Chuva;Dupla;Declive;-2.035.374.444;-404.156.433
23/11/2024;07:00:00;SABARA;Pista Escorregadia;Colisão frontal;Com Vítimas Fatais;Pleno dia;Crescente;Garoa/Chuvisco;Simples;Curva;-1.978.885.371;-4.370.613.892
23/11/2024;05:10:00;SAPUCAIA;Velocidade Incompatível;Tombamento;Com Vítimas Feridas;Amanhecer;Crescente;Nublado;Simples;Curva;-2.190.897.631;-4.269.105.244
23/11/2024;02:00:00;VENTANIA;Velocidade Incompatível;Tombamento;Com Vítimas Feridas;Plena Noite;Decrescente;Céu Claro;Simples;Curva;-2.406.329.917;-5.025.299.369
23/11/2024;13:32:00;SANTA LUZIA;Desrespeitar a preferência no cruzamento;Colisão transversal;Com Vítimas Feridas;Pleno dia;Crescente;Chuva;Simples;Reta;-1.982.360.393;-4.382.539.293
23/11/2024;16:40:00;TEOTONIO VILELA;Velocidade Incompatível;Colisão frontal;Com Vítimas Feridas;Pleno dia;Decrescente;Céu Claro;Simples;Reta;-990.706.536;-3.635.090.419
23/11/2024;14:30:00;RONDONOPOLIS;Velocidade Incompatível;Colisão traseira;Com Vítimas Feridas;Pleno dia;Crescente;Nublado;Dupla;Reta;-16.505.412;-5.465.154
23/11/2024;19:15:00;CURITIBA;Manobra de mudança de faixa;Colisão lateral mesmo sentido;Com Vítimas Feridas;Plena Noite;Crescente;Nublado;Dupla;"Declive;Reta";-25.599.834;-49.317.414
24/11/2024;03:00:00;CONGONHAS;Velocidade Incompatível;Colisão frontal;Com Vítimas Fatais;Plena Noite;Decrescente;Céu Claro;Simples;Curva;-2.046.834.617;-4.384.095.284
09/11/2024;17:25:00;VARGEM BONITA;Manobra de mudança de faixa;Colisão traseira;Sem Vítimas;Pleno dia;Crescente;Sol;Simples;"Declive;Reta";-26.821.478;-51.720.905
24/11/2024;07:30:00;GOVERNADOR CELSO RAMOS;Velocidade Incompatível;Tombamento;Com Vítimas Feridas;Pleno dia;Decrescente;Sol;Dupla;Curva;-2.733.081.601;-4.862.697.562
24/11/2024;12:30:00;NOBRES;Chuva;Saída de leito carroçável;Com Vítimas Feridas;Pleno dia;Crescente;Chuva;Dupla;"Declive;Curva";-1.475.243.128;-5.633.419.077
24/11/2024;11:00:00;UBERABA;Ultrapassagem Indevida;Colisão lateral sentido oposto;Com Vítimas Feridas;Pleno dia;Decrescente;Céu Claro;Simples;Reta;-1.968.074.956;-4.765.756.284
24/11/2024;15:30:00;TIJUCAS;Velocidade Incompatível;Colisão lateral mesmo sentido;Com Vítimas Feridas;Pleno dia;Decrescente;Sol;Dupla;Reta;-2.723.461.699;-4.863.039.809
24/11/2024;16:30:00;SENADOR ELOI DE SOUZA;Ultrapassagem Indevida;Colisão lateral mesmo sentido;Com Vítimas Feridas;Pleno dia;Decrescente;Céu Claro;Simples;"Declive;Reta";-605.854.712;-356.779.147
24/11/2024;12:35:00;CHAPECO;Ultrapassagem Indevida;Colisão lateral mesmo sentido;Com Vítimas Feridas;Pleno dia;Decrescente;Céu Claro;Simples;Reta;-26.968.346;-52.753.883
24/11/2024;14:30:00;BARRO;Velocidade Incompatível;Tombamento;Com Vítimas Feridas;Pleno dia;Decrescente;Céu Claro;Simples;"Curva;Declive";-723.686;-388.447
24/11/2024;19:00:00;SANTA MARIA DO PARA;Manobra de mudança de faixa;Colisão frontal;Com Vítimas Fatais;Plena Noite;Crescente;Céu Claro;Simples;Reta;-1.368.861;-47.569.893
24/11/2024;21:00:00;RIO CASCA;Ultrapassagem Indevida;Colisão com objeto;Com Vítimas Feridas;Plena Noite;Crescente;Céu Claro;Simples;Reta;-2.021.312.389;-4.265.721.909
24/11/2024;21:20:00;GUARATUBA;Velocidade Incompatível;Colisão com objeto;Com Vítimas Feridas;Plena Noite;Crescente;Nublado;Simples;"Curva;Declive";-2.586.649.659;-4.894.666.822
24/11/2024;23:00:00;FEIRA DE SANTANA;Animais na Pista;Atropelamento de Animal;Com Vítimas Feridas;Plena Noite;Crescente;Chuva;Dupla;Reta;-1.230.639.712;-3.889.051.509
24/11/2024;18:50:00;IBAITI;Velocidade Incompatível;Tombamento;Com Vítimas Feridas;Anoitecer;Crescente;Céu Claro;Simples;"Curva;Declive";-2.393.756.505;-5.023.719.549
25/11/2024;05:15:00;MARECHAL CANDIDO RONDON;Acostamento em desnível;Tombamento;Com Vítimas Feridas;Amanhecer;Crescente;Sol;Simples;Reta;-24.568.102;-54.034.168
25/11/2024;05:45:00;PETROPOLIS;Velocidade Incompatível;Tombamento;Com Vítimas Feridas;Amanhecer;Decrescente;Céu Claro;Simples;"Curva;Declive";-224.585.308;-4.321.600.514
25/11/2024;07:20:00;RONDONOPOLIS;Manobra de mudança de faixa;Colisão lateral mesmo sentido;Com Vítimas Feridas;Pleno dia;Decrescente;Sol;Dupla;"Reta;Declive";-1.647.555.256;-5.465.344.724
25/11/2024;07:40:00;MONTE ALEGRE DE MINAS;Manobra de mudança de faixa;Colisão frontal;Com Vítimas Feridas;Amanhecer;Crescente;Nublado;Simples;"Declive;Reta";-189.435.501;-4.902.560.333
25/11/2024;13:58:00;NOBRES;Manobra de mudança de faixa;Colisão lateral mesmo sentido;Com Vítimas Feridas;Pleno dia;Decrescente;Nublado;Dupla;Reta;-1.478.041.023;-5.636.922.993
25/11/2024;11:20:00;IGARAPE;Manobra de mudança de faixa;Colisão lateral mesmo sentido;Com Vítimas Feridas;Pleno dia;Crescente;Céu Claro;Dupla;Reta;-2.011.382.303;-4.430.720.801
25/11/2024;15:30:00;NATAL;Acesso irregular;Colisão lateral mesmo sentido;Com Vítimas Feridas;Pleno dia;Decrescente;Sol;Dupla;Rotatória;-575.852.229;-3.528.806.121
25/11/2024;12:30:00;JUNQUEIRO;Velocidade Incompatível;Tombamento;Com Vítimas Feridas;Pleno dia;Crescente;Céu Claro;Dupla;"Curva;Declive";-989.535.548;-3.641.225.988
25/11/2024;16:00:00;UBERABA;Ultrapassagem Indevida;Colisão lateral mesmo sentido;Com Vítimas Feridas;Pleno dia;Decrescente;Céu Claro;Simples;Retorno Regulamentado;-1.982.507.776;-4.789.035.168
25/11/2024;16:22:00;ESTREITO;Acesso irregular;Saída de leito carroçável;Com Vítimas Feridas;Pleno dia;Decrescente;Chuva;Simples;Reta;-6.544.713;-47.425.034
25/11/2024;18:05:00;ARAPONGAS;Velocidade Incompatível;Colisão traseira;Com Vítimas Feridas;Anoitecer;Crescente;Céu Claro;Dupla;Reta;-2.347.118;-5.142.382
25/11/2024;06:10:00;PIRAI;Velocidade Incompatível;Tombamento;Com Vítimas Feridas;Pleno dia;Decrescente;Garoa/Chuvisco;Dupla;"Curva;Declive";-22.660.623;-4.382.667
25/11/2024;21:00:00;PILAR;Manobra de mudança de faixa;Colisão lateral mesmo sentido;Com Vítimas Feridas;Plena Noite;Decrescente;Céu Claro;Dupla;"Declive;Reta";-952.754.398;-3.594.523.001
26/11/2024;03:45:00;MIRACATU;Velocidade Incompatível;Colisão traseira;Com Vítimas Feridas;Amanhecer;Decrescente;Nublado;Dupla;Reta;-2.428.537.125;-4.744.102.662
26/11/2024;05:40:00;LARANJEIRAS;Velocidade Incompatível;Colisão frontal;Com Vítimas Fatais;Pleno dia;Crescente;Chuva;Simples;"Curva;Aclive";-10.827.477;-37.227.757
26/11/2024;05:05:00;GUARATUBA;Velocidade Incompatível;Tombamento;Com Vítimas Feridas;Amanhecer;Crescente;Céu Claro;Dupla;Curva;-2.586.958.174;-4.893.464.712
26/11/2024;03:40:00;SANTO ANTONIO DA PLATINA;Velocidade Incompatível;Saída de leito carroçável;Sem Vítimas;Plena Noite;Decrescente;Céu Claro;Simples;Curva;-2.324.053.595;-5.003.827.052
26/11/2024;01:50:00;CAETES;Iluminação deficiente;Colisão com objeto;Com Vítimas Feridas;Plena Noite;Decrescente;Céu Claro;Simples;Reta;-888.171.776;-3.657.279.606
26/11/2024;06:54:00;NOVA IGUACU;Manobra de mudança de faixa;Colisão traseira;Com Vítimas Feridas;Pleno dia;Crescente;Céu Claro;Múltipla;Reta;-2.274.123.776;-435.007.311
26/11/2024;08:50:00;PARNAIBA;Desrespeitar a preferência no cruzamento;Colisão transversal;Com Vítimas Feridas;Pleno dia;Crescente;Sol;Dupla;Reta;-293.659;-41.754.936
08/07/2024;02:00:00;SAO JOSE DOS CAMPOS;Acumulo de areia ou detritos sobre o pavimento;Colisão lateral mesmo sentido;Com Vítimas Feridas;Plena Noite;Decrescente;Céu Claro;Dupla;Reta;-2.320.700.047;-4.588.626.861
26/11/2024;13:00:00;FRANCISCO SA;Velocidade Incompatível;Tombamento;Com Vítimas Feridas;Pleno dia;Crescente;Céu Claro;Simples;Curva;-164.669.101;-4.343.947.986
26/11/2024;08:30:00;NOVO PROGRESSO;Ausência de sinalização;Eventos atípicos;Com Vítimas Fatais;Pleno dia;Crescente;Nublado;Simples;Reta;-952.827.902;-5.486.132.383
26/11/2024;16:00:00;IRINEOPOLIS;Ultrapassagem Indevida;Colisão lateral mesmo sentido;Com Vítimas Fatais;Pleno dia;Decrescente;Céu Claro;Simples;Curva;-262.977.769;-508.355.462
26/11/2024;09:35:00;PAULO FRONTIN;Velocidade Incompatível;Saída de leito carroçável;Com Vítimas Feridas;Pleno dia;Decrescente;Nublado;Simples;Curva;-2.612.030.169;-5.083.683.014
26/11/2024;17:30:00;LONTRAS;Acesso irregular;Colisão transversal;Com Vítimas Feridas;Pleno dia;Decrescente;Céu Claro;Simples;Curva;-2.714.609.467;-495.496.273
26/11/2024;20:55:00;CAMPINA GRANDE DO SUL;Velocidade Incompatível;Tombamento;Com Vítimas Feridas;Plena Noite;Decrescente;Céu Claro;Simples;Curva;-2.510.670.298;-4.880.405.799
26/11/2024;21:20:00;IBAITI;Velocidade Incompatível;Tombamento;Com Vítimas Feridas;Plena Noite;Crescente;Céu Claro;Simples;Curva;-2.394.740.787;-5.023.865.266
26/11/2024;21:00:00;ICARAIMA;Manobra de mudança de faixa;Colisão frontal;Com Vítimas Fatais;Plena Noite;Decrescente;Céu Claro;Simples;Reta;-23.409.294;-53.590.481
27/11/2024;04:30:00;HORIZONTE;Deficiência do Sistema de Iluminação/Sinalização;Saída de leito carroçável;Com Vítimas Feridas;Amanhecer;Decrescente;Céu Claro;Múltipla;Curva;-405.461.679;-3.850.556.396
27/11/2024;06:40:00;BELO HORIZONTE;Acesso irregular;Colisão lateral mesmo sentido;Com Vítimas Feridas;Pleno dia;Decrescente;Nublado;Simples;Reta;-1.985.777.408;-4.390.468.298
27/11/2024;09:40:00;MARABA;Manobra de mudança de faixa;Colisão lateral mesmo sentido;Sem Vítimas;Pleno dia;Decrescente;Céu Claro;Simples;Reta;-5.350.407;-49.105.981
27/11/2024;08:20:00;IRANI;Desrespeitar a preferência no cruzamento;Colisão transversal;Com Vítimas Feridas;Pleno dia;Crescente;Sol;Simples;Interseção de Vias;-26.964.373;-51.841.362
27/11/2024;12:40:00;NOVA LIMA;Velocidade Incompatível;Tombamento;Com Vítimas Feridas;Pleno dia;Crescente;Céu Claro;Dupla;"Curva;Retorno Regulamentado";-2.008.472.706;-4.397.697.012
01/10/2024;15:15:00;MAGE;Manobra de mudança de faixa;Colisão lateral mesmo sentido;Com Vítimas Feridas;Pleno dia;Decrescente;Céu Claro;Dupla;Reta;-2.265.608.024;-4.312.511.494
27/11/2024;09:00:00;ARAXA;Velocidade Incompatível;Engavetamento;Com Vítimas Feridas;Pleno dia;Decrescente;Céu Claro;Simples;"Em Obras;Reta;Aclive";-19.591.366;-47.122.064
27/11/2024;12:50:00;IMBITUVA;Velocidade Incompatível;Colisão lateral sentido oposto;Com Vítimas Feridas;Pleno dia;Crescente;Ignorado;Simples;Reta;-25.184.027;-5.059.697
27/11/2024;14:00:00;PANAMBI;Velocidade Incompatível;Colisão frontal;Com Vítimas Feridas;Pleno dia;Crescente;Chuva;Simples;Curva;-2.825.552.365;-5.347.884.893
27/11/2024;14:30:00;GUAPIMIRIM;Conversão proibida;Colisão transversal;Com Vítimas Feridas;Pleno dia;Crescente;Sol;Simples;Reta;-2.269.541.193;-4.295.667.763
27/11/2024;14:30:00;SIMOLANDIA;Velocidade Incompatível;Colisão traseira;Sem Vítimas;Pleno dia;Crescente;Céu Claro;Simples;"Aclive;Reta";-14.373.122;-46.443.966
27/11/2024;15:10:00;PRIMAVERA DO LESTE;Desvio temporário;Tombamento;Com Vítimas Feridas;Pleno dia;Crescente;Céu Claro;Simples;Desvio Temporário;-1.557.789.971;-5.439.304.233
27/11/2024;17:00:00;TUBARAO;Condutor usando celular;Saída de leito carroçável;Com Vítimas Feridas;Pleno dia;Decrescente;Céu Claro;Múltipla;"Reta;Ponte";-28.485.725;-4.903.726
27/11/2024;17:00:00;GUARAPUAVA;Manobra de mudança de faixa;Colisão lateral mesmo sentido;Com Vítimas Feridas;Pleno dia;Crescente;Céu Claro;Dupla;Reta;-2.539.224.545;-5.152.444.124
31/10/2024;04:10:00;CAMPANHA;Velocidade Incompatível;Saída de leito carroçável;Com Vítimas Feridas;Plena Noite;Decrescente;Nublado;Dupla;Reta;-2.179.763.003;-4.545.693.799
27/11/2024;18:25:00;AGUAS MORNAS;Velocidade Incompatível;Colisão frontal;Com Vítimas Fatais;Anoitecer;Decrescente;Chuva;Simples;"Curva;Declive";-2.770.619.152;-4.883.972.704
27/11/2024;18:35:00;ITAPEVA;Velocidade Incompatível;Tombamento;Com Vítimas Fatais;Plena Noite;Decrescente;Céu Claro;Dupla;Curva;-2.279.564.412;-4.625.379.582
27/11/2024;20:15:00;CAMPOS DOS GOYTACAZES;Velocidade Incompatível;Colisão lateral mesmo sentido;Com Vítimas Feridas;Plena Noite;Decrescente;Céu Claro;Dupla;Curva;-21.820.741;-41.468.947
27/11/2024;17:45:00;PEROLA DOESTE;Chuva;Colisão transversal;Com Vítimas Feridas;Pleno dia;Decrescente;Chuva;Simples;"Curva;Declive";-259.060.309;-5.374.819.785
27/11/2024;22:50:00;BALNEARIO PICARRAS;Manobra de mudança de faixa;Colisão lateral mesmo sentido;Com Vítimas Feridas;Plena Noite;Crescente;Céu Claro;Dupla;Reta;-2.672.823.703;-4.870.224.928
27/11/2024;22:30:00;CACHOEIRA DO SUL;Manobra de mudança de faixa;Colisão lateral mesmo sentido;Com Vítimas Feridas;Plena Noite;Decrescente;Garoa/Chuvisco;Dupla;"Reta;Aclive";-3.003.214.595;-5.291.531.682
27/11/2024;21:00:00;PETROLINA;Sinalização mal posicionada;Colisão traseira;Com Vítimas Feridas;Plena Noite;Crescente;Ignorado;Simples;Reta;-8.994.664;-40.704.121
28/11/2024;07:40:00;ATIBAIA;Manobra de mudança de faixa;Colisão lateral mesmo sentido;Com Vítimas Feridas;Pleno dia;Crescente;Céu Claro;Múltipla;Reta;-23.221.911;-4.659.644
28/11/2024;05:40:00;MAFRA;Chuva;Colisão lateral mesmo sentido;Com Vítimas Feridas;Amanhecer;Decrescente;Chuva;Simples;"Reta;Declive";-2.621.362.587;-497.181.449
28/11/2024;08:00:00;TRES RIOS;Conversão proibida;Colisão transversal;Com Vítimas Feridas;Pleno dia;Crescente;Céu Claro;Simples;Reta;-2.207.466.101;-4.303.867.405
28/11/2024;11:22:00;SAO LEOPOLDO;Velocidade Incompatível;Tombamento;Com Vítimas Feridas;Pleno dia;Crescente;Nublado;Dupla;"Viaduto;Curva";-2.973.101.113;-51.149.683
28/11/2024;12:33:00;NEPOMUCENO;Velocidade Incompatível;Tombamento;Com Vítimas Feridas;Pleno dia;Decrescente;Céu Claro;Dupla;"Curva;Declive";-2.136.199.299;-4.519.169.583
28/11/2024;14:20:00;IJUI;Conversão proibida;Colisão transversal;Com Vítimas Feridas;Pleno dia;Decrescente;Garoa/Chuvisco;Simples;"Curva;Interseção de Vias";-2.840.755.764;-5.390.055.656
28/11/2024;14:30:00;PALHOCA;Manobra de mudança de faixa;Colisão lateral mesmo sentido;Com Vítimas Feridas;Pleno dia;Crescente;Nublado;Dupla;Reta;-2.768.392.194;-4.866.710.085
15/09/2024;19:06:00;RIBAMAR FIQUENE;Ultrapassagem Indevida;Colisão lateral mesmo sentido;Com Vítimas Fatais;Plena Noite;Decrescente;Céu Claro;Simples;Reta;-5.827.027;-47.357.825
28/11/2024;16:10:00;GUARULHOS;Manobra de mudança de faixa;Colisão lateral mesmo sentido;Com Vítimas Feridas;Pleno dia;Decrescente;Nublado;Múltipla;"Em Obras;Interseção de Vias;Reta";-23.463.003;-46.492.869
28/11/2024;17:00:00;CAMPO MOURAO;Acumulo de água sobre o pavimento;Saída de leito carroçável;Com Vítimas Feridas;Pleno dia;Crescente;Chuva;Simples;"Declive;Reta";-2.402.639.376;-5.243.524.969
28/11/2024;16:00:00;SAO GONCALO;Ultrapassagem Indevida;Colisão lateral mesmo sentido;Com Vítimas Feridas;Pleno dia;Crescente;Céu Claro;Simples;Reta;-2.276.942.037;-4.291.873.581
26/11/2024;09:35:00;RIO DE JANEIRO;Manobra de mudança de faixa;Colisão lateral mesmo sentido;Com Vítimas Feridas;Pleno dia;Crescente;Céu Claro;Dupla;Reta;-2.289.077.885;-4.366.684.705
28/10/2024;04:30:00;ENTRE RIOS;Ultrapassagem Indevida;Colisão transversal;Com Vítimas Feridas;Plena Noite;Crescente;Céu Claro;Simples;Curva;-120.360.429;-3.829.621.809
28/11/2024;18:50:00;MUNDO NOVO;Pista Escorregadia;Tombamento;Com Vítimas Feridas;Plena Noite;Crescente;Chuva;Simples;"Reta;Interseção de Vias;Declive";-2.392.122.717;-5.428.683.758
28/11/2024;17:20:00;IBAITI;Ultrapassagem Indevida;Colisão frontal;Com Vítimas Feridas;Pleno dia;Decrescente;Nublado;Simples;Curva;-2.376.398.712;-5.018.737.353
28/11/2024;20:50:00;MANHUACU;Manobra de mudança de faixa;Colisão lateral mesmo sentido;Com Vítimas Feridas;Plena Noite;Crescente;Céu Claro;Simples;Reta;-2.026.145.201;-4.209.686.296
28/11/2024;20:10:00;FREI INOCENCIO;Ultrapassagem Indevida;Tombamento;Com Vítimas Fatais;Plena Noite;Decrescente;Céu Claro;Dupla;Reta;-18.570.614;-41.909.791
28/11/2024;22:54:00;PALHOCA;Desrespeitar a preferência no cruzamento;Colisão transversal;Com Vítimas Fatais;Plena Noite;Decrescente;Nublado;Simples;Interseção de Vias;-276.691.484;-486.911.058
28/11/2024;22:30:00;ASCURRA;Ultrapassagem Indevida;Colisão lateral sentido oposto;Sem Vítimas;Plena Noite;Decrescente;Céu Claro;Simples;Ponte;-26.949.951;-49.357.296
28/11/2024;21:20:00;UBERABA;Sinalização mal posicionada;Engavetamento;Com Vítimas Feridas;Plena Noite;Crescente;Céu Claro;Dupla;Reta;-1.950.261.301;-4.804.531.304
29/11/2024;00:20:00;GUARULHOS;Manobra de mudança de faixa;Colisão transversal;Com Vítimas Feridas;Plena Noite;Decrescente;Nublado;Múltipla;Reta;-2.345.423.824;-4.647.119.028
28/11/2024;18:30:00;GRAJAU;Manobra de mudança de faixa;Colisão frontal;Com Vítimas Fatais;Plena Noite;Crescente;Nublado;Simples;"Declive;Reta";-592.501.759;-463.482.232
28/11/2024;19:30:00;AURORA DO PARA;Ultrapassagem Indevida;Colisão frontal;Com Vítimas Fatais;Plena Noite;Crescente;Céu Claro;Simples;"Declive;Reta";-2.321.934;-47.564.137
28/11/2024;17:45:00;VACARIA;Velocidade Incompatível;Tombamento;Com Vítimas Feridas;Pleno dia;Crescente;Céu Claro;Simples;Curva;-2.854.710.586;-5.097.549.817
04/09/2024;11:00:00;TIBAGI;Velocidade Incompatível;Tombamento;Com Vítimas Feridas;Pleno dia;Crescente;Céu Claro;Dupla;Curva;-2.472.548.801;-5.053.830.472
29/11/2024;08:00:00;DUQUE DE CAXIAS;Manobra de mudança de faixa;Colisão lateral mesmo sentido;Sem Vítimas;Pleno dia;Crescente;Céu Claro;Múltipla;Reta;-2.267.374.628;-4.328.638.368
28/11/2024;20:00:00;PONTO NOVO;Acostamento em desnível;Tombamento;Com Vítimas Feridas;Plena Noite;Crescente;Céu Claro;Simples;Reta;-1.098.304.399;-401.022.419
29/11/2024;08:30:00;PILAR;Velocidade Incompatível;Saída de leito carroçável;Com Vítimas Feridas;Pleno dia;Crescente;Céu Claro;Dupla;Declive;-959.200.401;-3.600.249.993
29/11/2024;13:20:00;BARRA MANSA;Pista Escorregadia;Colisão transversal;Com Vítimas Feridas;Pleno dia;Decrescente;Chuva;Dupla;Reta;-2.253.244.798;-4.419.565.304
29/11/2024;13:30:00;ANAPOLIS;Estacionar ou parar em local proibido;Colisão traseira;Com Vítimas Feridas;Pleno dia;Decrescente;Chuva;Múltipla;"Reta;Aclive";-16.213.171;-490.173
29/11/2024;06:30:00;CANTA;Manobra de mudança de faixa;Colisão lateral mesmo sentido;Com Vítimas Feridas;Amanhecer;Decrescente;Céu Claro;Simples;Reta;257.403.288;-6.063.479.619
29/11/2024;13:40:00;TERESINA;Manobra de mudança de faixa;Colisão lateral mesmo sentido;Sem Vítimas;Pleno dia;Decrescente;Sol;Múltipla;Curva;-512.861.853;-4.280.706.778
29/11/2024;11:30:00;ANTONIO DIAS;Velocidade Incompatível;Colisão traseira;Sem Vítimas;Pleno dia;Decrescente;Céu Claro;Dupla;"Curva;Declive";-1.964.140.278;-428.165.625
29/11/2024;15:20:00;JOAO PINHEIRO;Velocidade Incompatível;Colisão com objeto;Sem Vítimas;Pleno dia;Crescente;Céu Claro;Simples;"Declive;Curva;Ponte";-1.795.948.246;-4.601.641.959
29/11/2024;14:10:00;LAVRAS;Velocidade Incompatível;Colisão com objeto;Com Vítimas Feridas;Pleno dia;Crescente;Nublado;Dupla;"Declive;Curva";-2.131.017.798;-4.516.215.134
29/11/2024;17:22:00;BRASILIA;Acumulo de água sobre o pavimento;Colisão transversal;Com Vítimas Feridas;Pleno dia;Decrescente;Chuva;Simples;Curva;-15.612.259;-48.198.044
29/11/2024;16:40:00;RIBEIRAO DAS NEVES;Manobra de mudança de faixa;Colisão lateral mesmo sentido;Sem Vítimas;Pleno dia;Decrescente;Céu Claro;Dupla;Reta;-1.976.061.249;-441.347.544
29/11/2024;17:45:00;PORTO REAL DO COLEGIO;Acesso irregular;Colisão transversal;Com Vítimas Feridas;Anoitecer;Crescente;Céu Claro;Dupla;Reta;-1.008.246.295;-3.669.715.516
29/11/2024;16:00:00;BARRA DO GARCAS;Velocidade Incompatível;Colisão frontal;Com Vítimas Feridas;Pleno dia;Crescente;Garoa/Chuvisco;Simples;"Curva;Declive";-1.573.593;-52.621.334
29/11/2024;19:00:00;JABOATAO DOS GUARARAPES;Manobra de mudança de faixa;Colisão lateral mesmo sentido;Com Vítimas Feridas;Plena Noite;Decrescente;Céu Claro;Múltipla;Reta;-80.784.672;-3.498.216.391
30/11/2024;10:00:00;SONORA;Manobra de mudança de faixa;Colisão lateral mesmo sentido;Com Vítimas Feridas;Pleno dia;Crescente;Céu Claro;Dupla;Reta;-1.773.434.292;-5.475.725.356
30/11/2024;08:30:00;CARUARU;Afundamento ou ondulação no pavimento;Tombamento;Com Vítimas Feridas;Pleno dia;Decrescente;Céu Claro;Simples;Curva;-8.332.917;-35.981.609
30/11/2024;11:00:00;MAGE;Velocidade Incompatível;Tombamento;Com Vítimas Feridas;Pleno dia;Decrescente;Sol;Dupla;Curva;-2.266.364.057;-4.311.537.266
30/11/2024;08:55:00;JOAQUIM GOMES;Velocidade Incompatível;Tombamento;Com Vítimas Feridas;Pleno dia;Crescente;Sol;Dupla;"Curva;Aclive";-915.664.176;-3.576.810.669
01/12/2024;03:10:00;ARAQUARI;Velocidade Incompatível;Tombamento;Com Vítimas Feridas;Plena Noite;Crescente;Céu Claro;Múltipla;Curva;-2.645.898.367;-487.584.088
01/12/2024;05:10:00;SANTA BARBARA;Manobra de mudança de faixa;Colisão transversal;Com Vítimas Feridas;Amanhecer;Decrescente;Céu Claro;Simples;Reta;-1.204.642.788;-3.899.296.093
01/12/2024;06:50:00;BLUMENAU;Acesso irregular;Colisão transversal;Com Vítimas Feridas;Pleno dia;Decrescente;Céu Claro;Simples;"Em Obras;Reta;Declive";-26.880.428;-49.136.532