data_inversa;horario;municipio;causa_acidente;tipo_acidente;classificacao_acidente;fase_dia;sentido_via;condicao_metereologica;tipo_pista;tracado_via;latitude;longitude
17/12/2024;07:15:00;POUSO ALEGRE;Desrespeitar a preferência no cruzamento;Colisão frontal;Com Vítimas Feridas;Pleno dia;Decrescente;Céu Claro;Simples;Interseção de Vias;-2.238.003.024;-4.594.390.897
17/12/2024;07:16:00;ASCURRA;Condutor usando celular;Colisão transversal;Com Vítimas Feridas;Pleno dia;Decrescente;Céu Claro;Simples;Reta;-26.961.573;-49.371.918
13/12/2024;21:00:00;RIO NEGRINHO;Conversão proibida;Colisão transversal;Com Vítimas Feridas;Plena Noite;Decrescente;Garoa/Chuvisco;Simples;"Interseção de Vias;Reta";-2.624.317.941;-4.951.320.018
17/12/2024;06:40:00;CARAZINHO;Manobra de mudança de faixa;Colisão transversal;Com Vítimas Feridas;Pleno dia;Crescente;Céu Claro;Simples;"Reta;Interseção de Vias";-28.317.753;-52.806.843
17/12/2024;12:30:00;BRASILEIRA;Manobra de mudança de faixa;Colisão lateral sentido oposto;Com Vítimas Feridas;Pleno dia;Crescente;Céu Claro;Simples;Curva;-4.056.035;-41.770.027
17/12/2024;13:25:00;PETROLINA;Manobra de mudança de faixa;Colisão lateral mesmo sentido;Sem Vítimas;Pleno dia;Decrescente;Céu Claro;Dupla;Rotatória;-9.375.167;-40.487.917
17/12/2024;14:30:00;PALHOCA;Demais Fenômenos da natureza;Derramamento de carga;Com Vítimas Feridas;Pleno dia;Decrescente;Céu Claro;Simples;Reta;-27.658.611;-48.681.847
17/12/2024;12:30:00;FRANCISCO SA;Ultrapassagem Indevida;Colisão frontal;Com Vítimas Feridas;Pleno dia;Crescente;Nublado;Simples;"Curva;Declive";-1.647.012.768;-4.344.753.404
17/12/2024;12:15:00;FATIMA DO SUL;Acostamento em desnível;Tombamento;Com Vítimas Feridas;Pleno dia;Decrescente;Céu Claro;Simples;Reta;-2.235.648.697;-5.454.831.296
17/12/2024;15:10:00;CANTAGALO;Ultrapassagem Indevida;Colisão frontal;Com Vítimas Fatais;Pleno dia;Crescente;Céu Claro;Simples;Curva;-25.379.547;-52.128.044
17/12/2024;13:15:00;PRIMAVERA DO LESTE;Falta de acostamento;Tombamento;Sem Vítimas;Pleno dia;Crescente;Nublado;Simples;"Reta;Declive";-1.557.911.988;-5.447.201.099
17/12/2024;18:00:00;PALHOCA;Manobra de mudança de faixa;Colisão transversal;Com Vítimas Feridas;Pleno dia;Decrescente;Céu Claro;Múltipla;Reta;-2.763.697.369;-4.866.514.142
17/12/2024;16:35:00;GOIANAPOLIS;Acumulo de água sobre o pavimento;Colisão lateral mesmo sentido;Com Vítimas Fatais;Pleno dia;Crescente;Chuva;Dupla;"Reta;Declive";-164.156;-490.087
17/12/2024;20:20:00;CORUMBA DE GOIAS;Acumulo de água sobre o pavimento;Colisão lateral sentido oposto;Com Vítimas Feridas;Plena Noite;Crescente;Nevoeiro/Neblina;Simples;Curva;-1.600.900.392;-4.884.163.082
17/12/2024;18:21:00;AGUA BOA;Ausência de sinalização;Colisão traseira;Sem Vítimas;Anoitecer;Decrescente;Nublado;Simples;"Declive;Reta";-1.391.987.321;-5.209.374.055
17/12/2024;22:40:00;LUZ;Velocidade Incompatível;Colisão traseira;Com Vítimas Fatais;Plena Noite;Crescente;Nublado;Simples;Declive;-1.978.301.893;-4.566.003.799
17/12/2024;22:12:00;RECIFE;Manobra de mudança de faixa;Colisão lateral mesmo sentido;Com Vítimas Feridas;Plena Noite;Decrescente;Céu Claro;Múltipla;Reta;-802.478.597;-3.494.276.635
18/12/2024;00:40:00;RESENDE;Velocidade Incompatível;Tombamento;Com Vítimas Feridas;Plena Noite;Crescente;Nublado;Dupla;Curva;-2.249.236.889;-4.465.204.499
18/12/2024;04:15:00;CANUDOS;Ultrapassagem Indevida;Colisão lateral sentido oposto;Com Vítimas Feridas;Plena Noite;Crescente;Céu Claro;Simples;Curva;-993.596.309;-3.916.232.852
18/12/2024;04:30:00;TAUBATE;Manobra de mudança de faixa;Colisão traseira;Com Vítimas Feridas;Plena Noite;Decrescente;Nublado;Dupla;Reta;-2.304.654.177;-4.559.018.006
17/12/2024;19:45:00;FRANCISCO SA;Ultrapassagem Indevida;Colisão frontal;Com Vítimas Feridas;Plena Noite;Crescente;Chuva;Simples;Reta;-1.655.575.876;-436.098.222
18/12/2024;06:52:00;CABO DE SANTO AGOSTINHO;Frear bruscamente;Colisão traseira;Com Vítimas Feridas;Pleno dia;Crescente;Céu Claro;Dupla;Reta;-8.239.878;-35.003.645
18/12/2024;09:20:00;MONTES CLAROS;Velocidade Incompatível;Tombamento;Com Vítimas Feridas;Pleno dia;Decrescente;Nublado;Simples;Curva;-1.687.433.198;-4.398.487.502
18/12/2024;04:30:00;CAMPOS NOVOS;Velocidade Incompatível;Tombamento;Com Vítimas Feridas;Amanhecer;Decrescente;Céu Claro;Simples;Reta;-27.596.577;-51.473.782
18/12/2024;09:45:00;DIAMANTINO;Afundamento ou ondulação no pavimento;Colisão lateral mesmo sentido;Com Vítimas Feridas;Pleno dia;Crescente;Nublado;Simples;Reta;-1.424.293.501;-5.612.516.399
18/12/2024;08:15:00;BARRACAO;Ultrapassagem Indevida;Colisão frontal;Com Vítimas Fatais;Pleno dia;Decrescente;Céu Claro;Simples;"Curva;Aclive";-2.622.931.685;-5.364.155.173
18/12/2024;10:00:00;CARATINGA;Manobra de mudança de faixa;Colisão lateral mesmo sentido;Sem Vítimas;Pleno dia;Crescente;Céu Claro;Simples;Declive;-1.977.654.011;-4.213.327.989
18/12/2024;12:10:00;BIGUACU;Manobra de mudança de faixa;Colisão lateral mesmo sentido;Com Vítimas Feridas;Pleno dia;Decrescente;Céu Claro;Múltipla;"Aclive;Reta";-2.748.443.781;-4.864.765.238
18/12/2024;12:30:00;CAXAMBU;Velocidade Incompatível;Tombamento;Com Vítimas Fatais;Pleno dia;Decrescente;Sol;Simples;"Curva;Declive";-22.044.093;-44.926.557
18/12/2024;14:10:00;JEQUIE;Ultrapassagem Indevida;Colisão lateral mesmo sentido;Com Vítimas Feridas;Pleno dia;Decrescente;Céu Claro;Simples;Reta;-139.121.709;-4.015.218.318
18/12/2024;17:40:00;FEIRA DE SANTANA;Ultrapassagem Indevida;Colisão transversal;Com Vítimas Feridas;Anoitecer;Decrescente;Céu Claro;Simples;"Interseção de Vias;Reta";-1.223.229.233;-3.895.215.305
18/12/2024;18:10:00;NOVA LARANJEIRAS;Ultrapassagem Indevida;Colisão frontal;Com Vítimas Feridas;Pleno dia;Crescente;Céu Claro;Simples;"Curva;Declive";-252.127.262;-5.265.043.611
18/12/2024;15:00:00;BARRO;Ultrapassagem Indevida;Colisão com objeto;Com Vítimas Feridas;Pleno dia;Crescente;Sol;Simples;"Aclive;Reta";-705.707;-3.878.477
18/12/2024;19:20:00;DUQUE DE CAXIAS;Frear bruscamente;Colisão traseira;Sem Vítimas;Plena Noite;Crescente;Nublado;Dupla;Reta;-22.672.089;-43.285.053
18/12/2024;23:00:00;TERESOPOLIS;Velocidade Incompatível;Colisão frontal;Com Vítimas Feridas;Plena Noite;Crescente;Chuva;Simples;"Declive;Curva";-2.248.285.706;-4.299.723.936
19/12/2024;02:30:00;JATI;Acostamento em desnível;Tombamento;Com Vítimas Feridas;Plena Noite;Decrescente;Céu Claro;Simples;"Aclive;Reta";-762.593.589;-3.903.071.773
19/12/2024;05:15:00;ITABIRITO;Ausência de sinalização;Colisão traseira;Com Vítimas Fatais;Amanhecer;Crescente;Nublado;Simples;Reta;-2.026.978.588;-439.539.814
19/12/2024;05:58:00;MAGE;Manobra de mudança de faixa;Colisão lateral mesmo sentido;Com Vítimas Feridas;Pleno dia;Decrescente;Céu Claro;Dupla;Reta;-2.265.900.711;-430.897.522
19/12/2024;06:00:00;IRANI;Ultrapassagem Indevida;Colisão frontal;Com Vítimas Fatais;Amanhecer;Decrescente;Céu Claro;Simples;Reta;-271.268.306;-519.191.446
19/12/2024;08:20:00;CANAPI;Manobra de mudança de faixa;Colisão lateral mesmo sentido;Com Vítimas Feridas;Pleno dia;Crescente;Céu Claro;Simples;Reta;-920.479.189;-3.754.939.303
19/12/2024;11:15:00;EXTREMA;Velocidade Incompatível;Colisão traseira;Com Vítimas Feridas;Pleno dia;Crescente;Nublado;Dupla;"Interseção de Vias;Declive;Reta";-2.281.037.768;-4.628.143.501
19/12/2024;12:00:00;IMPERATRIZ;Ultrapassagem Indevida;Colisão frontal;Com Vítimas Feridas;Pleno dia;Crescente;Céu Claro;Simples;Reta;-5.633.298;-47.403.919
19/12/2024;10:04:00;PONTA GROSSA;Manobra de mudança de faixa;Colisão lateral mesmo sentido;Com Vítimas Feridas;Pleno dia;Crescente;Céu Claro;Dupla;Reta;-250.805.653;-5.020.175.905
19/12/2024;12:10:00;JACAREZINHO;Desrespeitar a preferência no cruzamento;Colisão transversal;Com Vítimas Feridas;Pleno dia;Crescente;Céu Claro;Simples;Interseção de Vias;-23.189.403;-4.998.587.251
19/12/2024;09:50:00;HUMAITA;Acumulo de água sobre o pavimento;Saída de leito carroçável;Sem Vítimas;Pleno dia;Decrescente;Chuva;Simples;Curva;-779.915.877;-6.316.985.652
19/12/2024;14:40:00;OURO PRETO;Pista Escorregadia;Colisão com objeto;Com Vítimas Feridas;Pleno dia;Decrescente;Garoa/Chuvisco;Dupla;"Declive;Reta";-2.038.067.507;-4.390.128.711
19/12/2024;14:40:00;FRANCISCO SA;Chuva;Colisão frontal;Com Vítimas Feridas;Pleno dia;Crescente;Chuva;Simples;"Reta;Declive";-1.659.069.064;-4.363.891.253
13/11/2024;18:30:00;SAO PAULO;Manobra de mudança de faixa;Colisão traseira;Com Vítimas Feridas;Plena Noite;Crescente;Garoa/Chuvisco;Múltipla;Reta;-2.346.885.001;-4.656.996.601
19/12/2024;15:00:00;ILHEUS;Velocidade Incompatível;Colisão traseira;Com Vítimas Feridas;Pleno dia;Crescente;Céu Claro;Simples;Reta;-14.636.686;-39.336.611
19/12/2024;09:00:00;UBATUBA;Conversão proibida;Colisão transversal;Com Vítimas Feridas;Pleno dia;Crescente;Céu Claro;Simples;Reta;-234.623.355;-4.506.476.561
19/12/2024;17:20:00;PARA DE MINAS;Manobra de mudança de faixa;Colisão traseira;Com Vítimas Feridas;Pleno dia;Crescente;Céu Claro;Dupla;"Retorno Regulamentado;Reta";-1.991.870.373;-4.449.079.292
19/12/2024;19:00:00;WANDERLANDIA;Conversão proibida;Colisão lateral mesmo sentido;Com Vítimas Feridas;Plena Noite;Crescente;Chuva;Simples;Interseção de Vias;-6.847.741;-47.961.678
19/12/2024;16:00:00;JOACABA;Acumulo de água sobre o pavimento;Colisão lateral sentido oposto;Com Vítimas Feridas;Pleno dia;Crescente;Chuva;Simples;Reta;-27.155.375;-51.601.593
19/12/2024;17:35:00;OURO PRETO DO OESTE;Conversão proibida;Colisão frontal;Com Vítimas Feridas;Pleno dia;Decrescente;Céu Claro;Simples;Interseção de Vias;-1.070.199.954;-6.226.188.183
19/12/2024;22:10:00;BARRA DO PIRAI;Velocidade Incompatível;Tombamento;Com Vítimas Feridas;Plena Noite;Crescente;Céu Claro;Simples;Curva;-2.243.418.644;-4.372.671.584
20/12/2024;00:18:00;CAMPINA GRANDE DO SUL;Chuva;Saída de leito carroçável;Com Vítimas Feridas;Plena Noite;Crescente;Chuva;Dupla;Curva;-2.514.802.509;-4.885.922.071
20/12/2024;00:03:00;SERTANIA;Manobra de mudança de faixa;Colisão frontal;Com Vítimas Fatais;Plena Noite;Decrescente;Céu Claro;Simples;"Aclive;Reta";-815.426.602;-3.746.519.215
19/12/2024;23:35:00;SAPEACU;Afundamento ou ondulação no pavimento;Tombamento;Sem Vítimas;Plena Noite;Decrescente;Céu Claro;Simples;"Reta;Aclive";-1.282.656.598;-3.919.998.114
20/12/2024;04:10:00;FLEXEIRAS;Acostamento em desnível;Tombamento;Com Vítimas Fatais;Plena Noite;Decrescente;Céu Claro;Dupla;Curva;-915.664.176;-3.576.810.669
19/12/2024;20:45:00;VENTANIA;Velocidade Incompatível;Colisão com objeto;Com Vítimas Feridas;Plena Noite;Crescente;Céu Claro;Simples;"Curva;Declive";-24.042.482;-50.250.282
20/12/2024;06:20:00;CEU AZUL;Ultrapassagem Indevida;Colisão lateral mesmo sentido;Com Vítimas Feridas;Pleno dia;Decrescente;Céu Claro;Simples;Reta;-2.514.015.274;-5.382.955.233
19/12/2024;13:10:00;OCAUCU;Desrespeitar a preferência no cruzamento;Colisão transversal;Com Vítimas Feridas;Pleno dia;Crescente;Céu Claro;Simples;"Aclive;Retorno Regulamentado";-2.246.683.224;-4.988.292.673
20/12/2024;03:20:00;DOM AQUINO;Acostamento em desnível;Tombamento;Sem Vítimas;Plena Noite;Decrescente;Garoa/Chuvisco;Simples;Aclive;-1.553.481.206;-5.481.252.099
10/12/2024;05:20:00;JOAO PESSOA;Manobra de mudança de faixa;Colisão com objeto;Com Vítimas Feridas;Pleno dia;Decrescente;Céu Claro;Dupla;Reta;-71.693;-348.782
20/12/2024;09:05:00;GUARAPUAVA;Ultrapassagem Indevida;Colisão lateral mesmo sentido;Com Vítimas Feridas;Pleno dia;Crescente;Garoa/Chuvisco;Simples;"Declive;Reta";-2.535.294.623;-513.704.288
19/12/2024;19:49:00;SENADOR GUIOMARD;Acesso irregular;Colisão transversal;Com Vítimas Fatais;Plena Noite;Decrescente;Céu Claro;Dupla;Curva;-10.151.113;-67.711.309
20/12/2024;08:50:00;SAO LUIS;Acesso irregular;Saída de leito carroçável;Sem Vítimas;Pleno dia;Crescente;Céu Claro;Dupla;Interseção de Vias;-263.608.835;-4.426.848.552
15/08/2024;07:00:00;ORTIGUEIRA;Velocidade Incompatível;Tombamento;Com Vítimas Feridas;Pleno dia;Decrescente;Céu Claro;Simples;Curva;-2.410.226.312;-5.104.241.024
20/12/2024;09:32:00;SAO MIGUEL DO IGUACU;Manobra de mudança de faixa;Colisão lateral mesmo sentido;Com Vítimas Feridas;Pleno dia;Crescente;Nublado;Dupla;Reta;-2.542.529.621;-5.436.142.389
20/12/2024;09:45:00;BARRA DO GARCAS;Velocidade Incompatível;Colisão lateral mesmo sentido;Com Vítimas Feridas;Pleno dia;Crescente;Céu Claro;Simples;Reta;-1.587.907.036;-5.228.563.311
20/12/2024;10:00:00;LINHARES;Desrespeitar a preferência no cruzamento;Colisão transversal;Com Vítimas Feridas;Pleno dia;Decrescente;Céu Claro;Simples;Reta;-1.937.887.202;-4.006.657.892
20/12/2024;10:30:00;CASCAVEL;Chuva;Colisão traseira;Com Vítimas Feridas;Pleno dia;Crescente;Chuva;Dupla;Reta;-249.237;-534.676
20/12/2024;10:20:00;PARANAGUA;Sinalização mal posicionada;Colisão traseira;Sem Vítimas;Pleno dia;Crescente;Céu Claro;Dupla;"Declive;Reta";-2.556.505.244;-4.859.802.246
20/12/2024;14:00:00;ATIBAIA;Chuva;Colisão traseira;Com Vítimas Feridas;Pleno dia;Crescente;Chuva;Dupla;Reta;-2.304.885.102;-4.656.482.797
20/12/2024;14:30:00;ITABORAI;Manobra de mudança de faixa;Colisão lateral mesmo sentido;Com Vítimas Feridas;Pleno dia;Decrescente;Céu Claro;Dupla;Reta;-227.714;-4.292.896
20/12/2024;16:43:00;SAO JOSE DE MIPIBU;Manobra de mudança de faixa;Colisão lateral mesmo sentido;Com Vítimas Feridas;Pleno dia;Decrescente;Céu Claro;Dupla;Reta;-603.418.788;-3.524.864.052
20/12/2024;14:00:00;FORTALEZA DO TABOCAO;Ultrapassagem Indevida;Tombamento;Com Vítimas Feridas;Pleno dia;Decrescente;Garoa/Chuvisco;Simples;Reta;-904.719.314;-4.851.467.777
20/12/2024;16:05:00;SIMAO PEREIRA;Velocidade Incompatível;Saída de leito carroçável;Com Vítimas Feridas;Pleno dia;Crescente;Chuva;Dupla;"Declive;Reta";-2.191.817;-43.322.521
20/12/2024;11:00:00;CURITIBANOS;Demais falhas na via;Saída de leito carroçável;Com Vítimas Feridas;Pleno dia;Decrescente;Céu Claro;Simples;Curva;-27.303.122;-50.661.118
20/12/2024;06:40:00;ALEM PARAIBA;Velocidade Incompatível;Colisão transversal;Com Vítimas Feridas;Pleno dia;Crescente;Céu Claro;Simples;Reta;-2.181.917.799;-4.268.924.498
20/12/2024;20:29:00;CRISTALINA;Velocidade Incompatível;Capotamento;Com Vítimas Feridas;Plena Noite;Crescente;Chuva;Dupla;Reta;-16.852.003;-47.458.389
20/12/2024;12:45:00;SANTA LUZIA;Conversão proibida;Colisão transversal;Com Vítimas Fatais;Pleno dia;Crescente;Nublado;Simples;Reta;-1.982.543.027;-4.383.409.786
20/12/2024;20:45:00;IMBITUVA;Estacionar ou parar em local proibido;Colisão frontal;Com Vítimas Fatais;Plena Noite;Crescente;Céu Claro;Simples;Reta;-2.533.084.698;-5.063.491.213
20/12/2024;20:00:00;PATROCINIO;Animais na Pista;Colisão frontal;Com Vítimas Feridas;Plena Noite;Crescente;Céu Claro;Simples;Reta;-1.885.993.078;-4.688.714.715
20/12/2024;14:30:00;TIBAGI;Velocidade Incompatível;Tombamento;Com Vítimas Fatais;Pleno dia;Crescente;Chuva;Dupla;"Curva;Declive";-24.640.626;-5.062.601
21/12/2024;02:35:00;MAGE;Velocidade Incompatível;Colisão com objeto;Com Vítimas Feridas;Plena Noite;Crescente;Nublado;Dupla;Reta;-2.265.368.834;-43.153.534
21/12/2024;06:40:00;JABOATAO DOS GUARARAPES;Estacionar ou parar em local proibido;Colisão traseira;Sem Vítimas;Pleno dia;Crescente;Céu Claro;Múltipla;Reta;-815.112.589;-349.428.866
21/12/2024;03:00:00;UBERABA;Velocidade Incompatível;Tombamento;Com Vítimas Feridas;Plena Noite;Crescente;Céu Claro;Simples;Curva;-1.976.475.021;-4.786.860.297
20/12/2024;21:30:00;JOAO PINHEIRO;Chuva;Tombamento;Sem Vítimas;Plena Noite;Crescente;Chuva;Simples;"Ponte;Declive;Reta";-1.796.105.836;-4.570.494.503
21/12/2024;04:50:00;MUCAJAI;Manobra de mudança de faixa;Colisão lateral sentido oposto;Com Vítimas Fatais;Amanhecer;Decrescente;Céu Claro;Simples;Reta;227.468.794;-6.096.648.216
21/12/2024;07:50:00;IPOJUCA;Demais falhas na via;Tombamento;Com Vítimas Feridas;Pleno dia;Crescente;Céu Claro;Dupla;Curva;-833.783.596;-3.514.164.006
21/12/2024;09:15:00;FELIXLANDIA;Pista esburacada;Colisão lateral sentido oposto;Com Vítimas Feridas;Pleno dia;Crescente;Céu Claro;Simples;"Reta;Declive";-1.866.865.096;-4.499.537.484
21/12/2024;08:00:00;SANTA CECILIA;Conversão proibida;Colisão transversal;Com Vítimas Feridas;Pleno dia;Crescente;Céu Claro;Simples;"Reta;Declive;Interseção de Vias";-2.696.625.517;-5.040.928.315
21/12/2024;10:45:00;JOAO MONLEVADE;Velocidade Incompatível;Colisão lateral sentido oposto;Com Vítimas Feridas;Pleno dia;Crescente;Chuva;Simples;Curva;-1.983.912.825;-4.319.081.078
21/12/2024;11:00:00;JEQUITAI;Velocidade Incompatível;Colisão frontal;Com Vítimas Feridas;Pleno dia;Crescente;Chuva;Simples;Curva;-1.706.346.094;-443.372.752
21/12/2024;12:30:00;TAUBATE;Manobra de mudança de faixa;Colisão lateral mesmo sentido;Com Vítimas Feridas;Pleno dia;Decrescente;Céu Claro;Dupla;Reta;-2.304.654.177;-4.559.018.006
21/12/2024;16:05:00;TORRES;Manobra de mudança de faixa;Colisão lateral mesmo sentido;Sem Vítimas;Pleno dia;Decrescente;Céu Claro;Dupla;Reta;-29.348.156;-49.793.595
21/12/2024;16:30:00;BETIM;Manobra de mudança de faixa;Colisão lateral mesmo sentido;Com Vítimas Feridas;Pleno dia;Decrescente;Céu Claro;Múltipla;Curva;-1.995.656.893;-4.414.855.957
07/09/2024;13:30:00;RIBEIRAO DAS NEVES;Desrespeitar a preferência no cruzamento;Colisão traseira;Com Vítimas Feridas;Pleno dia;Decrescente;Céu Claro;Dupla;"Reta;Retorno Regulamentado";-1.982.351.202;-4.408.438.913
21/12/2024;16:41:00;GUARANTA DO NORTE;Manobra de mudança de faixa;Saída de leito carroçável;Com Vítimas Feridas;Pleno dia;Decrescente;Céu Claro;Simples;Reta;-1.005.184.899;-5.490.861.496
21/12/2024;21:20:00;LONDRINA;Manobra de mudança de faixa;Colisão lateral mesmo sentido;Com Vítimas Feridas;Plena Noite;Crescente;Céu Claro;Dupla;Reta;-2.329.280.583;-5.116.211.772
21/12/2024;23:00:00;PORTO REAL;Manobra de mudança de faixa;Colisão traseira;Com Vítimas Feridas;Plena Noite;Decrescente;Chuva;Dupla;Reta;-2.245.083.254;-4.433.823.701
22/12/2024;06:00:00;ITATIM;Ultrapassagem Indevida;Colisão lateral mesmo sentido;Com Vítimas Feridas;Pleno dia;Crescente;Céu Claro;Simples;Reta;-1.271.587.879;-397.449.061
22/12/2024;07:35:00;CACAPAVA;Velocidade Incompatível;Colisão traseira;Com Vítimas Feridas;Pleno dia;Decrescente;Nublado;Dupla;Reta;-231.402.216;-457.617.252
22/12/2024;07:30:00;CONTAGEM;Chuva;Colisão traseira;Com Vítimas Feridas;Pleno dia;Decrescente;Chuva;Dupla;Reta;-1.986.874.894;-4.405.962.197
22/12/2024;10:10:00;UBERLANDIA;Velocidade Incompatível;Colisão com objeto;Com Vítimas Feridas;Pleno dia;Decrescente;Nublado;Dupla;"Aclive;Curva;Interseção de Vias;Viaduto;Rotatória";-1.891.368.982;-4.817.184.091
22/12/2024;13:30:00;EXTREMA;Velocidade Incompatível;Tombamento;Com Vítimas Feridas;Pleno dia;Decrescente;Nublado;Dupla;Curva;-2.282.007.572;-4.629.934.031
22/12/2024;14:55:00;VITORIA DA CONQUISTA;Desrespeitar a preferência no cruzamento;Colisão transversal;Com Vítimas Feridas;Pleno dia;Crescente;Céu Claro;Simples;Interseção de Vias;-14.851;-408.485
22/12/2024;14:50:00;AGUIARNOPOLIS;Demais falhas na via;Queda de ocupante de veículo;Com Vítimas Fatais;Pleno dia;Decrescente;Céu Claro;Simples;Ponte;-6.560.232;-47.460.426
22/12/2024;17:30:00;CAJATI;Restrição de visibilidade em curvas horizontais;Engavetamento;Com Vítimas Feridas;Pleno dia;Decrescente;Nublado;Dupla;"Curva;Declive";-2.484.304.306;-4.822.027.915
22/12/2024;19:02:00;RIO DO SUL;Manobra de mudança de faixa;Colisão frontal;Com Vítimas Fatais;Anoitecer;Decrescente;Céu Claro;Simples;"Declive;Interseção de Vias;Reta";-27.174.187;-49.588.497
22/12/2024;14:20:00;BALNEARIO CAMBORIU;Manobra de mudança de faixa;Colisão lateral mesmo sentido;Com Vítimas Feridas;Pleno dia;Decrescente;Céu Claro;Dupla;"Túnel;Reta";-2.704.761.729;-4.859.995.855
22/12/2024;19:35:00;SAO SEPE;Velocidade Incompatível;Colisão transversal;Com Vítimas Feridas;Anoitecer;Crescente;Céu Claro;Simples;"Aclive;Reta";-3.028.569.722;-535.405.612
22/12/2024;19:50:00;RIALMA;Ultrapassagem Indevida;Colisão frontal;Com Vítimas Feridas;Plena Noite;Decrescente;Céu Claro;Simples;Aclive;-15.357.812;-49.564.758
23/12/2024;00:00:00;MIRACATU;Chuva;Tombamento;Com Vítimas Feridas;Plena Noite;Decrescente;Chuva;Dupla;Reta;-2.413.881.806;-4.727.310.246
23/12/2024;07:30:00;AIURUOCA;Velocidade Incompatível;Saída de leito carroçável;Sem Vítimas;Pleno dia;Decrescente;Nublado;Simples;Curva;-21.934.184;-445.772.202
23/12/2024;03:00:00;CARATINGA;Ausência de sinalização;Colisão com objeto;Com Vítimas Feridas;Plena Noite;Crescente;Chuva;Simples;Reta;-1.976.833.785;-4.213.105.238
18/10/2024;12:40:00;IBATIBA;Velocidade Incompatível;Tombamento;Com Vítimas Feridas;Pleno dia;Decrescente;Céu Claro;Simples;Curva;-202.647.513;-4.158.453.796
23/12/2024;15:40:00;IMBAU;Velocidade Incompatível;Tombamento;Com Vítimas Fatais;Pleno dia;Crescente;Céu Claro;Dupla;"Declive;Reta";-2.452.463.598;-5.070.581.799
23/12/2024;18:00:00;BETIM;Chuva;Engavetamento;Com Vítimas Feridas;Plena Noite;Crescente;Chuva;Dupla;Reta;-1.996.825;-44.198.708
23/12/2024;18:30:00;RIO GRANDE;Desrespeitar a preferência no cruzamento;Colisão lateral mesmo sentido;Com Vítimas Feridas;Pleno dia;Crescente;Céu Claro;Dupla;Interseção de Vias;-3.206.592.409;-5.226.686.814
23/12/2024;14:50:00;ITABELA;Velocidade Incompatível;Tombamento;Com Vítimas Feridas;Pleno dia;Decrescente;Céu Claro;Simples;Curva;-16.689.233;-39.480.426
24/12/2024;00:45:00;CUIABA;Acumulo de água sobre o pavimento;Colisão transversal;Com Vítimas Feridas;Plena Noite;Decrescente;Chuva;Dupla;Reta;-1.570.133.417;-55.863.696
24/12/2024;02:00:00;CAMPINA GRANDE DO SUL;Velocidade Incompatível;Saída de leito carroçável;Com Vítimas Feridas;Plena Noite;Crescente;Garoa/Chuvisco;Dupla;Curva;-2.516.445.203;-4.886.237.697
23/12/2024;20:00:00;MUQUEM DE SAO FRANCISCO;Velocidade Incompatível;Tombamento;Com Vítimas Feridas;Plena Noite;Decrescente;Garoa/Chuvisco;Simples;"Curva;Declive";-1.213.264.871;-4.334.896.088
23/12/2024;10:45:00;BARRA MANSA;Conversão proibida;Colisão lateral mesmo sentido;Com Vítimas Feridas;Pleno dia;Crescente;Céu Claro;Dupla;Reta;-225.337.622;-4.411.657.385
24/12/2024;08:00:00;BARREIRAS;Acumulo de água sobre o pavimento;Colisão frontal;Com Vítimas Fatais;Pleno dia;Crescente;Chuva;Simples;Reta;-12.146.101;-45.007.786
24/12/2024;09:20:00;PRESIDENTE KENNEDY;Velocidade Incompatível;Colisão lateral sentido oposto;Com Vítimas Feridas;Pleno dia;Decrescente;Nublado;Simples;Curva;-2.107.264.705;-4.122.787.382
24/12/2024;11:50:00;ITAJAI;Desrespeitar a preferência no cruzamento;Colisão transversal;Com Vítimas Feridas;Pleno dia;Crescente;Garoa/Chuvisco;Simples;Rotatória;-2.693.668.609;-4.869.876.905
02/11/2024;08:55:00;CONCORDIA;Velocidade Incompatível;Tombamento;Com Vítimas Feridas;Pleno dia;Decrescente;Garoa/Chuvisco;Simples;"Declive;Curva";-27.157.175;-51.914.791
24/12/2024;20:45:00;CAJATI;Pista Escorregadia;Colisão com objeto;Com Vítimas Feridas;Plena Noite;Crescente;Garoa/Chuvisco;Dupla;Curva;-2.477.541.893;-4.820.947.907
11/11/2024;06:20:00;CACHOEIRA DE PAJEU;Velocidade Incompatível;Colisão traseira;Com Vítimas Feridas;Amanhecer;Crescente;Garoa/Chuvisco;Simples;Declive;-1.595.515.343;-416.268.738
25/12/2024;20:35:00;PAULO FRONTIN;Manobra de mudança de faixa;Colisão frontal;Com Vítimas Fatais;Plena Noite;Decrescente;Chuva;Simples;"Curva;Declive";-2.602.523.404;-5.067.311.558
26/11/2024;17:30:00;IRAJUBA;Chuva;Saída de leito carroçável;Com Vítimas Feridas;Anoitecer;Crescente;Chuva;Simples;"Declive;Curva";-1.318.013.991;-400.048.822
26/12/2024;07:25:00;SAO SEBASTIAO DA BELA VISTA;Velocidade Incompatível;Tombamento;Com Vítimas Feridas;Pleno dia;Crescente;Chuva;Dupla;"Aclive;Reta";-2.216.758.849;-458.348
28/11/2024;05:50:00;ATILIO VIVACQUA;Desrespeitar a preferência no cruzamento;Tombamento;Com Vítimas Feridas;Pleno dia;Crescente;Céu Claro;Simples;"Curva;Rotatória";-2.097.396.984;-4.111.067.322
26/12/2024;09:20:00;PONTE SERRADA;Condutor usando celular;Saída de leito carroçável;Com Vítimas Feridas;Pleno dia;Crescente;Céu Claro;Dupla;Reta;-26.885.752;-52.004.669