data_inversa;horario;municipio;causa_acidente;tipo_acidente;classificacao_acidente;fase_dia;sentido_via;condicao_metereologica;tipo_pista;tracado_via;latitude;longitude
26/12/2024;07:35:00;BARRA DO TURVO;Velocidade Incompatível;Tombamento;Com Vítimas Feridas;Pleno dia;Decrescente;Chuva;Simples;"Curva;Aclive";-2.496.694.422;-4.848.854.689
26/12/2024;13:10:00;PANAMBI;Ultrapassagem Indevida;Colisão frontal;Com Vítimas Fatais;Pleno dia;Crescente;Céu Claro;Simples;Reta;-2.823.443.887;-5.347.576.408
26/12/2024;14:30:00;EXTREMA;Velocidade Incompatível;Colisão com objeto;Com Vítimas Feridas;Pleno dia;Crescente;Chuva;Dupla;"Ponte;Curva;Declive";-2.286.103;-4.634.386
26/12/2024;15:49:00;ARAGUARI;Pista Escorregadia;Colisão com objeto;Com Vítimas Feridas;Pleno dia;Crescente;Chuva;Dupla;"Aclive;Curva";-1.856.358.502;-4.805.639.606
26/12/2024;18:00:00;MAUA DA SERRA;Velocidade Incompatível;Tombamento;Com Vítimas Feridas;Pleno dia;Decrescente;Céu Claro;Dupla;"Curva;Declive";-239.506.913;-5.111.858.182
26/12/2024;16:30:00;SAPUCAIA;Velocidade Incompatível;Colisão transversal;Com Vítimas Fatais;Pleno dia;Crescente;Chuva;Simples;Curva;-2.194.148.988;-4.282.319.999
26/12/2024;17:45:00;GUARULHOS;Ultrapassagem Indevida;Colisão lateral mesmo sentido;Com Vítimas Fatais;Pleno dia;Decrescente;Chuva;Dupla;Reta;-2.348.012.382;-4.655.976.892
26/12/2024;15:50:00;ACREUNA;Manobra de mudança de faixa;Colisão transversal;Sem Vítimas;Pleno dia;Crescente;Nublado;Múltipla;"Retorno Regulamentado;Reta";-173.763;-50.36
26/12/2024;19:00:00;PATOS DE MINAS;Pista Escorregadia;Colisão traseira;Com Vítimas Feridas;Plena Noite;Decrescente;Chuva;Simples;Reta;-187.790.282;-4.670.568.801
27/12/2024;08:15:00;PATOS DE MINAS;Pista Escorregadia;Colisão lateral sentido oposto;Com Vítimas Feridas;Pleno dia;Crescente;Nublado;Simples;Reta;-1.875.337.522;-4.664.951.796
27/12/2024;07:50:00;PORTO VELHO;Manobra de mudança de faixa;Colisão lateral mesmo sentido;Com Vítimas Feridas;Pleno dia;Decrescente;Nublado;Simples;Reta;-879.027.028;-6.385.080.636
07/12/2024;10:02:00;SAO LUIS;Manobra de mudança de faixa;Tombamento;Com Vítimas Feridas;Pleno dia;Crescente;Sol;Múltipla;"Interseção de Vias;Reta;Retorno Regulamentado";-267.223.553;-4.429.173.767
27/12/2024;12:20:00;CAMANDUCAIA;Velocidade Incompatível;Colisão com objeto;Com Vítimas Feridas;Pleno dia;Crescente;Chuva;Dupla;Curva;-227.680.939;-4.620.854.399
27/12/2024;06:30:00;RIBEIRAO DAS NEVES;Chuva;Saída de leito carroçável;Sem Vítimas;Pleno dia;Crescente;Chuva;Múltipla;Curva;-197.678.466;-441.285.214
27/12/2024;14:00:00;BETIM;Manobra de mudança de faixa;Colisão lateral mesmo sentido;Com Vítimas Feridas;Pleno dia;Crescente;Nublado;Dupla;Reta;-2.003.146.447;-442.377.893
27/12/2024;15:40:00;SAO GONCALO DO RIO ABAIXO;Velocidade Incompatível;Colisão transversal;Com Vítimas Feridas;Pleno dia;Crescente;Chuva;Simples;Reta;-1.984.959.351;-4.327.455.396
27/12/2024;16:10:00;BENTO GONCALVES;Desrespeitar a preferência no cruzamento;Colisão transversal;Com Vítimas Feridas;Pleno dia;Decrescente;Céu Claro;Simples;"Aclive;Rotatória";-2.917.500.077;-5.152.299.464
27/12/2024;16:35:00;SAO GONCALO DO RIO ABAIXO;Conversão proibida;Colisão transversal;Com Vítimas Feridas;Pleno dia;Crescente;Chuva;Simples;Reta;-1.985.122.367;-4.329.362.551
27/12/2024;11:06:00;ARAQUARI;Velocidade Incompatível;Colisão traseira;Com Vítimas Feridas;Pleno dia;Crescente;Sol;Simples;Reta;-2.642.993.971;-4.879.615.614
27/12/2024;17:15:00;LEOPOLDINA;Velocidade Incompatível;Tombamento;Com Vítimas Feridas;Pleno dia;Decrescente;Chuva;Simples;Reta;-215.764.443;-4.271.583.617
27/12/2024;15:50:00;PROFESSOR JAMIL;Velocidade Incompatível;Saída de leito carroçável;Sem Vítimas;Pleno dia;Crescente;Chuva;Dupla;Curva;-174.071;-492.247
27/12/2024;15:50:00;PROFESSOR JAMIL;Velocidade Incompatível;Engavetamento;Com Vítimas Feridas;Pleno dia;Crescente;Chuva;Dupla;Declive;-174.071;-492.247
27/12/2024;18:40:00;ERECHIM;Desrespeitar a preferência no cruzamento;Colisão lateral mesmo sentido;Com Vítimas Feridas;Pleno dia;Decrescente;Céu Claro;Simples;Rotatória;-2.762.312.752;-5.223.687.793
27/12/2024;18:15:00;BARRACAO;Velocidade Incompatível;Tombamento;Com Vítimas Feridas;Pleno dia;Decrescente;Céu Claro;Simples;Curva;-2.761.913.254;-5.148.716.927
27/12/2024;20:00:00;NOVA ALVORADA DO SUL;Animais na Pista;Atropelamento de Animal;Com Vítimas Feridas;Plena Noite;Crescente;Céu Claro;Simples;Reta;-2.158.836.741;-5.396.808.298
27/12/2024;20:50:00;SAO PAULO;Declive acentuado;Queda de ocupante de veículo;Com Vítimas Feridas;Plena Noite;Decrescente;Nublado;Dupla;Reta;-2.340.889.686;-4.658.095.945
24/10/2024;17:10:00;MONTES CLAROS;Afundamento ou ondulação no pavimento;Colisão frontal;Com Vítimas Fatais;Anoitecer;Crescente;Céu Claro;Simples;"Reta;Declive";-1.683.478.113;-4.395.261.496
27/12/2024;23:55:00;AREAL;Velocidade Incompatível;Capotamento;Com Vítimas Feridas;Plena Noite;Decrescente;Nublado;Dupla;"Curva;Declive";-2.219.877.942;-4.315.852.404
28/12/2024;02:30:00;IBIA;Manobra de mudança de faixa;Colisão frontal;Com Vítimas Feridas;Plena Noite;Crescente;Nublado;Simples;Aclive;-1.958.668.183;-4.640.330.185
19/11/2024;02:30:00;TRES CORACOES;Manobra de mudança de faixa;Colisão traseira;Com Vítimas Feridas;Plena Noite;Crescente;Céu Claro;Dupla;Reta;-21.656.366;-45.301.823
28/12/2024;08:50:00;MACAIBA;Manobra de mudança de faixa;Colisão traseira;Com Vítimas Feridas;Pleno dia;Crescente;Sol;Múltipla;"Reta;Declive";-587.095.859;-3.532.359.587
28/12/2024;12:00:00;LONDRINA;Manobra de mudança de faixa;Colisão lateral mesmo sentido;Com Vítimas Feridas;Pleno dia;Crescente;Céu Claro;Dupla;"Viaduto;Reta";-2.329.288.867;-5.114.591.718
28/12/2024;12:30:00;RIO REAL;Velocidade Incompatível;Tombamento;Com Vítimas Feridas;Pleno dia;Decrescente;Céu Claro;Simples;"Curva;Declive";-1.154.423.305;-3.786.395.083
28/12/2024;13:30:00;SANTA MARIA;Manobra de mudança de faixa;Colisão lateral mesmo sentido;Sem Vítimas;Pleno dia;Crescente;Céu Claro;Dupla;"Rotatória;Interseção de Vias";-2.969.546.509;-5.377.585.204
28/12/2024;13:40:00;ARAGUARI;Velocidade Incompatível;Tombamento;Com Vítimas Feridas;Pleno dia;Crescente;Nublado;Dupla;Reta;-1.876.664.393;-4.824.409.132
28/12/2024;14:20:00;RIBAS DO RIO PARDO;Manobra de mudança de faixa;Saída de leito carroçável;Com Vítimas Feridas;Pleno dia;Crescente;Céu Claro;Simples;Reta;-2.047.101.405;-53.605.352
28/12/2024;17:12:00;GOIANAPOLIS;Velocidade Incompatível;Saída de leito carroçável;Com Vítimas Feridas;Pleno dia;Decrescente;Céu Claro;Dupla;Reta;-164.633;-490.636
28/12/2024;10:40:00;PALMEIRA DOS INDIOS;Ultrapassagem Indevida;Tombamento;Sem Vítimas;Pleno dia;Decrescente;Céu Claro;Simples;"Reta;Declive";-939.664.622;-3.672.258.504
28/12/2024;20:45:00;LUZIANIA;Manobra de mudança de faixa;Queda de ocupante de veículo;Com Vítimas Fatais;Plena Noite;Decrescente;Nublado;Dupla;Curva;-16.259.798;-47.894.931
28/12/2024;20:00:00;MUQUEM DE SAO FRANCISCO;Manobra de mudança de faixa;Colisão frontal;Com Vítimas Fatais;Plena Noite;Crescente;Céu Claro;Simples;Reta;-1.216.794.523;-4.327.186.709
29/12/2024;05:30:00;FRANCISCO SA;Velocidade Incompatível;Colisão traseira;Com Vítimas Feridas;Amanhecer;Crescente;Chuva;Simples;"Curva;Declive";-164.669.101;-4.343.947.986
29/12/2024;05:45:00;JABOATAO DOS GUARARAPES;Manobra de mudança de faixa;Colisão lateral mesmo sentido;Com Vítimas Feridas;Pleno dia;Decrescente;Sol;Dupla;"Retorno Regulamentado;Reta";-8.178.335;-34.947.685
29/12/2024;10:00:00;IBIRAPITANGA;Velocidade Incompatível;Tombamento;Com Vítimas Feridas;Pleno dia;Decrescente;Céu Claro;Simples;"Aclive;Curva";-1.404.411.606;-3.939.131.521
13/11/2024;05:16:00;JI-PARANA;Conversão proibida;Colisão traseira;Com Vítimas Feridas;Amanhecer;Crescente;Céu Claro;Simples;Reta;-108.808;-619.419
29/12/2024;17:30:00;AGUAS MORNAS;Velocidade Incompatível;Colisão frontal;Com Vítimas Fatais;Anoitecer;Crescente;Chuva;Simples;"Aclive;Curva";-276.878.609;-489.779.582
29/12/2024;17:40:00;VITORIA DA CONQUISTA;Manobra de mudança de faixa;Colisão lateral mesmo sentido;Com Vítimas Feridas;Anoitecer;Decrescente;Céu Claro;Simples;"Reta;Aclive";-1.482.508.729;-4.086.407.661
29/12/2024;13:40:00;PERIQUITO;Acumulo de água sobre o pavimento;Saída de leito carroçável;Com Vítimas Feridas;Pleno dia;Decrescente;Chuva;Simples;Reta;-1.916.128.883;-4.224.022.016
29/12/2024;16:45:00;IMBITUBA;Manobra de mudança de faixa;Colisão lateral mesmo sentido;Sem Vítimas;Pleno dia;Decrescente;Céu Claro;Múltipla;Reta;-2.829.220.304;-4.871.018.095
29/12/2024;16:10:00;ORTIGUEIRA;Chuva;Colisão frontal;Com Vítimas Feridas;Pleno dia;Crescente;Chuva;Simples;"Curva;Aclive";-243.626.374;-5.080.919.266
29/12/2024;17:50:00;LAGOA GRANDE;Chuva;Saída de leito carroçável;Com Vítimas Feridas;Anoitecer;Decrescente;Chuva;Simples;Reta;-1.754.929.481;-4.652.158.383
30/12/2024;02:40:00;GRAO MOGOL;Velocidade Incompatível;Tombamento;Com Vítimas Fatais;Plena Noite;Decrescente;Nublado;Simples;"Curva;Declive";-16.420.528;-4.328.967
30/12/2024;06:45:00;TERESOPOLIS;Velocidade Incompatível;Saída de leito carroçável;Com Vítimas Feridas;Pleno dia;Decrescente;Céu Claro;Simples;Curva;-2.231.826.941;-4.293.728.471
30/12/2024;11:22:00;PAUDALHO;Manobra de mudança de faixa;Colisão traseira;Com Vítimas Feridas;Pleno dia;Decrescente;Sol;Múltipla;Reta;-789.701.706;-3.517.300.548
30/12/2024;14:00:00;FLOR DA SERRA DO SUL;Desrespeitar a preferência no cruzamento;Colisão transversal;Com Vítimas Feridas;Pleno dia;Crescente;Sol;Simples;Interseção de Vias;-2.624.931.404;-5.334.265.709
30/12/2024;15:15:00;RIO VERDE;Manobra de mudança de faixa;Colisão lateral mesmo sentido;Com Vítimas Feridas;Pleno dia;Crescente;Céu Claro;Dupla;"Reta;Viaduto";-178.098;-509.267
30/12/2024;16:15:00;MACAIBA;Manobra de mudança de faixa;Colisão lateral mesmo sentido;Com Vítimas Feridas;Pleno dia;Crescente;Céu Claro;Simples;Reta;-585.369.361;-353.275.818
30/12/2024;14:40:00;BARREIRAS;Pista Escorregadia;Colisão frontal;Com Vítimas Feridas;Pleno dia;Decrescente;Chuva;Simples;Curva;-1.215.464.258;-4.469.270.978
30/12/2024;15:35:00;CUIABA;Ultrapassagem Indevida;Colisão lateral mesmo sentido;Com Vítimas Feridas;Pleno dia;Decrescente;Nublado;Simples;Curva;-1.569.873.903;-5.603.302.002
30/12/2024;19:30:00;NOVA VICOSA;Manobra de mudança de faixa;Colisão frontal;Com Vítimas Feridas;Plena Noite;Crescente;Céu Claro;Simples;"Retorno Regulamentado;Reta";-1.790.556.881;-3.982.818.604
31/12/2024;02:00:00;GENERAL CARNEIRO;Falta de acostamento;Saída de leito carroçável;Com Vítimas Feridas;Plena Noite;Crescente;Nublado;Simples;Curva;-1.566.910.411;-5.359.365.884
31/12/2024;08:10:00;ARAGUARI;Velocidade Incompatível;Colisão traseira;Com Vítimas Feridas;Pleno dia;Crescente;Nublado;Dupla;"Declive;Reta";-18.732.411;-482.104.426
31/12/2024;07:50:00;BETIM;Manobra de mudança de faixa;Colisão lateral mesmo sentido;Com Vítimas Feridas;Pleno dia;Crescente;Nublado;Dupla;"Declive;Reta";-1.995.949.343;-4.408.573.151
31/12/2024;06:00:00;LUIS CORREIA;Acostamento em desnível;Saída de leito carroçável;Com Vítimas Feridas;Pleno dia;Crescente;Céu Claro;Simples;Reta;-310.115.207;-41.469.882
31/12/2024;14:00:00;CAMPOS DOS GOYTACAZES;Velocidade Incompatível;Tombamento;Com Vítimas Feridas;Pleno dia;Decrescente;Céu Claro;Múltipla;Curva;-2.182.667.291;-4.148.736.902
31/12/2024;20:30:00;BACABEIRA;Animais na Pista;Atropelamento de Animal;Sem Vítimas;Plena Noite;Decrescente;Céu Claro;Dupla;Reta;-290.630.595;-4.436.037.795
17/12/2024;12:00:00;MORRETES;Manobra de mudança de faixa;Colisão traseira;Com Vítimas Feridas;Pleno dia;Crescente;Nublado;Dupla;"Aclive;Reta";-25.571.233;-48.817.137
16/10/2024;12:20:00;FOZ DO IGUACU;Ultrapassagem Indevida;Colisão frontal;Com Vítimas Feridas;Pleno dia;Crescente;Céu Claro;Simples;Reta;-255.781;-545.411
29/09/2024;20:42:00;IMBITUBA;Manobra de mudança de faixa;Tombamento;Com Vítimas Feridas;Plena Noite;Decrescente;Céu Claro;Dupla;Reta;-2.823.718.821;-4.870.051.503
16/12/2024;20:10:00;FERREIRA GOMES;Deficiência do Sistema de Iluminação/Sinalização;Colisão traseira;Com Vítimas Feridas;Plena Noite;Decrescente;Nublado;Simples;Aclive;0.94877351;-5.114.956.629
19/12/2024;17:50:00;ITABERABA;Velocidade Incompatível;Colisão frontal;Com Vítimas Fatais;Pleno dia;Crescente;Céu Claro;Simples;"Reta;Declive";-1.251.259.728;-4.029.557.913
09/12/2024;11:30:00;PETROLINA;Manobra de mudança de faixa;Colisão traseira;Com Vítimas Feridas;Pleno dia;Crescente;Céu Claro;Dupla;"Ponte;Reta";-940.536.698;-4.050.435.309
20/12/2024;17:00:00;SABARA;Velocidade Incompatível;Colisão frontal;Com Vítimas Fatais;Pleno dia;Crescente;Chuva;Simples;"Curva;Aclive";-1.978.738.018;-4.370.189.667
27/12/2024;23:20:00;IMBITUBA;Animais na Pista;Atropelamento de Animal;Com Vítimas Fatais;Plena Noite;Decrescente;Céu Claro;Dupla;Reta;-281.187.108;-486.985.262
22/12/2024;01:50:00;SAO GONCALO;Ultrapassagem Indevida;Colisão traseira;Com Vítimas Fatais;Plena Noite;Crescente;Céu Claro;Dupla;Reta;-2.281.049.093;-4.306.983.304
02/12/2024;00:10:00;SAO PAULO;Manobra de mudança de faixa;Colisão lateral mesmo sentido;Com Vítimas Feridas;Plena Noite;Decrescente;Céu Claro;Dupla;Reta;-2.352.251.783;-465.855.702
05/10/2024;10:40:00;CABROBO;Acesso irregular;Colisão lateral mesmo sentido;Com Vítimas Feridas;Pleno dia;Crescente;Céu Claro;Simples;Reta;-85.091.915;-3.930.745.984
31/12/2024;14:31:00;LENCOIS;Velocidade Incompatível;Saída de leito carroçável;Com Vítimas Feridas;Pleno dia;Decrescente;Sol;Simples;Curva;-1.249.857.081;-4.133.159.186
29/11/2024;18:00:00;CONGONHAS;Desrespeitar a preferência no cruzamento;Colisão transversal;Com Vítimas Feridas;Anoitecer;Crescente;Nublado;Simples;Curva;-2.043.679.609;-4.384.638.106
06/12/2024;20:40:00;GENERAL CARNEIRO;Velocidade Incompatível;Tombamento;Com Vítimas Feridas;Plena Noite;Crescente;Chuva;Simples;Reta;-2.638.670.865;-5.127.245.307
11/10/2024;17:15:00;UBERLANDIA;Velocidade Incompatível;Colisão frontal;Com Vítimas Feridas;Anoitecer;Decrescente;Céu Claro;Simples;"Declive;Reta";-1.893.833.717;-4.821.826.458
28/03/2024;14:00:00;TANQUINHO;Ultrapassagem Indevida;Colisão lateral mesmo sentido;Com Vítimas Feridas;Pleno dia;Decrescente;Céu Claro;Simples;Curva;-1.198.306.053;-3.908.601.545
12/12/2024;21:50:00;CONTAGEM;Estacionar ou parar em local proibido;Colisão traseira;Com Vítimas Feridas;Plena Noite;Decrescente;Céu Claro;Dupla;Curva;-1.984.761.911;-4.407.276.144
02/11/2024;06:30:00;CAMANDUCAIA;Velocidade Incompatível;Tombamento;Com Vítimas Feridas;Pleno dia;Crescente;Nublado;Dupla;Curva;-227.680.939;-4.620.854.399
06/12/2024;06:40:00;SANTO ANTONIO DO DESCOBERTO;Manobra de mudança de faixa;Colisão lateral mesmo sentido;Com Vítimas Feridas;Pleno dia;Decrescente;Nevoeiro/Neblina;Dupla;"Aclive;Reta";-16.057.143;-48.261.572
18/10/2024;14:45:00;CUNHA PORA;Ultrapassagem Indevida;Colisão frontal;Com Vítimas Fatais;Pleno dia;Decrescente;Nublado;Simples;Curva;-268.232.463;-531.514.235
02/12/2024;16:30:00;ARGIRITA;Declive acentuado;Colisão lateral sentido oposto;Com Vítimas Feridas;Pleno dia;Crescente;Céu Claro;Simples;"Curva;Declive";-2.162.799.078;-4.283.040.926
30/12/2024;13:00:00;OURICURI;Manobra de mudança de faixa;Colisão transversal;Sem Vítimas;Pleno dia;Crescente;Céu Claro;Simples;Reta;-778.543.662;-4.022.695.512
02/12/2024;06:45:00;NAVEGANTES;Ultrapassagem Indevida;Colisão lateral mesmo sentido;Com Vítimas Feridas;Pleno dia;Crescente;Céu Claro;Dupla;Em Obras;-26.868.551;-48.674.831
06/12/2024;11:38:00;BRASILIA;Velocidade Incompatível;Colisão traseira;Com Vítimas Feridas;Pleno dia;Crescente;Céu Claro;Dupla;"Declive;Curva";-1.602.510.513;-4.825.319.231
13/10/2024;10:58:00;CENTRALINA;Manobra de mudança de faixa;Colisão lateral mesmo sentido;Com Vítimas Feridas;Pleno dia;Decrescente;Céu Claro;Dupla;"Reta;Declive";-1.860.599.701;-4.919.196.328
15/11/2024;12:55:00;ITABIRITO;Chuva;Colisão lateral sentido oposto;Com Vítimas Feridas;Pleno dia;Crescente;Chuva;Simples;"Curva;Aclive";-203.591;-4.390.992.896
12/12/2024;08:30:00;JEQUITAI;Velocidade Incompatível;Colisão traseira;Sem Vítimas;Pleno dia;Crescente;Chuva;Simples;"Declive;Reta";-1.716.499.801;-4.441.819.599
16/11/2024;06:20:00;MUNIZ FREIRE;Demais Fenômenos da natureza;Colisão traseira;Com Vítimas Feridas;Amanhecer;Decrescente;Céu Claro;Simples;"Reta;Aclive";-2.023.406.291;-4.135.253.988
13/11/2024;06:45:00;CARIACICA;Manobra de mudança de faixa;Colisão traseira;Com Vítimas Feridas;Pleno dia;Decrescente;Céu Claro;Dupla;Declive;-2.022.694;-4.036.458
20/12/2024;10:05:00;JUIZ DE FORA;Condutor usando celular;Colisão frontal;Com Vítimas Feridas;Pleno dia;Crescente;Nublado;Simples;Curva;-21.568.454;-4.347.928
20/12/2024;18:35:00;ITABUNA;Ultrapassagem Indevida;Saída de leito carroçável;Com Vítimas Feridas;Plena Noite;Crescente;Céu Claro;Simples;"Reta;Ponte";-1.499.768.304;-3.933.390.567
07/12/2024;00:00:00;ALEXANIA;Velocidade Incompatível;Colisão lateral mesmo sentido;Com Vítimas Feridas;Plena Noite;Crescente;Nublado;Dupla;Reta;-161.045;-485.242
13/12/2024;16:00:00;JEQUITAI;Pista Escorregadia;Saída de leito carroçável;Com Vítimas Feridas;Pleno dia;Decrescente;Chuva;Simples;Reta;-1.722.752.697;-4.452.546.599
26/12/2024;19:55:00;APARECIDA;Chuva;Colisão lateral sentido oposto;Com Vítimas Feridas;Plena Noite;Crescente;Chuva;Dupla;Aclive;-2.285.651.665;-4.523.114.328
07/06/2024;00:10:00;ATIBAIA;Velocidade Incompatível;Colisão traseira;Sem Vítimas;Plena Noite;Crescente;Céu Claro;Dupla;Reta;-2.320.535.293;-4.659.066.516
29/11/2024;20:20:00;FEIRA DE SANTANA;Velocidade Incompatível;Colisão lateral mesmo sentido;Com Vítimas Feridas;Plena Noite;Decrescente;Céu Claro;Dupla;Reta;-1.226.687.642;-3.893.349.875
26/11/2024;12:10:00;ESTIVA;Velocidade Incompatível;Colisão com objeto;Com Vítimas Fatais;Pleno dia;Crescente;Céu Claro;Dupla;Curva;-2.242.038.485;-4.596.516.877
23/07/2024;08:30:00;CANOAS;Velocidade Incompatível;Engavetamento;Com Vítimas Feridas;Pleno dia;Decrescente;Nevoeiro/Neblina;Dupla;Reta;-29.914.507;-51.236.031
06/06/2024;10:00:00;PACAJA;Velocidade Incompatível;Tombamento;Com Vítimas Fatais;Pleno dia;Crescente;Sol;Simples;"Declive;Reta";-38.564.449;-5.045.500.093
10/12/2024;16:00:00;SILVA JARDIM;Animais na Pista;Colisão traseira;Com Vítimas Feridas;Pleno dia;Decrescente;Nublado;Dupla;Reta;-2.261.465.396;-4.241.257.441
13/01/2024;05:40:00;CEARA-MIRIM;Acesso irregular;Colisão transversal;Com Vítimas Feridas;Amanhecer;Decrescente;Nublado;Simples;Reta;-565.094.554;-3.542.341.594
15/01/2024;18:45:00;UMBAUBA;Ausência de sinalização;Colisão com objeto;Com Vítimas Feridas;Plena Noite;Decrescente;Céu Claro;Simples;"Aclive;Reta";-1.138.249.598;-3.766.560.674
07/02/2024;13:00:00;RECIFE;Faixas de trânsito com largura insuficiente;Colisão lateral mesmo sentido;Sem Vítimas;Pleno dia;Não Informado;Sol;Simples;Reta;-805.899.011;-348.722.738
03/04/2024;14:50:00;OURO PRETO;Manobra de mudança de faixa;Capotamento;Com Vítimas Feridas;Pleno dia;Decrescente;Céu Claro;Simples;"Declive;Reta";-2.041.181.186;-4.389.476.664
12/04/2024;17:45:00;SERRA;Frear bruscamente;Tombamento;Com Vítimas Feridas;Anoitecer;Decrescente;Céu Claro;Dupla;Reta;-2.021.016.289;-4.031.721.711
17/05/2024;15:00:00;SAO JOAO DO SUL;Manobra de mudança de faixa;Colisão lateral mesmo sentido;Sem Vítimas;Pleno dia;Decrescente;Chuva;Múltipla;Reta;-2.917.229.091;-4.974.904.711
24/05/2024;10:35:00;TIBAGI;Velocidade Incompatível;Saída de leito carroçável;Com Vítimas Fatais;Pleno dia;Crescente;Chuva;Dupla;Curva;-2.494.239.016;-5.040.224.704
28/05/2024;20:00:00;MONTE ALEGRE DE MINAS;Estacionar ou parar em local proibido;Colisão com objeto;Com Vítimas Feridas;Plena Noite;Crescente;Céu Claro;Múltipla;Reta;-1.887.451.394;-4.887.389.302
22/06/2024;06:00:00;MANOEL URBANO;Pista Escorregadia;Queda de ocupante de veículo;Com Vítimas Feridas;Pleno dia;Crescente;Céu Claro;Simples;Reta;-882.884.068;-6.933.507.782
24/07/2024;02:30:00;SEABRA;Velocidade Incompatível;Tombamento;Sem Vítimas;Plena Noite;Decrescente;Céu Claro;Simples;Reta;-1.247.346.202;-4.167.333.299
03/08/2024;23:20:00;NOVA MAMORE;Velocidade Incompatível;Colisão com objeto;Com Vítimas Feridas;Plena Noite;Crescente;Céu Claro;Simples;Reta;-1.026.452;-65.291.702
30/10/2024;08:45:00;EMBU DAS ARTES;Manobra de mudança de faixa;Colisão traseira;Com Vítimas Feridas;Pleno dia;Decrescente;Nublado;Dupla;Reta;-2.367.784.787;-4.685.769.227
10/11/2024;03:40:00;PARAISO DO TOCANTINS;Deficiência do Sistema de Iluminação/Sinalização;Colisão traseira;Com Vítimas Feridas;Plena Noite;Crescente;Céu Claro;Simples;Declive;-1.018.390.502;-4.888.017.144
16/11/2024;10:30:00;VILA NOVA DO SUL;Ultrapassagem Indevida;Colisão lateral mesmo sentido;Com Vítimas Feridas;Pleno dia;Decrescente;Céu Claro;Simples;Reta;-30.339.428;-53.869.404
11/12/2024;09:40:00;GUARULHOS;Manobra de mudança de faixa;Colisão lateral mesmo sentido;Com Vítimas Feridas;Pleno dia;Crescente;Céu Claro;Múltipla;Reta;-2.342.511.799;-4.640.221.101
23/01/2024;14:00:00;GENERAL CARNEIRO;Acumulo de água sobre o pavimento;Saída de leito carroçável;Sem Vítimas;Pleno dia;Decrescente;Chuva;Simples;Curva;-1.559.286.112;-5.305.797.982
15/02/2024;02:25:00;GRAO MOGOL;Velocidade Incompatível;Saída de leito carroçável;Com Vítimas Feridas;Plena Noite;Crescente;Céu Claro;Simples;Curva;-1.643.416.418;-4.339.185.866
13/03/2024;21:10:00;GUAJARA-MIRIM;Deficiência do Sistema de Iluminação/Sinalização;Colisão traseira;Com Vítimas Feridas;Plena Noite;Crescente;Céu Claro;Simples;Reta;-10.706.122;-6.527.331
26/08/2024;20:00:00;CEARA-MIRIM;Deficiência do Sistema de Iluminação/Sinalização;Colisão traseira;Com Vítimas Feridas;Plena Noite;Decrescente;Céu Claro;Simples;Reta;-5.591.373;-35.273.365
01/09/2024;19:00:00;MARABA;Manobra de mudança de faixa;Colisão lateral sentido oposto;Com Vítimas Feridas;Plena Noite;Crescente;Céu Claro;Simples;Reta;-532.134.782;-4.924.231.676
19/11/2024;20:30:00;PIRAI;Manobra de mudança de faixa;Saída de leito carroçável;Com Vítimas Feridas;Plena Noite;Decrescente;Céu Claro;Simples;"Curva;Declive";-2.265.604.007;-4.383.713.888
22/12/2024;07:30:00;ESMERALDAS;Chuva;Colisão transversal;Com Vítimas Feridas;Pleno dia;Crescente;Chuva;Dupla;"Declive;Reta";-19.714.002;-44.160.929
18/01/2024;06:30:00;RIO LARGO;Ultrapassagem Indevida;Colisão traseira;Com Vítimas Feridas;Pleno dia;Crescente;Céu Claro;Dupla;Curva;-944.701.176;-35.851.915
28/01/2024;19:47:00;TUBARAO;Desrespeitar a preferência no cruzamento;Colisão transversal;Com Vítimas Feridas;Plena Noite;Crescente;Garoa/Chuvisco;Múltipla;Interseção de Vias;-2.846.567.318;-4.899.627.686
31/01/2024;04:00:00;OLINDINA;Animais na Pista;Saída de leito carroçável;Com Vítimas Fatais;Plena Noite;Decrescente;Céu Claro;Simples;Reta;-1.131.272;-3.838.791
12/02/2024;13:40:00;LARANJEIRAS;Afundamento ou ondulação no pavimento;Capotamento;Com Vítimas Feridas;Pleno dia;Crescente;Céu Claro;Simples;Reta;-10.823.149;-37.235.428
14/02/2024;19:30:00;IBIRACU;Ultrapassagem Indevida;Colisão frontal;Com Vítimas Feridas;Plena Noite;Crescente;Céu Claro;Simples;Reta;-19.789.689;-4.037.132
15/02/2024;17:40:00;ITAJAI;Manobra de mudança de faixa;Colisão lateral mesmo sentido;Com Vítimas Feridas;Anoitecer;Decrescente;Nublado;Dupla;Reta;-269.043.179;-4.871.555.481
25/02/2024;11:20:00;ITAPERUNA;Manobra de mudança de faixa;Colisão lateral mesmo sentido;Com Vítimas Feridas;Pleno dia;Crescente;Céu Claro;Simples;Reta;-2.117.930.593;-4.196.405.499
26/02/2024;10:00:00;FOZ DO IGUACU;Manobra de mudança de faixa;Colisão lateral mesmo sentido;Com Vítimas Feridas;Pleno dia;Crescente;Céu Claro;Dupla;Reta;-255.469;-545.882
06/03/2024;19:30:00;SANTA BARBARA DO LESTE;Deficiência do Sistema de Iluminação/Sinalização;Colisão traseira;Com Vítimas Feridas;Plena Noite;Decrescente;Céu Claro;Dupla;Curva;-1.994.406.896;-421.320.258