data_inversa;horario;municipio;causa_acidente;tipo_acidente;classificacao_acidente;fase_dia;sentido_via;condicao_metereologica;tipo_pista;tracado_via;latitude;longitude
01/01/2024;20:30:00;ITAGUARA;Velocidade Incompatível;Capotamento;Com Vítimas Feridas;Plena Noite;Crescente;Chuva;Dupla;Curva;-2.042.649.228;-4.454.458.383
01/01/2024;20:10:00;ITATIAIUCU;Pista Escorregadia;Tombamento;Com Vítimas Feridas;Plena Noite;Decrescente;Chuva;Dupla;Curva;-2.019.896.036;-4.438.641.307
01/01/2024;18:00:00;LIMA DUARTE;Velocidade Incompatível;Saída de leito carroçável;Com Vítimas Feridas;Anoitecer;Decrescente;Chuva;Simples;Curva;-2.181.169.158;-4.371.605.708
01/01/2024;21:30:00;ITATIAIUCU;Velocidade Incompatível;Colisão com objeto;Com Vítimas Feridas;Plena Noite;Decrescente;Chuva;Dupla;"Declive;Curva";-2.018.182.886;-4.437.895.835
01/01/2024;22:30:00;RONDONOPOLIS;Animais na Pista;Capotamento;Com Vítimas Feridas;Plena Noite;Crescente;Nublado;Dupla;"Aclive;Reta";-1.675.646.914;-5.465.421.973
02/01/2024;02:00:00;SAO JOSE DOS PINHAIS;Velocidade Incompatível;Colisão com objeto;Com Vítimas Fatais;Plena Noite;Decrescente;Céu Claro;Dupla;Interseção de Vias;-2.556.976;-4.918.452
02/01/2024;07:20:00;ANGRA DOS REIS;Acesso irregular;Colisão traseira;Com Vítimas Feridas;Pleno dia;Decrescente;Céu Claro;Simples;Reta;-2.301.862.196;-4.453.137.517
02/01/2024;07:00:00;ITAJAI;Manobra de mudança de faixa;Colisão lateral mesmo sentido;Com Vítimas Feridas;Pleno dia;Decrescente;Chuva;Múltipla;Reta;-2.692.955.916;-4.870.499.836
02/01/2024;07:55:00;ITAJAI;Manobra de mudança de faixa;Colisão lateral mesmo sentido;Com Vítimas Feridas;Pleno dia;Decrescente;Chuva;Múltipla;Reta;-2.685.311.393;-4.872.689.927
02/01/2024;08:18:00;SAO GONCALO DO AMARANTE;Acumulo de areia ou detritos sobre o pavimento;Queda de ocupante de veículo;Com Vítimas Feridas;Pleno dia;Crescente;Chuva;Dupla;"Reta;Interseção de Vias";-5.774.175;-352.578
02/01/2024;06:30:00;SANTA BARBARA DO SUL;Acumulo de água sobre o pavimento;Saída de leito carroçável;Com Vítimas Feridas;Amanhecer;Crescente;Chuva;Simples;"Declive;Reta";-28.385.458;-53.342.712
02/01/2024;06:00:00;LAGUNA CARAPA;Pista Escorregadia;Saída de leito carroçável;Sem Vítimas;Pleno dia;Não Informado;Garoa/Chuvisco;Simples;Reta;-22.585.192;-55.396.041
02/01/2024;08:40:00;RECIFE;Manobra de mudança de faixa;Colisão lateral mesmo sentido;Com Vítimas Feridas;Pleno dia;Crescente;Céu Claro;Dupla;Reta;-79.554.509;-3.491.140.727
02/01/2024;07:40:00;IBIRAPITANGA;Velocidade Incompatível;Saída de leito carroçável;Com Vítimas Feridas;Pleno dia;Decrescente;Céu Claro;Simples;Reta;-1.400.704.057;-3.944.548.763
02/01/2024;09:30:00;SANTA HELENA DE GOIAS;Manobra de mudança de faixa;Colisão transversal;Com Vítimas Feridas;Pleno dia;Decrescente;Céu Claro;Múltipla;"Curva;Declive";-1.792.761.132;-5.055.878.055
02/01/2024;09:02:00;SANTO ANTONIO DA PATRULHA;Manobra de mudança de faixa;Colisão lateral mesmo sentido;Com Vítimas Feridas;Pleno dia;Crescente;Céu Claro;Dupla;Reta;-29.880.203;-50.503.971
02/01/2024;09:10:00;PATO BRANCO;Velocidade Incompatível;Saída de leito carroçável;Com Vítimas Feridas;Pleno dia;Crescente;Céu Claro;Simples;Curva;-2.625.603.095;-5.270.878.155
02/01/2024;08:30:00;LAVRAS;Velocidade Incompatível;Saída de leito carroçável;Com Vítimas Feridas;Pleno dia;Crescente;Chuva;Dupla;"Declive;Curva";-2.120.030.689;-4.511.944.438
02/01/2024;10:20:00;JEQUITAI;Chuva;Saída de leito carroçável;Com Vítimas Feridas;Pleno dia;Crescente;Chuva;Simples;Reta;-1.711.607.791;-4.435.073.032
02/01/2024;10:40:00;CONTAGEM;Velocidade Incompatível;Saída de leito carroçável;Com Vítimas Feridas;Pleno dia;Crescente;Garoa/Chuvisco;Dupla;Reta;-1.984.761.911;-4.407.276.144
02/01/2024;10:20:00;JEQUITAI;Chuva;Saída de leito carroçável;Com Vítimas Feridas;Pleno dia;Decrescente;Chuva;Simples;"Declive;Curva";-1.706.346.094;-443.372.752
02/01/2024;08:50:00;SANTO ANTONIO DO LEVERGER;Acumulo de água sobre o pavimento;Saída de leito carroçável;Com Vítimas Feridas;Pleno dia;Decrescente;Chuva;Dupla;Reta;-1.570.392.394;-5.575.265.408
02/01/2024;10:45:00;SAO CAITANO;Conversão proibida;Colisão lateral mesmo sentido;Com Vítimas Feridas;Pleno dia;Crescente;Sol;Dupla;Reta;-832.744.699;-3.615.405
02/01/2024;11:10:00;CASCAVEL;Condutor usando celular;Colisão transversal;Com Vítimas Feridas;Pleno dia;Crescente;Sol;Simples;"Declive;Reta";-2.508.169.296;-5.316.022.601
02/01/2024;11:30:00;COLOMBO;Velocidade Incompatível;Colisão traseira;Com Vítimas Feridas;Pleno dia;Crescente;Céu Claro;Simples;Curva;-25.285.248;-4.914.677
02/01/2024;12:29:00;PETROLINA;Desrespeitar a preferência no cruzamento;Colisão transversal;Com Vítimas Feridas;Pleno dia;Crescente;Céu Claro;Múltipla;Interseção de Vias;-93.480.782.593;-404.744.124.778
02/01/2024;13:00:00;CAETE;Afundamento ou ondulação no pavimento;Colisão com objeto;Com Vítimas Feridas;Pleno dia;Decrescente;Céu Claro;Dupla;"Reta;Viaduto";-1.978.496.805;-4.372.311.799
02/01/2024;10:30:00;BALNEARIO PICARRAS;Manobra de mudança de faixa;Colisão lateral mesmo sentido;Com Vítimas Feridas;Pleno dia;Decrescente;Céu Claro;Dupla;Reta;-26.784.135;-48.682.639
02/01/2024;11:50:00;BARAO DE GRAJAU;Manobra de mudança de faixa;Colisão frontal;Com Vítimas Feridas;Pleno dia;Decrescente;Céu Claro;Simples;Reta;-675.491.021;-4.301.659.198
02/01/2024;13:30:00;ITAPEVA;Chuva;Colisão traseira;Com Vítimas Feridas;Pleno dia;Crescente;Chuva;Dupla;Curva;-22.777.207;-4.623.911.301
02/01/2024;13:30:00;CAIBATE;Pista Escorregadia;Colisão frontal;Com Vítimas Feridas;Pleno dia;Crescente;Chuva;Simples;Reta;-28.406.702;-54.692.398
02/01/2024;14:40:00;GRAVATAI;Chuva;Queda de ocupante de veículo;Com Vítimas Fatais;Pleno dia;Decrescente;Nublado;Dupla;Reta;-29.952.868;-50.986.462
02/01/2024;15:25:00;JOINVILLE;Manobra de mudança de faixa;Colisão traseira;Com Vítimas Feridas;Pleno dia;Decrescente;Nublado;Dupla;Viaduto;-26.216.931;-4.891.612.807
02/01/2024;15:10:00;PATO BRANCO;Chuva;Colisão frontal;Com Vítimas Fatais;Pleno dia;Decrescente;Chuva;Simples;"Aclive;Curva";-2.604.287.282;-5.262.090.924
02/01/2024;15:25:00;SANTA MARIA;Desrespeitar a preferência no cruzamento;Colisão transversal;Com Vítimas Feridas;Pleno dia;Crescente;Céu Claro;Dupla;"Reta;Interseção de Vias;Rotatória;Aclive";-29.706.993;-53.852.287
02/01/2024;12:40:00;PRATA;Pista Escorregadia;Capotamento;Com Vítimas Feridas;Pleno dia;Crescente;Nublado;Simples;"Declive;Curva";-1.912.589.594;-4.896.661.173
02/01/2024;15:30:00;ARAQUARI;Manobra de mudança de faixa;Colisão lateral mesmo sentido;Com Vítimas Feridas;Pleno dia;Decrescente;Nublado;Dupla;Reta;-2.652.700.004;-4.871.551.117
02/01/2024;15:45:00;SALVADOR;Velocidade Incompatível;Colisão traseira;Com Vítimas Feridas;Pleno dia;Decrescente;Sol;Múltipla;Reta;-1.291.888.605;-3.846.502.095
02/01/2024;16:23:00;JOAO PESSOA;Manobra de mudança de faixa;Colisão lateral mesmo sentido;Com Vítimas Feridas;Pleno dia;Crescente;Sol;Dupla;"Desvio Temporário;Curva;Em Obras";-716.824.927;-3.486.437.664
02/01/2024;08:20:00;VARGEM;Velocidade Incompatível;Colisão frontal;Com Vítimas Feridas;Pleno dia;Decrescente;Céu Claro;Simples;"Aclive;Curva";-2.749.235.971;-5.097.266.793
02/01/2024;17:10:00;SANTA MARIA;Conversão proibida;Colisão transversal;Com Vítimas Feridas;Pleno dia;Crescente;Céu Claro;Simples;"Em Obras;Reta";-29.696.114;-53.850.295
02/01/2024;17:42:00;UBERLANDIA;Velocidade Incompatível;Saída de leito carroçável;Com Vítimas Feridas;Pleno dia;Decrescente;Nublado;Dupla;Reta;-19.017.713;-4.820.603
02/01/2024;16:30:00;PAULA FREITAS;Chuva;Saída de leito carroçável;Sem Vítimas;Pleno dia;Crescente;Chuva;Simples;Reta;-26.183.485;-50.969.498
02/01/2024;17:30:00;CARMO DA CACHOEIRA;Velocidade Incompatível;Saída de leito carroçável;Com Vítimas Feridas;Pleno dia;Decrescente;Chuva;Dupla;Curva;-2.155.413.799;-4.524.499.427
02/01/2024;18:05:00;ARACATI;Velocidade Incompatível;Colisão traseira;Com Vítimas Feridas;Plena Noite;Decrescente;Céu Claro;Dupla;"Reta;Ponte";-457.723.773;-3.778.490.067
02/01/2024;18:25:00;GARIBALDI;Velocidade Incompatível;Saída de leito carroçável;Com Vítimas Feridas;Anoitecer;Decrescente;Chuva;Dupla;Reta;-2.920.372.835;-5.151.786.908
02/01/2024;15:10:00;NAQUE;Ultrapassagem Indevida;Colisão lateral sentido oposto;Com Vítimas Feridas;Pleno dia;Crescente;Céu Claro;Simples;Reta;-1.923.212.467;-4.232.837.331
02/01/2024;19:10:00;NOVA ITARANA;Acesso irregular;Colisão frontal;Com Vítimas Feridas;Plena Noite;Crescente;Céu Claro;Simples;Retorno Regulamentado;-1.298.625.197;-3.994.414.505
02/01/2024;20:00:00;REGISTRO;Desvio temporário;Saída de leito carroçável;Com Vítimas Feridas;Plena Noite;Decrescente;Céu Claro;Dupla;Reta;-24.416.593;-4.776.187
02/01/2024;18:35:00;BALNEARIO CAMBORIU;Manobra de mudança de faixa;Colisão traseira;Com Vítimas Feridas;Anoitecer;Crescente;Nublado;Múltipla;Reta;-270.157.238;-4.861.192.763
02/01/2024;19:25:00;ARAQUARI;Manobra de mudança de faixa;Colisão traseira;Com Vítimas Feridas;Plena Noite;Decrescente;Nublado;Dupla;Reta;-26.454.849;-48.767.477
02/01/2024;20:26:00;JABOATAO DOS GUARARAPES;Desrespeitar a preferência no cruzamento;Colisão transversal;Com Vítimas Feridas;Plena Noite;Crescente;Céu Claro;Dupla;Reta;-807.764.447;-3.497.863.609
02/01/2024;22:00:00;SAO LEOPOLDO;Velocidade Incompatível;Tombamento;Com Vítimas Feridas;Plena Noite;Decrescente;Nublado;Múltipla;"Reta;Viaduto";-297.831.804;-5.116.099.063
02/01/2024;21:30:00;SAO JOSE;Ultrapassagem Indevida;Colisão com objeto;Sem Vítimas;Plena Noite;Crescente;Chuva;Dupla;Reta;-2.762.329.313;-4.865.245.588
02/01/2024;16:15:00;SAO GONCALO DO GURGUEIA;Pista Escorregadia;Colisão com objeto;Com Vítimas Feridas;Pleno dia;Crescente;Chuva;Simples;"Declive;Curva";-1.014.113.986;-4.520.179.291
02/01/2024;14:00:00;SAO GONCALO DO GURGUEIA;Pista Escorregadia;Saída de leito carroçável;Com Vítimas Feridas;Pleno dia;Crescente;Chuva;Simples;"Declive;Curva";-1.014.113.986;-4.520.179.291
02/01/2024;23:00:00;FLORES DE GOIAS;Chuva;Saída de leito carroçável;Sem Vítimas;Plena Noite;Crescente;Chuva;Simples;Reta;-1.484.403;-46.738.926
02/01/2024;23:30:00;SAO JOSE;Acumulo de água sobre o pavimento;Queda de ocupante de veículo;Com Vítimas Feridas;Plena Noite;Crescente;Chuva;Dupla;Curva;-27.591.936;-48.618.244
03/01/2024;02:25:00;BIGUACU;Pista Escorregadia;Colisão lateral mesmo sentido;Com Vítimas Feridas;Plena Noite;Crescente;Chuva;Dupla;Curva;-27.459.393;-48.638.914
03/01/2024;02:40:00;PIRAI;Acumulo de água sobre o pavimento;Saída de leito carroçável;Com Vítimas Feridas;Plena Noite;Crescente;Garoa/Chuvisco;Dupla;Curva;-2.265.604.007;-4.383.713.888
03/01/2024;04:12:00;RIO DE JANEIRO;Iluminação deficiente;Atropelamento de Pedestre;Com Vítimas Fatais;Plena Noite;Decrescente;Céu Claro;Dupla;Reta;-228.060.415;-4.334.289.573
03/01/2024;06:10:00;ARAQUARI;Desrespeitar a preferência no cruzamento;Colisão transversal;Com Vítimas Feridas;Pleno dia;Crescente;Garoa/Chuvisco;Simples;Reta;-2.642.576.441;-4.878.741.376
03/01/2024;00:30:00;GRAVATA;Animais na Pista;Atropelamento de Animal;Com Vítimas Feridas;Plena Noite;Decrescente;Céu Claro;Dupla;Reta;-819.460.572;-3.556.074.803
02/01/2024;16:15:00;CATU;Conversão proibida;Colisão lateral mesmo sentido;Com Vítimas Feridas;Pleno dia;Crescente;Céu Claro;Simples;Reta;-1.235.866.502;-3.839.208.618
03/01/2024;07:00:00;CARMO DA CACHOEIRA;Velocidade Incompatível;Colisão com objeto;Com Vítimas Feridas;Pleno dia;Decrescente;Nublado;Dupla;"Curva;Declive";-2.143.704.005;-4.520.756.491
03/01/2024;07:10:00;BRUMADINHO;Chuva;Saída de leito carroçável;Com Vítimas Feridas;Pleno dia;Crescente;Chuva;Dupla;Curva;-2.018.182.886;-4.437.895.835
03/01/2024;07:30:00;IBIPORA;Desrespeitar a preferência no cruzamento;Saída de leito carroçável;Com Vítimas Feridas;Pleno dia;Crescente;Sol;Dupla;"Retorno Regulamentado;Interseção de Vias";-23.273.563;-51.056.163
03/01/2024;05:26:00;RIO DOS BOIS;Restrição de visibilidade em curvas verticais;Colisão frontal;Com Vítimas Feridas;Amanhecer;Crescente;Nevoeiro/Neblina;Simples;"Aclive;Reta";-926.983.115;-4.854.848.155
03/01/2024;08:00:00;CARMO DA CACHOEIRA;Velocidade Incompatível;Saída de leito carroçável;Com Vítimas Feridas;Pleno dia;Crescente;Chuva;Dupla;Curva;-2.152.361.199;-4.522.481.701
03/01/2024;07:00:00;JOAO PINHEIRO;Chuva;Saída de leito carroçável;Com Vítimas Feridas;Pleno dia;Crescente;Chuva;Simples;Reta;-1.813.586.013;-4.574.174.881
03/01/2024;09:50:00;FLORIANOPOLIS;Manobra de mudança de faixa;Colisão traseira;Com Vítimas Feridas;Pleno dia;Decrescente;Garoa/Chuvisco;Dupla;Reta;-27.602.955;-48.580.509
03/01/2024;10:00:00;OLIVEIRA;Chuva;Colisão com objeto;Com Vítimas Feridas;Pleno dia;Decrescente;Chuva;Dupla;"Declive;Reta";-2.073.605.011;-4.477.319.313
03/01/2024;07:30:00;CAMPOS ALTOS;Chuva;Saída de leito carroçável;Com Vítimas Feridas;Pleno dia;Decrescente;Chuva;Simples;Curva;-1.962.457.601;-4.626.930.901
03/01/2024;09:30:00;JUSSARA;Chuva;Saída de leito carroçável;Com Vítimas Feridas;Pleno dia;Crescente;Chuva;Simples;Curva;-1.587.393.292;-5.082.123.865
03/01/2024;11:15:00;BIGUACU;Manobra de mudança de faixa;Colisão lateral mesmo sentido;Com Vítimas Feridas;Pleno dia;Decrescente;Nublado;Dupla;Reta;-2.749.815.117;-4.865.661.236
03/01/2024;11:32:00;ITAGUARA;Chuva;Saída de leito carroçável;Com Vítimas Feridas;Pleno dia;Crescente;Chuva;Dupla;Curva;-2.042.649.228;-4.454.458.383
03/01/2024;11:08:00;BARRA DO GARCAS;Manobra de mudança de faixa;Colisão lateral mesmo sentido;Com Vítimas Feridas;Pleno dia;Decrescente;Garoa/Chuvisco;Dupla;Reta;-1.587.907.036;-5.228.563.311
03/01/2024;12:30:00;MASSARANDUBA;Velocidade Incompatível;Saída de leito carroçável;Com Vítimas Feridas;Pleno dia;Decrescente;Céu Claro;Múltipla;Curva;-72.774;-357.367
03/01/2024;09:00:00;CORUPA;Velocidade Incompatível;Tombamento;Com Vítimas Feridas;Pleno dia;Crescente;Garoa/Chuvisco;Simples;"Aclive;Curva";-2.641.501.369;-4.925.741.675
03/01/2024;08:30:00;TUBARAO;Frear bruscamente;Tombamento;Com Vítimas Feridas;Pleno dia;Crescente;Chuva;Dupla;Reta;-2.846.927.473;-4.901.557.908
03/01/2024;12:45:00;JOAO MONLEVADE;Conversão proibida;Colisão transversal;Com Vítimas Feridas;Pleno dia;Decrescente;Chuva;Simples;Reta;-1.985.592.801;-4.321.689.055
03/01/2024;12:00:00;CORONEL VIVIDA;Desrespeitar a preferência no cruzamento;Colisão transversal;Com Vítimas Feridas;Pleno dia;Decrescente;Sol;Simples;"Reta;Interseção de Vias;Rotatória";-2.600.480.254;-5.256.513.465
03/01/2024;12:00:00;BOM JESUS;Acumulo de água sobre o pavimento;Saída de leito carroçável;Com Vítimas Feridas;Pleno dia;Crescente;Chuva;Simples;Curva;-9.347.948;-44.556.722
03/01/2024;10:41:00;SANTO ANTONIO DO AMPARO;Curva acentuada;Colisão transversal;Com Vítimas Feridas;Pleno dia;Crescente;Nublado;Dupla;"Curva;Declive";-2.095.720.609;-4.490.296.563
03/01/2024;09:00:00;SANTO ANTONIO DO AMPARO;Chuva;Colisão com objeto;Com Vítimas Feridas;Pleno dia;Crescente;Chuva;Dupla;Curva;-2.094.471.289;-4.488.107.085
03/01/2024;10:40:00;COMENDADOR LEVY GASPARIAN;Velocidade Incompatível;Colisão traseira;Com Vítimas Feridas;Pleno dia;Decrescente;Chuva;Dupla;Curva;-2.201.337.537;-4.323.594.846
03/01/2024;09:00:00;SANTO ANTONIO DO AMPARO;Chuva;Capotamento;Com Vítimas Feridas;Pleno dia;Decrescente;Chuva;Dupla;"Curva;Aclive";-2.096.202.321;-4.492.871.761
03/01/2024;14:05:00;ATILIO VIVACQUA;Conversão proibida;Colisão transversal;Com Vítimas Feridas;Pleno dia;Crescente;Garoa/Chuvisco;Simples;Reta;-2.093.997.009;-4.108.374.492
03/01/2024;10:00:00;RIACHAO;Manobra de mudança de faixa;Saída de leito carroçável;Com Vítimas Fatais;Pleno dia;Decrescente;Céu Claro;Simples;Reta;-740.929.592;-4.665.441.908
03/01/2024;13:00:00;ARAPORA;Acumulo de água sobre o pavimento;Colisão com objeto;Com Vítimas Feridas;Pleno dia;Crescente;Chuva;Dupla;Reta;-18.500.529;-491.889.035
03/01/2024;13:40:00;ITABORAI;Acesso irregular;Atropelamento de Pedestre;Com Vítimas Feridas;Pleno dia;Decrescente;Céu Claro;Dupla;Reta;-2.273.124.198;-4.295.145.305
03/01/2024;16:30:00;CAMPINA GRANDE DO SUL;Chuva;Capotamento;Com Vítimas Feridas;Pleno dia;Crescente;Chuva;Dupla;Curva;-2.509.832.756;-4.868.266.005
03/01/2024;11:00:00;SANTOS DUMONT;Pista Escorregadia;Colisão transversal;Com Vítimas Feridas;Pleno dia;Crescente;Chuva;Simples;Curva;-2.137.012.696;-4.357.558.994
03/01/2024;17:00:00;CONTAGEM;Manobra de mudança de faixa;Colisão com objeto;Com Vítimas Feridas;Anoitecer;Crescente;Garoa/Chuvisco;Dupla;Reta;-1.996.076.406;-440.524.292
03/01/2024;16:20:00;CORUPA;Pista Escorregadia;Colisão com objeto;Com Vítimas Feridas;Pleno dia;Decrescente;Garoa/Chuvisco;Simples;"Curva;Em Obras;Declive";-2.639.962.904;-4.929.783.103
03/01/2024;17:20:00;CAMPOS DOS GOYTACAZES;Chuva;Saída de leito carroçável;Com Vítimas Feridas;Pleno dia;Decrescente;Chuva;Dupla;"Curva;Declive";-2.182.626.899;-4.149.641.201
03/01/2024;18:00:00;MIRACATU;Pista Escorregadia;Tombamento;Com Vítimas Feridas;Anoitecer;Crescente;Garoa/Chuvisco;Dupla;Reta;-2.428.558.932;-4.744.194.093
03/01/2024;15:12:00;RONDONOPOLIS;Acumulo de água sobre o pavimento;Saída de leito carroçável;Com Vítimas Feridas;Pleno dia;Decrescente;Chuva;Dupla;Declive;-1.672.418.081;-5.464.751.666
03/01/2024;17:00:00;TIBAGI;Velocidade Incompatível;Colisão com objeto;Com Vítimas Feridas;Pleno dia;Decrescente;Nublado;Dupla;"Declive;Curva";-2.460.403.406;-506.635.012
03/01/2024;15:30:00;CACERES;Chuva;Saída de leito carroçável;Com Vítimas Feridas;Pleno dia;Crescente;Chuva;Simples;"Reta;Declive";-1.625.105.077;-5.745.540.642
03/01/2024;18:40:00;TERESINA;Animais na Pista;Atropelamento de Animal;Com Vítimas Feridas;Plena Noite;Crescente;Céu Claro;Simples;Reta;-511.877.574;-4.278.683.662
03/01/2024;16:55:00;BRUMADINHO;Chuva;Saída de leito carroçável;Com Vítimas Feridas;Anoitecer;Decrescente;Chuva;Dupla;"Curva;Aclive";-2.013.846.621;-4.431.715.274
03/01/2024;19:40:00;FELIXLANDIA;Desrespeitar a preferência no cruzamento;Colisão transversal;Com Vítimas Feridas;Plena Noite;Decrescente;Chuva;Simples;"Reta;Interseção de Vias";-1.873.053.982;-4.488.268.599
03/01/2024;18:30:00;CANOAS;Frear bruscamente;Queda de ocupante de veículo;Com Vítimas Feridas;Anoitecer;Decrescente;Céu Claro;Dupla;Reta;-2.994.142.398;-5.117.697.062
03/01/2024;19:02:00;TRES PASSOS;Ultrapassagem Indevida;Colisão lateral mesmo sentido;Com Vítimas Feridas;Anoitecer;Crescente;Céu Claro;Simples;"Declive;Reta";-2.748.845.026;-5.389.320.218
03/01/2024;23:00:00;BARRA DO CORDA;Conversão proibida;Colisão transversal;Com Vítimas Feridas;Plena Noite;Crescente;Chuva;Múltipla;Reta;-549.791.235;-4.524.263.176
04/01/2024;00:20:00;CURRAIS NOVOS;Animais na Pista;Saída de leito carroçável;Com Vítimas Feridas;Plena Noite;Decrescente;Nublado;Simples;Curva;-6.282.889;-36.521.175
04/01/2024;03:40:00;BIGUACU;Pista Escorregadia;Queda de ocupante de veículo;Com Vítimas Feridas;Plena Noite;Decrescente;Garoa/Chuvisco;Múltipla;Reta;-2.749.815.117;-4.865.661.236
04/01/2024;03:00:00;PRATA;Pista Escorregadia;Saída de leito carroçável;Com Vítimas Feridas;Plena Noite;Crescente;Chuva;Simples;"Curva;Aclive";-19.127.673;-48.966.483
03/01/2024;16:40:00;PRATA;Pista Escorregadia;Saída de leito carroçável;Com Vítimas Feridas;Pleno dia;Crescente;Chuva;Simples;"Curva;Declive";-1.911.737.199;-4.896.972.196
04/01/2024;05:30:00;RANCHO QUEIMADO;Acumulo de água sobre o pavimento;Saída de leito carroçável;Com Vítimas Feridas;Amanhecer;Crescente;Chuva;Simples;"Aclive;Curva";-27.683.439;-49.105.259
04/01/2024;07:36:00;NOVA IGUACU;Acesso irregular;Colisão com objeto;Sem Vítimas;Amanhecer;Decrescente;Céu Claro;Simples;Reta;-2.274.421.443;-43.509.822
04/01/2024;06:30:00;PARAIBA DO SUL;Acumulo de água sobre o pavimento;Saída de leito carroçável;Com Vítimas Feridas;Pleno dia;Crescente;Chuva;Simples;Reta;-2.220.864.263;-4.338.170.217
04/01/2024;08:10:00;SAO JOSE DE MIPIBU;Manobra de mudança de faixa;Colisão lateral mesmo sentido;Com Vítimas Feridas;Pleno dia;Decrescente;Céu Claro;Dupla;Reta;-599.096.804;-3.526.381.408
04/01/2024;08:30:00;CATALAO;Acumulo de água sobre o pavimento;Saída de leito carroçável;Com Vítimas Feridas;Pleno dia;Decrescente;Chuva;Dupla;Curva;-180.377;-47.853
03/01/2024;21:45:00;DUQUE DE CAXIAS;Sistema de drenagem ineficiente;Colisão lateral mesmo sentido;Com Vítimas Feridas;Plena Noite;Crescente;Chuva;Múltipla;Reta;-2.262.009;-43.286.922
04/01/2024;05:00:00;JUQUITIBA;Chuva;Saída de leito carroçável;Com Vítimas Feridas;Amanhecer;Decrescente;Chuva;Dupla;Curva;-2.393.901.304;-4.706.241.203
04/01/2024;09:10:00;AGUAS MORNAS;Velocidade Incompatível;Colisão com objeto;Com Vítimas Feridas;Pleno dia;Crescente;Chuva;Dupla;Curva;-27.714.352;-48.938.072
04/01/2024;12:12:00;BRASILIA;Chuva;Saída de leito carroçável;Com Vítimas Feridas;Pleno dia;Crescente;Chuva;Dupla;Curva;-16.020.638;-48.250.832
04/01/2024;13:15:00;SANTOS DUMONT;Chuva;Saída de leito carroçável;Com Vítimas Feridas;Pleno dia;Crescente;Chuva;Simples;Curva;-2.143.028.197;-4.355.615.283
04/01/2024;13:30:00;MIRACATU;Chuva;Saída de leito carroçável;Com Vítimas Feridas;Pleno dia;Decrescente;Chuva;Dupla;Curva;-2.404.699.491;-4.719.706.111
04/01/2024;13:00:00;SINOP;Manobra de mudança de faixa;Colisão lateral mesmo sentido;Com Vítimas Feridas;Pleno dia;Decrescente;Nublado;Dupla;"Reta;Retorno Regulamentado";-1.190.957.671;-5.550.753.021
04/01/2024;14:25:00;BETIM;Manobra de mudança de faixa;Colisão lateral mesmo sentido;Com Vítimas Feridas;Pleno dia;Crescente;Nublado;Dupla;"Declive;Reta";-1.998.351.264;-4.420.218.229
04/01/2024;14:45:00;CACAPAVA DO SUL;Desrespeitar a preferência no cruzamento;Colisão transversal;Com Vítimas Feridas;Pleno dia;Crescente;Céu Claro;Simples;"Reta;Interseção de Vias";-3.036.893.654;-5.336.145.401
04/01/2024;16:24:00;MAJOR SALES;Pista esburacada;Saída de leito carroçável;Com Vítimas Fatais;Pleno dia;Crescente;Céu Claro;Simples;Aclive;-642.234.872;-3.832.632.832
04/01/2024;17:13:00;PICOS;Velocidade Incompatível;Colisão transversal;Com Vítimas Feridas;Pleno dia;Decrescente;Céu Claro;Simples;Reta;-707.773.585;-4.144.441.009
04/01/2024;18:30:00;GUARULHOS;Chuva;Queda de ocupante de veículo;Com Vítimas Feridas;Plena Noite;Decrescente;Chuva;Múltipla;Reta;-2.348.586.772;-4.654.075.317
04/01/2024;17:45:00;ITAJAI;Desrespeitar a preferência no cruzamento;Colisão transversal;Com Vítimas Feridas;Pleno dia;Crescente;Céu Claro;Múltipla;"Interseção de Vias;Viaduto";-2.688.747.187;-4.872.252.969
04/01/2024;15:46:00;ANAPOLIS;Velocidade Incompatível;Saída de leito carroçável;Com Vítimas Feridas;Pleno dia;Decrescente;Chuva;Simples;"Declive;Reta;Ponte";-16.119.982;-49.036.469
04/01/2024;16:00:00;MORRINHOS;Chuva;Saída de leito carroçável;Com Vítimas Feridas;Pleno dia;Crescente;Chuva;Dupla;"Declive;Reta";-174.675;-492.187
04/01/2024;19:19:00;SAO GONCALO DO AMARANTE;Animais na Pista;Atropelamento de Animal;Sem Vítimas;Plena Noite;Decrescente;Céu Claro;Dupla;Reta;-575.269.453;-3.531.535.484
04/01/2024;12:40:00;TUBARAO;Acumulo de água sobre o pavimento;Saída de leito carroçável;Sem Vítimas;Pleno dia;Crescente;Chuva;Múltipla;Curva;-2.853.647.889;-490.531.826
04/01/2024;17:40:00;CORNELIO PROCOPIO;Curva acentuada;Colisão frontal;Com Vítimas Feridas;Pleno dia;Crescente;Céu Claro;Dupla;Curva;-23.173.287;-50.618.162
04/01/2024;19:30:00;DUQUE DE CAXIAS;Chuva;Capotamento;Com Vítimas Feridas;Plena Noite;Decrescente;Chuva;Simples;"Curva;Viaduto";-2.251.910.302;-4.322.873.364
04/01/2024;20:50:00;SEROPEDICA;Ultrapassagem Indevida;Colisão transversal;Com Vítimas Feridas;Plena Noite;Crescente;Garoa/Chuvisco;Simples;Reta;-22.804.979;-43.638.828
04/01/2024;21:28:00;SAO MATEUS;Chuva;Atropelamento de Pedestre;Com Vítimas Feridas;Plena Noite;Crescente;Garoa/Chuvisco;Simples;Reta;-1.874.453.703;-3.986.164.665
04/01/2024;21:38:00;JUQUITIBA;Ultrapassagem Indevida;Saída de leito carroçável;Sem Vítimas;Plena Noite;Decrescente;Céu Claro;Dupla;Reta;-2.393.226;-4.700.835