data_inversa;horario;municipio;causa_acidente;tipo_acidente;classificacao_acidente;fase_dia;sentido_via;condicao_metereologica;tipo_pista;tracado_via;latitude;longitude
04/01/2024;20:40:00;GOIANIA;Pista Escorregadia;Colisão traseira;Com Vítimas Feridas;Plena Noite;Crescente;Chuva;Dupla;Reta;-166.777;-492.676
04/01/2024;22:52:00;PADRE BERNARDO;Demais falhas na via;Saída de leito carroçável;Com Vítimas Feridas;Plena Noite;Crescente;Nevoeiro/Neblina;Simples;"Interseção de Vias;Declive";-15.502.505;-4.821.132
05/01/2024;03:30:00;SACRAMENTO;Animais na Pista;Atropelamento de Animal;Com Vítimas Feridas;Plena Noite;Decrescente;Nevoeiro/Neblina;Simples;Reta;-1.965.641.775;-4.756.413.107
05/01/2024;04:15:00;CAMPINA GRANDE;Velocidade Incompatível;Colisão com objeto;Com Vítimas Fatais;Amanhecer;Decrescente;Nublado;Dupla;Reta;-7.243;-358.709
05/01/2024;07:00:00;CAMBUI;Manobra de mudança de faixa;Colisão traseira;Com Vítimas Feridas;Pleno dia;Crescente;Sol;Dupla;"Curva;Declive";-2.268.597.402;-461.029.458
05/01/2024;07:00:00;SAO JOSE;Pista Escorregadia;Colisão com objeto;Com Vítimas Feridas;Pleno dia;Crescente;Chuva;Dupla;"Curva;Declive";-27.591.936;-48.618.244
04/01/2024;18:00:00;BRUMADINHO;Chuva;Saída de leito carroçável;Com Vítimas Feridas;Anoitecer;Decrescente;Chuva;Dupla;"Declive;Curva";-2.016.225.818;-443.408.409
05/01/2024;08:10:00;SAO JOSE;Velocidade Incompatível;Colisão traseira;Com Vítimas Feridas;Pleno dia;Crescente;Garoa/Chuvisco;Múltipla;Reta;-2.755.711.595;-4.861.897.889
05/01/2024;07:30:00;MOSSORO;Desrespeitar a preferência no cruzamento;Colisão transversal;Com Vítimas Feridas;Pleno dia;Crescente;Céu Claro;Simples;Interseção de Vias;-519.797.675;-3.731.839.819
05/01/2024;07:55:00;FEIRA DE SANTANA;Frear bruscamente;Colisão traseira;Com Vítimas Feridas;Pleno dia;Crescente;Céu Claro;Dupla;Reta;-1.227.376.054;-3.893.366.564
05/01/2024;07:40:00;BRASILIA;Manobra de mudança de faixa;Colisão lateral mesmo sentido;Com Vítimas Feridas;Pleno dia;Decrescente;Céu Claro;Dupla;"Reta;Aclive";-15.791.093;-4.821.096
05/01/2024;10:40:00;CANOAS;Frear bruscamente;Colisão traseira;Com Vítimas Feridas;Pleno dia;Crescente;Sol;Dupla;"Reta;Ponte;Aclive";-2.996.716.413;-5.120.167.678
05/01/2024;10:30:00;SANGAO;Acesso irregular;Colisão lateral mesmo sentido;Com Vítimas Feridas;Pleno dia;Decrescente;Chuva;Dupla;Reta;-2.865.823.109;-4.910.991.486
05/01/2024;08:10:00;PAULO LOPES;Velocidade Incompatível;Saída de leito carroçável;Com Vítimas Feridas;Pleno dia;Crescente;Garoa/Chuvisco;Simples;"Declive;Curva";-2.802.203;-48.702.403
05/01/2024;11:35:00;SANTA MARGARIDA;Ultrapassagem Indevida;Colisão lateral sentido oposto;Com Vítimas Feridas;Pleno dia;Decrescente;Nublado;Simples;Reta;-2.031.446.993;-4.228.507.639
05/01/2024;12:10:00;SERRA;Chuva;Tombamento;Com Vítimas Feridas;Pleno dia;Decrescente;Chuva;Simples;Reta;-2.004.725.275;-4.038.731.559
05/01/2024;11:40:00;ATALAIA;Conversão proibida;Colisão lateral sentido oposto;Com Vítimas Feridas;Pleno dia;Crescente;Céu Claro;Simples;"Aclive;Curva";-9.506.847;-3.603.204.998
05/01/2024;08:00:00;FIGUEIROPOLIS DOESTE;Chuva;Colisão lateral sentido oposto;Com Vítimas Feridas;Pleno dia;Crescente;Chuva;Simples;"Curva;Declive";-1.564.829.298;-5.874.536.299
05/01/2024;11:40:00;PETROPOLIS;Pista Escorregadia;Colisão com objeto;Com Vítimas Feridas;Pleno dia;Decrescente;Chuva;Simples;"Curva;Aclive";-2.247.224.973;-4.322.332.717
03/01/2024;20:20:00;CACERES;Condutor usando celular;Atropelamento de Pedestre;Com Vítimas Feridas;Plena Noite;Crescente;Céu Claro;Simples;Reta;-1.610.147.782;-5.767.752.886
05/01/2024;12:17:00;FLORIANO;Pista Escorregadia;Tombamento;Com Vítimas Feridas;Pleno dia;Crescente;Céu Claro;Dupla;Interseção de Vias;-6.780.452;-43.002.651
05/01/2024;13:30:00;CUSTODIA;Ultrapassagem Indevida;Colisão lateral sentido oposto;Sem Vítimas;Pleno dia;Decrescente;Céu Claro;Simples;Reta;-810.901.595;-3.755.608.396
05/01/2024;14:30:00;JOAO PESSOA;Manobra de mudança de faixa;Colisão lateral mesmo sentido;Com Vítimas Feridas;Pleno dia;Decrescente;Céu Claro;Dupla;Reta;-716.745.758;-3.489.662.647
05/01/2024;15:00:00;HORIZONTE;Desrespeitar a preferência no cruzamento;Colisão transversal;Com Vítimas Fatais;Pleno dia;Crescente;Sol;Dupla;"Reta;Retorno Regulamentado";-413.262.511;-3.848.269.343
05/01/2024;16:05:00;JABOATAO DOS GUARARAPES;Condutor usando celular;Colisão traseira;Com Vítimas Feridas;Pleno dia;Crescente;Céu Claro;Simples;Reta;-807.764.447;-3.497.863.609
05/01/2024;14:30:00;MUNIZ FREIRE;Velocidade Incompatível;Colisão traseira;Sem Vítimas;Pleno dia;Crescente;Nublado;Simples;Reta;-2.023.406.291;-4.135.253.988
05/01/2024;17:20:00;ITAPEMA;Manobra de mudança de faixa;Colisão lateral mesmo sentido;Com Vítimas Feridas;Pleno dia;Decrescente;Ignorado;Dupla;"Aclive;Reta";-2.708.139.206;-4.860.130.993
05/01/2024;17:40:00;PORTO ALEGRE;Manobra de mudança de faixa;Colisão lateral mesmo sentido;Sem Vítimas;Pleno dia;Decrescente;Céu Claro;Múltipla;Reta;-2.996.955.555;-5.116.954.207
05/01/2024;17:12:00;TERESINA;Animais na Pista;Atropelamento de Animal;Com Vítimas Feridas;Pleno dia;Decrescente;Céu Claro;Simples;Reta;-5.114.822;-42.778.355
05/01/2024;19:00:00;ITABUNA;Ausência de sinalização;Colisão frontal;Com Vítimas Feridas;Plena Noite;Crescente;Céu Claro;Simples;Reta;-1.475.587.634;-3.931.097.031
05/01/2024;19:20:00;INDAIAL;Desrespeitar a preferência no cruzamento;Colisão frontal;Com Vítimas Feridas;Plena Noite;Crescente;Nublado;Simples;"Reta;Viaduto";-26.872.158;-4.923.127
05/01/2024;18:02:00;DOURADOS;Pista Escorregadia;Tombamento;Com Vítimas Feridas;Anoitecer;Decrescente;Céu Claro;Dupla;Rotatória;-2.225.886.483;-5.480.359.197
05/01/2024;10:30:00;CRICIUMA;Chuva;Colisão com objeto;Com Vítimas Feridas;Pleno dia;Decrescente;Chuva;Dupla;Declive;-2.879.513.029;-4.935.435.084
05/01/2024;19:30:00;CRISTALINA;Deficiência do Sistema de Iluminação/Sinalização;Colisão traseira;Com Vítimas Feridas;Plena Noite;Crescente;Nublado;Simples;Reta;-1.616.208.583;-4.747.793.198
05/01/2024;18:45:00;FLORES;Animais na Pista;Atropelamento de Animal;Sem Vítimas;Plena Noite;Crescente;Céu Claro;Simples;"Aclive;Reta";-803.126.926;-3.796.862.125
05/01/2024;20:35:00;JOACABA;Velocidade Incompatível;Colisão frontal;Com Vítimas Fatais;Plena Noite;Decrescente;Céu Claro;Simples;"Reta;Declive";-27.177.313;-51.530.122
05/01/2024;21:10:00;MONTE ALEGRE DE MINAS;Velocidade Incompatível;Tombamento;Com Vítimas Feridas;Plena Noite;Crescente;Chuva;Dupla;Reta;-1.885.909.243;-4.907.626.033
05/01/2024;21:30:00;GARUVA;Acumulo de água sobre o pavimento;Saída de leito carroçável;Com Vítimas Feridas;Plena Noite;Crescente;Chuva;Dupla;"Declive;Curva";-2.602.880.906;-488.613.081
05/01/2024;20:50:00;MOSSORO;Animais na Pista;Atropelamento de Animal;Com Vítimas Feridas;Plena Noite;Decrescente;Céu Claro;Simples;"Aclive;Reta";-518.223.639;-3.729.640.087
05/01/2024;22:00:00;ITAJAI;Manobra de mudança de faixa;Colisão lateral mesmo sentido;Com Vítimas Feridas;Plena Noite;Crescente;Céu Claro;Múltipla;Reta;-2.694.335.064;-4.869.198.648
05/01/2024;23:00:00;RIBEIRAO DAS NEVES;Demais falhas na via;Eventos atípicos;Com Vítimas Feridas;Plena Noite;Decrescente;Nublado;Dupla;Reta;-1.978.164.295;-4.411.733.194
05/01/2024;23:20:00;TIJUCAS;Acumulo de água sobre o pavimento;Tombamento;Com Vítimas Feridas;Plena Noite;Crescente;Chuva;Múltipla;"Declive;Reta";-2.723.461.699;-4.863.039.809
06/01/2024;00:57:00;SAO JOSE;Velocidade Incompatível;Colisão lateral mesmo sentido;Com Vítimas Feridas;Plena Noite;Decrescente;Garoa/Chuvisco;Múltipla;Reta;-2.753.413.705;-4.863.003.205
06/01/2024;00:50:00;FLORIANOPOLIS;Velocidade Incompatível;Colisão traseira;Com Vítimas Feridas;Plena Noite;Crescente;Chuva;Múltipla;Curva;-27.603.289;-48.590.416
06/01/2024;02:30:00;CASCAVEL;Desrespeitar a preferência no cruzamento;Colisão transversal;Sem Vítimas;Plena Noite;Decrescente;Céu Claro;Simples;"Interseção de Vias;Reta";-2.498.120.697;-5.345.591.501
06/01/2024;02:20:00;ALEGRETE;Ausência de sinalização;Colisão com objeto;Com Vítimas Feridas;Plena Noite;Decrescente;Céu Claro;Simples;Interseção de Vias;-29.822.521;-55.719.505
06/01/2024;03:00:00;IMBITUBA;Velocidade Incompatível;Saída de leito carroçável;Sem Vítimas;Plena Noite;Decrescente;Chuva;Dupla;Curva;-2.825.918.091;-487.044.096
06/01/2024;06:20:00;MACAIBA;Manobra de mudança de faixa;Colisão lateral mesmo sentido;Com Vítimas Feridas;Pleno dia;Decrescente;Céu Claro;Dupla;Reta;-586.846.237;-3.537.602.795
06/01/2024;04:30:00;SILVA JARDIM;Animais na Pista;Atropelamento de Animal;Com Vítimas Feridas;Amanhecer;Crescente;Chuva;Dupla;Reta;-2.253.967.107;-423.461.359
05/01/2024;20:40:00;ITAPEBI;Velocidade Incompatível;Capotamento;Com Vítimas Feridas;Plena Noite;Decrescente;Chuva;Simples;Curva;-15.968.795;-39.561.496
06/01/2024;05:30:00;ARACATI;Pista Escorregadia;Saída de leito carroçável;Com Vítimas Feridas;Amanhecer;Crescente;Chuva;Dupla;"Interseção de Vias;Curva";-456.942.301;-3.775.341.799
06/01/2024;07:30:00;FORTALEZA;Animais na Pista;Atropelamento de Animal;Com Vítimas Feridas;Pleno dia;Decrescente;Céu Claro;Múltipla;Reta;-383.603.805;-385.027.281
06/01/2024;08:20:00;BIGUACU;Chuva;Colisão com objeto;Com Vítimas Feridas;Pleno dia;Decrescente;Chuva;Dupla;Curva;-2.743.537.187;-4.862.612.665
06/01/2024;09:30:00;ESTANCIA VELHA;Velocidade Incompatível;Tombamento;Com Vítimas Feridas;Pleno dia;Decrescente;Céu Claro;Simples;"Aclive;Curva";-2.962.786.151;-5.113.882.542
06/01/2024;08:00:00;SOMBRIO;Desrespeitar a preferência no cruzamento;Colisão frontal;Com Vítimas Feridas;Pleno dia;Crescente;Nublado;Múltipla;Reta;-29.095.879;-49.633.547
06/01/2024;07:40:00;PETROPOLIS;Chuva;Saída de leito carroçável;Com Vítimas Feridas;Pleno dia;Decrescente;Chuva;Simples;Curva;-2.254.903.566;-4.324.229.724
06/01/2024;09:52:00;PARAISO DO TOCANTINS;Ultrapassagem Indevida;Colisão lateral mesmo sentido;Com Vítimas Feridas;Pleno dia;Crescente;Céu Claro;Simples;"Interseção de Vias;Reta";-1.017.139;-4.888.065
06/01/2024;11:30:00;NOSSA SENHORA DO SOCORRO;Manobra de mudança de faixa;Colisão transversal;Com Vítimas Feridas;Pleno dia;Crescente;Céu Claro;Simples;Reta;-10.877.883;-37.156.052
06/01/2024;10:30:00;MAGE;Acesso irregular;Colisão transversal;Com Vítimas Feridas;Pleno dia;Decrescente;Sol;Simples;Curva;-2.266.364;-43.036.495
06/01/2024;09:40:00;ANGRA DOS REIS;Acumulo de areia ou detritos sobre o pavimento;Colisão lateral sentido oposto;Com Vítimas Feridas;Pleno dia;Crescente;Céu Claro;Simples;Curva;-2.293.180.313;-4.432.178.488
06/01/2024;07:30:00;PARATY;Conversão proibida;Colisão transversal;Com Vítimas Feridas;Pleno dia;Decrescente;Nublado;Simples;Curva;-2.306.778.628;-4.469.358.474
06/01/2024;12:30:00;GANDU;Velocidade Incompatível;Saída de leito carroçável;Com Vítimas Feridas;Pleno dia;Decrescente;Céu Claro;Simples;Curva;-1.379.651.912;-3.949.564.241
06/01/2024;12:45:00;ABADIA DE GOIAS;Animais na Pista;Atropelamento de Animal;Com Vítimas Feridas;Pleno dia;Decrescente;Sol;Dupla;Declive;-16.738;-494.076
06/01/2024;10:50:00;SAO BENTO DO SUL;Chuva;Saída de leito carroçável;Com Vítimas Feridas;Pleno dia;Crescente;Céu Claro;Simples;Curva;-2.632.140.672;-4.938.932.175
06/01/2024;12:50:00;MOSSORO;Velocidade Incompatível;Colisão lateral mesmo sentido;Com Vítimas Feridas;Pleno dia;Crescente;Céu Claro;Simples;"Declive;Reta";-519.386.547;-3.738.052.995
06/01/2024;14:15:00;JOAO MONLEVADE;Afundamento ou ondulação no pavimento;Tombamento;Com Vítimas Feridas;Pleno dia;Decrescente;Céu Claro;Simples;Reta;-1.984.112.398;-43.199.388
06/01/2024;14:55:00;UBERLANDIA;Chuva;Colisão com objeto;Com Vítimas Feridas;Pleno dia;Crescente;Chuva;Dupla;Reta;-18.936.936;-48.208.926
06/01/2024;15:10:00;MANHUACU;Manobra de mudança de faixa;Colisão lateral mesmo sentido;Sem Vítimas;Pleno dia;Decrescente;Nublado;Simples;Reta;-2.025.748.975;-4.203.048.732
06/01/2024;11:35:00;CUIABA;Conversão proibida;Colisão transversal;Com Vítimas Feridas;Pleno dia;Decrescente;Céu Claro;Simples;Reta;-1.567.139.089;-5.594.815.295
06/01/2024;15:44:00;BRASILIA;Manobra de mudança de faixa;Colisão lateral mesmo sentido;Com Vítimas Feridas;Pleno dia;Crescente;Nublado;Dupla;Reta;-15.784.966;-48.122.108
06/01/2024;16:10:00;UBERLANDIA;Velocidade Incompatível;Colisão traseira;Com Vítimas Feridas;Pleno dia;Decrescente;Chuva;Dupla;Curva;-18.832.105;-48.249.361
06/01/2024;16:30:00;BALNEARIO CAMBORIU;Manobra de mudança de faixa;Colisão lateral mesmo sentido;Com Vítimas Feridas;Pleno dia;Crescente;Nublado;Múltipla;Curva;-27.008.113;-48.617.245
06/01/2024;17:46:00;BRASILIA;Acumulo de água sobre o pavimento;Saída de leito carroçável;Com Vítimas Feridas;Anoitecer;Decrescente;Chuva;Dupla;Declive;-1.559.834;-47.676.186
06/01/2024;17:20:00;UBERLANDIA;Velocidade Incompatível;Colisão com objeto;Com Vítimas Feridas;Pleno dia;Decrescente;Chuva;Dupla;Curva;-1.890.659.356;-4.833.469.405
06/01/2024;17:20:00;TRES RIOS;Ultrapassagem Indevida;Colisão lateral mesmo sentido;Com Vítimas Feridas;Pleno dia;Crescente;Céu Claro;Simples;Reta;-2.212.300.119;-4.316.875.093
06/01/2024;19:21:00;BRASILIA;Chuva;Colisão traseira;Com Vítimas Feridas;Plena Noite;Crescente;Chuva;Dupla;Reta;-15.603.384;-47.684.692
06/01/2024;19:40:00;MARINGA;Velocidade Incompatível;Capotamento;Com Vítimas Feridas;Plena Noite;Crescente;Céu Claro;Dupla;"Reta;Aclive";-23.409.788;-51.987.453
06/01/2024;18:30:00;MIRANDA DO NORTE;Manobra de mudança de faixa;Colisão frontal;Com Vítimas Feridas;Anoitecer;Crescente;Ignorado;Simples;"Reta;Declive";-344.372.711;-4.452.377.369
06/01/2024;21:10:00;ALTAMIRA;Iluminação deficiente;Colisão traseira;Com Vítimas Feridas;Plena Noite;Decrescente;Céu Claro;Simples;"Declive;Reta";-322.320.618;-5.225.794.799
06/01/2024;22:00:00;ACU;Animais na Pista;Atropelamento de Animal;Com Vítimas Feridas;Plena Noite;Crescente;Céu Claro;Simples;Reta;-560.985.893;-3.690.493.696
06/01/2024;21:50:00;RIO DE JANEIRO;Iluminação deficiente;Colisão com objeto;Sem Vítimas;Plena Noite;Crescente;Nublado;Múltipla;Reta;-22.816.206;-43.324.463
06/01/2024;21:00:00;GOVERNADOR VALADARES;Velocidade Incompatível;Colisão traseira;Com Vítimas Feridas;Plena Noite;Crescente;Ignorado;Dupla;"Reta;Viaduto";-1.887.395.368;-419.666.221
06/01/2024;21:30:00;SAO LUIS;Animais na Pista;Atropelamento de Animal;Com Vítimas Feridas;Plena Noite;Crescente;Céu Claro;Dupla;Reta;-264.342.093;-4.427.374.175
06/01/2024;21:40:00;RUSSAS;Animais na Pista;Atropelamento de Animal;Com Vítimas Feridas;Plena Noite;Decrescente;Céu Claro;Simples;Reta;-49.974.291;-3.804.117.988
06/01/2024;23:47:00;CABEDELO;Iluminação deficiente;Colisão com objeto;Com Vítimas Feridas;Plena Noite;Crescente;Céu Claro;Dupla;Reta;-70.514;-348.499
06/01/2024;23:30:00;BALNEARIO PICARRAS;Manobra de mudança de faixa;Colisão traseira;Com Vítimas Feridas;Plena Noite;Crescente;Garoa/Chuvisco;Dupla;Reta;-267.832.381;-4.868.314.632
06/01/2024;23:45:00;PETROLINA;Manobra de mudança de faixa;Colisão lateral mesmo sentido;Com Vítimas Feridas;Plena Noite;Decrescente;Céu Claro;Dupla;Rotatória;-936.400.596;-4.048.266.808
06/01/2024;23:10:00;CAMPO MAIOR;Animais na Pista;Queda de ocupante de veículo;Com Vítimas Feridas;Plena Noite;Decrescente;Céu Claro;Simples;Reta;-477.180.215;-4.211.327.121
07/01/2024;01:00:00;ANGRA DOS REIS;Frear bruscamente;Colisão traseira;Com Vítimas Feridas;Plena Noite;Crescente;Nublado;Simples;Reta;-2.299.096.308;-4.430.429.882
07/01/2024;01:00:00;DOM ELISEU;Acesso irregular;Colisão transversal;Com Vítimas Feridas;Plena Noite;Decrescente;Chuva;Simples;Reta;-430.201.297;-4.755.571.979
07/01/2024;01:47:00;BRASILIA;Velocidade Incompatível;Capotamento;Sem Vítimas;Plena Noite;Crescente;Céu Claro;Dupla;"Reta;Declive";-15.662.208;-47.799.866
07/01/2024;02:30:00;UBERLANDIA;Velocidade Incompatível;Saída de leito carroçável;Sem Vítimas;Plena Noite;Decrescente;Nublado;Simples;Curva;-1.889.492;-48.130.775
07/01/2024;03:50:00;GUARAMIRIM;Ausência de sinalização;Tombamento;Com Vítimas Feridas;Plena Noite;Crescente;Céu Claro;Simples;Reta;-2.645.850.039;-4.893.692.786
07/01/2024;05:24:00;BIGUACU;Pista Escorregadia;Saída de leito carroçável;Com Vítimas Feridas;Amanhecer;Decrescente;Chuva;Dupla;Curva;-2.747.730.273;-4.864.127.329
07/01/2024;05:00:00;MURICI;Animais na Pista;Atropelamento de Animal;Com Vítimas Fatais;Amanhecer;Crescente;Céu Claro;Simples;Reta;-931.312.007;-3.593.329.509
06/01/2024;19:40:00;NOVA XAVANTINA;Animais na Pista;Atropelamento de Animal;Com Vítimas Feridas;Plena Noite;Crescente;Nublado;Simples;Reta;-1.457.856.201;-5.236.195.191
07/01/2024;07:00:00;UBERABA;Animais na Pista;Atropelamento de Animal;Com Vítimas Feridas;Pleno dia;Decrescente;Céu Claro;Dupla;Reta;-1.976.344.636;-4.813.141.707
07/01/2024;06:05:00;PINHALZINHO;Velocidade Incompatível;Saída de leito carroçável;Com Vítimas Feridas;Pleno dia;Decrescente;Céu Claro;Simples;"Aclive;Curva";-26.828.905;-53.009.552
07/01/2024;07:00:00;ESTIVA;Manobra de mudança de faixa;Colisão lateral mesmo sentido;Com Vítimas Feridas;Pleno dia;Crescente;Céu Claro;Dupla;"Curva;Retorno Regulamentado";-2.249.638.781;-4.601.390.904
07/01/2024;08:30:00;CAPIVARI DE BAIXO;Manobra de mudança de faixa;Colisão lateral mesmo sentido;Com Vítimas Feridas;Pleno dia;Decrescente;Céu Claro;Dupla;Declive;-284.385;-48.961.647
07/01/2024;07:50:00;CAMPO GRANDE;Conversão proibida;Colisão frontal;Com Vítimas Feridas;Pleno dia;Decrescente;Céu Claro;Simples;Reta;-2.044.233.707;-5.454.201.834
07/01/2024;08:00:00;SINOP;Chuva;Queda de ocupante de veículo;Com Vítimas Feridas;Pleno dia;Crescente;Chuva;Simples;"Interseção de Vias;Reta";-11.960.007;-55.516.914
07/01/2024;10:25:00;BRASILIA;Velocidade Incompatível;Colisão traseira;Com Vítimas Feridas;Pleno dia;Crescente;Sol;Dupla;Reta;-15.603.384;-47.684.692
07/01/2024;10:50:00;TEIXEIRA DE FREITAS;Falta de elemento de contenção que evite a saída do leito carroçável;Saída de leito carroçável;Sem Vítimas;Pleno dia;Decrescente;Céu Claro;Simples;Reta;-1.750.524.773;-3.970.458.984
07/01/2024;10:30:00;IGARATINGA;Manobra de mudança de faixa;Colisão transversal;Com Vítimas Feridas;Pleno dia;Decrescente;Céu Claro;Dupla;"Rotatória;Reta";-1.988.744.145;-4.464.074.377
07/01/2024;10:30:00;ERECHIM;Conversão proibida;Colisão lateral mesmo sentido;Com Vítimas Feridas;Pleno dia;Decrescente;Sol;Simples;"Aclive;Reta";-2.763.719.296;-5.224.007.607
07/01/2024;08:30:00;VILHENA;Desrespeitar a preferência no cruzamento;Colisão lateral mesmo sentido;Sem Vítimas;Pleno dia;Decrescente;Céu Claro;Simples;Reta;-1.274.605.898;-6.011.270.299
07/01/2024;09:15:00;ITAMBACURI;Pista esburacada;Tombamento;Com Vítimas Feridas;Pleno dia;Crescente;Céu Claro;Simples;Reta;-1.816.374.317;-4.170.333.555
07/01/2024;12:10:00;CONGONHAS;Velocidade Incompatível;Saída de leito carroçável;Com Vítimas Feridas;Pleno dia;Decrescente;Nublado;Simples;Curva;-2.058.037.292;-4.380.739.658
07/01/2024;11:05:00;DUQUE DE CAXIAS;Pista Escorregadia;Tombamento;Com Vítimas Feridas;Pleno dia;Crescente;Céu Claro;Dupla;"Curva;Declive";-226.723.488;-4.328.215.398
07/01/2024;12:42:00;MACAE;Acesso irregular;Colisão lateral sentido oposto;Com Vítimas Feridas;Pleno dia;Decrescente;Céu Claro;Dupla;Curva;-2.235.125.958;-419.221.205
07/01/2024;15:30:00;MANDAGUARI;Ultrapassagem Indevida;Colisão lateral mesmo sentido;Sem Vítimas;Pleno dia;Decrescente;Sol;Simples;Interseção de Vias;-23.519.254;-51.680.633
07/01/2024;14:34:00;PRESIDENTE MEDICI;Ultrapassagem Indevida;Colisão frontal;Com Vítimas Feridas;Pleno dia;Crescente;Sol;Simples;"Aclive;Reta";-11.217.592;-6.190.172
07/01/2024;14:10:00;AGUAS BELAS;Demais falhas na via;Queda de ocupante de veículo;Com Vítimas Feridas;Pleno dia;Crescente;Céu Claro;Simples;Reta;-913.016.345;-3.711.460.498
07/01/2024;15:40:00;LEOPOLDINA;Velocidade Incompatível;Colisão lateral sentido oposto;Com Vítimas Feridas;Pleno dia;Crescente;Céu Claro;Simples;Curva;-2.143.533.637;-42.521.552
07/01/2024;16:55:00;ITAGUARA;Chuva;Saída de leito carroçável;Com Vítimas Feridas;Pleno dia;Crescente;Chuva;Dupla;Curva;-2.042.649.228;-4.454.458.383
07/01/2024;17:00:00;ESPLANADA;Manobra de mudança de faixa;Colisão frontal;Com Vítimas Fatais;Pleno dia;Decrescente;Céu Claro;Simples;Curva;-1.181.933.048;-3.797.719.212
07/01/2024;16:35:00;IMPERATRIZ;Manobra de mudança de faixa;Colisão lateral mesmo sentido;Sem Vítimas;Pleno dia;Crescente;Céu Claro;Simples;"Interseção de Vias;Reta";-5.550.874;-47.459.305
07/01/2024;11:30:00;RONDON DO PARA;Acumulo de água sobre o pavimento;Saída de leito carroçável;Com Vítimas Feridas;Pleno dia;Decrescente;Chuva;Simples;"Aclive;Reta";-4.827.045;-48.172.356
07/01/2024;16:40:00;OEIRAS;Manobra de mudança de faixa;Colisão lateral mesmo sentido;Com Vítimas Feridas;Pleno dia;Crescente;Céu Claro;Simples;Reta;-699.904.236;-421.126.988
07/01/2024;18:30:00;WANDERLANDIA;Manobra de mudança de faixa;Colisão lateral mesmo sentido;Sem Vítimas;Anoitecer;Decrescente;Nublado;Simples;Reta;-696.704.902;-4.809.875.697
07/01/2024;20:00:00;SAO MIGUEL DOS CAMPOS;Velocidade Incompatível;Saída de leito carroçável;Com Vítimas Feridas;Plena Noite;Crescente;Céu Claro;Dupla;"Curva;Retorno Regulamentado";-971.848.502;-3.604.687.896
07/01/2024;17:30:00;PATOS DE MINAS;Chuva;Colisão lateral sentido oposto;Com Vítimas Feridas;Pleno dia;Crescente;Chuva;Simples;Reta;-1.874.966.665;-466.410.042
07/01/2024;20:05:00;MATO CASTELHANO;Iluminação deficiente;Colisão traseira;Com Vítimas Feridas;Plena Noite;Decrescente;Nublado;Simples;Reta;-28.304.386;-5.213.625
07/01/2024;21:30:00;CONSELHEIRO LAFAIETE;Velocidade Incompatível;Colisão lateral mesmo sentido;Com Vítimas Feridas;Plena Noite;Crescente;Nublado;Simples;"Reta;Declive";-2.068.412.561;-4.379.334.914
07/01/2024;21:10:00;CEU AZUL;Manobra de mudança de faixa;Colisão lateral sentido oposto;Com Vítimas Feridas;Pleno dia;Decrescente;Céu Claro;Simples;"Aclive;Reta";-2.506.149.319;-5.364.838.088
07/01/2024;20:30:00;CACAPAVA DO SUL;Falta de elemento de contenção que evite a saída do leito carroçável;Saída de leito carroçável;Sem Vítimas;Plena Noite;Crescente;Nublado;Simples;Aclive;-3.050.863.104;-5.346.943.104
07/01/2024;17:55:00;CEZARINA;Pista esburacada;Capotamento;Com Vítimas Feridas;Pleno dia;Decrescente;Nublado;Dupla;Reta;-170.064;-497.729
07/01/2024;20:35:00;BOA VISTA DAS MISSOES;Pista esburacada;Queda de ocupante de veículo;Com Vítimas Feridas;Plena Noite;Crescente;Céu Claro;Simples;Reta;-27.668.911;-5.331.282
07/01/2024;21:20:00;SAO JOAO DA BARRA;Ultrapassagem Indevida;Atropelamento de Pedestre;Com Vítimas Feridas;Plena Noite;Decrescente;Céu Claro;Simples;Reta;-2.163.571.996;-4.104.558.102
07/01/2024;22:00:00;LINHARES;Animais na Pista;Tombamento;Com Vítimas Feridas;Plena Noite;Crescente;Nublado;Simples;Reta;-1.936.089.598;-4.006.464.018
07/01/2024;22:10:00;MOSSORO;Animais na Pista;Atropelamento de Animal;Com Vítimas Feridas;Plena Noite;Crescente;Céu Claro;Simples;Reta;-518.223.639;-3.729.640.087
07/01/2024;23:30:00;SAO JOAO;Animais na Pista;Atropelamento de Animal;Com Vítimas Feridas;Plena Noite;Crescente;Céu Claro;Simples;Reta;-8.798.195;-3.643.809
07/01/2024;23:30:00;IPIXUNA DO PARA;Acostamento em desnível;Saída de leito carroçável;Com Vítimas Feridas;Pleno dia;Decrescente;Céu Claro;Simples;"Reta;Declive";-264.533;-4.747.846.145
08/01/2024;02:00:00;BRASILIA;Animais na Pista;Atropelamento de Animal;Sem Vítimas;Plena Noite;Crescente;Nublado;Dupla;"Aclive;Ponte;Reta";-15.670.546;-47.816.044
08/01/2024;06:15:00;BALNEARIO CAMBORIU;Desrespeitar a preferência no cruzamento;Colisão transversal;Com Vítimas Feridas;Pleno dia;Crescente;Céu Claro;Múltipla;Rotatória;-2.700.218;-48.636.433
08/01/2024;07:10:00;BRASILIA;Chuva;Tombamento;Com Vítimas Feridas;Pleno dia;Decrescente;Garoa/Chuvisco;Dupla;Declive;-15.665.888;-47.808.308