data_inversa;horario;municipio;causa_acidente;tipo_acidente;classificacao_acidente;fase_dia;sentido_via;condicao_metereologica;tipo_pista;tracado_via;latitude;longitude
08/01/2024;09:00:00;PETROLINA;Desrespeitar a preferência no cruzamento;Colisão lateral mesmo sentido;Com Vítimas Feridas;Pleno dia;Crescente;Céu Claro;Simples;"Interseção de Vias;Rotatória";-935.604.301;-4.047.854.198
08/01/2024;09:15:00;PETROLINA;Desrespeitar a preferência no cruzamento;Colisão lateral mesmo sentido;Com Vítimas Feridas;Pleno dia;Crescente;Céu Claro;Simples;Rotatória;-939.387.565;-4.051.133.888
08/01/2024;11:20:00;GOVERNADOR VALADARES;Ultrapassagem Indevida;Saída de leito carroçável;Com Vítimas Feridas;Pleno dia;Decrescente;Céu Claro;Simples;Reta;-1.898.622.096;-4.210.906.603
08/01/2024;12:15:00;PONTO DOS VOLANTES;Acumulo de água sobre o pavimento;Saída de leito carroçável;Com Vítimas Feridas;Pleno dia;Decrescente;Chuva;Simples;Curva;-1.685.906.306;-4.147.287.414
08/01/2024;12:40:00;MARABA;Manobra de mudança de faixa;Colisão lateral mesmo sentido;Com Vítimas Feridas;Pleno dia;Crescente;Céu Claro;Dupla;Reta;-536.241.425;-4.907.496.007
08/01/2024;13:10:00;MOSSORO;Acesso irregular;Colisão transversal;Com Vítimas Feridas;Pleno dia;Decrescente;Céu Claro;Dupla;Reta;-522.868.577;-3.732.203.081
08/01/2024;12:00:00;ANGRA DOS REIS;Velocidade Incompatível;Colisão transversal;Com Vítimas Feridas;Pleno dia;Crescente;Céu Claro;Simples;Rotatória;-2.298.361.897;-4.429.586.833
08/01/2024;13:20:00;ITAJAI;Manobra de mudança de faixa;Colisão lateral mesmo sentido;Com Vítimas Feridas;Pleno dia;Decrescente;Céu Claro;Múltipla;"Reta;Interseção de Vias";-2.692.955.916;-4.870.499.836
08/01/2024;13:50:00;ITAPECERICA DA SERRA;Velocidade Incompatível;Tombamento;Com Vítimas Feridas;Pleno dia;Crescente;Nublado;Simples;Retorno Regulamentado;-2.374.581.995;-4.690.003.027
02/01/2024;09:40:00;NOVA IGUACU;Manobra de mudança de faixa;Colisão lateral mesmo sentido;Com Vítimas Feridas;Pleno dia;Crescente;Céu Claro;Dupla;Reta;-227.516.014.018;-434.384.983.094
08/01/2024;14:17:00;NATAL;Acumulo de areia ou detritos sobre o pavimento;Tombamento;Com Vítimas Feridas;Pleno dia;Decrescente;Céu Claro;Simples;"Declive;Curva";-585.758.898;-3.521.271.205
08/01/2024;13:00:00;PETROPOLIS;Conversão proibida;Colisão transversal;Com Vítimas Feridas;Pleno dia;Crescente;Céu Claro;Dupla;Reta;-2.245.304.974;-4.320.832.411
08/01/2024;13:45:00;ITAMARAJU;Acesso irregular;Colisão frontal;Com Vítimas Fatais;Pleno dia;Decrescente;Céu Claro;Simples;Reta;-1.716.628.085;-395.779.873
08/01/2024;16:34:00;BRASILIA;Acumulo de água sobre o pavimento;Saída de leito carroçável;Com Vítimas Feridas;Pleno dia;Decrescente;Chuva;Dupla;Aclive;-15.581.552;-47.508.035
08/01/2024;17:00:00;REGISTRO;Manobra de mudança de faixa;Colisão traseira;Com Vítimas Feridas;Pleno dia;Decrescente;Céu Claro;Dupla;Reta;-2.442.030.004;-4.777.032.299
08/01/2024;15:55:00;SAO JOAO DE MERITI;Manobra de mudança de faixa;Colisão lateral mesmo sentido;Com Vítimas Feridas;Pleno dia;Decrescente;Céu Claro;Dupla;Reta;-2.279.810.324;-4.335.726.614
08/01/2024;18:04:00;NATAL;Manobra de mudança de faixa;Colisão traseira;Com Vítimas Feridas;Anoitecer;Crescente;Céu Claro;Dupla;Reta;-584.949.622;-3.520.890.752
08/01/2024;18:20:00;FEIRA DE SANTANA;Desrespeitar a preferência no cruzamento;Colisão transversal;Com Vítimas Feridas;Plena Noite;Decrescente;Céu Claro;Múltipla;Viaduto;-12.185.808;-38.965.225
08/01/2024;17:55:00;CAMPINA GRANDE DO SUL;Acumulo de água sobre o pavimento;Saída de leito carroçável;Com Vítimas Feridas;Pleno dia;Crescente;Chuva;Dupla;"Reta;Declive";-251.882.321;-4.888.492.529
08/01/2024;19:15:00;BOTELHOS;Velocidade Incompatível;Saída de leito carroçável;Com Vítimas Feridas;Plena Noite;Decrescente;Céu Claro;Simples;"Reta;Declive";-2.161.005;-46.411.447
08/01/2024;16:40:00;DUQUE DE CAXIAS;Frear bruscamente;Colisão traseira;Com Vítimas Feridas;Pleno dia;Crescente;Céu Claro;Múltipla;Reta;-2.279.907.687;-4.329.015.739
08/01/2024;20:00:00;PASSO DE TORRES;Manobra de mudança de faixa;Colisão lateral mesmo sentido;Com Vítimas Feridas;Plena Noite;Decrescente;Céu Claro;Dupla;"Retorno Regulamentado;Reta";-2.926.681.993;-4.975.517.865
08/01/2024;17:30:00;SAO LUIZ GONZAGA;Desrespeitar a preferência no cruzamento;Colisão transversal;Com Vítimas Feridas;Pleno dia;Crescente;Nublado;Simples;"Interseção de Vias;Reta";-28.415.785;-55.005.928
08/01/2024;17:45:00;CAREACU;Velocidade Incompatível;Capotamento;Com Vítimas Feridas;Pleno dia;Crescente;Chuva;Dupla;"Curva;Declive";-22.009.397;-45.677.869
08/01/2024;19:20:00;JUAZEIRO;Estacionar ou parar em local proibido;Colisão traseira;Com Vítimas Feridas;Plena Noite;Crescente;Céu Claro;Simples;Reta;-945.861.675;-4.042.242.106
08/01/2024;17:58:00;CABO DE SANTO AGOSTINHO;Manobra de mudança de faixa;Colisão lateral mesmo sentido;Com Vítimas Feridas;Anoitecer;Decrescente;Céu Claro;Dupla;Reta;-826.025.316;-3.504.629.883
08/01/2024;21:30:00;CAETE;Chuva;Colisão lateral mesmo sentido;Com Vítimas Feridas;Plena Noite;Decrescente;Chuva;Dupla;"Viaduto;Reta";-19.789.917;-4.368.234
08/01/2024;22:00:00;TIMOTEO;Ultrapassagem Indevida;Colisão traseira;Com Vítimas Feridas;Plena Noite;Crescente;Nublado;Simples;Reta;-1.952.389.212;-4.265.444.398
08/01/2024;22:22:00;DOURADOS;Iluminação deficiente;Colisão lateral mesmo sentido;Com Vítimas Feridas;Plena Noite;Crescente;Céu Claro;Dupla;Reta;-2.221.821.026;-5.472.287.079
09/01/2024;01:45:00;FAZENDA RIO GRANDE;Velocidade Incompatível;Saída de leito carroçável;Sem Vítimas;Plena Noite;Decrescente;Garoa/Chuvisco;Dupla;Reta;-2.559.505.309;-4.931.630.659
04/01/2024;14:30:00;DUQUE DE CAXIAS;Pista esburacada;Tombamento;Com Vítimas Feridas;Pleno dia;Decrescente;Céu Claro;Múltipla;Reta;-2.272.756.999;-432.891.609
09/01/2024;07:10:00;VITORIA DA CONQUISTA;Desrespeitar a preferência no cruzamento;Colisão transversal;Com Vítimas Feridas;Pleno dia;Decrescente;Céu Claro;Simples;Interseção de Vias;-149.024;-408.442
09/01/2024;07:30:00;NOVO HAMBURGO;Manobra de mudança de faixa;Colisão lateral sentido oposto;Com Vítimas Feridas;Pleno dia;Decrescente;Céu Claro;Dupla;"Interseção de Vias;Reta";-2.972.297.087;-5.114.858.729
01/01/2024;17:20:00;FRUTAL;Demais falhas na via;Tombamento;Com Vítimas Feridas;Pleno dia;Decrescente;Céu Claro;Simples;Reta;-20.172.567;-4.911.351
09/01/2024;08:40:00;CARATINGA;Ultrapassagem Indevida;Colisão lateral mesmo sentido;Com Vítimas Feridas;Pleno dia;Crescente;Céu Claro;Simples;Curva;-1.976.027.352;-4.213.398.823
09/01/2024;06:40:00;ITAGUARA;Velocidade Incompatível;Saída de leito carroçável;Com Vítimas Feridas;Amanhecer;Crescente;Chuva;Dupla;"Curva;Declive";-2.040.795.732;-4.452.510.925
09/01/2024;08:30:00;SAO GONCALO DO SAPUCAI;Velocidade Incompatível;Saída de leito carroçável;Com Vítimas Fatais;Pleno dia;Decrescente;Céu Claro;Dupla;Reta;-2.188.255.302;-4.554.451.394
09/01/2024;08:00:00;PALHOCA;Conversão proibida;Colisão transversal;Com Vítimas Feridas;Pleno dia;Decrescente;Céu Claro;Simples;Reta;-27.665.707;-48.688.065
09/01/2024;08:00:00;GARANHUNS;Conversão proibida;Colisão transversal;Com Vítimas Feridas;Pleno dia;Decrescente;Céu Claro;Simples;Curva;-890.409.633;-3.649.974.647
06/01/2024;00:45:00;QUEIMADOS;Velocidade Incompatível;Colisão lateral mesmo sentido;Com Vítimas Feridas;Plena Noite;Não Informado;Chuva;Simples;Reta;-2.274.961.824;-4.354.064.226
09/01/2024;10:45:00;ITAPEMA;Manobra de mudança de faixa;Colisão transversal;Com Vítimas Feridas;Pleno dia;Decrescente;Céu Claro;Dupla;Reta;-2.711.744.799;-4.860.940.987
09/01/2024;12:00:00;FEIRA DE SANTANA;Demais Fenômenos da natureza;Eventos atípicos;Com Vítimas Feridas;Pleno dia;Crescente;Céu Claro;Dupla;"Reta;Desvio Temporário;Em Obras";-1.221.476.852;-3.896.581.369
09/01/2024;11:10:00;PORTO VELHO;Desrespeitar a preferência no cruzamento;Colisão transversal;Com Vítimas Feridas;Pleno dia;Crescente;Céu Claro;Dupla;"Retorno Regulamentado;Reta";-8.766.685;-63.884.052
01/01/2024;16:00:00;PRATA;Acumulo de água sobre o pavimento;Saída de leito carroçável;Com Vítimas Feridas;Pleno dia;Crescente;Chuva;Simples;"Curva;Aclive";-1.912.589.594;-4.896.661.173
09/01/2024;16:30:00;ITABAIANA;Desrespeitar a preferência no cruzamento;Colisão transversal;Com Vítimas Feridas;Pleno dia;Crescente;Céu Claro;Simples;Reta;-10.693.279;-37.437.557
09/01/2024;16:35:00;SANTANA DO LIVRAMENTO;Desrespeitar a preferência no cruzamento;Colisão transversal;Com Vítimas Feridas;Pleno dia;Crescente;Céu Claro;Simples;Interseção de Vias;-308.765.186;-5.551.091.194
09/01/2024;17:50:00;JACAREI;Manobra de mudança de faixa;Colisão lateral mesmo sentido;Com Vítimas Feridas;Pleno dia;Crescente;Sol;Dupla;Reta;-2.329.691.791;-4.600.798.704
09/01/2024;15:30:00;CARAZINHO;Acumulo de água sobre o pavimento;Saída de leito carroçável;Com Vítimas Feridas;Pleno dia;Crescente;Chuva;Simples;Reta;-28.197.134;-52.827.736
09/01/2024;17:22:00;BUERAREMA;Velocidade Incompatível;Atropelamento de Pedestre;Com Vítimas Fatais;Anoitecer;Decrescente;Céu Claro;Simples;Reta;-1.497.094.689;-393.210.876
09/01/2024;18:00:00;MACAIBA;Manobra de mudança de faixa;Colisão lateral mesmo sentido;Com Vítimas Feridas;Plena Noite;Crescente;Céu Claro;Dupla;"Rotatória;Reta";-5.864.618;-35.343.445
09/01/2024;17:50:00;CAMPO GRANDE;Desrespeitar a preferência no cruzamento;Colisão transversal;Com Vítimas Feridas;Pleno dia;Decrescente;Céu Claro;Simples;"Reta;Interseção de Vias";-2.045.104.898;-545.403.266
09/01/2024;18:20:00;GUARULHOS;Chuva;Tombamento;Com Vítimas Feridas;Anoitecer;Decrescente;Chuva;Dupla;Reta;-2.348.586.772;-4.654.075.317
09/01/2024;18:20:00;PALHOCA;Manobra de mudança de faixa;Colisão lateral mesmo sentido;Com Vítimas Feridas;Anoitecer;Decrescente;Garoa/Chuvisco;Múltipla;Reta;-2.762.329.313;-4.865.245.588
09/01/2024;19:42:00;MOSSORO;Animais na Pista;Atropelamento de Animal;Com Vítimas Feridas;Plena Noite;Decrescente;Céu Claro;Múltipla;Reta;-51.436.187;-3.734.679.947
09/01/2024;19:10:00;GUARULHOS;Chuva;Queda de ocupante de veículo;Com Vítimas Feridas;Plena Noite;Decrescente;Chuva;Dupla;"Aclive;Reta";-2.349.102.507;-4.654.878.195
09/01/2024;19:45:00;PAULISTA;Desrespeitar a preferência no cruzamento;Colisão transversal;Com Vítimas Feridas;Plena Noite;Decrescente;Céu Claro;Simples;Reta;-79.169.968;-3.489.689.272
09/01/2024;22:05:00;SANTA MARIA DO PARA;Acesso irregular;Colisão transversal;Sem Vítimas;Plena Noite;Crescente;Céu Claro;Simples;Reta;-134.280.151;-4.755.991.892
10/01/2024;02:30:00;UBERABA;Animais na Pista;Atropelamento de Animal;Com Vítimas Feridas;Plena Noite;Crescente;Céu Claro;Dupla;Reta;-1.980.163.169;-4.790.598.553
10/01/2024;04:15:00;POSSE;Ultrapassagem Indevida;Colisão lateral sentido oposto;Com Vítimas Feridas;Amanhecer;Crescente;Céu Claro;Simples;"Curva;Declive";-14.330.847;-46.439.438
09/01/2024;19:30:00;PARACATU;Chuva;Saída de leito carroçável;Com Vítimas Feridas;Plena Noite;Crescente;Chuva;Simples;"Reta;Declive";-17.133.504;-46.973.414
10/01/2024;06:35:00;SAO JOAO DE MERITI;Demais falhas na via;Atropelamento de Pedestre;Com Vítimas Feridas;Pleno dia;Decrescente;Céu Claro;Dupla;Reta;-2.280.048.459;-4.335.364.938
10/01/2024;07:15:00;SAO JOSE DO RIO PRETO;Manobra de mudança de faixa;Colisão lateral mesmo sentido;Com Vítimas Feridas;Pleno dia;Crescente;Céu Claro;Dupla;Reta;-2.080.502.876;-4.935.574.909
10/01/2024;06:50:00;PALMAS;Estacionar ou parar em local proibido;Colisão traseira;Com Vítimas Feridas;Pleno dia;Crescente;Céu Claro;Múltipla;Reta;-1.029.108.024;-4.829.757.214
10/01/2024;07:10:00;CASCAVEL;Desrespeitar a preferência no cruzamento;Colisão transversal;Com Vítimas Feridas;Pleno dia;Decrescente;Sol;Simples;"Reta;Declive;Interseção de Vias";-2.495.982.474;-5.339.882.439
10/01/2024;07:40:00;CURITIBA;Manobra de mudança de faixa;Colisão lateral mesmo sentido;Com Vítimas Feridas;Pleno dia;Decrescente;Céu Claro;Dupla;Reta;-2.555.468.195;-4.927.402.397
10/01/2024;07:17:00;PORTO VELHO;Desrespeitar a preferência no cruzamento;Colisão transversal;Com Vítimas Feridas;Pleno dia;Decrescente;Céu Claro;Dupla;Reta;-876.310.139;-6.388.479.853
10/01/2024;06:30:00;BELEM DE SAO FRANCISCO;Animais na Pista;Atropelamento de Animal;Sem Vítimas;Pleno dia;Decrescente;Nublado;Simples;Reta;-864.782.573;-3.870.730.609
10/01/2024;09:00:00;SAO GONCALO DO AMARANTE;Desrespeitar a preferência no cruzamento;Colisão transversal;Com Vítimas Feridas;Pleno dia;Decrescente;Céu Claro;Simples;Reta;-573.527.201;-3.535.543.901
01/01/2024;12:05:00;PIRACANJUBA;Velocidade Incompatível;Saída de leito carroçável;Com Vítimas Feridas;Pleno dia;Decrescente;Chuva;Dupla;Curva;-174.675;-492.187
10/01/2024;07:25:00;CANAPOLIS;Pista Escorregadia;Queda de ocupante de veículo;Com Vítimas Feridas;Pleno dia;Crescente;Nublado;Simples;Aclive;-1.871.074.793;-4.913.692.422
10/01/2024;13:30:00;NITEROI;Manobra de mudança de faixa;Colisão lateral mesmo sentido;Com Vítimas Feridas;Pleno dia;Decrescente;Céu Claro;Dupla;Reta;-2.287.381.074;-4.312.640.997
10/01/2024;08:45:00;BARRA VELHA;Frear bruscamente;Colisão traseira;Com Vítimas Feridas;Pleno dia;Decrescente;Céu Claro;Dupla;Reta;-2.661.085.222;-4.872.204.472
10/01/2024;10:30:00;SAO LUIZ GONZAGA;Acumulo de água sobre o pavimento;Queda de ocupante de veículo;Com Vítimas Feridas;Pleno dia;Crescente;Chuva;Simples;Reta;-284.481.664;-5.511.737.823
10/01/2024;13:00:00;PORTO REAL DO COLEGIO;Acumulo de água sobre o pavimento;Saída de leito carroçável;Com Vítimas Feridas;Pleno dia;Crescente;Chuva;Dupla;Declive;-1.004.787.311;-3.667.004.799
10/01/2024;07:30:00;LAJE;Ultrapassagem Indevida;Colisão frontal;Com Vítimas Fatais;Pleno dia;Decrescente;Céu Claro;Simples;Reta;-1.325.171.307;-3.932.329.328
10/01/2024;17:00:00;ABREU E LIMA;Manobra de mudança de faixa;Colisão traseira;Com Vítimas Feridas;Anoitecer;Crescente;Céu Claro;Múltipla;Reta;-790.938.602;-3.490.123.228
10/01/2024;18:05:00;CASCAVEL;Manobra de mudança de faixa;Colisão lateral mesmo sentido;Sem Vítimas;Pleno dia;Crescente;Sol;Múltipla;"Curva;Interseção de Vias;Viaduto";-2.496.455.187;-5.340.569.085
10/01/2024;17:35:00;IGARASSU;Manobra de mudança de faixa;Colisão transversal;Com Vítimas Feridas;Pleno dia;Crescente;Céu Claro;Dupla;Reta;-7.788.367;-3.492.981.702
10/01/2024;18:45:00;SANTOS DUMONT;Animais na Pista;Saída de leito carroçável;Com Vítimas Feridas;Anoitecer;Decrescente;Nublado;Simples;Curva;-214.328.731;-4.355.221.915
10/01/2024;18:50:00;SAO JOSE;Manobra de mudança de faixa;Colisão lateral mesmo sentido;Com Vítimas Feridas;Anoitecer;Crescente;Céu Claro;Dupla;Reta;-2.758.313.237;-4.861.532.885
10/01/2024;19:00:00;UBERLANDIA;Afundamento ou ondulação no pavimento;Colisão com objeto;Com Vítimas Feridas;Plena Noite;Decrescente;Nublado;Dupla;Reta;-189.100.325;-4.830.694.985
10/01/2024;18:50:00;COLATINA;Conversão proibida;Colisão transversal;Com Vítimas Feridas;Plena Noite;Crescente;Céu Claro;Simples;Reta;-195.706.707;-4.050.497.334
10/01/2024;18:20:00;CAUCAIA;Manobra de mudança de faixa;Colisão lateral mesmo sentido;Com Vítimas Feridas;Plena Noite;Crescente;Céu Claro;Múltipla;Reta;-3.741.515;-38.605.295
10/01/2024;19:09:00;ABREU E LIMA;Manobra de mudança de faixa;Colisão transversal;Com Vítimas Feridas;Plena Noite;Decrescente;Céu Claro;Múltipla;Curva;-790.938.602;-3.490.123.228
10/01/2024;20:05:00;PARIQUERA-ACU;Velocidade Incompatível;Queda de ocupante de veículo;Com Vítimas Feridas;Plena Noite;Decrescente;Céu Claro;Dupla;Reta;-2.465.247.192;-4.795.005.601
10/01/2024;19:00:00;MANHUACU;Conversão proibida;Colisão transversal;Com Vítimas Feridas;Plena Noite;Decrescente;Nublado;Simples;Reta;-2.025.932.046;-4.202.298.331
10/01/2024;20:15:00;LARANJEIRAS DO SUL;Desrespeitar a preferência no cruzamento;Colisão transversal;Com Vítimas Feridas;Plena Noite;Decrescente;Céu Claro;Simples;"Reta;Declive";-2.536.980.336;-5.237.913.399
10/01/2024;21:00:00;ROSARIO DO SUL;Acesso irregular;Saída de leito carroçável;Sem Vítimas;Plena Noite;Decrescente;Nublado;Simples;"Reta;Interseção de Vias";-3.038.885.306;-5.503.889.871
10/01/2024;21:20:00;VALPARAISO DE GOIAS;Acesso irregular;Atropelamento de Pedestre;Com Vítimas Feridas;Plena Noite;Decrescente;Nublado;Dupla;Reta;-16.067.129;-47.984.235
10/01/2024;22:30:00;REGISTRO;Pista Escorregadia;Queda de ocupante de veículo;Com Vítimas Feridas;Plena Noite;Decrescente;Garoa/Chuvisco;Simples;"Curva;Retorno Regulamentado";-2.445.434.475;-4.781.204.635
11/01/2024;01:40:00;ESMERALDAS;Animais na Pista;Atropelamento de Animal;Com Vítimas Feridas;Plena Noite;Decrescente;Céu Claro;Dupla;"Reta;Declive";-1.970.073.502;-4.417.382.703
09/01/2024;02:45:00;BOM DESPACHO;Animais na Pista;Atropelamento de Animal;Sem Vítimas;Plena Noite;Decrescente;Chuva;Simples;Reta;-1.978.475.619;-4.527.534.199
10/01/2024;22:20:00;VILA PROPICIO;Velocidade Incompatível;Saída de leito carroçável;Com Vítimas Feridas;Plena Noite;Crescente;Nublado;Simples;Reta;-1.524.488;-48.690.133
11/01/2024;05:20:00;CAPELA;Acumulo de areia ou detritos sobre o pavimento;Colisão com objeto;Sem Vítimas;Amanhecer;Crescente;Chuva;Dupla;Reta;-1.045.377.004;-3.694.004.289
11/01/2024;00:00:00;UBAPORANGA;Ultrapassagem Indevida;Colisão lateral mesmo sentido;Com Vítimas Feridas;Plena Noite;Decrescente;Nevoeiro/Neblina;Simples;Curva;-1.961.953.715;-4.210.872.923
11/01/2024;07:25:00;PORTO ALEGRE;Manobra de mudança de faixa;Colisão lateral mesmo sentido;Com Vítimas Feridas;Pleno dia;Crescente;Nublado;Dupla;Reta;-299.731.875;-511.774.783
11/01/2024;06:50:00;TOLEDO;Velocidade Incompatível;Colisão traseira;Sem Vítimas;Pleno dia;Crescente;Céu Claro;Dupla;Reta;-24.717.822;-53.711.597
11/01/2024;08:30:00;PELOTAS;Desrespeitar a preferência no cruzamento;Colisão transversal;Com Vítimas Feridas;Pleno dia;Decrescente;Nublado;Dupla;"Reta;Interseção de Vias;Rotatória";-3.175.652.467;-5.240.087.986
11/01/2024;08:30:00;TRES CACHOEIRAS;Acumulo de água sobre o pavimento;Saída de leito carroçável;Com Vítimas Feridas;Pleno dia;Crescente;Chuva;Dupla;Curva;-2.952.220.183;-4.999.975.009
11/01/2024;08:50:00;RIO NEGRINHO;Manobra de mudança de faixa;Saída de leito carroçável;Com Vítimas Feridas;Pleno dia;Crescente;Céu Claro;Simples;"Declive;Reta;Em Obras";-2.626.237.708;-4.959.785.109
11/01/2024;09:00:00;PORTO VELHO;Desrespeitar a preferência no cruzamento;Colisão transversal;Com Vítimas Feridas;Pleno dia;Crescente;Nublado;Dupla;Reta;-8.766.685;-63.884.052
11/01/2024;10:45:00;MONTENEGRO;Velocidade Incompatível;Saída de leito carroçável;Com Vítimas Feridas;Pleno dia;Decrescente;Chuva;Dupla;Curva;-29.816.875;-51.392.719
11/01/2024;11:00:00;GUARAI;Acesso irregular;Colisão transversal;Com Vítimas Feridas;Pleno dia;Crescente;Nublado;Simples;Reta;-8.863.007;-4.850.835
11/01/2024;11:10:00;SANTA RITA;Acumulo de água sobre o pavimento;Saída de leito carroçável;Sem Vítimas;Pleno dia;Decrescente;Chuva;Dupla;Curva;-708.342.296;-3.497.202.399
11/01/2024;11:50:00;PARANAGUA;Conversão proibida;Colisão transversal;Com Vítimas Feridas;Pleno dia;Decrescente;Céu Claro;Simples;Reta;-25.544.594;-48.559.759
11/01/2024;09:00:00;CARATINGA;Manobra de mudança de faixa;Colisão lateral mesmo sentido;Com Vítimas Feridas;Pleno dia;Decrescente;Céu Claro;Dupla;"Aclive;Reta";-1.978.510.701;-4.213.445.297
11/01/2024;12:21:00;RECIFE;Manobra de mudança de faixa;Colisão lateral mesmo sentido;Sem Vítimas;Pleno dia;Crescente;Nublado;Dupla;Reta;-810.973.523;-3.494.660.151
11/01/2024;11:07:00;PORANGATU;Condutor usando celular;Saída de leito carroçável;Com Vítimas Feridas;Pleno dia;Crescente;Céu Claro;Simples;Reta;-13.070.325;-49.185.505
11/01/2024;12:30:00;NOVA IGUACU;Acesso irregular;Colisão lateral mesmo sentido;Com Vítimas Feridas;Pleno dia;Crescente;Céu Claro;Dupla;Reta;-2.274.647.215;-4.344.594.311
11/01/2024;15:30:00;SAO JOAO DE MERITI;Manobra de mudança de faixa;Colisão traseira;Com Vítimas Feridas;Pleno dia;Crescente;Chuva;Dupla;"Interseção de Vias;Reta";-2.277.496.393;-4.340.081.465
01/01/2024;14:20:00;BARBACENA;Velocidade Incompatível;Colisão com objeto;Com Vítimas Feridas;Pleno dia;Decrescente;Chuva;Dupla;"Declive;Curva";-2.125.161.698;-4.367.181.701
11/01/2024;14:05:00;NOVO LINO;Chuva;Saída de leito carroçável;Com Vítimas Feridas;Pleno dia;Decrescente;Chuva;Dupla;Curva;-898.160.808;-3.567.369.277
11/01/2024;18:00:00;JOINVILLE;Acumulo de água sobre o pavimento;Tombamento;Com Vítimas Feridas;Pleno dia;Crescente;Chuva;Múltipla;Reta;-2.631.578.047;-4.887.378.573
11/01/2024;16:55:00;PESCARIA BRAVA;Chuva;Saída de leito carroçável;Sem Vítimas;Pleno dia;Crescente;Chuva;Dupla;Curva;-2.842.789.556;-4.891.248.313
11/01/2024;16:30:00;DUQUE DE CAXIAS;Acumulo de água sobre o pavimento;Saída de leito carroçável;Sem Vítimas;Plena Noite;Crescente;Chuva;Múltipla;Reta;-2.262.897.902;-4.328.579.508
11/01/2024;19:18:00;PARNAIBA;Animais na Pista;Atropelamento de Animal;Com Vítimas Feridas;Plena Noite;Crescente;Céu Claro;Dupla;Reta;-2.919.029;-41.754.124
11/01/2024;18:00:00;POUSO ALEGRE;Ultrapassagem Indevida;Colisão frontal;Com Vítimas Feridas;Anoitecer;Decrescente;Nublado;Simples;Reta;-2.242.008.488;-4.596.507.626
11/01/2024;14:00:00;PONTO DOS VOLANTES;Ultrapassagem Indevida;Colisão frontal;Com Vítimas Fatais;Pleno dia;Crescente;Céu Claro;Simples;"Aclive;Reta";-16.715.023;-41.499.625
11/01/2024;17:00:00;CACERES;Chuva;Saída de leito carroçável;Com Vítimas Feridas;Pleno dia;Crescente;Chuva;Simples;Reta;-160.304.352;-5.724.467.585
11/01/2024;14:15:00;COLORADO DO OESTE;Ultrapassagem Indevida;Colisão lateral mesmo sentido;Com Vítimas Feridas;Pleno dia;Decrescente;Céu Claro;Dupla;Interseção de Vias;-131.173.435;-6.052.293.293
11/01/2024;19:26:00;CAXIAS DO SUL;Pista Escorregadia;Tombamento;Com Vítimas Fatais;Plena Noite;Crescente;Chuva;Múltipla;Reta;-291.829.343;-5.116.801.501
11/01/2024;19:00:00;CAUCAIA;Animais na Pista;Atropelamento de Animal;Com Vítimas Feridas;Plena Noite;Crescente;Céu Claro;Simples;Reta;-3.817.837;-38.740.605
11/01/2024;19:55:00;CEU AZUL;Ultrapassagem Indevida;Colisão frontal;Com Vítimas Fatais;Pleno dia;Crescente;Céu Claro;Simples;"Reta;Declive";-25.067.571;-53.658.006
11/01/2024;19:00:00;RANCHO QUEIMADO;Velocidade Incompatível;Saída de leito carroçável;Com Vítimas Feridas;Pleno dia;Decrescente;Céu Claro;Simples;Curva;-27.685.799;-48.974.514
11/01/2024;19:45:00;JI-PARANA;Animais na Pista;Atropelamento de Animal;Com Vítimas Feridas;Plena Noite;Crescente;Nublado;Simples;Reta;-1.083.322.284;-6.201.156.957
11/01/2024;13:00:00;SAO GONCALO DO GURGUEIA;Acumulo de água sobre o pavimento;Saída de leito carroçável;Com Vítimas Fatais;Pleno dia;Crescente;Chuva;Simples;Reta;-1.002.621.404;-4.530.289.676
11/01/2024;20:30:00;AGUA BRANCA;Animais na Pista;Atropelamento de Animal;Com Vítimas Fatais;Plena Noite;Decrescente;Céu Claro;Simples;Reta;-929.390.121;-3.783.582.496
11/01/2024;22:00:00;UBATUBA;Conversão proibida;Colisão transversal;Com Vítimas Feridas;Plena Noite;Crescente;Chuva;Simples;"Aclive;Curva";-2.341.370.139;-4.502.666.492
11/01/2024;16:00:00;OLIVEIRA DOS BREJINHOS;Velocidade Incompatível;Saída de leito carroçável;Com Vítimas Fatais;Pleno dia;Crescente;Céu Claro;Simples;Reta;-1.228.868.181;-4.266.556.593
11/01/2024;22:50:00;PAULO AFONSO;Animais na Pista;Atropelamento de Animal;Sem Vítimas;Plena Noite;Decrescente;Céu Claro;Simples;Reta;-948.807.313;-3.821.260.176
11/01/2024;21:30:00;ARCOVERDE;Animais na Pista;Atropelamento de Animal;Com Vítimas Feridas;Plena Noite;Crescente;Céu Claro;Simples;Declive;-841.869.672;-3.700.744.604
12/01/2024;00:00:00;SAO JOSE DO OURO;Velocidade Incompatível;Saída de leito carroçável;Com Vítimas Feridas;Plena Noite;Decrescente;Céu Claro;Simples;"Rotatória;Interseção de Vias;Curva";-2.772.669.062;-5.145.549.774
12/01/2024;00:35:00;CRISTIANO OTONI;Sinalização mal posicionada;Colisão com objeto;Com Vítimas Feridas;Plena Noite;Decrescente;Nublado;Dupla;Curva;-2.084.548.058;-4.379.784.557