data_inversa;horario;municipio;causa_acidente;tipo_acidente;classificacao_acidente;fase_dia;sentido_via;condicao_metereologica;tipo_pista;tracado_via;latitude;longitude
11/01/2024;17:30:00;ITABORAI;Chuva;Queda de ocupante de veículo;Com Vítimas Feridas;Anoitecer;Decrescente;Céu Claro;Dupla;Reta;-2.276.365.068;-4.290.223.623
12/01/2024;06:40:00;NATAL;Acesso irregular;Queda de ocupante de veículo;Com Vítimas Feridas;Pleno dia;Decrescente;Nublado;Dupla;"Declive;Curva;Em Obras;Desvio Temporário";-5.777.664;-3.524.937
12/01/2024;06:43:00;CASCAVEL;Manobra de mudança de faixa;Colisão lateral mesmo sentido;Com Vítimas Feridas;Amanhecer;Decrescente;Céu Claro;Dupla;Reta;-24.982.467;-53.375.518
12/01/2024;06:15:00;BARRA VELHA;Desrespeitar a preferência no cruzamento;Colisão transversal;Com Vítimas Feridas;Pleno dia;Decrescente;Nublado;Múltipla;"Reta;Declive;Interseção de Vias;Viaduto";-2.670.876.413;-4.870.221.065
12/01/2024;07:10:00;NOVA LIMA;Manobra de mudança de faixa;Colisão lateral mesmo sentido;Com Vítimas Feridas;Pleno dia;Crescente;Céu Claro;Dupla;"Curva;Aclive";-2.003.972.326;-4.396.703.232
12/01/2024;07:00:00;MANDIRITUBA;Conversão proibida;Colisão transversal;Com Vítimas Feridas;Pleno dia;Crescente;Céu Claro;Simples;Reta;-2.576.405.694;-4.932.116.324
12/01/2024;07:50:00;PONTA GROSSA;Ultrapassagem Indevida;Colisão frontal;Com Vítimas Feridas;Pleno dia;Decrescente;Sol;Simples;"Curva;Declive";-250.804.635;-501.961.995
12/01/2024;08:57:00;BARRA DO TURVO;Chuva;Capotamento;Com Vítimas Feridas;Pleno dia;Crescente;Garoa/Chuvisco;Dupla;Curva;-2.497.245.688;-4.839.976.606
12/01/2024;07:30:00;INDAIAL;Manobra de mudança de faixa;Colisão lateral mesmo sentido;Com Vítimas Feridas;Pleno dia;Crescente;Nublado;Simples;Rotatória;-26.870.407;-49.221.844
12/01/2024;10:30:00;IMPERATRIZ;Manobra de mudança de faixa;Colisão transversal;Com Vítimas Feridas;Pleno dia;Decrescente;Céu Claro;Múltipla;Reta;-5.558.508;-4.745.417
12/01/2024;11:45:00;CABO VERDE;Velocidade Incompatível;Saída de leito carroçável;Com Vítimas Feridas;Pleno dia;Crescente;Céu Claro;Simples;"Reta;Aclive";-21.539.238;-46.406.883
12/01/2024;10:30:00;PANAMBI;Velocidade Incompatível;Saída de leito carroçável;Com Vítimas Fatais;Pleno dia;Crescente;Céu Claro;Simples;Reta;-2.837.999.821;-5.351.401.806
12/01/2024;10:50:00;ANGRA DOS REIS;Manobra de mudança de faixa;Colisão lateral mesmo sentido;Com Vítimas Feridas;Pleno dia;Decrescente;Céu Claro;Simples;Curva;-2.299.959.786;-4.447.765.217
12/01/2024;11:16:00;SALVADOR;Manobra de mudança de faixa;Colisão lateral mesmo sentido;Com Vítimas Feridas;Pleno dia;Crescente;Céu Claro;Dupla;Reta;-1.295.020.997;-3.847.073.108
12/01/2024;09:25:00;TERESINA;Acumulo de água sobre o pavimento;Saída de leito carroçável;Com Vítimas Fatais;Pleno dia;Decrescente;Chuva;Dupla;Curva;-5.063.362;-42.722.912
06/01/2024;05:40:00;NOVA XAVANTINA;Animais na Pista;Atropelamento de Animal;Com Vítimas Feridas;Amanhecer;Decrescente;Céu Claro;Simples;Curva;-1.453.457.492;-52.363.506
12/01/2024;10:50:00;FEIRA DE SANTANA;Acesso irregular;Colisão transversal;Com Vítimas Feridas;Pleno dia;Decrescente;Sol;Dupla;"Reta;Aclive";-1.225.041;-389.881
12/01/2024;14:25:00;JUATUBA;Acumulo de areia ou detritos sobre o pavimento;Tombamento;Com Vítimas Feridas;Pleno dia;Crescente;Céu Claro;Dupla;Reta;-1.998.332.997;-4.423.572.401
12/01/2024;14:15:00;TERESINA;Manobra de mudança de faixa;Colisão lateral mesmo sentido;Com Vítimas Feridas;Pleno dia;Decrescente;Céu Claro;Dupla;Reta;-508.122.689;-4.277.676.171
12/01/2024;14:30:00;CAMPINA GRANDE DO SUL;Acumulo de água sobre o pavimento;Saída de leito carroçável;Com Vítimas Feridas;Pleno dia;Crescente;Chuva;Dupla;Reta;-2.514.802.509;-4.885.922.071
12/01/2024;16:40:00;GUARULHOS;Acumulo de água sobre o pavimento;Tombamento;Com Vítimas Feridas;Pleno dia;Decrescente;Chuva;Múltipla;Reta;-2.348.586.772;-4.654.075.317
12/01/2024;14:00:00;CARIDADE;Animais na Pista;Queda de ocupante de veículo;Com Vítimas Feridas;Pleno dia;Crescente;Nublado;Simples;Reta;-412.546.359;-3.907.438.129
12/01/2024;16:00:00;GUARULHOS;Acumulo de água sobre o pavimento;Queda de ocupante de veículo;Com Vítimas Feridas;Pleno dia;Decrescente;Nublado;Múltipla;Reta;-2.348.586.772;-4.654.075.317
12/01/2024;15:30:00;TERESINA;Estacionar ou parar em local proibido;Colisão traseira;Com Vítimas Feridas;Pleno dia;Crescente;Nublado;Simples;"Aclive;Reta;Viaduto";-512.477.477;-4.279.848.465
12/01/2024;16:10:00;ARCOVERDE;Manobra de mudança de faixa;Colisão transversal;Com Vítimas Feridas;Pleno dia;Crescente;Sol;Simples;Reta;-840.763.741;-3.711.127.205
12/01/2024;13:00:00;CARMO DA CACHOEIRA;Velocidade Incompatível;Saída de leito carroçável;Com Vítimas Feridas;Pleno dia;Crescente;Chuva;Dupla;Curva;-2.152.361.199;-4.522.481.701
12/01/2024;16:40:00;CODO;Velocidade Incompatível;Saída de leito carroçável;Com Vítimas Feridas;Pleno dia;Crescente;Chuva;Simples;Curva;-471.293;-43.764.786
12/01/2024;18:45:00;PROPRIA;Animais na Pista;Atropelamento de Animal;Com Vítimas Feridas;Plena Noite;Decrescente;Céu Claro;Dupla;Reta;-1.021.497.574;-3.682.283.067
12/01/2024;10:30:00;SAPUCAIA;Pista Escorregadia;Colisão com objeto;Sem Vítimas;Pleno dia;Decrescente;Céu Claro;Simples;Curva;-2.203.820.204;-4.278.241.995
12/01/2024;19:40:00;CAMBUI;Velocidade Incompatível;Tombamento;Com Vítimas Feridas;Anoitecer;Crescente;Céu Claro;Dupla;"Aclive;Curva";-2.267.464.936;-4.609.794.617
12/01/2024;16:50:00;DUQUE DE CAXIAS;Acesso irregular;Colisão transversal;Com Vítimas Feridas;Pleno dia;Crescente;Chuva;Múltipla;Reta;-2.265.737.709;-4.324.724.694
12/01/2024;18:00:00;FLORIANO;Manobra de mudança de faixa;Colisão lateral mesmo sentido;Com Vítimas Feridas;Plena Noite;Crescente;Ignorado;Dupla;Reta;-6.776.695;-43.009.346
12/01/2024;20:40:00;MANOEL VITORINO;Manobra de mudança de faixa;Colisão frontal;Com Vítimas Feridas;Plena Noite;Decrescente;Céu Claro;Simples;"Reta;Aclive";-1.420.471.303;-4.027.150.419
12/01/2024;19:00:00;MORRO REUTER;Acumulo de areia ou detritos sobre o pavimento;Tombamento;Com Vítimas Feridas;Plena Noite;Decrescente;Céu Claro;Simples;Curva;-2.950.328.115;-5.110.764.995
12/01/2024;16:30:00;BARRA MANSA;Manobra de mudança de faixa;Colisão lateral mesmo sentido;Com Vítimas Feridas;Anoitecer;Decrescente;Chuva;Múltipla;"Ponte;Reta;Declive";-2.256.207.185;-4.415.671.311
12/01/2024;20:40:00;MARINGA;Manobra de mudança de faixa;Colisão lateral mesmo sentido;Com Vítimas Feridas;Plena Noite;Crescente;Nublado;Múltipla;Interseção de Vias;-2.341.495.398;-519.259.572
12/01/2024;20:10:00;PARATY;Chuva;Atropelamento de Pedestre;Com Vítimas Feridas;Plena Noite;Decrescente;Chuva;Simples;Reta;-2.327.179.821;-4.468.485.182
12/01/2024;21:10:00;CABEDELO;Iluminação deficiente;Tombamento;Com Vítimas Feridas;Plena Noite;Crescente;Garoa/Chuvisco;Dupla;Reta;-70.514;-348.499
12/01/2024;21:30:00;SETE LAGOAS;Chuva;Colisão lateral sentido oposto;Com Vítimas Feridas;Plena Noite;Decrescente;Chuva;Dupla;"Curva;Declive";-1.945.038.924;-443.166.822
12/01/2024;19:40:00;UBERABA;Acumulo de areia ou detritos sobre o pavimento;Tombamento;Com Vítimas Feridas;Plena Noite;Decrescente;Céu Claro;Dupla;Reta;-19.779.234;-47.964.844
12/01/2024;21:55:00;FORTALEZA;Velocidade Incompatível;Colisão com objeto;Com Vítimas Feridas;Plena Noite;Crescente;Céu Claro;Múltipla;Reta;-379.467.116;-3.850.772.734
12/01/2024;21:00:00;CAPINZAL DO NORTE;Animais na Pista;Atropelamento de Animal;Com Vítimas Feridas;Plena Noite;Crescente;Chuva;Simples;"Reta;Aclive";-469.279.499;-4.433.048.009
12/01/2024;21:30:00;CANTA;Ausência de sinalização;Colisão lateral sentido oposto;Com Vítimas Fatais;Plena Noite;Crescente;Céu Claro;Simples;Curva;2.643.694.006;-605.918.290.311
13/01/2024;00:20:00;PETROPOLIS;Chuva;Queda de ocupante de veículo;Com Vítimas Feridas;Plena Noite;Decrescente;Chuva;Dupla;Curva;-2.251.183.137;-4.323.076.171
13/01/2024;02:15:00;MATO CASTELHANO;Velocidade Incompatível;Saída de leito carroçável;Com Vítimas Feridas;Plena Noite;Crescente;Céu Claro;Simples;Curva;-2.830.466.052;-5.213.386.059
13/01/2024;06:00:00;CABEDELO;Manobra de mudança de faixa;Colisão lateral mesmo sentido;Com Vítimas Feridas;Pleno dia;Crescente;Nublado;Dupla;Reta;-70.772;-348.494
13/01/2024;06:30:00;MONTE ALEGRE DE MINAS;Acumulo de água sobre o pavimento;Tombamento;Com Vítimas Feridas;Pleno dia;Crescente;Chuva;Dupla;"Declive;Curva";-1.887.838.133;-4.895.058.799
13/01/2024;07:00:00;PORTO ALEGRE;Manobra de mudança de faixa;Colisão lateral mesmo sentido;Com Vítimas Feridas;Pleno dia;Decrescente;Céu Claro;Dupla;Reta;-2.996.961.785;-5.116.972.983
12/01/2024;18:00:00;NOVA PRATA;Conversão proibida;Colisão transversal;Com Vítimas Feridas;Pleno dia;Decrescente;Céu Claro;Simples;Reta;-2.870.856.476;-5.161.384.342
13/01/2024;06:30:00;RIO MANSO;Chuva;Saída de leito carroçável;Com Vítimas Feridas;Amanhecer;Decrescente;Chuva;Dupla;"Curva;Declive";-20.162.389;-4.434.677
13/01/2024;08:11:00;SAO LUIS;Manobra de mudança de faixa;Colisão lateral mesmo sentido;Sem Vítimas;Pleno dia;Crescente;Chuva;Dupla;"Retorno Regulamentado;Reta";-2.655.912;-4.428.629.098
13/01/2024;10:00:00;GUARAMIRIM;Ultrapassagem Indevida;Saída de leito carroçável;Com Vítimas Feridas;Pleno dia;Crescente;Céu Claro;Simples;"Reta;Em Obras";-26.442.765;-48.812.031
13/01/2024;11:15:00;SAO JOSE;Manobra de mudança de faixa;Colisão lateral mesmo sentido;Com Vítimas Feridas;Pleno dia;Crescente;Nublado;Múltipla;Reta;-2.756.504.751;-4.861.505.985
13/01/2024;11:20:00;LEOPOLDINA;Acesso irregular;Colisão transversal;Com Vítimas Feridas;Pleno dia;Crescente;Sol;Simples;Reta;-215.197.389;-426.491.103
13/01/2024;13:00:00;JOAO PESSOA;Acostamento em desnível;Tombamento;Com Vítimas Feridas;Pleno dia;Decrescente;Céu Claro;Dupla;Reta;-71.198;-348.453
13/01/2024;12:40:00;BELO HORIZONTE;Acesso irregular;Colisão transversal;Com Vítimas Feridas;Pleno dia;Decrescente;Nublado;Dupla;Reta;-1.985.862.954;-4.391.292.495
13/01/2024;08:30:00;ALTO GARCAS;Velocidade Incompatível;Saída de leito carroçável;Com Vítimas Feridas;Pleno dia;Decrescente;Sol;Múltipla;Aclive;-169.750.381;-5.351.270.028
13/01/2024;11:00:00;LONDRINA;Animais na Pista;Tombamento;Com Vítimas Feridas;Pleno dia;Decrescente;Nublado;Dupla;Reta;-2.329.283.247;-5.116.917.193
13/01/2024;13:00:00;MURIAE;Chuva;Colisão lateral sentido oposto;Com Vítimas Feridas;Pleno dia;Crescente;Chuva;Simples;Reta;-2.101.024.799;-4.236.121.097
13/01/2024;14:15:00;FEIRA DE SANTANA;Condutor usando celular;Colisão traseira;Com Vítimas Feridas;Pleno dia;Crescente;Sol;Dupla;Declive;-1.222.064.702;-3.896.561.131
13/01/2024;13:00:00;RONDONOPOLIS;Pista Escorregadia;Tombamento;Com Vítimas Feridas;Pleno dia;Decrescente;Chuva;Dupla;Retorno Regulamentado;-16.465.553;-5.465.803
13/01/2024;14:00:00;APUCARANA;Manobra de mudança de faixa;Colisão transversal;Com Vítimas Feridas;Pleno dia;Crescente;Céu Claro;Simples;"Aclive;Interseção de Vias";-2.355.938;-5.143.662
05/01/2024;19:50:00;PETROLINA;Velocidade Incompatível;Colisão traseira;Com Vítimas Feridas;Plena Noite;Decrescente;Céu Claro;Dupla;Reta;-937.813.409;-4.050.448.157
13/01/2024;13:45:00;PETROPOLIS;Pista Escorregadia;Colisão com objeto;Com Vítimas Feridas;Pleno dia;Crescente;Chuva;Simples;"Curva;Aclive";-2.246.857.126;-4.322.958.698
13/01/2024;13:00:00;TRES RIOS;Velocidade Incompatível;Colisão transversal;Sem Vítimas;Pleno dia;Decrescente;Sol;Simples;Curva;-2.206.816.216;-4.303.290.587
13/01/2024;14:50:00;AGRONOMICA;Manobra de mudança de faixa;Colisão frontal;Com Vítimas Feridas;Pleno dia;Crescente;Céu Claro;Simples;Reta;-27.260.792;-49.719.761
13/01/2024;14:06:00;GUAPIMIRIM;Chuva;Colisão frontal;Com Vítimas Feridas;Pleno dia;Decrescente;Chuva;Simples;"Curva;Declive";-2.248.285.706;-4.299.723.936
13/01/2024;15:30:00;CORNELIO PROCOPIO;Velocidade Incompatível;Tombamento;Com Vítimas Feridas;Pleno dia;Crescente;Céu Claro;Dupla;Curva;-23.242.334;-50.709.134
13/01/2024;15:10:00;MARABA;Manobra de mudança de faixa;Colisão lateral sentido oposto;Com Vítimas Feridas;Pleno dia;Decrescente;Céu Claro;Simples;Declive;-53.732.012;-4.916.779.803
13/01/2024;15:50:00;SABARA;Conversão proibida;Colisão transversal;Com Vítimas Feridas;Pleno dia;Crescente;Nublado;Simples;"Aclive;Reta";-198.343.974;-4.385.920.286
13/01/2024;15:50:00;JUIZ DE FORA;Chuva;Colisão com objeto;Com Vítimas Feridas;Pleno dia;Decrescente;Chuva;Dupla;Curva;-2.172.473.975;-434.390.831
12/01/2024;04:15:00;JARDIM;Animais na Pista;Atropelamento de Animal;Com Vítimas Feridas;Plena Noite;Crescente;Céu Claro;Simples;Reta;-2.148.958.216;-5.631.295.209
13/01/2024;12:00:00;LEOPOLDINA;Chuva;Saída de leito carroçável;Com Vítimas Feridas;Pleno dia;Crescente;Chuva;Simples;Curva;-2.149.867.034;-4.259.199.078
13/01/2024;16:05:00;NATAL;Conversão proibida;Colisão transversal;Com Vítimas Feridas;Pleno dia;Crescente;Nublado;Simples;Reta;-5.819.303;-35.261.163
13/01/2024;17:00:00;GUARULHOS;Acumulo de areia ou detritos sobre o pavimento;Queda de ocupante de veículo;Com Vítimas Feridas;Pleno dia;Crescente;Céu Claro;Dupla;Curva;-2.349.102.507;-4.654.878.195
13/01/2024;10:15:00;CARACARAI;Acesso irregular;Colisão frontal;Com Vítimas Fatais;Pleno dia;Crescente;Céu Claro;Simples;Curva;1.459.756;-60.768.101
13/01/2024;17:35:00;CASCAVEL;Desrespeitar a preferência no cruzamento;Colisão transversal;Com Vítimas Feridas;Pleno dia;Crescente;Céu Claro;Simples;"Reta;Interseção de Vias";-2.496.662.647;-534.242.177
13/01/2024;17:50:00;BENTO GONCALVES;Curva acentuada;Capotamento;Sem Vítimas;Pleno dia;Crescente;Céu Claro;Simples;Curva;-2.910.086.692;-5.154.406.862
13/01/2024;17:50:00;BETIM;Acumulo de água sobre o pavimento;Colisão com objeto;Com Vítimas Feridas;Plena Noite;Crescente;Chuva;Dupla;"Curva;Declive";-1.995.586.853;-4.414.609.501
13/01/2024;18:25:00;CABEDELO;Manobra de mudança de faixa;Colisão lateral mesmo sentido;Sem Vítimas;Plena Noite;Crescente;Nublado;Dupla;Reta;-70.772;-348.494
13/01/2024;15:20:00;BARRA MANSA;Pista Escorregadia;Colisão com objeto;Com Vítimas Feridas;Pleno dia;Crescente;Chuva;Dupla;"Curva;Aclive";-2.256.923.335;-4.412.024.318
13/01/2024;14:20:00;PIRAI;Chuva;Capotamento;Com Vítimas Feridas;Pleno dia;Crescente;Chuva;Dupla;Curva;-2.263.522.537;-4.390.258.636
13/01/2024;17:30:00;UBERLANDIA;Velocidade Incompatível;Tombamento;Com Vítimas Feridas;Pleno dia;Crescente;Céu Claro;Dupla;Viaduto;-1.896.895.108;-482.149.601
13/01/2024;20:10:00;BLUMENAU;Ultrapassagem Indevida;Colisão lateral mesmo sentido;Com Vítimas Feridas;Plena Noite;Crescente;Céu Claro;Múltipla;Interseção de Vias;-26.862.286;-49.093.903
13/01/2024;17:50:00;PIRAI;Chuva;Capotamento;Com Vítimas Feridas;Anoitecer;Decrescente;Chuva;Dupla;Curva;-2.266.632.663;-4.384.704.988
13/01/2024;21:05:00;BRASILIA;Manobra de mudança de faixa;Colisão traseira;Com Vítimas Feridas;Plena Noite;Decrescente;Céu Claro;Dupla;Reta;-15.784.615;-48.132.023
02/01/2024;02:00:00;CRISTOPOLIS;Chuva;Saída de leito carroçável;Sem Vítimas;Plena Noite;Crescente;Chuva;Simples;Reta;-1.222.874.643;-4.392.474.264
13/01/2024;20:00:00;BRASILIA;Iluminação deficiente;Saída de leito carroçável;Sem Vítimas;Plena Noite;Decrescente;Céu Claro;Dupla;Curva;-15.583.027;-47.367.081
13/01/2024;18:55:00;NOVA ANDRADINA;Demais falhas na via;Tombamento;Com Vítimas Feridas;Plena Noite;Crescente;Céu Claro;Simples;Reta;-2.232.155.714;-5.343.996.496
13/01/2024;16:28:00;SAO BENTO DO SUL;Pista Escorregadia;Colisão frontal;Com Vítimas Feridas;Pleno dia;Decrescente;Garoa/Chuvisco;Simples;"Curva;Declive";-2.635.967.199;-49.347.507
13/01/2024;19:00:00;SOLEDADE;Velocidade Incompatível;Saída de leito carroçável;Com Vítimas Feridas;Plena Noite;Crescente;Nublado;Simples;"Aclive;Reta";-70.754.083;-36.341.725
13/01/2024;21:20:00;CHAPECO;Acesso irregular;Atropelamento de Pedestre;Com Vítimas Feridas;Plena Noite;Crescente;Céu Claro;Dupla;"Declive;Reta";-2.700.359.519;-5.264.391.044
13/01/2024;20:30:00;NOVA SERRANA;Chuva;Saída de leito carroçável;Com Vítimas Feridas;Plena Noite;Crescente;Chuva;Dupla;Reta;-1.989.020.759;-4.483.338.711
13/01/2024;22:10:00;HORIZONTE;Chuva;Colisão com objeto;Sem Vítimas;Plena Noite;Crescente;Chuva;Dupla;Curva;-41.312.959;-3.848.313.475
13/01/2024;23:00:00;TABOAO DA SERRA;Manobra de mudança de faixa;Colisão transversal;Com Vítimas Feridas;Plena Noite;Crescente;Nublado;Dupla;Reta;-23.621.691;-46.813.288
13/01/2024;21:15:00;PIRENOPOLIS;Acesso irregular;Colisão lateral mesmo sentido;Com Vítimas Feridas;Plena Noite;Decrescente;Céu Claro;Simples;Reta;-16.040.709;-49.079.845
14/01/2024;00:20:00;ITAGUARA;Deficiência do Sistema de Iluminação/Sinalização;Colisão traseira;Com Vítimas Feridas;Plena Noite;Decrescente;Chuva;Dupla;"Reta;Aclive";-2.036.904.195;-4.446.938.756
13/01/2024;23:13:00;GUARULHOS;Acumulo de areia ou detritos sobre o pavimento;Colisão com objeto;Com Vítimas Feridas;Plena Noite;Decrescente;Nublado;Múltipla;Declive;-2.342.870.023;-4.641.085.991
14/01/2024;00:04:00;RECIFE;Manobra de mudança de faixa;Colisão traseira;Com Vítimas Feridas;Plena Noite;Decrescente;Garoa/Chuvisco;Dupla;Curva;-8.126.982;-3.494.386
14/01/2024;00:28:00;CAPELA;Animais na Pista;Atropelamento de Animal;Com Vítimas Feridas;Plena Noite;Crescente;Céu Claro;Dupla;Curva;-1.046.953.007;-3.694.610.596
14/01/2024;00:10:00;SAO JOSE DOS PINHAIS;Manobra de mudança de faixa;Colisão com objeto;Com Vítimas Feridas;Plena Noite;Decrescente;Nublado;Dupla;Curva;-2.558.426.494;-4.917.618.795
13/01/2024;23:30:00;PRESIDENTE KENNEDY;Chuva;Capotamento;Com Vítimas Feridas;Plena Noite;Crescente;Chuva;Simples;"Reta;Declive";-850.685.805;-4.848.795.923
14/01/2024;00:10:00;SAO JOSE DOS PINHAIS;Velocidade Incompatível;Saída de leito carroçável;Com Vítimas Feridas;Plena Noite;Crescente;Céu Claro;Dupla;Reta;-2.551.327.981;-4.912.433.291
14/01/2024;02:40:00;CONTAGEM;Chuva;Colisão com objeto;Sem Vítimas;Plena Noite;Decrescente;Chuva;Dupla;Aclive;-1.990.883.179;-4.404.436.577
14/01/2024;04:45:00;TRINDADE;Animais na Pista;Atropelamento de Animal;Com Vítimas Fatais;Amanhecer;Crescente;Céu Claro;Simples;Reta;-773.669.808;-4.029.450.303
14/01/2024;03:50:00;DOURADOS;Animais na Pista;Saída de leito carroçável;Sem Vítimas;Plena Noite;Decrescente;Céu Claro;Dupla;"Declive;Reta";-2.217.241.744;-5.466.344.266
13/01/2024;22:45:00;IBATIBA;Manobra de mudança de faixa;Colisão frontal;Com Vítimas Feridas;Plena Noite;Crescente;Nublado;Simples;Curva;-20.238.419;-4.153.684.253
14/01/2024;01:30:00;MANHUACU;Acumulo de areia ou detritos sobre o pavimento;Colisão com objeto;Com Vítimas Feridas;Plena Noite;Decrescente;Nublado;Simples;Curva;-2.025.748.975;-4.203.048.732
14/01/2024;07:10:00;CONTAGEM;Chuva;Saída de leito carroçável;Sem Vítimas;Pleno dia;Crescente;Chuva;Dupla;Reta;-1.990.149.502;-4.404.938.939
13/01/2024;05:00:00;PALMARES;Velocidade Incompatível;Queda de ocupante de veículo;Sem Vítimas;Pleno dia;Crescente;Céu Claro;Dupla;Curva;-864.421.608;-355.612.637
14/01/2024;07:00:00;SAO LOURENCO DA MATA;Manobra de mudança de faixa;Colisão transversal;Com Vítimas Feridas;Pleno dia;Crescente;Céu Claro;Dupla;"Retorno Regulamentado;Reta";-798.149.086;-3.508.112.279
14/01/2024;06:30:00;RIO DAS OSTRAS;Pista Escorregadia;Saída de leito carroçável;Sem Vítimas;Pleno dia;Crescente;Chuva;Simples;Curva;-2.241.692.381;-4.200.103.036
14/01/2024;06:30:00;MARECHAL FLORIANO;Velocidade Incompatível;Capotamento;Com Vítimas Feridas;Pleno dia;Crescente;Céu Claro;Simples;Curva;-203.844.778;-4.066.251.868
06/01/2024;14:00:00;POUSO ALEGRE;Velocidade Incompatível;Saída de leito carroçável;Sem Vítimas;Pleno dia;Decrescente;Céu Claro;Dupla;Interseção de Vias;-2.224.206.043;-4.588.180.488
14/01/2024;09:40:00;SANTOS DUMONT;Velocidade Incompatível;Queda de ocupante de veículo;Com Vítimas Feridas;Pleno dia;Decrescente;Garoa/Chuvisco;Simples;Curva;-2.137.012.696;-4.357.558.994
14/01/2024;08:40:00;NOVA PRATA;Desrespeitar a preferência no cruzamento;Colisão transversal;Com Vítimas Feridas;Pleno dia;Crescente;Céu Claro;Simples;"Aclive;Reta;Interseção de Vias";-2.877.420.176;-5.161.382.854
14/01/2024;09:40:00;SANTO ANTONIO DO DESCOBERTO;Velocidade Incompatível;Colisão traseira;Com Vítimas Feridas;Pleno dia;Crescente;Nublado;Dupla;Reta;-16.086.271;-48.272.363
14/01/2024;11:45:00;EXTREMA;Chuva;Colisão com objeto;Com Vítimas Feridas;Pleno dia;Crescente;Chuva;Dupla;"Curva;Declive";-228.083.612;-4.627.793.681
14/01/2024;11:30:00;CONCEICAO DA BARRA;Velocidade Incompatível;Colisão traseira;Com Vítimas Feridas;Pleno dia;Decrescente;Sol;Simples;Reta;-1.860.327.989;-3.988.710.063
14/01/2024;12:00:00;AGUAS LINDAS DE GOIAS;Chuva;Colisão traseira;Com Vítimas Feridas;Pleno dia;Crescente;Chuva;Dupla;Reta;-1.574.037.077;-483.103.523
14/01/2024;13:30:00;EXTREMA;Velocidade Incompatível;Saída de leito carroçável;Com Vítimas Feridas;Pleno dia;Crescente;Chuva;Dupla;Curva;-2.282.526.603;-4.631.210.111
14/01/2024;13:40:00;SANTO ANTONIO DO AMPARO;Velocidade Incompatível;Colisão com objeto;Com Vítimas Feridas;Pleno dia;Crescente;Chuva;Dupla;"Curva;Declive";-2.098.384.831;-4.494.479.972
14/01/2024;12:35:00;BARBACENA;Chuva;Colisão com objeto;Com Vítimas Feridas;Pleno dia;Decrescente;Chuva;Dupla;Curva;-2.124.057.651;-4.372.321.118
14/01/2024;13:33:00;UBERLANDIA;Velocidade Incompatível;Saída de leito carroçável;Com Vítimas Feridas;Pleno dia;Decrescente;Chuva;Dupla;"Reta;Declive";-18.866.519;-48.574.108
14/01/2024;14:13:00;DOIS IRMAOS;Manobra de mudança de faixa;Colisão lateral mesmo sentido;Com Vítimas Feridas;Pleno dia;Decrescente;Céu Claro;Dupla;"Declive;Rotatória";-2.958.913.214;-5.110.670.328
14/01/2024;15:30:00;CAMANDUCAIA;Velocidade Incompatível;Colisão com objeto;Com Vítimas Feridas;Pleno dia;Decrescente;Chuva;Dupla;Curva;-2.276.700.121;-4.617.875.277
14/01/2024;16:00:00;MANGARATIBA;Acumulo de água sobre o pavimento;Queda de ocupante de veículo;Com Vítimas Feridas;Pleno dia;Crescente;Nublado;Simples;Curva;-2.291.403.619;-4.390.122.414
14/01/2024;12:00:00;MACAPA;Pista Escorregadia;Saída de leito carroçável;Sem Vítimas;Pleno dia;Crescente;Garoa/Chuvisco;Simples;"Declive;Reta";0.23311551;-511.530.304
14/01/2024;16:15:00;PARNAMIRIM;Manobra de mudança de faixa;Colisão lateral mesmo sentido;Com Vítimas Feridas;Pleno dia;Decrescente;Céu Claro;Dupla;Reta;-589.034.022;-3.524.894.996
14/01/2024;17:00:00;IBATIBA;Animais na Pista;Atropelamento de Animal;Com Vítimas Feridas;Pleno dia;Crescente;Céu Claro;Simples;Reta;-2.023.640.217;-4.152.254.154
14/01/2024;16:50:00;BUERAREMA;Animais na Pista;Atropelamento de Animal;Com Vítimas Feridas;Pleno dia;Crescente;Céu Claro;Simples;Reta;-14.961.086;-39.309.188
14/01/2024;14:30:00;RIO VERDE;Chuva;Saída de leito carroçável;Com Vítimas Feridas;Pleno dia;Decrescente;Chuva;Dupla;"Curva;Retorno Regulamentado";-177.646;-508.822
14/01/2024;17:45:00;BETIM;Velocidade Incompatível;Colisão com objeto;Com Vítimas Feridas;Pleno dia;Decrescente;Sol;Dupla;Declive;-1.997.018.187;-4.418.210.416
14/01/2024;13:30:00;RIO VERDE;Chuva;Saída de leito carroçável;Com Vítimas Feridas;Pleno dia;Decrescente;Chuva;Dupla;Declive;-177.646;-508.822
14/01/2024;18:00:00;CASCAVEL;Velocidade Incompatível;Colisão traseira;Com Vítimas Feridas;Pleno dia;Decrescente;Céu Claro;Dupla;Reta;-2.499.599.861;-5.351.520.034
14/01/2024;15:40:00;GUARAPUAVA;Manobra de mudança de faixa;Colisão traseira;Sem Vítimas;Pleno dia;Crescente;Céu Claro;Simples;Reta;-2.531.576.601;-5.118.861.896
14/01/2024;18:20:00;SAO JOSE DOS PINHAIS;Manobra de mudança de faixa;Colisão lateral mesmo sentido;Com Vítimas Feridas;Pleno dia;Crescente;Céu Claro;Dupla;Reta;-2.554.511.074;-4.905.291.088
14/01/2024;18:00:00;CONGONHAS;Velocidade Incompatível;Colisão traseira;Sem Vítimas;Anoitecer;Decrescente;Chuva;Simples;Reta;-20.572.474;-4.381.231
14/01/2024;16:40:00;SAO PEDRO DO SUL;Chuva;Saída de leito carroçável;Com Vítimas Feridas;Pleno dia;Decrescente;Chuva;Simples;Reta;-2.963.466.141;-5.425.130.702