data_inversa;horario;municipio;causa_acidente;tipo_acidente;classificacao_acidente;fase_dia;sentido_via;condicao_metereologica;tipo_pista;tracado_via;latitude;longitude
18/01/2024;18:10:00;TIJUCAS DO SUL;Chuva;Colisão com objeto;Com Vítimas Feridas;Pleno dia;Crescente;Chuva;Dupla;Curva;-25.845.243;-49.078.578
18/01/2024;17:30:00;CORREIA PINTO;Velocidade Incompatível;Colisão frontal;Com Vítimas Fatais;Pleno dia;Crescente;Chuva;Simples;"Aclive;Curva";-2.770.146.389;-5.033.480.644
18/01/2024;17:50:00;BRASILIA;Manobra de mudança de faixa;Colisão traseira;Com Vítimas Feridas;Anoitecer;Crescente;Céu Claro;Dupla;Reta;-1.564.654;-47.766.422
18/01/2024;19:05:00;FOZ DO IGUACU;Ultrapassagem Indevida;Colisão lateral mesmo sentido;Com Vítimas Feridas;Pleno dia;Crescente;Céu Claro;Dupla;Retorno Regulamentado;-2.549.486.321;-5.458.325.386
18/01/2024;18:30:00;CHAPECO;Acumulo de água sobre o pavimento;Saída de leito carroçável;Sem Vítimas;Anoitecer;Decrescente;Chuva;Dupla;Reta;-2.702.885.905;-5.263.380.035
18/01/2024;18:30:00;VITORIA DA CONQUISTA;Velocidade Incompatível;Colisão transversal;Com Vítimas Feridas;Anoitecer;Crescente;Céu Claro;Simples;"Reta;Declive";-14.837.276;-40.887.873
18/01/2024;08:15:00;GOVERNADOR VALADARES;Pista esburacada;Queda de ocupante de veículo;Com Vítimas Feridas;Pleno dia;Decrescente;Céu Claro;Simples;Reta;-1.888.401.297;-4.194.924.399
18/01/2024;18:00:00;MATELANDIA;Velocidade Incompatível;Saída de leito carroçável;Com Vítimas Feridas;Anoitecer;Crescente;Garoa/Chuvisco;Dupla;Reta;-2.525.121.745;-5.400.913.508
18/01/2024;21:20:00;SAO JOSE;Manobra de mudança de faixa;Queda de ocupante de veículo;Com Vítimas Feridas;Plena Noite;Crescente;Chuva;Múltipla;Reta;-2.759.193.546;-4.861.824.557
18/01/2024;21:00:00;ITATIAIUCU;Manobra de mudança de faixa;Saída de leito carroçável;Com Vítimas Feridas;Plena Noite;Decrescente;Nublado;Dupla;"Reta;Declive";-2.026.492.509;-4.442.256.682
18/01/2024;18:30:00;NOVA XAVANTINA;Manobra de mudança de faixa;Colisão frontal;Com Vítimas Fatais;Anoitecer;Crescente;Céu Claro;Simples;"Reta;Interseção de Vias";-1.456.012.504;-5.236.408.741
18/01/2024;22:30:00;CACHOEIRO DE ITAPEMIRIM;Velocidade Incompatível;Tombamento;Com Vítimas Feridas;Plena Noite;Crescente;Céu Claro;Simples;"Curva;Declive";-2.083.805.215;-412.306.509
03/01/2024;07:35:00;MANHUACU;Ultrapassagem Indevida;Colisão frontal;Com Vítimas Feridas;Pleno dia;Decrescente;Chuva;Simples;Reta;-2.025.373.412;-4.212.287.611
18/01/2024;22:20:00;CAPITAO LEONIDAS MARQUES;Demais falhas na via;Saída de leito carroçável;Com Vítimas Feridas;Pleno dia;Decrescente;Chuva;Dupla;Reta;-2.549.094.155;-5.359.476.776
19/01/2024;03:00:00;GUARULHOS;Acesso irregular;Capotamento;Com Vítimas Feridas;Plena Noite;Decrescente;Chuva;Múltipla;Reta;-2.343.608.315;-4.642.805.094
19/01/2024;06:00:00;SAO PEDRO;Manobra de mudança de faixa;Colisão frontal;Com Vítimas Feridas;Pleno dia;Decrescente;Céu Claro;Simples;Reta;-586.980.581;-3.558.704.096
18/01/2024;15:50:00;DUQUE DE CAXIAS;Pista Escorregadia;Saída de leito carroçável;Sem Vítimas;Pleno dia;Crescente;Nublado;Dupla;"Declive;Curva";-2.255.763.285;-4.326.574.352
19/01/2024;07:20:00;BLUMENAU;Conversão proibida;Colisão lateral mesmo sentido;Com Vítimas Feridas;Pleno dia;Crescente;Céu Claro;Simples;Reta;-2.687.645.921;-4.912.591.338
19/01/2024;08:00:00;ARAPONGAS;Ultrapassagem Indevida;Colisão lateral mesmo sentido;Com Vítimas Feridas;Pleno dia;Decrescente;Nublado;Simples;Reta;-234.061.672;-514.282.854
19/01/2024;08:40:00;REGISTRO;Pista Escorregadia;Queda de ocupante de veículo;Com Vítimas Feridas;Pleno dia;Decrescente;Nublado;Simples;"Aclive;Curva";-2.445.842.012;-4.781.421.661
19/01/2024;03:20:00;ITAPEMA;Manobra de mudança de faixa;Colisão com objeto;Sem Vítimas;Pleno dia;Crescente;Nublado;Dupla;Reta;-2.706.436;-4.859.599.405
19/01/2024;10:00:00;BIGUACU;Manobra de mudança de faixa;Colisão lateral mesmo sentido;Com Vítimas Feridas;Pleno dia;Decrescente;Céu Claro;Dupla;Retorno Regulamentado;-2.742.536.698;-4.862.465.876
19/01/2024;12:16:00;TIBAGI;Velocidade Incompatível;Colisão com objeto;Com Vítimas Feridas;Pleno dia;Decrescente;Nublado;Dupla;"Declive;Curva";-2.460.274.493;-5.066.420.853
19/01/2024;11:00:00;ESPLANADA;Animais na Pista;Capotamento;Com Vítimas Feridas;Pleno dia;Crescente;Céu Claro;Simples;Declive;-1.186.585.201;-3.799.130.917
19/01/2024;11:25:00;PORTO VELHO;Manobra de mudança de faixa;Colisão lateral mesmo sentido;Com Vítimas Feridas;Pleno dia;Decrescente;Céu Claro;Dupla;Reta;-8.766.685;-63.884.052
19/01/2024;11:00:00;IRANI;Desrespeitar a preferência no cruzamento;Colisão transversal;Com Vítimas Feridas;Pleno dia;Crescente;Nublado;Simples;"Interseção de Vias;Rotatória";-2.696.947.494;-5.185.476.923
19/01/2024;15:15:00;SAO JOSE DOS PINHAIS;Manobra de mudança de faixa;Tombamento;Com Vítimas Feridas;Pleno dia;Crescente;Céu Claro;Dupla;Reta;-2.551.973.222;-4.913.431.573
19/01/2024;15:20:00;NATAL;Manobra de mudança de faixa;Colisão lateral mesmo sentido;Com Vítimas Feridas;Pleno dia;Decrescente;Céu Claro;Múltipla;Reta;-584.949.622;-3.520.890.752
19/01/2024;15:50:00;PORTO ALEGRE;Manobra de mudança de faixa;Colisão lateral mesmo sentido;Com Vítimas Feridas;Pleno dia;Crescente;Sol;Dupla;Reta;-29.982.832;-51.201.572
19/01/2024;16:00:00;ITAPEMA;Manobra de mudança de faixa;Colisão lateral mesmo sentido;Com Vítimas Feridas;Pleno dia;Decrescente;Céu Claro;Dupla;Reta;-270.732.659;-4.859.672.716
19/01/2024;17:00:00;JABOATAO DOS GUARARAPES;Ultrapassagem Indevida;Colisão lateral mesmo sentido;Com Vítimas Feridas;Anoitecer;Crescente;Nublado;Dupla;Aclive;-8.084.801;-35.000.255
19/01/2024;15:40:00;RIO BRANCO;Manobra de mudança de faixa;Colisão lateral mesmo sentido;Sem Vítimas;Pleno dia;Decrescente;Garoa/Chuvisco;Dupla;Rotatória;-995.306.335;-6.786.231.279
19/01/2024;15:00:00;TEODORO SAMPAIO;Acesso irregular;Colisão lateral sentido oposto;Com Vítimas Fatais;Pleno dia;Crescente;Céu Claro;Simples;Reta;-1.225.795.073;-3.864.659.211
19/01/2024;13:40:00;CANUDOS;Falta de acostamento;Saída de leito carroçável;Com Vítimas Feridas;Pleno dia;Crescente;Céu Claro;Simples;Reta;-984.042.301;-3.916.240.591
19/01/2024;18:18:00;SAO JOSE;Manobra de mudança de faixa;Colisão lateral mesmo sentido;Com Vítimas Feridas;Pleno dia;Crescente;Céu Claro;Múltipla;Reta;-2.761.110.895;-4.864.028.335
19/01/2024;18:00:00;IMBITUVA;Velocidade Incompatível;Colisão transversal;Com Vítimas Feridas;Anoitecer;Crescente;Céu Claro;Simples;"Aclive;Reta";-25.196.452;-50.598.649
19/01/2024;19:20:00;FLORIANOPOLIS;Manobra de mudança de faixa;Colisão traseira;Com Vítimas Feridas;Plena Noite;Crescente;Céu Claro;Dupla;Reta;-27.600.384;-48.599.705
19/01/2024;19:00:00;VITORIA DA CONQUISTA;Conversão proibida;Colisão transversal;Com Vítimas Feridas;Plena Noite;Decrescente;Céu Claro;Simples;"Interseção de Vias;Reta";-1.488.843.658;-4.086.084.414
19/01/2024;16:30:00;JAGUAQUARA;Frear bruscamente;Queda de ocupante de veículo;Com Vítimas Feridas;Pleno dia;Decrescente;Sol;Simples;"Aclive;Reta";-1.335.700.606;-4.001.713.362
19/01/2024;21:00:00;GUARULHOS;Acumulo de água sobre o pavimento;Queda de ocupante de veículo;Com Vítimas Feridas;Plena Noite;Decrescente;Chuva;Dupla;Reta;-2.345.423.824;-4.647.119.028
19/01/2024;21:06:00;RESENDE;Manobra de mudança de faixa;Colisão lateral mesmo sentido;Com Vítimas Feridas;Plena Noite;Decrescente;Céu Claro;Dupla;"Em Obras;Reta";-2.245.434.989;-4.437.845.201
19/01/2024;22:00:00;EXTREMA;Velocidade Incompatível;Saída de leito carroçável;Com Vítimas Feridas;Pleno dia;Decrescente;Chuva;Dupla;"Curva;Declive";-2.283.560.549;-4.632.051.814
19/01/2024;15:00:00;PORTO GRANDE;Pista Escorregadia;Saída de leito carroçável;Sem Vítimas;Pleno dia;Crescente;Chuva;Simples;Reta;0.616353;-5.177.326
19/01/2024;22:30:00;PORTO VELHO;Acumulo de água sobre o pavimento;Saída de leito carroçável;Sem Vítimas;Plena Noite;Crescente;Chuva;Múltipla;Reta;-878.153.947;-6.386.531.369
19/01/2024;22:00:00;TIMON;Desrespeitar a preferência no cruzamento;Colisão transversal;Com Vítimas Feridas;Plena Noite;Crescente;Céu Claro;Múltipla;Interseção de Vias;-5.136.114;-42.836.397
19/01/2024;20:22:00;BOM JESUS DAS SELVAS;Deficiência do Sistema de Iluminação/Sinalização;Colisão traseira;Com Vítimas Fatais;Plena Noite;Crescente;Céu Claro;Simples;"Aclive;Reta";-438.914.753;-466.932.603
20/01/2024;01:30:00;ESTIVA;Velocidade Incompatível;Saída de leito carroçável;Com Vítimas Feridas;Plena Noite;Crescente;Chuva;Dupla;Reta;-2.251.992.961;-4.602.219.415
19/01/2024;23:00:00;SOLEDADE;Conversão proibida;Colisão transversal;Sem Vítimas;Plena Noite;Decrescente;Céu Claro;Simples;Reta;-70.562;-363.681
20/01/2024;01:15:00;JARAGUA DO SUL;Manobra de mudança de faixa;Colisão frontal;Sem Vítimas;Plena Noite;Decrescente;Céu Claro;Simples;Reta;-2.646.522.052;-4.912.675.918
20/01/2024;03:10:00;SAO JOSE DOS CAMPOS;Velocidade Incompatível;Colisão traseira;Com Vítimas Feridas;Plena Noite;Decrescente;Nublado;Dupla;"Aclive;Reta";-231.869.844;-458.548.078
20/01/2024;03:30:00;ORIZANIA;Velocidade Incompatível;Capotamento;Com Vítimas Feridas;Plena Noite;Decrescente;Nublado;Simples;Curva;-20.547.563;-42.208.299
19/01/2024;17:45:00;SANTO ANTONIO DO AMPARO;Velocidade Incompatível;Saída de leito carroçável;Com Vítimas Feridas;Anoitecer;Decrescente;Chuva;Dupla;Curva;-2.099.437.964;-4.496.041.633
20/01/2024;04:00:00;PONTO DOS VOLANTES;Animais na Pista;Atropelamento de Animal;Com Vítimas Fatais;Amanhecer;Crescente;Céu Claro;Simples;Reta;-168.019.472;-4.147.716.326
20/01/2024;06:30:00;CUNHA PORA;Desrespeitar a preferência no cruzamento;Colisão transversal;Com Vítimas Feridas;Pleno dia;Crescente;Céu Claro;Simples;Interseção de Vias;-2.688.666.987;-531.757.164
07/01/2024;23:30:00;CONTAGEM;Manobra de mudança de faixa;Colisão lateral mesmo sentido;Com Vítimas Feridas;Plena Noite;Decrescente;Céu Claro;Dupla;"Reta;Declive";-1.992.064.782;-440.335.681
20/01/2024;08:30:00;AGUAS LINDAS DE GOIAS;Falta de elemento de contenção que evite a saída do leito carroçável;Capotamento;Com Vítimas Feridas;Pleno dia;Decrescente;Céu Claro;Dupla;"Curva;Declive";-1.573.733.681;-4.827.407.468
20/01/2024;08:45:00;TOLEDO;Afundamento ou ondulação no pavimento;Queda de ocupante de veículo;Com Vítimas Feridas;Pleno dia;Decrescente;Nublado;Dupla;Reta;-24.717.822;-53.711.597
20/01/2024;04:30:00;GUAPO;Acumulo de água sobre o pavimento;Colisão com objeto;Com Vítimas Feridas;Plena Noite;Decrescente;Chuva;Dupla;Interseção de Vias;-169.488;-496.748
20/01/2024;07:30:00;URUCUCA;Velocidade Incompatível;Capotamento;Com Vítimas Feridas;Amanhecer;Crescente;Nublado;Simples;Curva;-14.610.345;-39.330.134
20/01/2024;11:05:00;SAO JOSE DE MIPIBU;Manobra de mudança de faixa;Colisão transversal;Com Vítimas Feridas;Pleno dia;Decrescente;Sol;Dupla;"Retorno Regulamentado;Reta";-607.815.599;-3.523.412.006
20/01/2024;09:10:00;ITABUNA;Ausência de sinalização;Colisão transversal;Com Vítimas Feridas;Pleno dia;Decrescente;Céu Claro;Simples;"Interseção de Vias;Reta";-1.481.695.319;-3.930.075.645
20/01/2024;09:00:00;VARGEM BONITA;Pista Escorregadia;Saída de leito carroçável;Com Vítimas Feridas;Pleno dia;Crescente;Céu Claro;Simples;Curva;-27.014.505;-51.736.427
20/01/2024;10:29:00;RIO BONITO;Conversão proibida;Colisão transversal;Com Vítimas Feridas;Pleno dia;Crescente;Sol;Dupla;Reta;-2.272.935.968;-4.270.112.512
20/01/2024;11:20:00;CONCEICAO DO CASTELO;Curva acentuada;Tombamento;Com Vítimas Feridas;Pleno dia;Crescente;Sol;Simples;"Curva;Declive";-2.027.994.144;-4.126.114.078
09/01/2024;15:00:00;JUTI;Ultrapassagem Indevida;Saída de leito carroçável;Com Vítimas Feridas;Pleno dia;Decrescente;Céu Claro;Simples;Reta;-2.282.799.837;-546.870.281
20/01/2024;14:10:00;BOM JESUS;Ultrapassagem Indevida;Colisão frontal;Com Vítimas Feridas;Pleno dia;Crescente;Céu Claro;Simples;"Aclive;Reta";-914.779.614;-4.441.230.285
20/01/2024;13:55:00;SANGAO;Manobra de mudança de faixa;Colisão com objeto;Com Vítimas Feridas;Pleno dia;Crescente;Nublado;Múltipla;Curva;-2.867.096.645;-4.912.202.954
20/01/2024;14:23:00;NATAL;Manobra de mudança de faixa;Colisão traseira;Com Vítimas Feridas;Pleno dia;Decrescente;Céu Claro;Dupla;Reta;-5.749.543;-35.289.096
20/01/2024;15:15:00;GOIANA;Manobra de mudança de faixa;Saída de leito carroçável;Com Vítimas Feridas;Pleno dia;Crescente;Céu Claro;Dupla;Reta;-766.042.701;-3.493.780.401
20/01/2024;14:08:00;VENDA NOVA DO IMIGRANTE;Frear bruscamente;Tombamento;Com Vítimas Feridas;Pleno dia;Crescente;Sol;Simples;Curva;-2.033.657.022;-4.112.201.819
20/01/2024;14:50:00;SANTA RITA;Manobra de mudança de faixa;Colisão lateral mesmo sentido;Com Vítimas Feridas;Pleno dia;Decrescente;Céu Claro;Dupla;"Reta;Desvio Temporário;Ponte";-709.085.711;-3.496.857.932
20/01/2024;14:40:00;SAO MIGUEL DOS CAMPOS;Velocidade Incompatível;Queda de ocupante de veículo;Com Vítimas Feridas;Pleno dia;Crescente;Céu Claro;Simples;Viaduto;-974.963.266;-3.606.531.248
20/01/2024;16:20:00;TANGUA;Manobra de mudança de faixa;Colisão lateral mesmo sentido;Com Vítimas Feridas;Pleno dia;Crescente;Céu Claro;Dupla;Reta;-2.273.796.393;-4.273.871.802
20/01/2024;17:20:00;PALHOCA;Animais na Pista;Colisão com objeto;Com Vítimas Feridas;Pleno dia;Decrescente;Céu Claro;Dupla;"Aclive;Reta";-277.597.249;-4.863.078.869
20/01/2024;16:15:00;BLUMENAU;Conversão proibida;Colisão transversal;Com Vítimas Feridas;Pleno dia;Crescente;Nublado;Simples;Reta;-2.687.674;-49.127.743
20/01/2024;17:15:00;SOLEDADE;Chuva;Saída de leito carroçável;Com Vítimas Feridas;Anoitecer;Decrescente;Chuva;Simples;Reta;-70.409;-364.063
20/01/2024;18:30:00;BARBACENA;Velocidade Incompatível;Colisão frontal;Com Vítimas Fatais;Anoitecer;Crescente;Céu Claro;Simples;"Curva;Declive";-2.115.466.699;-4.376.265.769
20/01/2024;18:00:00;MATEUS LEME;Velocidade Incompatível;Saída de leito carroçável;Com Vítimas Feridas;Anoitecer;Decrescente;Nublado;Dupla;Reta;-1.993.049.825;-4.440.182
20/01/2024;17:01:00;ITATIAIUCU;Velocidade Incompatível;Capotamento;Com Vítimas Feridas;Pleno dia;Decrescente;Chuva;Dupla;Reta;-2.016.619.722;-4.436.914.378
20/01/2024;17:20:00;AGUAS MORNAS;Conversão proibida;Colisão transversal;Sem Vítimas;Pleno dia;Decrescente;Nublado;Simples;Reta;-27.719.458;-48.897.526
20/01/2024;19:10:00;ITAITINGA;Ausência de sinalização;Tombamento;Com Vítimas Feridas;Plena Noite;Crescente;Céu Claro;Dupla;"Reta;Em Obras";-392.277.497;-3.850.762.327
20/01/2024;17:15:00;SAO JOSE DO CERRITO;Velocidade Incompatível;Saída de leito carroçável;Com Vítimas Feridas;Pleno dia;Decrescente;Céu Claro;Simples;Curva;-2.772.682.358;-5.053.024.292
20/01/2024;19:10:00;PALMAS;Iluminação deficiente;Colisão com objeto;Com Vítimas Feridas;Plena Noite;Decrescente;Céu Claro;Dupla;Declive;-1.020.863.984;-4.815.545.194
20/01/2024;18:45:00;SAO JOSE;Manobra de mudança de faixa;Colisão lateral mesmo sentido;Com Vítimas Feridas;Anoitecer;Crescente;Nublado;Simples;"Reta;Viaduto";-2.755.711.595;-4.861.897.889
20/01/2024;16:45:00;GUAPIMIRIM;Demais falhas na via;Colisão lateral sentido oposto;Com Vítimas Feridas;Pleno dia;Crescente;Céu Claro;Simples;Curva;-2.248.285.706;-4.299.723.936
20/01/2024;17:15:00;SAO JOSE DO CERRITO;Velocidade Incompatível;Saída de leito carroçável;Com Vítimas Feridas;Pleno dia;Decrescente;Céu Claro;Simples;Curva;-27.727.213;-50.529.724
20/01/2024;18:15:00;MARAU;Manobra de mudança de faixa;Colisão lateral sentido oposto;Com Vítimas Feridas;Anoitecer;Crescente;Nublado;Simples;Reta;-14.256.476;-39.323.089
20/01/2024;20:30:00;JOAO MONLEVADE;Pista esburacada;Queda de ocupante de veículo;Com Vítimas Feridas;Plena Noite;Decrescente;Céu Claro;Simples;Curva;-1.983.894.801;-4.318.248.641
20/01/2024;20:50:00;SAO GONCALO DO AMARANTE;Estacionar ou parar em local proibido;Colisão traseira;Com Vítimas Feridas;Plena Noite;Crescente;Céu Claro;Dupla;Reta;-57.654.172;-3.528.162.718
20/01/2024;20:30:00;UBATUBA;Manobra de mudança de faixa;Colisão transversal;Com Vítimas Feridas;Plena Noite;Crescente;Chuva;Simples;Reta;-234.623.355;-4.506.476.561
20/01/2024;19:00:00;TAUA;Manobra de mudança de faixa;Colisão frontal;Com Vítimas Fatais;Plena Noite;Decrescente;Céu Claro;Simples;Reta;-619.560.485;-4.050.816.524
20/01/2024;20:55:00;NOVA IGUACU;Acesso irregular;Colisão frontal;Com Vítimas Feridas;Plena Noite;Decrescente;Nublado;Simples;"Ponte;Curva";-22.810.925;-43.631.504
20/01/2024;22:00:00;TIJUCAS;Deficiência do Sistema de Iluminação/Sinalização;Colisão traseira;Com Vítimas Feridas;Plena Noite;Crescente;Céu Claro;Dupla;Reta;-2.723.461.699;-4.863.039.809
20/01/2024;21:30:00;ANDIRA;Conversão proibida;Colisão transversal;Com Vítimas Feridas;Plena Noite;Decrescente;Chuva;Simples;Reta;-2.304.301.892;-5.022.946.537
20/01/2024;23:30:00;CONGONHAL;Velocidade Incompatível;Colisão frontal;Com Vítimas Feridas;Plena Noite;Crescente;Chuva;Simples;"Declive;Curva";-2.214.895.359;-4.601.900.339
20/01/2024;21:15:00;CATANDUVAS;Chuva;Saída de leito carroçável;Com Vítimas Feridas;Plena Noite;Crescente;Nublado;Simples;"Curva;Declive";-27.083.517;-51.662.014
21/01/2024;01:30:00;PALHOCA;Acumulo de areia ou detritos sobre o pavimento;Tombamento;Com Vítimas Feridas;Plena Noite;Decrescente;Garoa/Chuvisco;Simples;Interseção de Vias;-2.765.981.409;-4.867.747.798
20/01/2024;23:11:00;CAMPO GRANDE;Manobra de mudança de faixa;Colisão frontal;Com Vítimas Fatais;Plena Noite;Crescente;Nublado;Simples;Reta;-2.042.493.093;-5.454.550.758
21/01/2024;00:20:00;NOVA ALVORADA DO SUL;Velocidade Incompatível;Capotamento;Com Vítimas Feridas;Plena Noite;Decrescente;Nublado;Simples;Reta;-2.139.332.793;-5.440.779.977
21/01/2024;01:00:00;BARRO DURO;Animais na Pista;Atropelamento de Animal;Com Vítimas Feridas;Plena Noite;Decrescente;Nublado;Simples;Reta;-583.728.946;-4.248.844.504
21/01/2024;03:15:00;PORTO ALEGRE;Manobra de mudança de faixa;Colisão traseira;Sem Vítimas;Plena Noite;Decrescente;Nublado;Múltipla;Reta;-299.656.054;-5.110.067.368
21/01/2024;03:50:00;CASCAVEL;Neblina;Colisão com objeto;Sem Vítimas;Plena Noite;Crescente;Nevoeiro/Neblina;Múltipla;Interseção de Vias;-2.496.408.637;-5.340.667.371
21/01/2024;03:20:00;EUNAPOLIS;Acesso irregular;Colisão lateral sentido oposto;Com Vítimas Feridas;Plena Noite;Decrescente;Céu Claro;Simples;Reta;-1.648.013.692;-3.958.194.883
21/01/2024;03:20:00;PIRIPIRI;Animais na Pista;Atropelamento de Animal;Com Vítimas Fatais;Plena Noite;Decrescente;Céu Claro;Simples;Reta;-4.202.044;-41.781.467
21/01/2024;03:40:00;VASSOURAS;Conversão proibida;Colisão frontal;Com Vítimas Feridas;Plena Noite;Decrescente;Chuva;Simples;Reta;-22.418.015;-43.681.941
21/01/2024;04:45:00;SAO SEBASTIAO DO PASSE;Demais falhas na via;Saída de leito carroçável;Com Vítimas Feridas;Amanhecer;Crescente;Céu Claro;Dupla;Reta;-12.529.901;-38.603.207
21/01/2024;01:50:00;OLIVEIRA;Velocidade Incompatível;Saída de leito carroçável;Com Vítimas Feridas;Plena Noite;Decrescente;Chuva;Dupla;"Curva;Declive";-20.697.418;-44.748.784
21/01/2024;08:00:00;CASCAVEL;Velocidade Incompatível;Saída de leito carroçável;Com Vítimas Feridas;Pleno dia;Decrescente;Céu Claro;Dupla;"Reta;Declive";-249.746.475;-5.355.454.272
21/01/2024;04:00:00;QUEIMADOS;Chuva;Tombamento;Sem Vítimas;Plena Noite;Crescente;Chuva;Dupla;Reta;-2.272.746.688;-4.364.167.998
21/01/2024;11:12:00;ITATIAIUCU;Velocidade Incompatível;Queda de ocupante de veículo;Com Vítimas Feridas;Pleno dia;Decrescente;Céu Claro;Dupla;"Curva;Declive";-2.019.896.036;-4.438.641.307
18/01/2024;04:00:00;RANCHO QUEIMADO;Chuva;Saída de leito carroçável;Com Vítimas Feridas;Plena Noite;Decrescente;Chuva;Simples;Curva;-27.689.442;-49.138.737
21/01/2024;09:45:00;ICARA;Velocidade Incompatível;Capotamento;Com Vítimas Feridas;Pleno dia;Decrescente;Chuva;Dupla;Curva;-2.875.966.988;-4.928.552.404
21/01/2024;12:55:00;FORTALEZA;Manobra de mudança de faixa;Colisão lateral mesmo sentido;Com Vítimas Feridas;Pleno dia;Decrescente;Sol;Múltipla;Interseção de Vias;-37.367.737;-3.856.923
21/01/2024;14:00:00;PATOS;Manobra de mudança de faixa;Colisão frontal;Com Vítimas Fatais;Pleno dia;Decrescente;Sol;Simples;"Reta;Declive";-69.172;-374.635
21/01/2024;14:22:00;LONDRINA;Desrespeitar a preferência no cruzamento;Colisão transversal;Com Vítimas Feridas;Pleno dia;Crescente;Céu Claro;Dupla;"Reta;Interseção de Vias;Aclive";-2.329.282.954;-5.115.460.753
21/01/2024;15:15:00;SAO JOSE;Velocidade Incompatível;Colisão lateral mesmo sentido;Com Vítimas Feridas;Plena Noite;Crescente;Garoa/Chuvisco;Dupla;Curva;-27.591.936;-48.618.244
21/01/2024;14:20:00;ACAILANDIA;Acesso irregular;Colisão transversal;Com Vítimas Feridas;Pleno dia;Decrescente;Sol;Simples;Reta;-492.960.481;-4.744.590.111
21/01/2024;15:03:00;AGUAS LINDAS DE GOIAS;Manobra de mudança de faixa;Capotamento;Com Vítimas Feridas;Pleno dia;Decrescente;Céu Claro;Múltipla;Reta;-1.575.683.677;-4.825.464.732
21/01/2024;15:50:00;AGUAS MORNAS;Frear bruscamente;Colisão frontal;Com Vítimas Feridas;Pleno dia;Decrescente;Garoa/Chuvisco;Dupla;Curva;-27.685.799;-48.974.514
21/01/2024;15:30:00;AGUAS MORNAS;Chuva;Saída de leito carroçável;Com Vítimas Feridas;Pleno dia;Crescente;Chuva;Simples;Curva;-2.768.813.967;-4.897.734.046
21/01/2024;16:30:00;CEZARINA;Pista Escorregadia;Capotamento;Com Vítimas Feridas;Pleno dia;Crescente;Chuva;Dupla;Reta;-170.757;-498.215
21/01/2024;13:50:00;PARAOPEBA;Manobra de mudança de faixa;Colisão traseira;Com Vítimas Feridas;Pleno dia;Crescente;Céu Claro;Dupla;"Reta;Declive";-1.919.144.984;-4.448.681.487
21/01/2024;17:40:00;JOAO PESSOA;Manobra de mudança de faixa;Colisão lateral mesmo sentido;Com Vítimas Feridas;Anoitecer;Decrescente;Céu Claro;Dupla;"Declive;Retorno Regulamentado";-713.715.615;-3.485.382.264
21/01/2024;18:00:00;ESTANCIA VELHA;Frear bruscamente;Colisão traseira;Com Vítimas Feridas;Anoitecer;Crescente;Céu Claro;Simples;"Reta;Interseção de Vias";-2.965.121.313;-511.444.433
21/01/2024;13:30:00;IGARASSU;Manobra de mudança de faixa;Colisão lateral mesmo sentido;Com Vítimas Feridas;Pleno dia;Decrescente;Céu Claro;Dupla;Reta;-785.637.001;-3.490.842.109
21/01/2024;16:30:00;INHAPIM;Desrespeitar a preferência no cruzamento;Colisão frontal;Com Vítimas Feridas;Pleno dia;Crescente;Céu Claro;Simples;"Interseção de Vias;Curva";-1.955.247.801;-4.212.429.712
21/01/2024;18:30:00;MARECHAL CANDIDO RONDON;Conversão proibida;Colisão transversal;Com Vítimas Feridas;Pleno dia;Crescente;Nublado;Simples;Reta;-2.457.864.514;-5.399.236.214
21/01/2024;17:55:00;SAO JOSE;Velocidade Incompatível;Colisão traseira;Com Vítimas Feridas;Anoitecer;Crescente;Nublado;Múltipla;Reta;-2.758.313.237;-4.861.532.885
21/01/2024;16:40:00;GURINHEM;Ausência de sinalização;Queda de ocupante de veículo;Com Vítimas Feridas;Pleno dia;Crescente;Céu Claro;Dupla;Reta;-7.173;-353.934
21/01/2024;17:30:00;CAARAPO;Chuva;Saída de leito carroçável;Sem Vítimas;Anoitecer;Crescente;Chuva;Simples;Reta;-2.256.184.589;-5.482.688.586
21/01/2024;18:20:00;TAQUARITINGA DO NORTE;Manobra de mudança de faixa;Colisão frontal;Com Vítimas Fatais;Plena Noite;Crescente;Céu Claro;Simples;Reta;-7.897.198;-36.113.335
21/01/2024;19:40:00;BARRA DO TURVO;Velocidade Incompatível;Colisão com objeto;Com Vítimas Feridas;Plena Noite;Crescente;Chuva;Dupla;"Aclive;Curva";-2.497.245.688;-4.839.976.606
21/01/2024;19:30:00;DIVINO;Velocidade Incompatível;Saída de leito carroçável;Com Vítimas Feridas;Plena Noite;Decrescente;Chuva;Simples;Reta;-2.061.516;-42.217.882
21/01/2024;19:00:00;ATALAIA;Acesso irregular;Colisão transversal;Sem Vítimas;Plena Noite;Crescente;Céu Claro;Simples;Interseção de Vias;-951.022.028;-3.600.471.385
21/01/2024;19:40:00;JOINVILLE;Acumulo de água sobre o pavimento;Queda de ocupante de veículo;Com Vítimas Feridas;Plena Noite;Crescente;Chuva;Dupla;Reta;-261.834.739;-489.105.912
21/01/2024;20:10:00;BRASILIA;Animais na Pista;Atropelamento de Animal;Com Vítimas Feridas;Plena Noite;Crescente;Garoa/Chuvisco;Dupla;"Aclive;Reta";-15.607.905;-47.692.791