data_inversa;horario;municipio;causa_acidente;tipo_acidente;classificacao_acidente;fase_dia;sentido_via;condicao_metereologica;tipo_pista;tracado_via;latitude;longitude
21/01/2024;14:30:00;JANGADA;Ultrapassagem Indevida;Saída de leito carroçável;Sem Vítimas;Pleno dia;Decrescente;Céu Claro;Simples;Reta;-1.528.421.196;-5.643.782.994
21/01/2024;20:50:00;GUARAI;Manobra de mudança de faixa;Colisão traseira;Com Vítimas Feridas;Plena Noite;Crescente;Céu Claro;Múltipla;Reta;-884.481.597;-485.107.318
21/01/2024;21:00:00;PETROPOLIS;Pista Escorregadia;Saída de leito carroçável;Com Vítimas Feridas;Plena Noite;Crescente;Chuva;Múltipla;Curva;-2.250.560.003;-4.323.186.384
21/01/2024;19:20:00;FLORIANO;Animais na Pista;Atropelamento de Animal;Sem Vítimas;Plena Noite;Crescente;Céu Claro;Simples;"Reta;Declive";-680.935.231;-4.295.446.185
21/01/2024;21:10:00;PILAR;Ultrapassagem Indevida;Colisão frontal;Com Vítimas Fatais;Plena Noite;Crescente;Céu Claro;Simples;Reta;-955.605.726;-3.597.591.943
21/01/2024;20:00:00;GUARAPUAVA;Animais na Pista;Atropelamento de Animal;Com Vítimas Feridas;Plena Noite;Crescente;Céu Claro;Simples;Reta;-2.537.242.804;-5.128.148.999
21/01/2024;17:30:00;LUCAS DO RIO VERDE;Chuva;Saída de leito carroçável;Com Vítimas Feridas;Anoitecer;Crescente;Garoa/Chuvisco;Simples;Curva;-1.344.705.909;-5.608.657.837
21/01/2024;22:58:00;SAO SEBASTIAO DO PASSE;Velocidade Incompatível;Saída de leito carroçável;Com Vítimas Feridas;Plena Noite;Decrescente;Céu Claro;Dupla;Reta;-1.255.680.911;-3.856.690.209
21/01/2024;21:55:00;NOVA IGUACU;Iluminação deficiente;Colisão transversal;Com Vítimas Feridas;Plena Noite;Crescente;Garoa/Chuvisco;Simples;Reta;-22.846.828;-43.605.339
21/01/2024;23:40:00;APUCARANA;Desrespeitar a preferência no cruzamento;Colisão frontal;Com Vítimas Feridas;Plena Noite;Crescente;Nublado;Simples;"Reta;Interseção de Vias";-23.549.416;-51.450.012
21/01/2024;18:39:00;MOSSORO;Velocidade Incompatível;Colisão traseira;Com Vítimas Feridas;Plena Noite;Decrescente;Céu Claro;Dupla;Reta;-522.579.384;-37.340.046
22/01/2024;02:05:00;MARCELINO RAMOS;Velocidade Incompatível;Colisão com objeto;Sem Vítimas;Plena Noite;Decrescente;Céu Claro;Simples;Reta;-2.741.965.352;-5.202.782.517
22/01/2024;04:29:00;TANGARA;Animais na Pista;Atropelamento de Animal;Com Vítimas Feridas;Plena Noite;Decrescente;Céu Claro;Simples;Reta;-618.392.073;-3.577.550.021
22/01/2024;05:30:00;POSSE;Ultrapassagem Indevida;Colisão lateral sentido oposto;Com Vítimas Feridas;Amanhecer;Decrescente;Céu Claro;Simples;Declive;-14.197.667;-46.332.184
22/01/2024;07:00:00;PALHOCA;Manobra de mudança de faixa;Colisão lateral mesmo sentido;Com Vítimas Feridas;Pleno dia;Decrescente;Garoa/Chuvisco;Dupla;Reta;-2.762.636.516;-4.865.504.891
22/01/2024;06:40:00;UBATUBA;Animais na Pista;Colisão traseira;Com Vítimas Feridas;Pleno dia;Decrescente;Chuva;Simples;Reta;-2.344.410.908;-4.508.375.708
22/01/2024;07:15:00;TERESOPOLIS;Chuva;Capotamento;Com Vítimas Feridas;Amanhecer;Decrescente;Chuva;Simples;Curva;-2.237.408.687;-4.295.260.496
03/01/2024;13:20:00;INDIARA;Chuva;Saída de leito carroçável;Com Vítimas Feridas;Pleno dia;Crescente;Chuva;Dupla;Curva;-171.927;-500.795
22/01/2024;07:30:00;QUEIMADOS;Acesso irregular;Colisão transversal;Com Vítimas Feridas;Pleno dia;Crescente;Nublado;Dupla;Reta;-2.272.952.183;-4.357.481.597
22/01/2024;07:50:00;CORNELIO PROCOPIO;Desrespeitar a preferência no cruzamento;Saída de leito carroçável;Com Vítimas Feridas;Pleno dia;Decrescente;Nublado;Simples;Interseção de Vias;-2.319.879.826;-5.065.410.012
22/01/2024;08:00:00;FLORIANOPOLIS;Manobra de mudança de faixa;Colisão lateral mesmo sentido;Com Vítimas Feridas;Pleno dia;Decrescente;Nublado;Múltipla;Reta;-27.602.955;-48.580.509
22/01/2024;09:30:00;RECIFE;Manobra de mudança de faixa;Colisão lateral mesmo sentido;Com Vítimas Feridas;Pleno dia;Crescente;Sol;Dupla;Reta;-807.663.102;-3.494.277.871
22/01/2024;07:30:00;CANDEIAS;Velocidade Incompatível;Capotamento;Sem Vítimas;Pleno dia;Decrescente;Céu Claro;Dupla;Reta;-1.260.856.603;-3.849.390.902
19/01/2024;23:55:00;UBERLANDIA;Velocidade Incompatível;Saída de leito carroçável;Com Vítimas Feridas;Plena Noite;Decrescente;Chuva;Dupla;"Reta;Retorno Regulamentado";-19.127.352;-48.173.278
22/01/2024;12:00:00;CAMPINA GRANDE DO SUL;Pista Escorregadia;Colisão com objeto;Com Vítimas Feridas;Pleno dia;Decrescente;Chuva;Dupla;Curva;-25.167.888;-48.865.535
02/01/2024;15:15:00;MAMANGUAPE;Manobra de mudança de faixa;Colisão com objeto;Sem Vítimas;Pleno dia;Crescente;Sol;Dupla;Reta;-671.699.905;-3.511.894.863
01/01/2024;11:15:00;GARUVA;Manobra de mudança de faixa;Colisão lateral mesmo sentido;Com Vítimas Feridas;Pleno dia;Decrescente;Sol;Dupla;Reta;-2.608.104.399;-4.886.175.612
22/01/2024;12:15:00;CATALAO;Acesso irregular;Saída de leito carroçável;Com Vítimas Feridas;Pleno dia;Crescente;Céu Claro;Dupla;"Reta;Viaduto";-180.702;-478.644
22/01/2024;12:45:00;SAO JOSE DOS PINHAIS;Velocidade Incompatível;Saída de leito carroçável;Com Vítimas Feridas;Pleno dia;Crescente;Nublado;Dupla;Reta;-2.550.965.674;-4.913.213.074
22/01/2024;11:45:00;PANAMBI;Manobra de mudança de faixa;Tombamento;Com Vítimas Feridas;Pleno dia;Crescente;Céu Claro;Simples;Reta;-28.323.975;-53.598.091
22/01/2024;13:20:00;CANAPOLIS;Velocidade Incompatível;Capotamento;Com Vítimas Feridas;Pleno dia;Decrescente;Nublado;Dupla;Reta;-1.867.926.678;-4.915.604.759
22/01/2024;10:20:00;CASCAVEL;Velocidade Incompatível;Saída de leito carroçável;Com Vítimas Feridas;Pleno dia;Crescente;Garoa/Chuvisco;Dupla;Curva;-2.485.528.826;-5.360.160.828
22/01/2024;10:00:00;GENERAL CARNEIRO;Acumulo de água sobre o pavimento;Saída de leito carroçável;Com Vítimas Feridas;Pleno dia;Decrescente;Chuva;Simples;Reta;-2.645.213.175;-5.132.125.854
22/01/2024;12:45:00;SEROPEDICA;Ultrapassagem Indevida;Capotamento;Com Vítimas Feridas;Pleno dia;Decrescente;Céu Claro;Dupla;Reta;-2.272.746.688;-4.364.167.998
22/01/2024;16:20:00;ARAPONGAS;Ultrapassagem Indevida;Colisão transversal;Com Vítimas Feridas;Pleno dia;Decrescente;Nublado;Simples;Reta;-2.342.194;-5.142.427
22/01/2024;15:00:00;CARMO DA CACHOEIRA;Velocidade Incompatível;Saída de leito carroçável;Sem Vítimas;Pleno dia;Decrescente;Chuva;Dupla;"Aclive;Curva";-2.150.846.497;-4.521.540.331
22/01/2024;16:50:00;SABARA;Velocidade Incompatível;Colisão frontal;Com Vítimas Feridas;Pleno dia;Crescente;Chuva;Simples;"Declive;Curva";-19.787.473;-43.691.451
22/01/2024;17:30:00;RESENDE;Pista Escorregadia;Colisão transversal;Com Vítimas Feridas;Anoitecer;Decrescente;Chuva;Simples;Curva;-22.436.623;-44.735.523
22/01/2024;17:00:00;ELDORADO DO CARAJAS;Animais na Pista;Saída de leito carroçável;Com Vítimas Feridas;Pleno dia;Crescente;Céu Claro;Simples;Reta;-595.626.497;-492.223.761
22/01/2024;17:10:00;TIBAGI;Chuva;Saída de leito carroçável;Com Vítimas Feridas;Pleno dia;Decrescente;Chuva;Dupla;Curva;-2.478.699.753;-5.050.734.758
22/01/2024;17:15:00;TIBAGI;Chuva;Colisão com objeto;Com Vítimas Feridas;Pleno dia;Decrescente;Chuva;Dupla;Curva;-2.484.593.393;-5.047.413.272
22/01/2024;18:10:00;PARATY;Pista Escorregadia;Tombamento;Com Vítimas Feridas;Anoitecer;Crescente;Chuva;Simples;Curva;-2.308.433.215;-4.469.666.524
22/01/2024;17:50:00;PORTO GRANDE;Ultrapassagem Indevida;Colisão lateral mesmo sentido;Com Vítimas Feridas;Pleno dia;Crescente;Céu Claro;Simples;Interseção de Vias;0.6985633;-5.139.692.189
22/01/2024;14:00:00;PONTA GROSSA;Velocidade Incompatível;Colisão com objeto;Com Vítimas Feridas;Pleno dia;Crescente;Chuva;Dupla;Curva;-25.018;-50.336
22/01/2024;20:00:00;NOSSA SENHORA DO SOCORRO;Velocidade Incompatível;Saída de leito carroçável;Sem Vítimas;Plena Noite;Crescente;Nublado;Dupla;"Curva;Declive";-1.085.292.015;-3.719.632.745
22/01/2024;19:00:00;CAMBORIU;Demais falhas na via;Tombamento;Com Vítimas Feridas;Plena Noite;Crescente;Chuva;Múltipla;Reta;-2.698.407.618;-4.866.977.107
21/01/2024;23:30:00;DELMIRO GOUVEIA;Manobra de mudança de faixa;Colisão frontal;Com Vítimas Fatais;Plena Noite;Decrescente;Céu Claro;Simples;Reta;-941.357.611;-3.819.565.166
22/01/2024;21:40:00;CANOAS;Conversão proibida;Colisão transversal;Com Vítimas Feridas;Plena Noite;Decrescente;Céu Claro;Dupla;Reta;-2.993.028.974;-5.117.738.069
22/01/2024;22:35:00;DUQUE DE CAXIAS;Chuva;Saída de leito carroçável;Com Vítimas Feridas;Plena Noite;Crescente;Chuva;Dupla;Reta;-2.264.679;-43.283.726
22/01/2024;23:25:00;ITAPEMA;Velocidade Incompatível;Colisão traseira;Com Vítimas Feridas;Plena Noite;Crescente;Chuva;Dupla;Reta;-27.056.089;-48.599.449
23/01/2024;06:00:00;ANGRA DOS REIS;Velocidade Incompatível;Colisão com objeto;Com Vítimas Feridas;Pleno dia;Crescente;Nublado;Simples;Curva;-22.916.036;-44.342.848
22/01/2024;22:15:00;PONTA GROSSA;Chuva;Colisão com objeto;Sem Vítimas;Plena Noite;Decrescente;Chuva;Dupla;Reta;-2.514.172.584;-501.586.859
19/01/2024;12:25:00;SALVADOR;Chuva;Tombamento;Com Vítimas Feridas;Pleno dia;Crescente;Chuva;Múltipla;Reta;-129.254.887;-384.683.245
23/01/2024;07:00:00;PIMENTA BUENO;Manobra de mudança de faixa;Colisão lateral mesmo sentido;Com Vítimas Feridas;Pleno dia;Crescente;Céu Claro;Simples;Reta;-11.682.385;-61.185.785
23/01/2024;08:50:00;GOIANAPOLIS;Velocidade Incompatível;Saída de leito carroçável;Com Vítimas Feridas;Pleno dia;Decrescente;Nublado;Dupla;"Declive;Reta";-164.156;-490.087
23/01/2024;09:56:00;SERRA;Manobra de mudança de faixa;Colisão lateral mesmo sentido;Com Vítimas Feridas;Pleno dia;Crescente;Nublado;Múltipla;Reta;-2.021.740.496;-4.026.990.578
23/01/2024;07:50:00;MAFRA;Acesso irregular;Colisão lateral mesmo sentido;Com Vítimas Feridas;Pleno dia;Decrescente;Chuva;Simples;Reta;-2.620.122.513;-4.988.054.366
23/01/2024;12:10:00;CAMPINA GRANDE DO SUL;Chuva;Saída de leito carroçável;Com Vítimas Feridas;Pleno dia;Crescente;Chuva;Simples;Curva;-2.517.611.697;-48.874.256
23/01/2024;12:30:00;GOVERNADOR VALADARES;Conversão proibida;Colisão lateral mesmo sentido;Com Vítimas Feridas;Pleno dia;Crescente;Sol;Simples;Reta;-1.898.031.967;-4.210.224.929
23/01/2024;13:00:00;BOZANO;Ultrapassagem Indevida;Colisão lateral mesmo sentido;Sem Vítimas;Pleno dia;Decrescente;Sol;Simples;Reta;-2.836.455.425;-5.379.985.571
23/01/2024;11:30:00;ARROIO DOS RATOS;Manobra de mudança de faixa;Colisão lateral mesmo sentido;Com Vítimas Feridas;Pleno dia;Decrescente;Céu Claro;Simples;"Interseção de Vias;Reta";-3.010.574.423;-517.111.659
23/01/2024;13:15:00;GARANHUNS;Conversão proibida;Colisão lateral mesmo sentido;Com Vítimas Feridas;Pleno dia;Decrescente;Céu Claro;Simples;Reta;-893.478.014;-3.650.438.092
23/01/2024;12:05:00;NOVA IGUACU;Acesso irregular;Colisão frontal;Com Vítimas Feridas;Pleno dia;Crescente;Chuva;Simples;Reta;-22.854.782;-43.601.933
23/01/2024;10:30:00;GUAPIRAMA;Pista Escorregadia;Capotamento;Com Vítimas Feridas;Pleno dia;Crescente;Nublado;Simples;Reta;-2.349.050.627;-5.010.583.214
23/01/2024;15:00:00;MATIAS BARBOSA;Velocidade Incompatível;Saída de leito carroçável;Com Vítimas Feridas;Pleno dia;Crescente;Chuva;Dupla;Curva;-2.186.534.291;-4.336.765.294
23/01/2024;10:20:00;DUQUE DE CAXIAS;Pista Escorregadia;Tombamento;Com Vítimas Feridas;Pleno dia;Crescente;Nublado;Dupla;"Curva;Declive";-226.723.488;-4.328.215.398
23/01/2024;14:50:00;CAMPINA GRANDE DO SUL;Chuva;Saída de leito carroçável;Com Vítimas Feridas;Pleno dia;Decrescente;Chuva;Dupla;Curva;-2.514.802.509;-4.885.922.071
23/01/2024;15:00:00;PALHOCA;Manobra de mudança de faixa;Colisão lateral mesmo sentido;Sem Vítimas;Pleno dia;Decrescente;Nublado;Dupla;Reta;-2.762.996.929;-4.865.903.871
23/01/2024;12:05:00;MARILANDIA DO SUL;Acumulo de água sobre o pavimento;Colisão com objeto;Sem Vítimas;Pleno dia;Decrescente;Chuva;Dupla;Reta;-2.381.343.594;-5.126.508.236
23/01/2024;12:00:00;XAPURI;Acumulo de areia ou detritos sobre o pavimento;Capotamento;Com Vítimas Feridas;Pleno dia;Decrescente;Nublado;Simples;Reta;-1.062.415.795;-6.805.025
23/01/2024;15:30:00;VARGEM BONITA;Acumulo de areia ou detritos sobre o pavimento;Colisão com objeto;Sem Vítimas;Pleno dia;Decrescente;Céu Claro;Simples;Reta;-2.697.927.012;-5.179.985.046
23/01/2024;15:20:00;POUSO ALEGRE;Chuva;Saída de leito carroçável;Com Vítimas Feridas;Pleno dia;Crescente;Chuva;Simples;Curva;-22.201.531;-4.596.510.172
23/01/2024;15:11:00;SORRISO;Acumulo de água sobre o pavimento;Capotamento;Com Vítimas Feridas;Pleno dia;Decrescente;Chuva;Simples;Reta;-1.293.757.589;-5.586.235.328
23/01/2024;16:01:00;CACHOEIRA PAULISTA;Chuva;Colisão com objeto;Sem Vítimas;Pleno dia;Decrescente;Chuva;Dupla;Curva;-2.267.026.579;-4.499.183.604
19/01/2024;21:50:00;GUARULHOS;Iluminação deficiente;Colisão com objeto;Sem Vítimas;Plena Noite;Decrescente;Garoa/Chuvisco;Múltipla;Reta;-2.345.423.824;-4.647.119.028
23/01/2024;14:50:00;POMBAL;Animais na Pista;Capotamento;Com Vítimas Feridas;Pleno dia;Crescente;Céu Claro;Simples;Curva;-674.623.178;-3.774.994.815
14/01/2024;18:00:00;AREAL;Velocidade Incompatível;Saída de leito carroçável;Sem Vítimas;Pleno dia;Crescente;Sol;Dupla;Reta;-2.218.633.705;-4.316.660.309
11/01/2024;20:45:00;RIO DO SUL;Ultrapassagem Indevida;Colisão transversal;Com Vítimas Feridas;Plena Noite;Crescente;Céu Claro;Simples;Reta;-27.170.237;-49.574.718
23/01/2024;06:00:00;RANCHO QUEIMADO;Velocidade Incompatível;Saída de leito carroçável;Com Vítimas Feridas;Plena Noite;Crescente;Chuva;Simples;Curva;-27.692.406;-49.075.939
23/01/2024;17:30:00;VALPARAISO DE GOIAS;Manobra de mudança de faixa;Colisão lateral mesmo sentido;Com Vítimas Feridas;Plena Noite;Crescente;Nublado;Dupla;Reta;-16.093.134;-47.982.236
21/01/2024;05:00:00;GUARANIACU;Neblina;Colisão frontal;Com Vítimas Feridas;Amanhecer;Decrescente;Nevoeiro/Neblina;Simples;Reta;-2.520.085.392;-5.265.444.353
23/01/2024;19:30:00;RIBEIRA DO POMBAL;Acesso irregular;Colisão frontal;Com Vítimas Feridas;Plena Noite;Crescente;Nublado;Simples;Reta;-10.887.348;-3.852.479.999
23/01/2024;16:00:00;JATAI;Chuva;Colisão traseira;Com Vítimas Feridas;Anoitecer;Crescente;Chuva;Simples;Rotatória;-17.922.094;-5.169.062
23/01/2024;19:30:00;SAO JOAO DA BARRA;Chuva;Colisão lateral mesmo sentido;Com Vítimas Fatais;Plena Noite;Crescente;Chuva;Simples;Reta;-2.171.834;-41.059.303
23/01/2024;21:35:00;RIBEIRAO DAS NEVES;Chuva;Capotamento;Com Vítimas Feridas;Plena Noite;Crescente;Chuva;Dupla;Reta;-1.973.838.088;-4.414.935.661
23/01/2024;21:50:00;CAETE;Velocidade Incompatível;Capotamento;Com Vítimas Feridas;Plena Noite;Crescente;Chuva;Dupla;"Curva;Aclive";-1.978.738.018;-436.706.543
23/01/2024;22:30:00;CAMPOS DOS GOYTACAZES;Chuva;Colisão transversal;Com Vítimas Feridas;Plena Noite;Decrescente;Chuva;Simples;Reta;-2.177.186.768;-4.135.705.017
23/01/2024;22:15:00;SEABRA;Velocidade Incompatível;Colisão traseira;Com Vítimas Feridas;Plena Noite;Decrescente;Chuva;Simples;Reta;-1.243.338.196;-4.181.551.801
23/01/2024;23:40:00;NOVA LIMA;Chuva;Colisão lateral mesmo sentido;Sem Vítimas;Plena Noite;Decrescente;Chuva;Simples;"Declive;Reta";-2.016.985.101;-4.396.554.788
23/01/2024;18:50:00;OLIVEIRA FORTES;Velocidade Incompatível;Colisão com objeto;Com Vítimas Feridas;Plena Noite;Decrescente;Chuva;Dupla;"Curva;Declive";-2.133.378.994;-435.866.212
24/01/2024;09:14:00;CONTAGEM;Velocidade Incompatível;Colisão traseira;Com Vítimas Feridas;Pleno dia;Crescente;Céu Claro;Múltipla;"Reta;Aclive";-199.619.571;-4.403.914
24/01/2024;09:30:00;INDIARA;Acumulo de água sobre o pavimento;Colisão com objeto;Com Vítimas Feridas;Pleno dia;Crescente;Chuva;Dupla;Declive;-17.098;-498.729
24/01/2024;11:08:00;CALDAS;Animais na Pista;Atropelamento de Animal;Com Vítimas Feridas;Pleno dia;Crescente;Céu Claro;Simples;Curva;-21.838.104;-46.443.806
24/01/2024;12:20:00;RECIFE;Manobra de mudança de faixa;Colisão lateral mesmo sentido;Com Vítimas Feridas;Pleno dia;Decrescente;Céu Claro;Dupla;"Reta;Aclive";-7.966.446;-34.917.809
24/01/2024;05:25:00;JOAO PINHEIRO;Acumulo de água sobre o pavimento;Colisão com objeto;Com Vítimas Fatais;Amanhecer;Decrescente;Chuva;Simples;"Reta;Declive";-1.799.232.915;-4.579.149.287
24/01/2024;09:30:00;RIO NEGRINHO;Velocidade Incompatível;Saída de leito carroçável;Com Vítimas Feridas;Pleno dia;Crescente;Garoa/Chuvisco;Simples;Reta;-26.254.826;-49.603.124
24/01/2024;10:15:00;GUAPO;Acumulo de água sobre o pavimento;Saída de leito carroçável;Sem Vítimas;Pleno dia;Decrescente;Chuva;Dupla;Reta;-1.688.309.242;-496.188.516
24/01/2024;14:15:00;EWBANK DA CAMARA;Velocidade Incompatível;Saída de leito carroçável;Com Vítimas Feridas;Pleno dia;Decrescente;Chuva;Simples;Curva;-2.150.323.045;-4.353.179.519
24/01/2024;14:00:00;MIRACATU;Acumulo de água sobre o pavimento;Saída de leito carroçável;Com Vítimas Feridas;Pleno dia;Decrescente;Chuva;Dupla;Reta;-2.430.085.222;-4.748.456.072
24/01/2024;15:45:00;ARACAJU;Manobra de mudança de faixa;Colisão lateral mesmo sentido;Com Vítimas Feridas;Pleno dia;Crescente;Nublado;Dupla;Curva;-109.087;-370.855
24/01/2024;16:15:00;BIGUACU;Pista Escorregadia;Saída de leito carroçável;Com Vítimas Feridas;Pleno dia;Decrescente;Céu Claro;Dupla;Curva;-2.733.963.303;-4.862.734.885
24/01/2024;15:00:00;SAO GONCALO;Manobra de mudança de faixa;Colisão lateral sentido oposto;Com Vítimas Feridas;Pleno dia;Decrescente;Chuva;Dupla;Reta;-2.284.562.994;-4.309.841.211
24/01/2024;16:15:00;JACUPIRANGA;Ultrapassagem Indevida;Colisão lateral mesmo sentido;Com Vítimas Feridas;Pleno dia;Decrescente;Chuva;Simples;Reta;-246.928.255;-4.799.567.352
24/01/2024;12:30:00;JOAO PINHEIRO;Acumulo de água sobre o pavimento;Saída de leito carroçável;Com Vítimas Feridas;Pleno dia;Decrescente;Chuva;Simples;Reta;-1.817.906.961;-4.580.321.109
24/01/2024;17:00:00;ORIZANIA;Chuva;Queda de ocupante de veículo;Com Vítimas Feridas;Pleno dia;Crescente;Chuva;Simples;Reta;-2.056.556.999;-4.220.675.484
24/01/2024;17:30:00;POUSO ALEGRE;Chuva;Saída de leito carroçável;Com Vítimas Feridas;Pleno dia;Crescente;Chuva;Dupla;Reta;-22.450.796;-46.000.139
24/01/2024;18:00:00;MORRO REDONDO;Desrespeitar a preferência no cruzamento;Colisão transversal;Com Vítimas Feridas;Pleno dia;Crescente;Céu Claro;Simples;Interseção de Vias;-3.172.946.105;-5.263.335.899
24/01/2024;18:30:00;BETIM;Velocidade Incompatível;Colisão traseira;Com Vítimas Feridas;Plena Noite;Crescente;Nublado;Múltipla;Reta;-199.589.226;-440.717.616
08/01/2024;08:30:00;IMPERATRIZ;Demais falhas na via;Saída de leito carroçável;Com Vítimas Feridas;Pleno dia;Decrescente;Céu Claro;Simples;Reta;-5.382.404;-47.476.055
24/01/2024;17:50:00;RIO BRANCO;Animais na Pista;Queda de ocupante de veículo;Com Vítimas Feridas;Anoitecer;Decrescente;Nublado;Simples;Reta;-1.001.315.317;-677.102
24/01/2024;20:00:00;CODO;Animais na Pista;Atropelamento de Animal;Com Vítimas Feridas;Plena Noite;Crescente;Céu Claro;Simples;Reta;-475.043;-43.664.165
24/01/2024;17:50:00;SIMOES FILHO;Frear bruscamente;Queda de ocupante de veículo;Com Vítimas Feridas;Anoitecer;Crescente;Céu Claro;Dupla;Reta;-1.284.664.721;-3.841.741.648
24/01/2024;18:52:00;VILHENA;Velocidade Incompatível;Saída de leito carroçável;Com Vítimas Feridas;Anoitecer;Crescente;Chuva;Simples;Curva;-1.241.146.228;-6.060.665.927
24/01/2024;21:45:00;NATAL;Manobra de mudança de faixa;Colisão lateral mesmo sentido;Com Vítimas Feridas;Plena Noite;Crescente;Céu Claro;Simples;Reta;-587.359.183;-3.522.063.023
24/01/2024;21:50:00;RIO VERDE;Conversão proibida;Queda de ocupante de veículo;Com Vítimas Feridas;Plena Noite;Crescente;Nublado;Simples;Reta;-178.151;-509.343
24/01/2024;20:00:00;BRASILIA;Velocidade Incompatível;Saída de leito carroçável;Com Vítimas Feridas;Plena Noite;Crescente;Chuva;Dupla;Reta;-1.559.459.995;-4.765.838.027
24/01/2024;20:00:00;URAI;Sistema de drenagem ineficiente;Saída de leito carroçável;Com Vítimas Fatais;Plena Noite;Crescente;Chuva;Dupla;Curva;-23.272.251;-50.813.965
24/01/2024;23:30:00;CAXIAS;Animais na Pista;Atropelamento de Animal;Com Vítimas Feridas;Plena Noite;Crescente;Nublado;Simples;Reta;-4.759.171;-43.648.354
24/01/2024;20:00:00;BELO JARDIM;Ultrapassagem Indevida;Colisão frontal;Com Vítimas Feridas;Plena Noite;Crescente;Céu Claro;Simples;Reta;-834.804.728;-3.644.664.994
25/01/2024;01:20:00;TIMON;Animais na Pista;Atropelamento de Animal;Com Vítimas Feridas;Plena Noite;Decrescente;Nublado;Simples;Reta;-5.034.047;-42.939.167
25/01/2024;03:30:00;PADRE BERNARDO;Animais na Pista;Atropelamento de Animal;Com Vítimas Feridas;Amanhecer;Crescente;Céu Claro;Simples;Reta;-1.518.501;-48.284.472
13/01/2024;19:40:00;FOZ DO IGUACU;Velocidade Incompatível;Colisão traseira;Com Vítimas Feridas;Anoitecer;Crescente;Céu Claro;Dupla;Reta;-2.549.494.908;-5.452.095.097
25/01/2024;07:05:00;BALNEARIO CAMBORIU;Desrespeitar a preferência no cruzamento;Colisão transversal;Com Vítimas Feridas;Pleno dia;Crescente;Céu Claro;Múltipla;Interseção de Vias;-2.699.982.308;-4.864.615.202
25/01/2024;07:55:00;SAO GONCALO DO AMARANTE;Acumulo de água sobre o pavimento;Saída de leito carroçável;Com Vítimas Feridas;Pleno dia;Crescente;Chuva;Dupla;"Em Obras;Reta";-574.460.142;-3.528.990.984
25/01/2024;06:10:00;RECIFE;Pista Escorregadia;Tombamento;Com Vítimas Feridas;Pleno dia;Crescente;Chuva;Múltipla;Reta;-799.905.898;-3.493.899.295
25/01/2024;08:20:00;CANGUCU;Desrespeitar a preferência no cruzamento;Colisão transversal;Com Vítimas Feridas;Pleno dia;Crescente;Nublado;Simples;Interseção de Vias;-3.141.369.338;-5.267.628.308
25/01/2024;08:05:00;CAMPINA GRANDE;Desrespeitar a preferência no cruzamento;Colisão transversal;Com Vítimas Feridas;Pleno dia;Decrescente;Céu Claro;Simples;"Retorno Regulamentado;Reta;Interseção de Vias";-7.264;-359.199
25/01/2024;08:15:00;POCINHOS;Manobra de mudança de faixa;Colisão transversal;Com Vítimas Feridas;Pleno dia;Crescente;Céu Claro;Simples;Reta;-71.463;-361.293
25/01/2024;06:30:00;RANCHO QUEIMADO;Velocidade Incompatível;Saída de leito carroçável;Com Vítimas Feridas;Pleno dia;Decrescente;Garoa/Chuvisco;Simples;Curva;-27.695.372;-49.042.824
25/01/2024;06:20:00;CACAPAVA;Velocidade Incompatível;Colisão com objeto;Sem Vítimas;Pleno dia;Crescente;Céu Claro;Dupla;"Aclive;Reta";-2.310.433.057;-4.569.425.762
01/01/2024;10:50:00;MATEUS LEME;Velocidade Incompatível;Saída de leito carroçável;Com Vítimas Feridas;Pleno dia;Decrescente;Chuva;Dupla;"Curva;Declive";-19.940.622;-44.386.969
24/01/2024;18:15:00;PETROPOLIS;Chuva;Capotamento;Com Vítimas Feridas;Anoitecer;Crescente;Chuva;Simples;"Curva;Declive";-2.248.005.592;-4.323.543.994
25/01/2024;08:45:00;CURITIBA;Pista Escorregadia;Queda de ocupante de veículo;Com Vítimas Feridas;Pleno dia;Decrescente;Garoa/Chuvisco;Dupla;Reta;-2.554.456.009;-4.930.146.002
25/01/2024;09:50:00;CAMPINA GRANDE DO SUL;Chuva;Saída de leito carroçável;Com Vítimas Feridas;Pleno dia;Decrescente;Chuva;Dupla;Curva;-2.520.185.401;-488.962.139
25/01/2024;09:55:00;GOIANIA;Estacionar ou parar em local proibido;Colisão traseira;Com Vítimas Feridas;Pleno dia;Crescente;Céu Claro;Dupla;Reta;-167.287;-492.424
25/01/2024;11:40:00;SOBRADO;Chuva;Saída de leito carroçável;Com Vítimas Fatais;Pleno dia;Crescente;Chuva;Dupla;Reta;-719.065.555;-3.524.581.432
25/01/2024;11:50:00;SAO GONCALO DO ABAETE;Chuva;Saída de leito carroçável;Com Vítimas Feridas;Pleno dia;Decrescente;Chuva;Simples;Reta;-1.814.870.194;-4.531.944.594
25/01/2024;13:57:00;BRASILIA;Acumulo de água sobre o pavimento;Saída de leito carroçável;Com Vítimas Feridas;Pleno dia;Crescente;Chuva;Dupla;Curva;-16.017.551;-48.249.252
25/01/2024;14:05:00;IMBITUBA;Animais na Pista;Tombamento;Com Vítimas Feridas;Pleno dia;Crescente;Céu Claro;Simples;Reta;-28.138.086;-4.869.218.292
25/01/2024;09:30:00;ANGRA DOS REIS;Manobra de mudança de faixa;Colisão lateral mesmo sentido;Com Vítimas Feridas;Pleno dia;Crescente;Nublado;Simples;Curva;-2.299.712.334;-4.444.431.803
25/01/2024;14:30:00;APUCARANA;Acumulo de água sobre o pavimento;Saída de leito carroçável;Com Vítimas Feridas;Pleno dia;Crescente;Chuva;Dupla;Reta;-2.362.524.965;-5.137.962.593