data_inversa;horario;municipio;causa_acidente;tipo_acidente;classificacao_acidente;fase_dia;sentido_via;condicao_metereologica;tipo_pista;tracado_via;latitude;longitude
25/01/2024;17:00:00;CAUCAIA;Acesso irregular;Colisão lateral sentido oposto;Com Vítimas Feridas;Pleno dia;Decrescente;Céu Claro;Simples;"Reta;Em Obras";-374.520.337;-3.872.713.719
25/01/2024;16:30:00;SEABRA;Acumulo de água sobre o pavimento;Saída de leito carroçável;Com Vítimas Feridas;Pleno dia;Crescente;Chuva;Simples;"Curva;Declive";-1.247.311.803;-4.167.208.672
25/01/2024;15:30:00;MARILANDIA DO SUL;Acumulo de água sobre o pavimento;Colisão com objeto;Com Vítimas Fatais;Pleno dia;Decrescente;Chuva;Dupla;"Declive;Reta";-2.383.713.192;-5.126.177.788
25/01/2024;12:35:00;ROSARIO DO SUL;Frear bruscamente;Capotamento;Com Vítimas Feridas;Pleno dia;Crescente;Céu Claro;Simples;Reta;-30.245.808;-54.827.522
25/01/2024;19:48:00;RECIFE;Pista Escorregadia;Tombamento;Com Vítimas Feridas;Pleno dia;Decrescente;Chuva;Dupla;Reta;-799.905.898;-3.493.899.295
25/01/2024;18:32:00;EXTREMA;Animais na Pista;Atropelamento de Animal;Com Vítimas Feridas;Plena Noite;Decrescente;Ignorado;Dupla;Reta;-2.283.909.203;-4.632.850.893
25/01/2024;17:30:00;NOVA LIMA;Acesso irregular;Queda de ocupante de veículo;Com Vítimas Feridas;Pleno dia;Decrescente;Garoa/Chuvisco;Simples;Reta;-2.018.928.994;-439.697.957
25/01/2024;18:10:00;CARIRA;Acumulo de água sobre o pavimento;Saída de leito carroçável;Com Vítimas Feridas;Anoitecer;Crescente;Chuva;Simples;"Curva;Declive";-10.478.106;-37.659.199
25/01/2024;17:35:00;PEIXOTO DE AZEVEDO;Acesso irregular;Colisão transversal;Com Vítimas Feridas;Plena Noite;Decrescente;Céu Claro;Simples;Reta;-1.023.774.958;-5.498.311.758
25/01/2024;19:20:00;CAMPO GRANDE;Animais na Pista;Atropelamento de Animal;Sem Vítimas;Plena Noite;Crescente;Céu Claro;Simples;Reta;-2.049.384.769;-542.029.271
25/01/2024;21:14:00;CRISTALINA;Velocidade Incompatível;Colisão traseira;Com Vítimas Feridas;Pleno dia;Decrescente;Céu Claro;Dupla;"Reta;Em Obras";-169.309;-477.117
25/01/2024;22:10:00;INDAIAL;Animais na Pista;Atropelamento de Animal;Com Vítimas Feridas;Plena Noite;Crescente;Céu Claro;Simples;Reta;-2.693.865.615;-4.929.114.424
25/01/2024;19:20:00;VASSOURAS;Manobra de mudança de faixa;Colisão lateral mesmo sentido;Com Vítimas Feridas;Plena Noite;Decrescente;Vento;Simples;Reta;-2.234.554.902;-4.355.600.299
25/01/2024;22:50:00;SALVADOR;Manobra de mudança de faixa;Colisão traseira;Com Vítimas Feridas;Plena Noite;Decrescente;Céu Claro;Dupla;Reta;-1.287.206.398;-3.842.746.403
25/01/2024;22:10:00;MIRANDIBA;Animais na Pista;Atropelamento de Animal;Com Vítimas Fatais;Plena Noite;Crescente;Céu Claro;Simples;Reta;-802.356.278;-3.878.442.996
25/01/2024;22:15:00;UBATUBA;Conversão proibida;Colisão lateral mesmo sentido;Com Vítimas Feridas;Plena Noite;Crescente;Chuva;Simples;Reta;-2.345.018.939;-4.507.743.735
26/01/2024;00:05:00;RIO DO SUL;Velocidade Incompatível;Colisão com objeto;Com Vítimas Feridas;Plena Noite;Crescente;Nublado;Simples;"Curva;Ponte";-27.203.201;-49.635.063
26/01/2024;03:42:00;ICO;Pista esburacada;Saída de leito carroçável;Com Vítimas Feridas;Plena Noite;Crescente;Nublado;Simples;Reta;-638.981.779;-3.882.378.617
25/01/2024;19:00:00;RIACHAO;Manobra de mudança de faixa;Colisão frontal;Com Vítimas Fatais;Plena Noite;Decrescente;Céu Claro;Simples;Reta;-7.372.446;-46.634.822
26/01/2024;08:45:00;BIGUACU;Acumulo de água sobre o pavimento;Saída de leito carroçável;Com Vítimas Feridas;Pleno dia;Crescente;Garoa/Chuvisco;Dupla;Curva;-274.341.098;-4.862.567.129
26/01/2024;07:50:00;IGARATINGA;Velocidade Incompatível;Saída de leito carroçável;Com Vítimas Feridas;Pleno dia;Crescente;Céu Claro;Dupla;Curva;-1.988.464.192;-4.461.618.402
26/01/2024;09:00:00;JACAREI;Manobra de mudança de faixa;Colisão lateral mesmo sentido;Com Vítimas Feridas;Pleno dia;Decrescente;Nublado;Dupla;"Reta;Declive";-2.330.545.902;-4.603.567.599
26/01/2024;09:45:00;CAMBE;Manobra de mudança de faixa;Colisão lateral mesmo sentido;Com Vítimas Feridas;Pleno dia;Crescente;Céu Claro;Dupla;Reta;-2.328.533.306;-5.123.836.219
26/01/2024;10:15:00;PARNAMIRIM;Manobra de mudança de faixa;Colisão lateral mesmo sentido;Com Vítimas Feridas;Pleno dia;Decrescente;Céu Claro;Múltipla;Reta;-591.920.796;-3.526.412.409
26/01/2024;09:30:00;PATOS;Conversão proibida;Colisão transversal;Com Vítimas Feridas;Pleno dia;Decrescente;Sol;Simples;Declive;-69.461;-374.033
26/01/2024;09:35:00;MASSARANDUBA;Velocidade Incompatível;Saída de leito carroçável;Com Vítimas Feridas;Pleno dia;Decrescente;Chuva;Dupla;Curva;-727.725.431;-3.574.561.358
26/01/2024;09:30:00;MORENO;Velocidade Incompatível;Capotamento;Sem Vítimas;Pleno dia;Decrescente;Chuva;Dupla;Reta;-811.063.325;-3.515.197.001
26/01/2024;11:00:00;LEOPOLDINA;Acesso irregular;Colisão transversal;Com Vítimas Feridas;Pleno dia;Crescente;Céu Claro;Simples;Interseção de Vias;-2.152.171.912;-4.264.030.314
26/01/2024;09:30:00;MASSARANDUBA;Velocidade Incompatível;Saída de leito carroçável;Com Vítimas Feridas;Pleno dia;Decrescente;Chuva;Dupla;Curva;-7.277.307;-35.745.328
26/01/2024;12:00:00;SAO JOSE DOS PINHAIS;Manobra de mudança de faixa;Colisão lateral mesmo sentido;Com Vítimas Feridas;Pleno dia;Decrescente;Céu Claro;Dupla;"Aclive;Reta";-2.561.783.292;-491.690.968
26/01/2024;13:09:00;CLARO DOS POCOES;Velocidade Incompatível;Colisão frontal;Com Vítimas Fatais;Pleno dia;Crescente;Nublado;Simples;Reta;-1.696.745.151;-4.426.305.575
26/01/2024;07:00:00;GOVERNADOR VALADARES;Manobra de mudança de faixa;Saída de leito carroçável;Com Vítimas Feridas;Pleno dia;Crescente;Nublado;Simples;Reta;-1.902.403.311;-4.214.619.668
11/01/2024;21:20:00;RIALMA;Animais na Pista;Atropelamento de Animal;Com Vítimas Feridas;Plena Noite;Decrescente;Garoa/Chuvisco;Simples;Curva;-15.262.218;-49.547.047
26/01/2024;12:10:00;SANTA RITA DE MINAS;Conversão proibida;Colisão transversal;Com Vítimas Feridas;Pleno dia;Crescente;Nublado;Simples;Interseção de Vias;-19.837.057;-42.138.482
26/01/2024;13:35:00;JEQUIE;Desrespeitar a preferência no cruzamento;Colisão transversal;Com Vítimas Feridas;Pleno dia;Decrescente;Chuva;Simples;"Reta;Interseção de Vias;Retorno Regulamentado";-1.380.845.298;-4.011.215.229
26/01/2024;13:55:00;TABOAO DA SERRA;Acumulo de areia ou detritos sobre o pavimento;Tombamento;Com Vítimas Feridas;Pleno dia;Crescente;Nublado;Dupla;Interseção de Vias;-2.363.445.084;-4.682.418.514
26/01/2024;14:15:00;PORTO BELO;Demais falhas na via;Tombamento;Com Vítimas Feridas;Pleno dia;Crescente;Chuva;Simples;Reta;-2.716.944.139;-4.861.170.709
26/01/2024;15:30:00;NATAL;Animais na Pista;Atropelamento de Animal;Com Vítimas Feridas;Pleno dia;Decrescente;Céu Claro;Dupla;Reta;-575.852.229;-3.528.806.121
19/01/2024;02:05:00;PONTA PORA;Animais na Pista;Atropelamento de Animal;Sem Vítimas;Plena Noite;Decrescente;Céu Claro;Simples;Reta;-2.230.370.849;-5.511.222.839
26/01/2024;16:00:00;CAMBUI;Chuva;Capotamento;Com Vítimas Feridas;Pleno dia;Decrescente;Chuva;Dupla;Curva;-2.270.254.777;-4.611.752.735
26/01/2024;15:13:00;TERESINA;Manobra de mudança de faixa;Colisão lateral mesmo sentido;Com Vítimas Feridas;Pleno dia;Crescente;Céu Claro;Dupla;Reta;-5.089.569;-42.802.288
26/01/2024;16:50:00;ARACAJU;Manobra de mudança de faixa;Tombamento;Com Vítimas Feridas;Pleno dia;Decrescente;Nublado;Dupla;"Interseção de Vias;Curva";-109.062;-371.034
26/01/2024;14:45:00;RIO PARDO;Desrespeitar a preferência no cruzamento;Colisão transversal;Com Vítimas Feridas;Pleno dia;Crescente;Sol;Simples;Rotatória;-2.998.168.946;-5.236.967.193
26/01/2024;18:10:00;GUARULHOS;Frear bruscamente;Colisão traseira;Com Vítimas Feridas;Pleno dia;Decrescente;Céu Claro;Múltipla;Reta;-2.341.236.123;-4.635.692.496
26/01/2024;18:05:00;BLUMENAU;Conversão proibida;Colisão frontal;Com Vítimas Feridas;Pleno dia;Decrescente;Nublado;Simples;"Reta;Em Obras;Aclive";-2.688.408.619;-4.914.987.087
26/01/2024;18:50:00;ITAPECERICA DA SERRA;Frear bruscamente;Tombamento;Com Vítimas Feridas;Plena Noite;Decrescente;Nublado;Dupla;Curva;-2.372.290.969;-4.689.096.614
26/01/2024;19:15:00;PALHOCA;Desrespeitar a preferência no cruzamento;Colisão transversal;Com Vítimas Feridas;Plena Noite;Crescente;Nublado;Simples;Interseção de Vias;-27.687.958;-48.736.794
26/01/2024;19:40:00;BARRA DO PIRAI;Restrição de visibilidade em curvas horizontais;Atropelamento de Pedestre;Com Vítimas Feridas;Plena Noite;Crescente;Céu Claro;Simples;"Reta;Interseção de Vias";-2.245.028.541;-437.987.758
26/01/2024;19:28:00;CHAPADAO DO SUL;Animais na Pista;Atropelamento de Animal;Com Vítimas Fatais;Plena Noite;Crescente;Céu Claro;Simples;Reta;-1.888.902.203;-5.271.499.479
26/01/2024;18:30:00;DELMIRO GOUVEIA;Manobra de mudança de faixa;Colisão frontal;Com Vítimas Feridas;Plena Noite;Crescente;Nublado;Simples;Curva;-940.684.276;-3.818.998.212
26/01/2024;20:50:00;GARANHUNS;Animais na Pista;Atropelamento de Animal;Com Vítimas Feridas;Plena Noite;Decrescente;Céu Claro;Simples;"Reta;Declive";-886.552.886;-3.650.934.159
26/01/2024;20:20:00;BIGUACU;Acumulo de água sobre o pavimento;Saída de leito carroçável;Com Vítimas Feridas;Plena Noite;Crescente;Céu Claro;Dupla;Curva;-2.747.730.273;-4.864.127.329
26/01/2024;19:00:00;GUAPIMIRIM;Velocidade Incompatível;Tombamento;Com Vítimas Feridas;Plena Noite;Decrescente;Chuva;Dupla;"Aclive;Reta";-22.535.843;-4.299.125
26/01/2024;20:30:00;CUIABA;Manobra de mudança de faixa;Colisão lateral sentido oposto;Com Vítimas Feridas;Plena Noite;Decrescente;Céu Claro;Simples;Reta;-1.565.051.022;-5.599.823.809
27/01/2024;00:30:00;TAUBATE;Animais na Pista;Atropelamento de Animal;Com Vítimas Feridas;Plena Noite;Decrescente;Nublado;Dupla;Reta;-2.301.791.287;-4.553.009.409
27/01/2024;01:20:00;CABO VERDE;Velocidade Incompatível;Saída de leito carroçável;Com Vítimas Feridas;Plena Noite;Decrescente;Céu Claro;Simples;Curva;-21.466.259;-46.403.891
27/01/2024;00:50:00;PELOTAS;Desrespeitar a preferência no cruzamento;Colisão transversal;Sem Vítimas;Plena Noite;Crescente;Nublado;Simples;Rotatória;-3.175.709.532;-5.239.980.728
26/01/2024;19:30:00;PORTO VELHO;Acumulo de água sobre o pavimento;Saída de leito carroçável;Com Vítimas Feridas;Plena Noite;Decrescente;Chuva;Simples;Reta;-964.631.731;-6.560.019.099
26/01/2024;20:30:00;SAO LUIS;Manobra de mudança de faixa;Saída de leito carroçável;Com Vítimas Fatais;Plena Noite;Crescente;Céu Claro;Dupla;Reta;-259.806.699;-4.424.573.511
27/01/2024;03:10:00;MEDIANEIRA;Velocidade Incompatível;Colisão traseira;Sem Vítimas;Plena Noite;Crescente;Céu Claro;Dupla;Reta;-2.525.301.037;-5.402.857.196
27/01/2024;03:50:00;MEDIANEIRA;Velocidade Incompatível;Colisão traseira;Com Vítimas Feridas;Plena Noite;Crescente;Céu Claro;Dupla;Reta;-2.528.740.438;-5.409.701.091
27/01/2024;04:36:00;GURUPI;Chuva;Saída de leito carroçável;Sem Vítimas;Plena Noite;Decrescente;Chuva;Dupla;Reta;-1.172.075.725;-4.907.713.594
26/01/2024;22:30:00;ARAQUARI;Acesso irregular;Colisão frontal;Com Vítimas Feridas;Plena Noite;Crescente;Garoa/Chuvisco;Simples;Interseção de Vias;-2.638.352.781;-4.872.677.516
27/01/2024;07:00:00;GUARULHOS;Manobra de mudança de faixa;Colisão lateral mesmo sentido;Com Vítimas Feridas;Pleno dia;Crescente;Nublado;Dupla;Reta;-2.341.722.629;-4.637.510.292
27/01/2024;07:45:00;CONGONHAL;Acesso irregular;Colisão transversal;Com Vítimas Feridas;Pleno dia;Crescente;Céu Claro;Simples;Reta;-22.150.578;-46.043.282
27/01/2024;07:35:00;BETIM;Velocidade Incompatível;Colisão com objeto;Com Vítimas Feridas;Pleno dia;Crescente;Nublado;Dupla;"Curva;Declive";-19.985.563;-4.420.318
23/01/2024;12:00:00;PELOTAS;Curva acentuada;Tombamento;Com Vítimas Feridas;Pleno dia;Decrescente;Nublado;Simples;Curva;-3.172.136.584;-5.238.140.629
27/01/2024;09:20:00;BALSA NOVA;Afundamento ou ondulação no pavimento;Tombamento;Com Vítimas Feridas;Pleno dia;Crescente;Nublado;Dupla;Curva;-2.544.935.868;-496.161.139
27/01/2024;10:00:00;RIBEIRAO VERMELHO;Manobra de mudança de faixa;Colisão transversal;Com Vítimas Feridas;Pleno dia;Decrescente;Chuva;Dupla;Reta;-2.119.177.791;-4.511.670.723
27/01/2024;09:00:00;BELO HORIZONTE;Conversão proibida;Colisão transversal;Com Vítimas Feridas;Pleno dia;Decrescente;Nublado;Simples;Reta;-1.985.862.954;-4.391.292.495
27/01/2024;08:45:00;PORTO SEGURO;Ultrapassagem Indevida;Colisão lateral mesmo sentido;Com Vítimas Feridas;Pleno dia;Decrescente;Chuva;Simples;Reta;-1.642.202.306;-3.914.457.302
27/01/2024;09:00:00;MACAIBA;Acesso irregular;Colisão transversal;Com Vítimas Feridas;Pleno dia;Decrescente;Céu Claro;Simples;Reta;-585.650.342;-3.533.513.725
27/01/2024;10:00:00;CAJATI;Animais na Pista;Atropelamento de Animal;Com Vítimas Feridas;Pleno dia;Crescente;Céu Claro;Simples;"Curva;Declive";-2.479.028.098;-4.821.075.278
27/01/2024;12:30:00;ESMERALDAS;Manobra de mudança de faixa;Saída de leito carroçável;Com Vítimas Feridas;Pleno dia;Crescente;Sol;Dupla;Reta;-19.714.002;-44.160.929
27/01/2024;00:00:00;SAO GONCALO DO ABAETE;Falta de elemento de contenção que evite a saída do leito carroçável;Saída de leito carroçável;Com Vítimas Feridas;Plena Noite;Decrescente;Chuva;Simples;Reta;-1.813.557.504;-4.538.218
27/01/2024;12:44:00;SAO JOSE;Manobra de mudança de faixa;Colisão lateral mesmo sentido;Com Vítimas Feridas;Pleno dia;Crescente;Nublado;Múltipla;Reta;-2.760.327.979;-4.863.201.818
27/01/2024;12:40:00;JAGUARUNA;Pista Escorregadia;Saída de leito carroçável;Com Vítimas Feridas;Pleno dia;Crescente;Garoa/Chuvisco;Simples;Retorno Regulamentado;-2.858.988.203;-4.904.517.307
27/01/2024;13:20:00;CAMPOS DOS GOYTACAZES;Desrespeitar a preferência no cruzamento;Colisão transversal;Com Vítimas Feridas;Pleno dia;Crescente;Nublado;Simples;Reta;-2.169.602.101;-4.131.017.467
27/01/2024;14:45:00;ATIBAIA;Acumulo de água sobre o pavimento;Colisão com objeto;Com Vítimas Feridas;Pleno dia;Crescente;Céu Claro;Dupla;Aclive;-2.302.679.312;-4.653.612.988
27/01/2024;14:45:00;UBATUBA;Acumulo de areia ou detritos sobre o pavimento;Tombamento;Com Vítimas Feridas;Pleno dia;Decrescente;Chuva;Simples;Rotatória;-2.346.252.016;-4.506.438.959
27/01/2024;14:00:00;TOLEDO;Velocidade Incompatível;Saída de leito carroçável;Com Vítimas Feridas;Pleno dia;Crescente;Chuva;Dupla;"Curva;Declive";-247.402.055;-5.369.353.998
27/01/2024;16:25:00;BARBACENA;Velocidade Incompatível;Colisão com objeto;Com Vítimas Feridas;Pleno dia;Decrescente;Nublado;Dupla;Curva;-2.125.025.619;-4.366.495.024
27/01/2024;16:40:00;CURITIBA;Velocidade Incompatível;Colisão com objeto;Com Vítimas Feridas;Pleno dia;Crescente;Nublado;Dupla;Reta;-25.481.617;-49.194.847
27/01/2024;18:30:00;CASCAVEL;Desrespeitar a preferência no cruzamento;Colisão transversal;Com Vítimas Feridas;Anoitecer;Crescente;Nublado;Simples;Interseção de Vias;-2.496.678.893;-5.342.456.287
27/01/2024;11:20:00;JI-PARANA;Conversão proibida;Colisão transversal;Com Vítimas Feridas;Pleno dia;Decrescente;Nublado;Dupla;"Reta;Interseção de Vias";-1.087.878.519;-6.194.499.012
27/01/2024;18:30:00;FEIRA DE SANTANA;Chuva;Capotamento;Com Vítimas Feridas;Plena Noite;Decrescente;Chuva;Dupla;Curva;-1.232.818.491;-3.886.174.193
27/01/2024;19:10:00;ARARANGUA;Frear bruscamente;Tombamento;Sem Vítimas;Pleno dia;Crescente;Nublado;Dupla;Reta;-2.889.770.087;-4.947.336.674
27/01/2024;17:00:00;CONCORDIA;Velocidade Incompatível;Queda de ocupante de veículo;Com Vítimas Feridas;Pleno dia;Decrescente;Nublado;Simples;Curva;-2.730.955.328;-5.198.558.807
27/01/2024;19:15:00;PICOS;Manobra de mudança de faixa;Colisão lateral sentido oposto;Com Vítimas Feridas;Plena Noite;Crescente;Nublado;Simples;Curva;-707.700.699;-4.150.959.795
27/01/2024;21:00:00;BLUMENAU;Conversão proibida;Colisão lateral mesmo sentido;Com Vítimas Feridas;Plena Noite;Decrescente;Garoa/Chuvisco;Simples;"Reta;Em Obras";-26.864.044;-49.046.516
27/01/2024;10:45:00;CANDEAL;Velocidade Incompatível;Colisão traseira;Com Vítimas Feridas;Pleno dia;Decrescente;Nublado;Simples;"Reta;Aclive";-1.195.805.165;-3.916.557.312
27/01/2024;21:35:00;CAPAO DO LEAO;Desrespeitar a preferência no cruzamento;Eventos atípicos;Com Vítimas Feridas;Plena Noite;Decrescente;Nublado;Simples;Reta;-317.590.834;-5.243.687.971
27/01/2024;22:30:00;FORTALEZA;Pista Escorregadia;Colisão com objeto;Com Vítimas Feridas;Plena Noite;Crescente;Nublado;Múltipla;Viaduto;-377.949.262;-3.851.590.991
27/01/2024;22:40:00;ITAPERUNA;Animais na Pista;Atropelamento de Animal;Com Vítimas Feridas;Plena Noite;Decrescente;Céu Claro;Simples;"Aclive;Reta";-2.120.888.258;-4.184.111.052
27/01/2024;22:40:00;MUITOS CAPOES;Ausência de sinalização;Colisão com objeto;Sem Vítimas;Plena Noite;Crescente;Céu Claro;Simples;Interseção de Vias;-2.837.179.507;-5.108.793.855
28/01/2024;04:30:00;SETE LAGOAS;Falta de elemento de contenção que evite a saída do leito carroçável;Saída de leito carroçável;Com Vítimas Feridas;Plena Noite;Crescente;Nublado;Dupla;Reta;-1.953.622.599;-4.425.468.498
28/01/2024;04:39:00;BRASILIA;Acumulo de água sobre o pavimento;Saída de leito carroçável;Com Vítimas Feridas;Plena Noite;Crescente;Chuva;Dupla;Reta;-15.787.066;-48.140.709
28/01/2024;04:50:00;SANTA MARIA;Animais na Pista;Atropelamento de Animal;Com Vítimas Feridas;Plena Noite;Crescente;Céu Claro;Dupla;Reta;-2.969.400.654;-5.386.100.019
28/01/2024;04:15:00;LUZIANIA;Manobra de mudança de faixa;Colisão frontal;Com Vítimas Feridas;Plena Noite;Decrescente;Nublado;Simples;"Declive;Reta";-16.393.143;-47.824.869
28/01/2024;05:45:00;CACOAL;Velocidade Incompatível;Colisão com objeto;Com Vítimas Feridas;Amanhecer;Crescente;Céu Claro;Simples;"Declive;Reta";-114.398;-61.452.969
28/01/2024;01:00:00;MAGE;Velocidade Incompatível;Saída de leito carroçável;Com Vítimas Feridas;Plena Noite;Crescente;Céu Claro;Dupla;Reta;-2.260.276.206;-4.302.514.183
28/01/2024;08:20:00;COMENDADOR LEVY GASPARIAN;Curva acentuada;Saída de leito carroçável;Com Vítimas Feridas;Pleno dia;Decrescente;Céu Claro;Simples;Curva;-2.203.530.483;-4.322.169.152
28/01/2024;08:30:00;SAO CAITANO;Velocidade Incompatível;Saída de leito carroçável;Com Vítimas Feridas;Pleno dia;Decrescente;Céu Claro;Simples;Reta;-836.143.802;-3.617.217.263
28/01/2024;11:30:00;MARIALVA;Velocidade Incompatível;Colisão traseira;Com Vítimas Feridas;Pleno dia;Decrescente;Sol;Dupla;Reta;-2.349.780.596;-5.180.641.651
28/01/2024;13:20:00;UBATUBA;Manobra de mudança de faixa;Colisão frontal;Com Vítimas Feridas;Pleno dia;Crescente;Chuva;Simples;"Reta;Interseção de Vias";-2.333.509.719;-4.488.011.527
28/01/2024;11:50:00;RIO BRANCO;Desrespeitar a preferência no cruzamento;Colisão transversal;Com Vítimas Feridas;Pleno dia;Crescente;Céu Claro;Dupla;Retorno Regulamentado;-1.001.980.906;-6.781.433.091
28/01/2024;12:10:00;POUSO ALTO;Conversão proibida;Colisão transversal;Com Vítimas Fatais;Pleno dia;Crescente;Céu Claro;Simples;"Aclive;Reta";-221.646.781;-4.496.415.906
28/01/2024;10:50:00;JAPERI;Conversão proibida;Saída de leito carroçável;Com Vítimas Feridas;Pleno dia;Crescente;Nublado;Dupla;Reta;-226.602.744;-4.360.267.639
28/01/2024;15:40:00;SAO JOAO DA BARRA;Ultrapassagem Indevida;Colisão lateral sentido oposto;Com Vítimas Feridas;Pleno dia;Decrescente;Nublado;Simples;Reta;-21.718.531;-41.078.654
28/01/2024;16:00:00;ANGRA DOS REIS;Velocidade Incompatível;Colisão frontal;Com Vítimas Feridas;Pleno dia;Crescente;Nublado;Simples;Curva;-2.302.147.898;-4.452.344.494
28/01/2024;14:30:00;BUERAREMA;Chuva;Saída de leito carroçável;Com Vítimas Feridas;Pleno dia;Crescente;Chuva;Simples;Curva;-14.943.116;-39.303.957
28/01/2024;16:03:00;BETIM;Manobra de mudança de faixa;Colisão traseira;Com Vítimas Feridas;Pleno dia;Decrescente;Nublado;Múltipla;Reta;-1.995.665;-4.414.741
28/01/2024;16:10:00;RANCHO QUEIMADO;Desrespeitar a preferência no cruzamento;Colisão transversal;Com Vítimas Feridas;Pleno dia;Decrescente;Chuva;Múltipla;Interseção de Vias;-27.677.965;-49.011.559
28/01/2024;15:50:00;ANGRA DOS REIS;Pista Escorregadia;Colisão transversal;Com Vítimas Feridas;Pleno dia;Crescente;Nublado;Simples;Curva;-2.302.147.898;-4.452.344.494
28/01/2024;15:40:00;BARRA DO GARCAS;Frear bruscamente;Capotamento;Com Vítimas Feridas;Pleno dia;Decrescente;Céu Claro;Simples;"Declive;Curva";-1.586.795.112;-5.239.570.706
28/01/2024;14:42:00;TERRA ROXA;Condutor usando celular;Saída de leito carroçável;Com Vítimas Feridas;Pleno dia;Crescente;Céu Claro;Simples;Reta;-2.408.395.803;-5.408.657.001
28/01/2024;16:50:00;ITAGUARA;Velocidade Incompatível;Saída de leito carroçável;Com Vítimas Feridas;Pleno dia;Crescente;Chuva;Dupla;Curva;-2.042.649.228;-4.454.458.383
28/01/2024;17:10:00;COCALZINHO DE GOIAS;Velocidade Incompatível;Saída de leito carroçável;Com Vítimas Feridas;Anoitecer;Crescente;Nublado;Simples;Curva;-1.576.396.108;-4.844.290.582
28/01/2024;17:20:00;CURITIBA;Acumulo de água sobre o pavimento;Saída de leito carroçável;Com Vítimas Feridas;Pleno dia;Crescente;Chuva;Dupla;Reta;-2.553.375.211;-4.931.824.405
28/01/2024;18:25:00;PORTO ALEGRE;Acumulo de água sobre o pavimento;Capotamento;Com Vítimas Feridas;Pleno dia;Decrescente;Chuva;Múltipla;Curva;-30.033.535;-51.230.453
28/01/2024;18:00:00;FLORIANO;Ultrapassagem Indevida;Colisão lateral mesmo sentido;Com Vítimas Feridas;Plena Noite;Crescente;Céu Claro;Simples;Reta;-6.781.913;-43.038.273
28/01/2024;20:15:00;OSORIO;Manobra de mudança de faixa;Colisão lateral mesmo sentido;Com Vítimas Feridas;Plena Noite;Crescente;Nublado;Dupla;Reta;-29.898.134;-5.031.419
28/01/2024;19:00:00;SAO MIGUEL DO OESTE;Conversão proibida;Colisão traseira;Com Vítimas Feridas;Anoitecer;Decrescente;Céu Claro;Simples;Reta;-2.671.084.646;-5.351.502.434
28/01/2024;20:15:00;UBERABA;Velocidade Incompatível;Saída de leito carroçável;Sem Vítimas;Plena Noite;Decrescente;Céu Claro;Dupla;"Aclive;Interseção de Vias;Curva";-1.977.751.671;-4.792.331.815
28/01/2024;19:30:00;BUTIA;Manobra de mudança de faixa;Colisão frontal;Com Vítimas Fatais;Anoitecer;Decrescente;Céu Claro;Simples;"Aclive;Reta";-30.128.044;-51.951.588
28/01/2024;17:15:00;APIUNA;Pista esburacada;Atropelamento de Pedestre;Com Vítimas Feridas;Pleno dia;Decrescente;Garoa/Chuvisco;Simples;Reta;-27.080.708;-49.440.491
28/01/2024;19:00:00;IBIRAMA;Conversão proibida;Colisão transversal;Com Vítimas Feridas;Pleno dia;Crescente;Céu Claro;Simples;"Curva;Ponte";-27.080.416;-49.485.348
28/01/2024;21:10:00;SAO LOURENCO DA MATA;Velocidade Incompatível;Saída de leito carroçável;Com Vítimas Feridas;Plena Noite;Crescente;Chuva;Dupla;"Reta;Ponte";-797.432.974;-3.508.598.372
28/01/2024;19:45:00;APUCARANA;Desrespeitar a preferência no cruzamento;Colisão transversal;Com Vítimas Feridas;Plena Noite;Decrescente;Céu Claro;Simples;Interseção de Vias;-2.353.755.013;-514.567.852
28/01/2024;19:30:00;BARRA MANSA;Velocidade Incompatível;Saída de leito carroçável;Com Vítimas Feridas;Anoitecer;Decrescente;Chuva;Dupla;Curva;-2.248.686.584;-4.425.027.602
28/01/2024;00:25:00;DUQUE DE CAXIAS;Frear bruscamente;Colisão com objeto;Sem Vítimas;Plena Noite;Decrescente;Céu Claro;Dupla;Reta;-2.275.470.802;-4.328.737.838
29/01/2024;03:30:00;CANDEIAS;Manobra de mudança de faixa;Colisão traseira;Com Vítimas Feridas;Amanhecer;Crescente;Nublado;Dupla;Reta;-12.599.223;-38.508.853
29/01/2024;03:55:00;OLIVEDOS;Velocidade Incompatível;Colisão transversal;Com Vítimas Feridas;Plena Noite;Crescente;Céu Claro;Simples;Reta;-70.962;-362.621
29/01/2024;05:50:00;RIO GRANDE;Manobra de mudança de faixa;Colisão lateral mesmo sentido;Com Vítimas Feridas;Amanhecer;Decrescente;Nublado;Dupla;"Retorno Regulamentado;Curva";-3.212.601.434;-5.213.875.392
29/01/2024;03:00:00;SAO JOSE DOS CAMPOS;Frear bruscamente;Capotamento;Com Vítimas Feridas;Plena Noite;Decrescente;Nublado;Múltipla;Reta;-2.318.274.416;-4.584.633.592