data_inversa;horario;municipio;causa_acidente;tipo_acidente;classificacao_acidente;fase_dia;sentido_via;condicao_metereologica;tipo_pista;tracado_via;latitude;longitude
02/02/2024;20:00:00;SAO JOSE DOS CAMPOS;Manobra de mudança de faixa;Colisão lateral mesmo sentido;Com Vítimas Feridas;Plena Noite;Decrescente;Nublado;Múltipla;Reta;-2.319.542.994;-4.587.176.303
02/02/2024;21:00:00;BARRA MANSA;Condutor usando celular;Colisão com objeto;Com Vítimas Feridas;Plena Noite;Crescente;Nublado;Dupla;"Reta;Declive";-2.254.744.306;-441.836.602
02/02/2024;18:30:00;SERRA TALHADA;Acesso irregular;Queda de ocupante de veículo;Com Vítimas Feridas;Plena Noite;Decrescente;Céu Claro;Simples;Curva;-798.261.841;-3.830.039.606
02/02/2024;21:00:00;JARU;Velocidade Incompatível;Saída de leito carroçável;Com Vítimas Feridas;Plena Noite;Decrescente;Garoa/Chuvisco;Simples;"Declive;Reta";-1.037.739.925;-6.255.303.028
02/02/2024;22:50:00;VARGEM;Velocidade Incompatível;Saída de leito carroçável;Sem Vítimas;Plena Noite;Crescente;Céu Claro;Simples;"Aclive;Curva";-27.538.227;-50.860.825
02/02/2024;19:05:00;SANTA INES;Ultrapassagem Indevida;Colisão frontal;Com Vítimas Feridas;Plena Noite;Crescente;Nublado;Simples;Reta;-3.676.243;-45.389.366
02/02/2024;23:30:00;FRUTAL;Velocidade Incompatível;Saída de leito carroçável;Com Vítimas Feridas;Plena Noite;Crescente;Nublado;Dupla;Rotatória;-2.001.975;-4.904.769
03/02/2024;01:30:00;CAMPINA GRANDE;Animais na Pista;Atropelamento de Animal;Com Vítimas Fatais;Plena Noite;Crescente;Céu Claro;Simples;Reta;-719.637.839;-3.587.571.339
03/02/2024;03:58:00;RIO BRILHANTE;Animais na Pista;Atropelamento de Animal;Com Vítimas Feridas;Plena Noite;Crescente;Céu Claro;Simples;Reta;-2.174.228.579;-5.451.550.554
03/02/2024;02:20:00;CASCAVEL;Ultrapassagem Indevida;Colisão frontal;Com Vítimas Fatais;Plena Noite;Decrescente;Céu Claro;Simples;Reta;-2.498.120.697;-5.345.591.501
03/02/2024;07:00:00;PALHOCA;Conversão proibida;Colisão traseira;Com Vítimas Feridas;Pleno dia;Decrescente;Céu Claro;Simples;Reta;-27.665.707;-48.688.065
02/02/2024;19:50:00;VILHENA;Manobra de mudança de faixa;Colisão lateral mesmo sentido;Com Vítimas Feridas;Plena Noite;Decrescente;Céu Claro;Dupla;Reta;-1.273.306.632;-6.012.981.255
03/02/2024;10:20:00;JOINVILLE;Manobra de mudança de faixa;Colisão transversal;Com Vítimas Feridas;Pleno dia;Decrescente;Céu Claro;Dupla;Interseção de Vias;-2.640.231.201;-4.883.969.703
03/02/2024;01:00:00;VIANA;Velocidade Incompatível;Saída de leito carroçável;Com Vítimas Feridas;Plena Noite;Decrescente;Chuva;Simples;Curva;-2.038.398.959;-4.055.226.465
03/02/2024;06:30:00;PAULO LOPES;Velocidade Incompatível;Saída de leito carroçável;Com Vítimas Feridas;Amanhecer;Crescente;Céu Claro;Dupla;Reta;-2.789.294.003;-4.864.821.868
03/02/2024;11:40:00;TERESINA;Manobra de mudança de faixa;Colisão lateral mesmo sentido;Com Vítimas Feridas;Pleno dia;Decrescente;Céu Claro;Dupla;"Reta;Retorno Regulamentado";-5.057.786;-42.688.541
03/02/2024;14:15:00;PALMARES;Acesso irregular;Colisão transversal;Com Vítimas Feridas;Pleno dia;Crescente;Céu Claro;Dupla;Reta;-8.680.049;-35.577.678
03/02/2024;15:15:00;ESTIVA;Velocidade Incompatível;Saída de leito carroçável;Com Vítimas Feridas;Pleno dia;Decrescente;Chuva;Dupla;Curva;-22.472.813;-4.601.072.791
03/02/2024;15:40:00;JOINVILLE;Velocidade Incompatível;Colisão traseira;Com Vítimas Feridas;Pleno dia;Crescente;Céu Claro;Dupla;Curva;-2.636.422.336;-4.885.892.093
03/02/2024;15:50:00;BARRA VELHA;Manobra de mudança de faixa;Colisão lateral mesmo sentido;Com Vítimas Feridas;Pleno dia;Crescente;Sol;Dupla;Reta;-2.669.940.401;-4.869.902.784
03/02/2024;17:00:00;SAO CRISTOVAO;Condutor usando celular;Queda de ocupante de veículo;Com Vítimas Feridas;Pleno dia;Decrescente;Céu Claro;Dupla;"Reta;Declive";-1.094.481.346;-372.027.868
03/02/2024;18:00:00;LAGES;Desrespeitar a preferência no cruzamento;Colisão transversal;Com Vítimas Feridas;Pleno dia;Decrescente;Céu Claro;Simples;Interseção de Vias;-27.797.529;-50.291.862
03/02/2024;18:20:00;EMBU DAS ARTES;Velocidade Incompatível;Capotamento;Sem Vítimas;Pleno dia;Crescente;Céu Claro;Dupla;Reta;-2.365.958.827;-4.685.135.901
03/02/2024;19:40:00;BRASILIA;Manobra de mudança de faixa;Colisão traseira;Com Vítimas Feridas;Plena Noite;Crescente;Céu Claro;Dupla;"Reta;Declive";-15.795.264;-48.063.801
03/02/2024;20:10:00;CRISTALINA;Velocidade Incompatível;Colisão traseira;Com Vítimas Feridas;Plena Noite;Decrescente;Céu Claro;Simples;Reta;-1.614.941.834;-4.748.138.915
03/02/2024;19:30:00;IMBITUVA;Chuva;Saída de leito carroçável;Com Vítimas Feridas;Plena Noite;Crescente;Chuva;Simples;Reta;-2.518.503.294;-5.068.743.801
03/02/2024;19:40:00;FERVEDOURO;Manobra de mudança de faixa;Colisão frontal;Com Vítimas Feridas;Pleno dia;Crescente;Chuva;Simples;Curva;-2.071.135.078;-4.228.083.825
03/02/2024;19:30:00;DOIS RIACHOS;Animais na Pista;Saída de leito carroçável;Com Vítimas Feridas;Plena Noite;Decrescente;Céu Claro;Simples;Reta;-938.781.218;-3.712.517.901
03/02/2024;23:20:00;UPANEMA;Animais na Pista;Atropelamento de Animal;Com Vítimas Feridas;Plena Noite;Crescente;Céu Claro;Simples;Reta;-563.767.789;-3.726.086.785
03/02/2024;22:11:00;SERRA TALHADA;Animais na Pista;Atropelamento de Animal;Com Vítimas Feridas;Plena Noite;Crescente;Nublado;Simples;Curva;-798.377.927;-383.208.774
03/02/2024;21:45:00;ANGRA DOS REIS;Ultrapassagem Indevida;Colisão frontal;Com Vítimas Fatais;Plena Noite;Decrescente;Nublado;Simples;Reta;-2.292.611.482;-4.437.184.811
04/02/2024;01:00:00;PORTO BELO;Ultrapassagem Indevida;Colisão lateral mesmo sentido;Com Vítimas Feridas;Plena Noite;Decrescente;Céu Claro;Dupla;Curva;-27.172.272;-4.861.170.204
03/02/2024;22:45:00;CHUI;Velocidade Incompatível;Colisão lateral mesmo sentido;Com Vítimas Feridas;Plena Noite;Crescente;Nublado;Simples;Reta;-33.607.122;-53.399.213
04/02/2024;04:00:00;ANGRA DOS REIS;Velocidade Incompatível;Saída de leito carroçável;Sem Vítimas;Plena Noite;Decrescente;Nublado;Simples;Curva;-230.055.431;-4.426.195.833
04/02/2024;04:20:00;SAO JOAO DE MERITI;Manobra de mudança de faixa;Colisão lateral mesmo sentido;Sem Vítimas;Amanhecer;Decrescente;Nublado;Dupla;Reta;-2.277.496.393;-4.340.081.465
04/02/2024;05:00:00;GUAIBA;Condutor usando celular;Saída de leito carroçável;Sem Vítimas;Amanhecer;Crescente;Céu Claro;Dupla;Reta;-3.025.478.097;-5.140.579.629
04/02/2024;05:00:00;ANGRA DOS REIS;Curva acentuada;Capotamento;Com Vítimas Feridas;Plena Noite;Decrescente;Ignorado;Simples;Curva;-2.299.959.786;-4.447.765.217
04/02/2024;04:00:00;VARZEA GRANDE;Conversão proibida;Saída de leito carroçável;Sem Vítimas;Amanhecer;Decrescente;Céu Claro;Simples;Reta;-1.556.152.886;-5.626.441.956
04/02/2024;08:30:00;MAGE;Velocidade Incompatível;Saída de leito carroçável;Com Vítimas Feridas;Pleno dia;Decrescente;Céu Claro;Dupla;Curva;-2.265.608.024;-4.312.511.494
04/02/2024;08:20:00;PORTO VELHO;Velocidade Incompatível;Colisão com objeto;Com Vítimas Feridas;Pleno dia;Crescente;Nublado;Simples;"Reta;Declive";-877.957.291;-6.389.174.213
04/02/2024;10:00:00;RECIFE;Animais na Pista;Atropelamento de Animal;Com Vítimas Feridas;Pleno dia;Decrescente;Sol;Dupla;Curva;-805.323.195;-3.500.247.996
04/02/2024;08:35:00;GUAMIRANGA;Ultrapassagem Indevida;Colisão lateral mesmo sentido;Com Vítimas Feridas;Pleno dia;Crescente;Céu Claro;Simples;Reta;-2.518.709.486;-5.080.501.378
04/02/2024;11:20:00;CICERO DANTAS;Chuva;Saída de leito carroçável;Com Vítimas Feridas;Pleno dia;Decrescente;Chuva;Simples;Curva;-1.058.317.696;-3.837.435.277
04/02/2024;10:30:00;PETROPOLIS;Velocidade Incompatível;Saída de leito carroçável;Com Vítimas Feridas;Pleno dia;Crescente;Céu Claro;Simples;Curva;-2.247.224.973;-4.322.332.717
04/02/2024;13:30:00;MANDIRITUBA;Velocidade Incompatível;Saída de leito carroçável;Sem Vítimas;Pleno dia;Crescente;Céu Claro;Simples;Reta;-2.577.290.167;-4.932.325.542
04/02/2024;13:09:00;SANTANA DO LIVRAMENTO;Chuva;Saída de leito carroçável;Com Vítimas Feridas;Pleno dia;Decrescente;Chuva;Simples;"Declive;Reta";-306.841.219.007;-551.296.992.373
04/02/2024;02:55:00;INHAMBUPE;Animais na Pista;Atropelamento de Animal;Com Vítimas Feridas;Plena Noite;Crescente;Céu Claro;Simples;Reta;-1.200.087.708;-3.836.487.111
04/02/2024;14:30:00;RESENDE;Acumulo de água sobre o pavimento;Saída de leito carroçável;Com Vítimas Feridas;Pleno dia;Crescente;Chuva;Dupla;"Declive;Reta";-2.245.783.299;-44.418.685
04/02/2024;14:05:00;MURIAE;Ultrapassagem Indevida;Colisão lateral sentido oposto;Com Vítimas Feridas;Pleno dia;Decrescente;Céu Claro;Simples;"Curva;Aclive";-2.101.876.307;-4.236.118.053
04/02/2024;17:10:00;NOSSA SENHORA DO SOCORRO;Demais falhas na via;Queda de ocupante de veículo;Com Vítimas Feridas;Anoitecer;Decrescente;Céu Claro;Simples;Reta;-10.879.177;-37.147.064
04/02/2024;16:15:00;LAGES;Desrespeitar a preferência no cruzamento;Colisão transversal;Sem Vítimas;Pleno dia;Decrescente;Sol;Simples;Interseção de Vias;-2.780.003.629;-5.036.342.561
04/02/2024;16:45:00;LAGOA DO PIAUI;Animais na Pista;Atropelamento de Animal;Com Vítimas Feridas;Pleno dia;Decrescente;Sol;Simples;Reta;-542.838.588;-426.368.727
04/02/2024;13:00:00;MUNDO NOVO;Manobra de mudança de faixa;Colisão lateral sentido oposto;Sem Vítimas;Pleno dia;Decrescente;Céu Claro;Simples;Reta;-2.398.707.101;-5.433.136.162
04/02/2024;15:30:00;PARATY;Pista Escorregadia;Saída de leito carroçável;Com Vítimas Feridas;Pleno dia;Crescente;Chuva;Simples;Curva;-2.314.344.223;-4.469.851.328
04/02/2024;16:50:00;ITAITINGA;Velocidade Incompatível;Colisão frontal;Sem Vítimas;Pleno dia;Crescente;Sol;Dupla;Reta;-390.496.605;-3.850.518.756
04/02/2024;17:50:00;CAICARA DO RIO DO VENTO;Demais falhas na via;Queda de ocupante de veículo;Com Vítimas Feridas;Plena Noite;Decrescente;Céu Claro;Simples;Reta;-5.757.041;-3.598.889
04/02/2024;19:00:00;SAO MIGUEL DOS CAMPOS;Animais na Pista;Atropelamento de Animal;Sem Vítimas;Plena Noite;Crescente;Céu Claro;Dupla;Reta;-9.799.246;-36.111.011
04/02/2024;19:00:00;PROFESSOR JAMIL;Velocidade Incompatível;Colisão lateral mesmo sentido;Sem Vítimas;Plena Noite;Decrescente;Nublado;Dupla;Reta;-172.668;-492.409
04/02/2024;19:30:00;VOLTA REDONDA;Chuva;Colisão traseira;Sem Vítimas;Plena Noite;Crescente;Chuva;Simples;Reta;-2.247.606.388;-4.404.976.392
04/02/2024;14:30:00;SERRA;Pista esburacada;Queda de ocupante de veículo;Com Vítimas Feridas;Pleno dia;Decrescente;Céu Claro;Dupla;"Aclive;Reta";-2.012.455.095;-4.030.331.881
04/02/2024;20:01:00;SAO LOURENCO DA MATA;Frear bruscamente;Colisão com objeto;Com Vítimas Feridas;Plena Noite;Crescente;Céu Claro;Dupla;"Reta;Aclive";-800.448.211;-3.504.643.006
04/02/2024;21:30:00;PALHOCA;Desrespeitar a preferência no cruzamento;Colisão transversal;Sem Vítimas;Plena Noite;Crescente;Céu Claro;Dupla;Interseção de Vias;-2.764.443;-4.867.057
04/02/2024;20:00:00;VACARIA;Animais na Pista;Atropelamento de Animal;Com Vítimas Feridas;Plena Noite;Crescente;Nublado;Simples;Reta;-285.120.121;-5.093.237.991
04/02/2024;19:20:00;COCALZINHO DE GOIAS;Desrespeitar a preferência no cruzamento;Colisão transversal;Com Vítimas Feridas;Plena Noite;Crescente;Céu Claro;Simples;Reta;-1.564.000.592;-4.867.449.613
04/02/2024;21:37:00;CARIACICA;Animais na Pista;Atropelamento de Animal;Sem Vítimas;Plena Noite;Decrescente;Céu Claro;Dupla;Curva;-2.034.029.997;-4.040.405.712
04/02/2024;18:10:00;LAJEDO;Demais falhas na via;Tombamento;Com Vítimas Fatais;Plena Noite;Decrescente;Céu Claro;Simples;Reta;-8.574.665;-36.284.492
04/02/2024;23:30:00;GUARANI DAS MISSOES;Velocidade Incompatível;Saída de leito carroçável;Com Vítimas Feridas;Plena Noite;Crescente;Garoa/Chuvisco;Simples;"Reta;Declive";-2.814.889.778;-5.453.372.955
05/02/2024;00:45:00;VACARIA;Animais na Pista;Atropelamento de Animal;Sem Vítimas;Plena Noite;Crescente;Céu Claro;Simples;Reta;-28.456.049;-50.984.863
05/02/2024;00:40:00;VALPARAISO DE GOIAS;Manobra de mudança de faixa;Colisão transversal;Com Vítimas Feridas;Plena Noite;Crescente;Céu Claro;Dupla;Reta;-16.108.482;-47.972.524
04/02/2024;20:40:00;RIO REAL;Animais na Pista;Atropelamento de Animal;Com Vítimas Feridas;Plena Noite;Decrescente;Céu Claro;Simples;Reta;-1.154.423.305;-3.786.395.083
05/02/2024;02:00:00;CAMPANHA;Animais na Pista;Atropelamento de Animal;Com Vítimas Feridas;Plena Noite;Crescente;Nublado;Dupla;Reta;-2.179.763.003;-4.545.693.799
05/02/2024;02:00:00;CURITIBA;Velocidade Incompatível;Colisão com objeto;Sem Vítimas;Plena Noite;Crescente;Céu Claro;Dupla;Reta;-254.556;-49.224.113
05/02/2024;03:00:00;EUNAPOLIS;Velocidade Incompatível;Atropelamento de Pedestre;Com Vítimas Feridas;Plena Noite;Decrescente;Céu Claro;Simples;Reta;-1.635.948;-3.957.976
05/02/2024;05:30:00;ANAPOLIS;Pista esburacada;Tombamento;Com Vítimas Feridas;Amanhecer;Decrescente;Céu Claro;Dupla;Declive;-163.979;-489.664
05/02/2024;07:01:00;MACAIBA;Conversão proibida;Colisão transversal;Com Vítimas Feridas;Pleno dia;Crescente;Céu Claro;Simples;"Em Obras;Reta";-586.534.101;-35.340.694
05/02/2024;05:55:00;SOBRAL;Manobra de mudança de faixa;Colisão lateral sentido oposto;Sem Vítimas;Pleno dia;Decrescente;Céu Claro;Simples;Reta;-370.054.016;-4.039.250.394
05/02/2024;06:40:00;GASPAR;Manobra de mudança de faixa;Colisão traseira;Com Vítimas Feridas;Pleno dia;Crescente;Céu Claro;Dupla;Reta;-2.689.362;-48.903.973
05/02/2024;05:45:00;CEU AZUL;Velocidade Incompatível;Saída de leito carroçável;Sem Vítimas;Amanhecer;Decrescente;Céu Claro;Simples;Reta;-2.508.307.845;-5.371.064.083
04/02/2024;19:31:00;PETROLANDIA;Ultrapassagem Indevida;Colisão frontal;Com Vítimas Fatais;Plena Noite;Crescente;Céu Claro;Simples;Reta;-898.756.299;-3.821.647.593
04/02/2024;02:30:00;ITATIRA;Animais na Pista;Atropelamento de Animal;Com Vítimas Feridas;Plena Noite;Decrescente;Céu Claro;Simples;Reta;-471.137.187;-3.946.231.418
04/02/2024;22:30:00;TERESOPOLIS;Velocidade Incompatível;Atropelamento de Pedestre;Com Vítimas Feridas;Plena Noite;Crescente;Chuva;Simples;Reta;-2.213.943.547;-4.278.660.142
05/02/2024;08:30:00;CARUARU;Ultrapassagem Indevida;Colisão frontal;Com Vítimas Fatais;Pleno dia;Crescente;Céu Claro;Simples;Reta;-8.358.562;-35.985.699
05/02/2024;10:00:00;SAO JOSE;Desrespeitar a preferência no cruzamento;Colisão transversal;Com Vítimas Feridas;Pleno dia;Decrescente;Sol;Dupla;"Interseção de Vias;Rotatória";-2.756.611.274;-4.861.304.283
04/02/2024;18:20:00;HUMAITA;Pista Escorregadia;Saída de leito carroçável;Sem Vítimas;Anoitecer;Crescente;Chuva;Simples;Reta;-754.718.106;-6.287.869.309
05/02/2024;08:00:00;NAVEGANTES;Desrespeitar a preferência no cruzamento;Colisão transversal;Com Vítimas Feridas;Pleno dia;Crescente;Céu Claro;Múltipla;Reta;-26.875.383;-48.668.285
05/02/2024;11:50:00;MACAPA;Acesso irregular;Colisão lateral mesmo sentido;Sem Vítimas;Pleno dia;Crescente;Céu Claro;Dupla;Retorno Regulamentado;0.07816717;-5.106.998.693
05/02/2024;12:11:00;MACAIBA;Acesso irregular;Colisão transversal;Com Vítimas Feridas;Pleno dia;Crescente;Céu Claro;Dupla;"Reta;Em Obras";-586.605.927;-3.535.822.096
05/02/2024;12:10:00;BRASILIA;Manobra de mudança de faixa;Colisão lateral mesmo sentido;Com Vítimas Feridas;Pleno dia;Crescente;Céu Claro;Dupla;Reta;-15.675.205;-48.204.636
05/02/2024;12:10:00;JOINVILLE;Desrespeitar a preferência no cruzamento;Colisão transversal;Com Vítimas Feridas;Pleno dia;Decrescente;Sol;Dupla;Interseção de Vias;-26.296.366;-48.884.204
05/02/2024;12:00:00;SAO SEBASTIAO DO PASSE;Manobra de mudança de faixa;Colisão lateral mesmo sentido;Sem Vítimas;Pleno dia;Decrescente;Céu Claro;Dupla;Reta;-1.249.250.283;-3.865.366.887
05/02/2024;11:35:00;SAO GONCALO;Manobra de mudança de faixa;Colisão com objeto;Com Vítimas Feridas;Pleno dia;Decrescente;Céu Claro;Múltipla;Reta;-227.828.205;-429.766.681
05/02/2024;12:45:00;JURANDA;Acumulo de areia ou detritos sobre o pavimento;Saída de leito carroçável;Com Vítimas Feridas;Pleno dia;Decrescente;Chuva;Simples;Curva;-2.436.429.887;-5.275.497.437
05/02/2024;09:00:00;BARRA MANSA;Velocidade Incompatível;Tombamento;Com Vítimas Feridas;Pleno dia;Decrescente;Sol;Dupla;Curva;-2.256.100.142;-4.413.833.993
05/02/2024;14:00:00;VARZEA GRANDE;Ultrapassagem Indevida;Colisão lateral sentido oposto;Com Vítimas Feridas;Pleno dia;Crescente;Nublado;Simples;Reta;-15.670.593;-56.179.966
05/02/2024;15:30:00;BREJOES;Desrespeitar a preferência no cruzamento;Colisão transversal;Com Vítimas Feridas;Pleno dia;Crescente;Céu Claro;Simples;Interseção de Vias;-1.298.625.197;-3.994.414.505
05/02/2024;17:55:00;LAGES;Desrespeitar a preferência no cruzamento;Colisão transversal;Com Vítimas Feridas;Pleno dia;Decrescente;Nublado;Simples;Rotatória;-2.781.188.263;-5.036.785.126
05/02/2024;17:45:00;UBATUBA;Desrespeitar a preferência no cruzamento;Colisão transversal;Com Vítimas Feridas;Anoitecer;Decrescente;Céu Claro;Simples;Rotatória;-234.623.355;-4.506.476.561
05/02/2024;18:00:00;BRASILIA;Frear bruscamente;Capotamento;Com Vítimas Feridas;Anoitecer;Crescente;Céu Claro;Múltipla;Reta;-15.630.189;-47.733.288
05/02/2024;17:15:00;SANTO ANTONIO DO AMPARO;Chuva;Colisão com objeto;Sem Vítimas;Pleno dia;Decrescente;Chuva;Dupla;Curva;-2.097.575.268;-4.493.997.846
05/02/2024;17:30:00;PARACATU;Desrespeitar a preferência no cruzamento;Colisão transversal;Com Vítimas Feridas;Anoitecer;Crescente;Nublado;Simples;"Reta;Interseção de Vias;Aclive";-172.188.441;-468.666.753
05/02/2024;17:30:00;ANGRA DOS REIS;Manobra de mudança de faixa;Colisão transversal;Com Vítimas Feridas;Pleno dia;Decrescente;Céu Claro;Simples;Curva;-2.302.147.898;-4.452.344.494
05/02/2024;19:00:00;SANTA MARIA;Manobra de mudança de faixa;Colisão lateral mesmo sentido;Com Vítimas Feridas;Anoitecer;Crescente;Céu Claro;Múltipla;Reta;-2.970.975.376;-5.380.284.617
05/02/2024;16:40:00;PARA DE MINAS;Velocidade Incompatível;Saída de leito carroçável;Sem Vítimas;Pleno dia;Crescente;Chuva;Dupla;Reta;-1.988.464.192;-4.461.618.402
05/02/2024;20:00:00;FLORIANOPOLIS;Manobra de mudança de faixa;Colisão lateral mesmo sentido;Com Vítimas Feridas;Plena Noite;Crescente;Céu Claro;Múltipla;Reta;-27.600.384;-48.599.705
05/02/2024;19:50:00;UBERABA;Velocidade Incompatível;Colisão com objeto;Sem Vítimas;Plena Noite;Crescente;Garoa/Chuvisco;Dupla;"Reta;Declive";-1.977.919.981;-47.960.032
05/02/2024;20:15:00;BETIM;Acumulo de água sobre o pavimento;Colisão traseira;Com Vítimas Feridas;Plena Noite;Decrescente;Chuva;Múltipla;Reta;-19.985.563;-4.420.318
05/02/2024;18:00:00;MONTE ALEGRE DE MINAS;Acumulo de água sobre o pavimento;Saída de leito carroçável;Com Vítimas Feridas;Plena Noite;Decrescente;Chuva;Dupla;Curva;-1.885.288.291;-4.878.157.697
05/02/2024;19:10:00;DUQUE DE CAXIAS;Manobra de mudança de faixa;Colisão lateral mesmo sentido;Com Vítimas Feridas;Plena Noite;Decrescente;Céu Claro;Dupla;Curva;-2.279.907.687;-4.329.015.739
05/02/2024;20:30:00;RIO NEGRO;Manobra de mudança de faixa;Colisão lateral mesmo sentido;Com Vítimas Feridas;Plena Noite;Decrescente;Céu Claro;Dupla;"Curva;Interseção de Vias";-2.607.620.916;-4.975.230.908
05/02/2024;21:40:00;PARATY;Frear bruscamente;Colisão traseira;Com Vítimas Feridas;Plena Noite;Decrescente;Céu Claro;Simples;Reta;-2.316.158.918;-4.470.946.312
05/02/2024;22:40:00;MANDIRITUBA;Desrespeitar a preferência no cruzamento;Colisão transversal;Com Vítimas Feridas;Plena Noite;Decrescente;Nublado;Simples;Rotatória;-25.862.109;-49.361.675
05/02/2024;19:30:00;PIANCO;Animais na Pista;Atropelamento de Animal;Sem Vítimas;Plena Noite;Crescente;Céu Claro;Simples;Reta;-718.842.343;-3.791.178.106
05/02/2024;20:15:00;SAO CRISTOVAO DO SUL;Velocidade Incompatível;Saída de leito carroçável;Com Vítimas Feridas;Plena Noite;Crescente;Céu Claro;Simples;"Retorno Regulamentado;Reta";-2.723.313.103;-5.046.402.807
05/02/2024;21:10:00;BALNEARIO CAMBORIU;Velocidade Incompatível;Colisão traseira;Com Vítimas Feridas;Plena Noite;Decrescente;Céu Claro;Múltipla;Reta;-2.699.064.209;-4.866.310.912
06/02/2024;00:10:00;INDAIAL;Ausência de sinalização;Queda de ocupante de veículo;Com Vítimas Feridas;Plena Noite;Decrescente;Nublado;Dupla;Reta;-2.688.138;-49.164.543
06/02/2024;01:00:00;CURITIBA;Velocidade Incompatível;Saída de leito carroçável;Com Vítimas Feridas;Plena Noite;Decrescente;Céu Claro;Dupla;Curva;-2.556.982.381;-4.917.934.299
05/02/2024;21:45:00;SANTA VITORIA;Velocidade Incompatível;Tombamento;Com Vítimas Feridas;Plena Noite;Crescente;Garoa/Chuvisco;Simples;Reta;-1.889.038.399;-50.001.528
06/02/2024;04:00:00;VARZEA GRANDE;Chuva;Saída de leito carroçável;Sem Vítimas;Plena Noite;Crescente;Chuva;Simples;Curva;-156.009.673;-562.085.706
06/02/2024;07:10:00;PALHOCA;Acesso irregular;Colisão lateral mesmo sentido;Com Vítimas Feridas;Pleno dia;Crescente;Sol;Simples;Reta;-27.658.611;-48.681.847
06/02/2024;06:45:00;TUBARAO;Manobra de mudança de faixa;Colisão traseira;Com Vítimas Feridas;Pleno dia;Crescente;Céu Claro;Dupla;Curva;-2.846.349.826;-4.899.274.707
06/02/2024;07:25:00;JOAO PESSOA;Conversão proibida;Colisão lateral mesmo sentido;Com Vítimas Feridas;Pleno dia;Decrescente;Céu Claro;Simples;Curva;-7.170.636;-34.871.235
06/02/2024;08:40:00;GOIANIA;Animais na Pista;Atropelamento de Animal;Com Vítimas Feridas;Pleno dia;Decrescente;Céu Claro;Dupla;Aclive;-167.002;-493.335
06/02/2024;09:40:00;GRAVATA;Frear bruscamente;Colisão transversal;Com Vítimas Feridas;Pleno dia;Crescente;Sol;Simples;Reta;-819.697.746;-3.557.850.408
06/02/2024;07:45:00;CAETE;Manobra de mudança de faixa;Colisão lateral mesmo sentido;Com Vítimas Feridas;Pleno dia;Decrescente;Nublado;Dupla;"Reta;Aclive";-1.976.425.109;-4.364.210.754
06/02/2024;07:05:00;NOVA SERRANA;Manobra de mudança de faixa;Colisão lateral mesmo sentido;Com Vítimas Feridas;Pleno dia;Crescente;Sol;Dupla;Reta;-1.989.280.962;-44.878.453
06/02/2024;10:15:00;LAGUNA;Acumulo de areia ou detritos sobre o pavimento;Tombamento;Com Vítimas Feridas;Pleno dia;Decrescente;Céu Claro;Simples;Reta;-2.840.755.485;-4.879.169.438
06/02/2024;12:05:00;CURITIBA;Desvio temporário;Colisão lateral mesmo sentido;Sem Vítimas;Pleno dia;Crescente;Céu Claro;Simples;"Em Obras;Curva;Desvio Temporário";-25.385.775;-49.203.377
06/02/2024;10:50:00;ALTOS;Frear bruscamente;Colisão traseira;Sem Vítimas;Pleno dia;Decrescente;Céu Claro;Simples;Reta;-5.038.669;-42.468.166
06/02/2024;10:20:00;MONTE NEGRO;Acesso irregular;Colisão transversal;Com Vítimas Feridas;Pleno dia;Crescente;Céu Claro;Simples;Reta;-10.260.859;-6.329.063
06/02/2024;12:35:00;LAGES;Desrespeitar a preferência no cruzamento;Colisão transversal;Com Vítimas Feridas;Pleno dia;Crescente;Céu Claro;Simples;"Reta;Interseção de Vias";-2.780.419.942;-5.036.509.464
06/02/2024;14:57:00;EXTREMOZ;Desrespeitar a preferência no cruzamento;Colisão transversal;Com Vítimas Feridas;Pleno dia;Crescente;Céu Claro;Simples;"Reta;Interseção de Vias;Aclive";-567.171.885;-3.525.903.225
06/02/2024;14:30:00;CABEDELO;Manobra de mudança de faixa;Colisão lateral mesmo sentido;Com Vítimas Feridas;Pleno dia;Crescente;Céu Claro;Simples;Reta;-7.026;-348.385
06/02/2024;14:30:00;CAMPINA GRANDE;Pista Escorregadia;Tombamento;Com Vítimas Feridas;Pleno dia;Decrescente;Céu Claro;Simples;"Reta;Declive";-72.693;-359.138
06/02/2024;13:40:00;MONTE ALEGRE DE MINAS;Ultrapassagem Indevida;Saída de leito carroçável;Com Vítimas Feridas;Pleno dia;Crescente;Nublado;Simples;Reta;-1.887.927.867;-49.092.531
06/02/2024;16:40:00;COLATINA;Velocidade Incompatível;Colisão traseira;Com Vítimas Feridas;Pleno dia;Crescente;Nublado;Simples;Reta;-1.955.497.477;-4.055.429.757
06/02/2024;14:10:00;SOUSA;Ultrapassagem Indevida;Saída de leito carroçável;Com Vítimas Feridas;Pleno dia;Decrescente;Céu Claro;Simples;Reta;-677.861.015;-3.823.404.908
06/02/2024;16:50:00;JANDAIA DO SUL;Desrespeitar a preferência no cruzamento;Colisão transversal;Com Vítimas Feridas;Pleno dia;Crescente;Céu Claro;Simples;"Interseção de Vias;Em Obras";-2.359.517.752;-5.164.132.118