data_inversa;horario;municipio;causa_acidente;tipo_acidente;classificacao_acidente;fase_dia;sentido_via;condicao_metereologica;tipo_pista;tracado_via;latitude;longitude
12/02/2024;18:05:00;GUARATINGUETA;Curva acentuada;Colisão com objeto;Com Vítimas Feridas;Anoitecer;Crescente;Chuva;Dupla;Curva;-22.823.273;-45.192.806
12/02/2024;17:30:00;PIRAI;Pista Escorregadia;Queda de ocupante de veículo;Com Vítimas Feridas;Pleno dia;Crescente;Chuva;Dupla;Reta;-2.258.138.777;-4.402.160.689
12/02/2024;16:30:00;JOAO PINHEIRO;Ultrapassagem Indevida;Colisão frontal;Com Vítimas Fatais;Pleno dia;Crescente;Céu Claro;Simples;"Declive;Reta";-1.800.126.118;-4.585.592.693
12/02/2024;18:20:00;FUNDAO;Ultrapassagem Indevida;Colisão lateral sentido oposto;Com Vítimas Feridas;Plena Noite;Crescente;Céu Claro;Simples;Reta;-1.997.811.606;-4.040.780.888
12/02/2024;18:10:00;QUEIMADOS;Velocidade Incompatível;Queda de ocupante de veículo;Com Vítimas Feridas;Anoitecer;Decrescente;Nublado;Dupla;Reta;-2.273.960.178;-4.352.859.094
12/02/2024;18:30:00;LAGOA VERMELHA;Ultrapassagem Indevida;Saída de leito carroçável;Com Vítimas Feridas;Pleno dia;Crescente;Céu Claro;Simples;Curva;-28.292.761;-51.413.475
11/02/2024;13:44:00;BENEVIDES;Manobra de mudança de faixa;Colisão traseira;Com Vítimas Feridas;Pleno dia;Crescente;Sol;Dupla;Reta;-13.642.339;-48.266.582
12/02/2024;17:30:00;SANTO AMARO DA IMPERATRIZ;Desrespeitar a preferência no cruzamento;Colisão lateral sentido oposto;Com Vítimas Feridas;Pleno dia;Decrescente;Céu Claro;Múltipla;"Interseção de Vias;Viaduto";-2.768.268;-48.744.614
12/02/2024;20:00:00;CARATINGA;Desrespeitar a preferência no cruzamento;Colisão transversal;Com Vítimas Feridas;Plena Noite;Decrescente;Céu Claro;Simples;"Interseção de Vias;Reta";-1.980.209.596;-4.213.678.193
12/02/2024;20:30:00;LINHARES;Manobra de mudança de faixa;Colisão lateral mesmo sentido;Sem Vítimas;Plena Noite;Crescente;Céu Claro;Dupla;Reta;-1.935.188.295;-400.636.685
12/02/2024;21:00:00;ARARANGUA;Manobra de mudança de faixa;Colisão transversal;Com Vítimas Feridas;Plena Noite;Decrescente;Céu Claro;Múltipla;"Reta;Interseção de Vias";-2.896.040.535;-4.951.653.267
12/02/2024;22:30:00;CANOAS;Manobra de mudança de faixa;Colisão traseira;Com Vítimas Feridas;Plena Noite;Decrescente;Céu Claro;Simples;Reta;-29.914.435;-5.117.754.495
12/02/2024;21:40:00;ARARANGUA;Velocidade Incompatível;Colisão lateral mesmo sentido;Com Vítimas Feridas;Plena Noite;Crescente;Ignorado;Simples;Reta;-2.896.729.786;-4.952.259.064
12/02/2024;21:50:00;ANAPOLIS;Animais na Pista;Atropelamento de Animal;Com Vítimas Feridas;Plena Noite;Decrescente;Céu Claro;Dupla;"Reta;Aclive";-16.406;-489.831
12/02/2024;21:28:00;SINOP;Velocidade Incompatível;Colisão lateral mesmo sentido;Com Vítimas Feridas;Plena Noite;Crescente;Nublado;Simples;Reta;-1.191.194.923;-5.550.831.556
13/02/2024;01:20:00;ARAPONGAS;Frear bruscamente;Colisão traseira;Com Vítimas Feridas;Plena Noite;Crescente;Nublado;Dupla;"Retorno Regulamentado;Reta";-23.442.937;-5.142.273
13/02/2024;03:30:00;SETE DE SETEMBRO;Velocidade Incompatível;Saída de leito carroçável;Com Vítimas Feridas;Plena Noite;Crescente;Chuva;Simples;Curva;-2.817.099.378;-544.152.832
13/02/2024;07:45:00;CASCAVEL;Desrespeitar a preferência no cruzamento;Colisão transversal;Sem Vítimas;Pleno dia;Crescente;Céu Claro;Simples;Interseção de Vias;-249.649.472;-534.210.459
13/02/2024;07:39:00;GURINHEM;Pista Escorregadia;Tombamento;Com Vítimas Fatais;Pleno dia;Decrescente;Chuva;Dupla;Reta;-71.746;-354.022
13/02/2024;07:30:00;NOVA IGUACU;Manobra de mudança de faixa;Colisão lateral mesmo sentido;Com Vítimas Feridas;Pleno dia;Crescente;Céu Claro;Dupla;Reta;-2.274.647.215;-4.344.594.311
09/02/2024;12:30:00;SAO JOSE DA VITORIA;Chuva;Saída de leito carroçável;Com Vítimas Feridas;Pleno dia;Decrescente;Chuva;Simples;Curva;-1.509.587.628;-3.935.412.884
13/02/2024;06:40:00;ESCADA;Acumulo de água sobre o pavimento;Saída de leito carroçável;Sem Vítimas;Pleno dia;Crescente;Chuva;Múltipla;Curva;-835.274.267;-3.515.136.019
13/02/2024;07:35:00;PAULISTA;Velocidade Incompatível;Saída de leito carroçável;Com Vítimas Feridas;Pleno dia;Decrescente;Céu Claro;Dupla;Reta;-79.169.968;-3.489.689.272
13/02/2024;10:30:00;BETIM;Manobra de mudança de faixa;Colisão lateral mesmo sentido;Com Vítimas Feridas;Pleno dia;Crescente;Céu Claro;Dupla;"Reta;Aclive";-2.002.813;-4.423.418
13/02/2024;12:00:00;TANGUA;Velocidade Incompatível;Colisão com objeto;Com Vítimas Feridas;Pleno dia;Crescente;Céu Claro;Dupla;Reta;-2.273.786.208;-4.278.692.501
13/02/2024;12:40:00;TRIUNFO;Acumulo de água sobre o pavimento;Saída de leito carroçável;Com Vítimas Feridas;Pleno dia;Decrescente;Chuva;Dupla;"Curva;Declive";-29.732.574;-51.631.935
13/02/2024;11:00:00;DUQUE DE CAXIAS;Manobra de mudança de faixa;Colisão transversal;Sem Vítimas;Pleno dia;Crescente;Céu Claro;Simples;Curva;-22.807.953;-43.289.124
13/02/2024;07:20:00;NAVEGANTES;Velocidade Incompatível;Saída de leito carroçável;Com Vítimas Feridas;Pleno dia;Decrescente;Céu Claro;Dupla;Viaduto;-2.683.955.734;-4.871.418.074
13/02/2024;13:40:00;POUSO NOVO;Chuva;Saída de leito carroçável;Com Vítimas Feridas;Pleno dia;Decrescente;Chuva;Simples;"Curva;Aclive";-29.209.391;-52.178.665
13/02/2024;13:00:00;CANDOI;Chuva;Saída de leito carroçável;Com Vítimas Feridas;Pleno dia;Decrescente;Chuva;Simples;"Aclive;Reta";-2.545.842.513;-5.196.393.708
13/02/2024;13:45:00;PONTA GROSSA;Velocidade Incompatível;Capotamento;Com Vítimas Feridas;Pleno dia;Crescente;Chuva;Simples;Curva;-25.052.328;-50.320.107
13/02/2024;15:30:00;JOAO PESSOA;Manobra de mudança de faixa;Colisão lateral mesmo sentido;Com Vítimas Feridas;Pleno dia;Decrescente;Céu Claro;Dupla;Reta;-71.039;-348.458
13/02/2024;15:50:00;CACOAL;Desrespeitar a preferência no cruzamento;Colisão transversal;Com Vítimas Feridas;Pleno dia;Crescente;Chuva;Simples;"Rotatória;Reta";-1.144.082;-61.487.685
13/02/2024;16:30:00;SAO LEOPOLDO;Acumulo de água sobre o pavimento;Tombamento;Com Vítimas Feridas;Pleno dia;Decrescente;Chuva;Dupla;Curva;-2.968.739.789;-5.114.197.352
13/02/2024;16:45:00;CAMBUI;Velocidade Incompatível;Capotamento;Com Vítimas Feridas;Pleno dia;Decrescente;Chuva;Dupla;"Declive;Curva";-2.271.022.398;-4.612.178.305
13/02/2024;17:10:00;SENADOR JOSE BENTO;Velocidade Incompatível;Colisão com objeto;Com Vítimas Feridas;Pleno dia;Decrescente;Céu Claro;Simples;"Curva;Aclive";-221.350.568;-461.614.193
13/02/2024;15:54:00;ACU;Acumulo de água sobre o pavimento;Saída de leito carroçável;Com Vítimas Feridas;Pleno dia;Decrescente;Chuva;Simples;Reta;-557.799.445;-3.702.489.374
13/02/2024;17:30:00;PLANALTO;Manobra de mudança de faixa;Colisão traseira;Com Vítimas Feridas;Pleno dia;Crescente;Céu Claro;Simples;Reta;-146.157.981;-4.044.411.375
13/02/2024;17:35:00;BAYEUX;Manobra de mudança de faixa;Colisão lateral mesmo sentido;Com Vítimas Feridas;Anoitecer;Decrescente;Céu Claro;Dupla;"Reta;Retorno Regulamentado";-712.911;-3.493.714
13/02/2024;17:00:00;TRIUNFO;Velocidade Incompatível;Colisão frontal;Com Vítimas Feridas;Pleno dia;Decrescente;Chuva;Simples;Reta;-29.751.001;-51.599.842
13/02/2024;15:30:00;JARU;Desrespeitar a preferência no cruzamento;Colisão transversal;Com Vítimas Feridas;Pleno dia;Decrescente;Céu Claro;Simples;"Reta;Interseção de Vias";-1.044.313.339;-6.246.678.341
13/02/2024;17:40:00;XANXERE;Manobra de mudança de faixa;Tombamento;Com Vítimas Feridas;Pleno dia;Crescente;Nublado;Dupla;"Rotatória;Reta";-2.688.252.479;-5.238.010.168
13/02/2024;18:00:00;PORTO ALEGRE;Chuva;Tombamento;Com Vítimas Feridas;Pleno dia;Decrescente;Chuva;Dupla;"Curva;Viaduto;Aclive";-29.973.856;-51.197.853
13/02/2024;18:30:00;CAJATI;Acostamento em desnível;Saída de leito carroçável;Com Vítimas Feridas;Anoitecer;Decrescente;Nublado;Dupla;Reta;-2.474.308.052;-481.325.941
13/02/2024;19:15:00;PELOTAS;Desrespeitar a preferência no cruzamento;Colisão transversal;Com Vítimas Feridas;Anoitecer;Crescente;Céu Claro;Simples;Interseção de Vias;-3.167.908.686;-5.234.256.731
13/02/2024;19:00:00;SAO GONCALO;Manobra de mudança de faixa;Colisão com objeto;Com Vítimas Feridas;Plena Noite;Crescente;Céu Claro;Múltipla;Reta;-2.278.702.832;-4.299.589.293
13/02/2024;17:20:00;SEROPEDICA;Conversão proibida;Colisão transversal;Com Vítimas Feridas;Pleno dia;Crescente;Céu Claro;Simples;Reta;-2.273.427;-43.711.994
13/02/2024;18:40:00;EXTREMA;Velocidade Incompatível;Tombamento;Com Vítimas Feridas;Plena Noite;Crescente;Chuva;Dupla;Reta;-2.283.909.203;-4.632.850.893
13/02/2024;16:50:00;LAVRAS;Chuva;Capotamento;Com Vítimas Feridas;Anoitecer;Decrescente;Nublado;Dupla;Curva;-2.134.177.704;-4.517.643.719
13/02/2024;19:40:00;VITORIA DA CONQUISTA;Animais na Pista;Atropelamento de Animal;Com Vítimas Feridas;Plena Noite;Decrescente;Nublado;Simples;"Reta;Declive";-1.482.556;-40.873.963
13/02/2024;19:00:00;PONTES E LACERDA;Ultrapassagem Indevida;Colisão lateral mesmo sentido;Sem Vítimas;Anoitecer;Crescente;Chuva;Simples;Reta;-152.409.896;-593.351.677
13/02/2024;20:44:00;LUZIANIA;Velocidade Incompatível;Atropelamento de Pedestre;Com Vítimas Feridas;Plena Noite;Crescente;Céu Claro;Dupla;Reta;-16.131.158;-47.957.739
13/02/2024;19:55:00;VILA NOVA DO SUL;Acesso irregular;Colisão traseira;Com Vítimas Feridas;Plena Noite;Crescente;Céu Claro;Simples;Reta;-3.034.336.067;-5.388.762.295
13/02/2024;20:00:00;CAXIAS DO SUL;Chuva;Saída de leito carroçável;Com Vítimas Feridas;Plena Noite;Crescente;Chuva;Dupla;Curva;-2.915.444.539;-5.115.101.681
13/02/2024;19:00:00;TRES LAGOAS;Animais na Pista;Atropelamento de Animal;Com Vítimas Feridas;Plena Noite;Decrescente;Céu Claro;Simples;Reta;-206.153.519;-5.238.313.296
13/02/2024;20:25:00;BARAO;Conversão proibida;Colisão traseira;Sem Vítimas;Plena Noite;Crescente;Garoa/Chuvisco;Simples;Reta;-2.938.948;-51.494.038
13/02/2024;22:15:00;UBATUBA;Modificação proibida;Colisão traseira;Com Vítimas Feridas;Plena Noite;Decrescente;Céu Claro;Simples;Reta;-2.344.410.908;-4.508.375.708
13/02/2024;23:00:00;SAO LEOPOLDO;Pista esburacada;Colisão frontal;Com Vítimas Feridas;Plena Noite;Crescente;Nublado;Simples;"Curva;Viaduto";-2.976.071.781;-5.115.208.288
13/02/2024;22:10:00;MANGARATIBA;Animais na Pista;Queda de ocupante de veículo;Com Vítimas Feridas;Plena Noite;Decrescente;Céu Claro;Simples;Reta;-2.303.288.558;-4.416.793.391
13/02/2024;23:42:00;CAMBUI;Velocidade Incompatível;Colisão com objeto;Sem Vítimas;Pleno dia;Crescente;Nublado;Dupla;"Ponte;Reta";-2.261.239.652;-4.606.455.803
13/02/2024;22:50:00;CACIMBINHAS;Animais na Pista;Atropelamento de Animal;Com Vítimas Feridas;Plena Noite;Crescente;Céu Claro;Simples;Reta;-939.343.365;-3.702.683.893
14/02/2024;00:50:00;MAQUINE;Velocidade Incompatível;Saída de leito carroçável;Com Vítimas Feridas;Plena Noite;Crescente;Garoa/Chuvisco;Dupla;Curva;-29.674.631;-50.140.758
14/02/2024;02:30:00;ESPERANCA;Animais na Pista;Atropelamento de Animal;Com Vítimas Feridas;Plena Noite;Decrescente;Nublado;Simples;"Ponte;Reta";-704.513.085;-3.585.718.356
14/02/2024;06:40:00;GARUVA;Acumulo de água sobre o pavimento;Colisão com objeto;Com Vítimas Feridas;Pleno dia;Decrescente;Chuva;Dupla;Reta;-259.815.218;-4.888.624.191
14/02/2024;01:00:00;GRAVATA;Deficiência do Sistema de Iluminação/Sinalização;Colisão traseira;Com Vítimas Fatais;Plena Noite;Decrescente;Céu Claro;Dupla;Reta;-8.215.178;-35.637.814
14/02/2024;06:50:00;RECIFE;Acostamento em desnível;Tombamento;Com Vítimas Feridas;Pleno dia;Decrescente;Nublado;Dupla;Curva;-8.119.992;-34.942.738
14/02/2024;07:30:00;GARUVA;Acumulo de água sobre o pavimento;Saída de leito carroçável;Com Vítimas Feridas;Pleno dia;Crescente;Chuva;Dupla;Reta;-2.611.427.473;-4.887.647.034
14/02/2024;07:14:00;SAO CRISTOVAO;Manobra de mudança de faixa;Saída de leito carroçável;Com Vítimas Fatais;Pleno dia;Decrescente;Céu Claro;Dupla;"Declive;Reta";-1.095.817.959;-3.723.594.898
14/02/2024;07:20:00;QUEIMADAS;Animais na Pista;Atropelamento de Animal;Sem Vítimas;Pleno dia;Crescente;Nublado;Simples;Curva;-7.425.687;-35.895.172
14/02/2024;09:10:00;SABARA;Conversão proibida;Colisão transversal;Com Vítimas Feridas;Pleno dia;Decrescente;Céu Claro;Simples;"Aclive;Reta";-1.983.128.892;-4.384.482.622
14/02/2024;08:25:00;VARZEA GRANDE;Acesso irregular;Colisão transversal;Com Vítimas Feridas;Pleno dia;Crescente;Céu Claro;Simples;Reta;-15.666.638;-56.182.598
05/01/2024;11:30:00;BOM JESUS DO AMPARO;Velocidade Incompatível;Saída de leito carroçável;Com Vítimas Feridas;Pleno dia;Decrescente;Nublado;Dupla;"Curva;Declive";-197.431.674;-435.207.252
14/02/2024;11:00:00;TRES CORACOES;Velocidade Incompatível;Tombamento;Com Vítimas Feridas;Pleno dia;Crescente;Chuva;Simples;Curva;-2.165.537.758;-4.530.253.301
14/02/2024;12:00:00;BIGUACU;Pista Escorregadia;Tombamento;Com Vítimas Feridas;Pleno dia;Crescente;Chuva;Dupla;Curva;-27.489.574;-48.655.914
14/02/2024;10:50:00;ATIBAIA;Frear bruscamente;Engavetamento;Com Vítimas Feridas;Pleno dia;Crescente;Garoa/Chuvisco;Dupla;Declive;-230.728.028;-4.656.673.562
14/02/2024;12:25:00;CAMPINA GRANDE DO SUL;Chuva;Saída de leito carroçável;Sem Vítimas;Pleno dia;Decrescente;Chuva;Dupla;"Curva;Declive";-2.511.427.389;-4.884.687.781
14/02/2024;11:15:00;DUQUE DE CAXIAS;Manobra de mudança de faixa;Colisão lateral mesmo sentido;Com Vítimas Feridas;Pleno dia;Crescente;Céu Claro;Dupla;Reta;-2.268.289.906;-4.328.549.346
14/02/2024;13:05:00;PALHOCA;Manobra de mudança de faixa;Colisão traseira;Com Vítimas Feridas;Pleno dia;Crescente;Chuva;Múltipla;Reta;-2.763.697.369;-4.866.514.142
14/02/2024;12:00:00;FLEXEIRAS;Acumulo de água sobre o pavimento;Capotamento;Com Vítimas Feridas;Pleno dia;Decrescente;Chuva;Dupla;"Curva;Declive";-917.104.293;-3.577.460.326
14/02/2024;08:30:00;TIBAGI;Velocidade Incompatível;Colisão com objeto;Sem Vítimas;Pleno dia;Decrescente;Chuva;Dupla;Curva;-2.485.877.828;-5.045.246.312
14/02/2024;11:50:00;POUSO REDONDO;Desrespeitar a preferência no cruzamento;Colisão transversal;Com Vítimas Feridas;Pleno dia;Decrescente;Chuva;Simples;Reta;-27.251.818;-49.996.815
14/02/2024;14:30:00;CAJATI;Velocidade Incompatível;Saída de leito carroçável;Com Vítimas Feridas;Pleno dia;Crescente;Chuva;Simples;"Aclive;Curva";-2.478.266.496;-4.820.865.858
14/02/2024;14:40:00;CONTAGEM;Manobra de mudança de faixa;Colisão lateral mesmo sentido;Com Vítimas Feridas;Pleno dia;Crescente;Nublado;Múltipla;"Aclive;Reta";-1.995.826.094;-4.405.921.101
14/02/2024;12:45:00;MORRETES;Pista Escorregadia;Tombamento;Com Vítimas Feridas;Pleno dia;Crescente;Chuva;Múltipla;"Aclive;Curva";-255.660.977;-488.111.186
14/02/2024;09:30:00;ANTONINA;Chuva;Saída de leito carroçável;Com Vítimas Feridas;Pleno dia;Crescente;Chuva;Dupla;"Curva;Declive";-2.511.109;-4.875.116
14/02/2024;15:50:00;QUITANDINHA;Chuva;Saída de leito carroçável;Com Vítimas Feridas;Pleno dia;Crescente;Chuva;Simples;Curva;-2.587.408.699;-4.947.888.136
14/02/2024;16:30:00;SIMAO PEREIRA;Velocidade Incompatível;Colisão com objeto;Com Vítimas Feridas;Pleno dia;Crescente;Nublado;Dupla;Curva;-2.196.689.732;-4.329.126.511
14/02/2024;15:54:00;LINDOESTE;Acumulo de água sobre o pavimento;Colisão com objeto;Com Vítimas Feridas;Pleno dia;Decrescente;Chuva;Dupla;Reta;-2.523.379.293;-5.358.962.939
14/02/2024;16:32:00;JUIZ DE FORA;Velocidade Incompatível;Saída de leito carroçável;Com Vítimas Feridas;Pleno dia;Decrescente;Chuva;Dupla;"Curva;Declive";-2.172.314.505;-4.344.135.761
14/02/2024;17:30:00;FEIRA DE SANTANA;Acesso irregular;Colisão transversal;Com Vítimas Feridas;Pleno dia;Decrescente;Céu Claro;Dupla;"Declive;Curva";-1.215.091.699;-3.896.471.948
14/02/2024;16:20:00;FAZENDA VILANOVA;Afundamento ou ondulação no pavimento;Tombamento;Com Vítimas Feridas;Pleno dia;Crescente;Céu Claro;Dupla;Curva;-29.570.097;-51.865.437
14/02/2024;16:20:00;CARMOPOLIS DE MINAS;Velocidade Incompatível;Saída de leito carroçável;Com Vítimas Feridas;Pleno dia;Decrescente;Nublado;Dupla;Curva;-2.056.175.976;-4.466.523.212
14/02/2024;14:45:00;TIBAGI;Velocidade Incompatível;Capotamento;Com Vítimas Feridas;Pleno dia;Decrescente;Ignorado;Dupla;Curva;-2.464.521.802;-5.062.349.002
14/02/2024;18:00:00;PARNAMIRIM;Acumulo de areia ou detritos sobre o pavimento;Queda de ocupante de veículo;Com Vítimas Feridas;Plena Noite;Decrescente;Céu Claro;Dupla;Reta;-592.825.102;-3.526.465.683
14/02/2024;17:30:00;MONTE ALEGRE DE MINAS;Velocidade Incompatível;Saída de leito carroçável;Com Vítimas Fatais;Anoitecer;Crescente;Chuva;Dupla;"Curva;Declive";-18.886.467;-48.614.495
14/02/2024;15:29:00;ITAGUARA;Velocidade Incompatível;Saída de leito carroçável;Com Vítimas Feridas;Pleno dia;Crescente;Nublado;Dupla;Curva;-2.042.649.228;-4.454.458.383
14/02/2024;15:00:00;CASCAVEL;Velocidade Incompatível;Saída de leito carroçável;Com Vítimas Feridas;Pleno dia;Crescente;Nublado;Dupla;"Curva;Declive";-24.897.235;-53.533.793
14/02/2024;18:20:00;MIRACATU;Velocidade Incompatível;Saída de leito carroçável;Com Vítimas Feridas;Anoitecer;Crescente;Chuva;Dupla;Reta;-2.427.280.624;-474.062.269
14/02/2024;18:45:00;CANOAS;Manobra de mudança de faixa;Colisão lateral mesmo sentido;Com Vítimas Feridas;Pleno dia;Crescente;Céu Claro;Dupla;Reta;-2.994.142.398;-5.117.697.062
14/02/2024;13:00:00;CAMPINA GRANDE DO SUL;Acumulo de água sobre o pavimento;Colisão com objeto;Com Vítimas Feridas;Pleno dia;Decrescente;Chuva;Dupla;"Curva;Aclive";-2.521.058.799;-4.889.720.903
14/02/2024;19:50:00;CARATINGA;Ultrapassagem Indevida;Colisão frontal;Com Vítimas Feridas;Plena Noite;Crescente;Céu Claro;Simples;Reta;-1.981.067.298;-4.213.539.446
14/02/2024;19:20:00;UBATUBA;Pista esburacada;Colisão traseira;Com Vítimas Feridas;Plena Noite;Crescente;Chuva;Simples;Curva;-2.341.271.925;-4.504.909.808
14/02/2024;16:50:00;RIACHAO DO BACAMARTE;Chuva;Saída de leito carroçável;Com Vítimas Feridas;Pleno dia;Crescente;Chuva;Simples;Reta;-72.466;-356.577
14/02/2024;18:40:00;ITABORAI;Acesso irregular;Colisão lateral sentido oposto;Com Vítimas Feridas;Plena Noite;Crescente;Ignorado;Dupla;Reta;-2.276.398.788;-4.292.731.895
14/02/2024;18:33:00;ITAGUARA;Velocidade Incompatível;Saída de leito carroçável;Com Vítimas Feridas;Anoitecer;Decrescente;Chuva;Dupla;Reta;-2.042.649.228;-4.454.458.383
14/02/2024;19:45:00;RECIFE;Demais falhas na via;Queda de ocupante de veículo;Com Vítimas Feridas;Plena Noite;Decrescente;Céu Claro;Múltipla;Interseção de Vias;-807.333.497;-3.496.184.301
14/02/2024;18:50:00;CAMPINA GRANDE DO SUL;Chuva;Saída de leito carroçável;Com Vítimas Feridas;Plena Noite;Crescente;Chuva;Dupla;Curva;-25.151.731;-48.859.616
14/02/2024;20:15:00;CAMPINA GRANDE;Pista Escorregadia;Tombamento;Com Vítimas Feridas;Plena Noite;Crescente;Nublado;Simples;"Desvio Temporário;Declive;Em Obras;Reta";-7.264;-359.199
14/02/2024;18:00:00;CAMPINA GRANDE DO SUL;Chuva;Saída de leito carroçável;Com Vítimas Feridas;Anoitecer;Crescente;Chuva;Dupla;Curva;-2.508.775.025;-4.860.496.402
14/02/2024;20:40:00;ANGRA DOS REIS;Conversão proibida;Colisão frontal;Com Vítimas Feridas;Plena Noite;Crescente;Céu Claro;Simples;Reta;-2.297.708.786;-4.429.634.653
14/02/2024;21:55:00;ITAJAI;Acesso irregular;Colisão lateral mesmo sentido;Com Vítimas Feridas;Plena Noite;Decrescente;Nublado;Múltipla;Reta;-269.043.179;-4.871.555.481
14/02/2024;21:00:00;QUELUZ;Conversão proibida;Colisão traseira;Com Vítimas Feridas;Plena Noite;Decrescente;Nublado;Dupla;Reta;-22.536.327;-447.714
14/02/2024;21:00:00;MOSSORO;Chuva;Queda de ocupante de veículo;Com Vítimas Feridas;Plena Noite;Crescente;Garoa/Chuvisco;Simples;Retorno Regulamentado;-515.255.798;-3.734.873.808
14/02/2024;20:10:00;ARAQUARI;Velocidade Incompatível;Colisão lateral mesmo sentido;Com Vítimas Feridas;Plena Noite;Decrescente;Chuva;Dupla;Curva;-2.643.795.301;-4.880.433.798
14/02/2024;21:00:00;ATALAIA;Conversão proibida;Colisão transversal;Com Vítimas Feridas;Plena Noite;Decrescente;Céu Claro;Simples;Reta;-951.022.028;-3.600.471.385
14/02/2024;21:07:00;CAMPINA GRANDE;Pista Escorregadia;Tombamento;Com Vítimas Feridas;Plena Noite;Crescente;Nublado;Simples;"Em Obras;Declive;Desvio Temporário;Reta";-726.638;-35.917.033
15/02/2024;02:00:00;MAGE;Acumulo de água sobre o pavimento;Capotamento;Com Vítimas Feridas;Plena Noite;Decrescente;Chuva;Dupla;Curva;-2.265.949.914;-4.311.671.944
14/02/2024;23:45:00;PONTA PORA;Animais na Pista;Atropelamento de Animal;Sem Vítimas;Plena Noite;Crescente;Garoa/Chuvisco;Simples;Reta;-2.261.522.362;-555.968.021
15/02/2024;05:50:00;ANCHIETA;Acumulo de areia ou detritos sobre o pavimento;Tombamento;Com Vítimas Feridas;Amanhecer;Crescente;Nublado;Simples;Reta;-2.074.480.799;-407.602.114
15/02/2024;05:50:00;POCOES;Manobra de mudança de faixa;Colisão lateral sentido oposto;Com Vítimas Feridas;Amanhecer;Decrescente;Nevoeiro/Neblina;Simples;Reta;-1.455.642.706;-4.040.790.211
15/02/2024;07:00:00;LEOPOLDINA;Conversão proibida;Colisão transversal;Com Vítimas Feridas;Pleno dia;Decrescente;Sol;Simples;Reta;-2.151.427.716;-4.261.283.265
15/02/2024;07:15:00;CABEDELO;Manobra de mudança de faixa;Colisão traseira;Com Vítimas Feridas;Pleno dia;Decrescente;Chuva;Dupla;Reta;-70.596;-348.506
15/02/2024;07:30:00;PALHOCA;Manobra de mudança de faixa;Colisão traseira;Com Vítimas Feridas;Pleno dia;Decrescente;Nublado;Múltipla;Reta;-2.765.184.843;-4.867.604.941
15/02/2024;07:55:00;TABOAO DA SERRA;Manobra de mudança de faixa;Colisão traseira;Com Vítimas Feridas;Pleno dia;Decrescente;Céu Claro;Dupla;Reta;-2.363.445.084;-4.682.418.514
15/02/2024;08:35:00;PELOTAS;Animais na Pista;Atropelamento de Animal;Com Vítimas Feridas;Pleno dia;Crescente;Sol;Simples;Reta;-3.164.313.197;-5.233.497.415
15/02/2024;08:00:00;SIMAO PEREIRA;Velocidade Incompatível;Saída de leito carroçável;Com Vítimas Feridas;Pleno dia;Crescente;Chuva;Simples;Curva;-2.196.689.732;-4.329.126.511
15/02/2024;05:50:00;BAYEUX;Chuva;Colisão com objeto;Sem Vítimas;Amanhecer;Crescente;Chuva;Dupla;Reta;-713.957.906;-3.492.312.806
15/02/2024;11:25:00;CARAZINHO;Conversão proibida;Colisão transversal;Com Vítimas Feridas;Pleno dia;Crescente;Garoa/Chuvisco;Simples;Curva;-28.254.125;-52.797.811
15/02/2024;11:00:00;MIRACATU;Velocidade Incompatível;Colisão com objeto;Com Vítimas Feridas;Pleno dia;Crescente;Garoa/Chuvisco;Dupla;Curva;-2.414.953.237;-4.730.939.261
15/02/2024;10:10:00;MANGARATIBA;Velocidade Incompatível;Colisão frontal;Com Vítimas Feridas;Pleno dia;Decrescente;Chuva;Simples;"Reta;Declive";-2.294.335.387;-4.406.046.308
15/02/2024;10:40:00;LAVRINHAS;Chuva;Colisão com objeto;Com Vítimas Feridas;Pleno dia;Crescente;Chuva;Dupla;"Curva;Declive";-2.261.419.397;-4.490.005.302
15/02/2024;11:41:00;LINHARES;Acumulo de areia ou detritos sobre o pavimento;Tombamento;Com Vítimas Feridas;Pleno dia;Crescente;Céu Claro;Simples;Interseção de Vias;-193.101.728;-400.799.666
15/02/2024;11:00:00;BALNEARIO CAMBORIU;Ultrapassagem Indevida;Colisão traseira;Com Vítimas Feridas;Pleno dia;Crescente;Nublado;Múltipla;Reta;-27.008.113;-48.617.245
15/02/2024;11:20:00;RIBEIRAO DAS NEVES;Manobra de mudança de faixa;Tombamento;Com Vítimas Feridas;Pleno dia;Decrescente;Nublado;Dupla;"Interseção de Vias;Reta";-1.982.351.202;-4.408.438.913
15/02/2024;11:15:00;RIO BRANCO;Desrespeitar a preferência no cruzamento;Tombamento;Com Vítimas Feridas;Pleno dia;Decrescente;Céu Claro;Simples;Rotatória;-1.001.246.765;-677.986.908
15/02/2024;13:30:00;JOAO PESSOA;Acostamento em desnível;Tombamento;Com Vítimas Feridas;Pleno dia;Crescente;Céu Claro;Dupla;Reta;-71.337;-348.544
15/02/2024;13:19:00;NOVA ANDRADINA;Manobra de mudança de faixa;Colisão lateral mesmo sentido;Com Vítimas Feridas;Pleno dia;Crescente;Céu Claro;Dupla;Reta;-2.230.822.281;-5.339.668.524
14/01/2024;18:40:00;CORDILHEIRA ALTA;Condutor usando celular;Colisão lateral sentido oposto;Com Vítimas Feridas;Pleno dia;Crescente;Nublado;Simples;Reta;-26.995.453;-52.612.208