data_inversa;horario;municipio;causa_acidente;tipo_acidente;classificacao_acidente;fase_dia;sentido_via;condicao_metereologica;tipo_pista;tracado_via;latitude;longitude
15/02/2024;14:45:00;TUBARAO;Frear bruscamente;Queda de ocupante de veículo;Com Vítimas Feridas;Pleno dia;Decrescente;Céu Claro;Múltipla;Reta;-2.846.730.446;-4.900.604.302
15/02/2024;15:40:00;BIGUACU;Manobra de mudança de faixa;Colisão traseira;Com Vítimas Feridas;Pleno dia;Crescente;Nublado;Múltipla;Reta;-2.751.101.091;-4.864.322.292
15/02/2024;13:50:00;QUEIMADOS;Acumulo de água sobre o pavimento;Capotamento;Com Vítimas Feridas;Pleno dia;Decrescente;Chuva;Dupla;Curva;-2.272.746.688;-4.364.167.998
15/02/2024;15:20:00;PETROPOLIS;Chuva;Tombamento;Com Vítimas Feridas;Pleno dia;Crescente;Chuva;Dupla;"Túnel;Curva;Declive";-2.252.145.512;-4.323.707.996
15/02/2024;17:00:00;LINDOESTE;Acumulo de água sobre o pavimento;Saída de leito carroçável;Com Vítimas Feridas;Pleno dia;Decrescente;Chuva;Dupla;"Reta;Aclive";-2.524.584.597;-5.357.886.779
15/02/2024;16:35:00;NITEROI;Manobra de mudança de faixa;Colisão lateral mesmo sentido;Sem Vítimas;Pleno dia;Decrescente;Nublado;Dupla;Reta;-2.287.381.074;-4.312.640.997
15/02/2024;16:03:00;CACOAL;Desrespeitar a preferência no cruzamento;Colisão transversal;Com Vítimas Feridas;Pleno dia;Crescente;Sol;Simples;"Declive;Retorno Regulamentado;Interseção de Vias";-1.144.341.056;-6.144.672.787
15/02/2024;17:10:00;SAO FRANCISCO DO GLORIA;Chuva;Colisão traseira;Com Vítimas Feridas;Pleno dia;Decrescente;Chuva;Simples;Reta;-2.075.548.766;-4.229.948.736
15/02/2024;18:50:00;CAUCAIA;Animais na Pista;Atropelamento de Animal;Sem Vítimas;Plena Noite;Decrescente;Chuva;Dupla;Reta;-368.442.213;-3.891.593.973
15/02/2024;17:00:00;TIBAGI;Velocidade Incompatível;Saída de leito carroçável;Com Vítimas Feridas;Pleno dia;Crescente;Chuva;Dupla;"Declive;Curva";-24.876.603;-50.442.921
15/02/2024;18:40:00;PONTES E LACERDA;Animais na Pista;Capotamento;Com Vítimas Feridas;Anoitecer;Crescente;Nublado;Simples;Reta;-15.226.537;-59.335.728
15/02/2024;19:30:00;PONTO NOVO;Animais na Pista;Atropelamento de Animal;Com Vítimas Feridas;Plena Noite;Decrescente;Céu Claro;Simples;Reta;-1.087.506.101;-4.011.063.423
15/02/2024;20:10:00;GOVERNADOR VALADARES;Manobra de mudança de faixa;Colisão traseira;Com Vítimas Feridas;Plena Noite;Decrescente;Chuva;Dupla;Reta;-1.886.244.705;-4.197.405.237
15/02/2024;19:00:00;ABREU E LIMA;Acesso irregular;Colisão traseira;Com Vítimas Feridas;Plena Noite;Crescente;Vento;Múltipla;Reta;-79.169.968;-3.489.689.272
15/02/2024;22:18:00;CAMPO GRANDE;Animais na Pista;Atropelamento de Animal;Com Vítimas Feridas;Plena Noite;Decrescente;Céu Claro;Simples;Reta;-2.064.663.492;-5.456.591.872
22/01/2024;21:20:00;CAPAO DO LEAO;Desrespeitar a preferência no cruzamento;Colisão transversal;Com Vítimas Feridas;Plena Noite;Decrescente;Nublado;Simples;Interseção de Vias;-317.590.834;-5.243.687.971
16/02/2024;03:00:00;JOINVILLE;Frear bruscamente;Colisão traseira;Sem Vítimas;Plena Noite;Crescente;Garoa/Chuvisco;Dupla;Reta;-2.623.667.403;-4.891.486.706
16/02/2024;05:05:00;NOSSA SENHORA DO SOCORRO;Animais na Pista;Atropelamento de Animal;Com Vítimas Feridas;Amanhecer;Crescente;Céu Claro;Múltipla;"Declive;Reta";-1.088.051.024;-3.713.355.535
16/02/2024;05:00:00;CONGONHAS;Falta de elemento de contenção que evite a saída do leito carroçável;Saída de leito carroçável;Com Vítimas Feridas;Amanhecer;Decrescente;Nublado;Simples;Curva;-2.057.720.757;-4.381.173.673
16/02/2024;05:00:00;ELDORADO DO SUL;Chuva;Saída de leito carroçável;Com Vítimas Feridas;Plena Noite;Crescente;Chuva;Simples;Reta;-30.086.048;-5.161.882
16/02/2024;07:00:00;ERECHIM;Desrespeitar a preferência no cruzamento;Colisão transversal;Com Vítimas Feridas;Pleno dia;Crescente;Chuva;Simples;"Interseção de Vias;Aclive";-2.762.312.752;-5.223.687.793
16/02/2024;07:45:00;SAO JOSE DOS CAMPOS;Manobra de mudança de faixa;Colisão lateral mesmo sentido;Com Vítimas Feridas;Pleno dia;Crescente;Nublado;Dupla;Reta;-231.572.739;-4.579.554.605
22/01/2024;10:00:00;CAMPINA GRANDE DO SUL;Pista Escorregadia;Colisão com objeto;Com Vítimas Feridas;Pleno dia;Crescente;Chuva;Dupla;Reta;-25.161.143;-4.886.216
16/02/2024;10:00:00;TERESINA;Desrespeitar a preferência no cruzamento;Colisão transversal;Com Vítimas Feridas;Pleno dia;Crescente;Chuva;Múltipla;"Interseção de Vias;Rotatória";-519.113.305;-4.276.127.815
16/02/2024;12:25:00;MANGARATIBA;Conversão proibida;Colisão transversal;Com Vítimas Feridas;Pleno dia;Decrescente;Céu Claro;Simples;Curva;-2.291.783.007;-4.394.223.558
16/02/2024;13:25:00;CAMPINA GRANDE DO SUL;Chuva;Saída de leito carroçável;Com Vítimas Feridas;Pleno dia;Crescente;Nublado;Simples;Curva;-25.156.168;-488.613.401
16/02/2024;14:05:00;BRASILIA;Manobra de mudança de faixa;Colisão transversal;Com Vítimas Feridas;Pleno dia;Decrescente;Chuva;Dupla;Reta;-15.596.223;-47.640.285
12/02/2024;07:20:00;EUNAPOLIS;Acesso irregular;Colisão transversal;Com Vítimas Feridas;Amanhecer;Decrescente;Céu Claro;Simples;"Reta;Aclive";-165.089.598;-395.770.756
16/02/2024;11:15:00;CONCORDIA;Velocidade Incompatível;Queda de ocupante de veículo;Com Vítimas Feridas;Pleno dia;Crescente;Nevoeiro/Neblina;Simples;Rotatória;-2.722.502.055;-5.195.031.166
16/02/2024;15:50:00;NOVA IGUACU;Manobra de mudança de faixa;Colisão lateral mesmo sentido;Com Vítimas Feridas;Pleno dia;Crescente;Céu Claro;Dupla;Reta;-22.761.312;-43.423.492
16/02/2024;15:30:00;SAO GONCALO DO SAPUCAI;Pista Escorregadia;Colisão com objeto;Com Vítimas Feridas;Pleno dia;Crescente;Céu Claro;Dupla;"Declive;Curva";-2.192.913.899;-4.561.170.907
16/02/2024;14:10:00;CUIABA;Demais falhas na via;Saída de leito carroçável;Com Vítimas Feridas;Pleno dia;Decrescente;Céu Claro;Dupla;Reta;-1.567.007.508;-5.595.154.524
16/02/2024;15:45:00;PARATY;Conversão proibida;Colisão lateral sentido oposto;Com Vítimas Feridas;Pleno dia;Decrescente;Nublado;Simples;Reta;-2.326.452.614;-4.468.523.726
16/02/2024;16:30:00;FEIRA DE SANTANA;Acesso irregular;Colisão frontal;Com Vítimas Feridas;Pleno dia;Decrescente;Garoa/Chuvisco;Dupla;Reta;-1.226.687.642;-3.893.349.875
16/02/2024;16:50:00;CAUCAIA;Manobra de mudança de faixa;Colisão lateral mesmo sentido;Com Vítimas Fatais;Pleno dia;Decrescente;Céu Claro;Simples;"Declive;Reta";-368.175.383;-3.892.437.394
16/02/2024;15:30:00;ALFREDO WAGNER;Velocidade Incompatível;Saída de leito carroçável;Com Vítimas Feridas;Pleno dia;Decrescente;Chuva;Simples;Curva;-27.755.424;-4.939.444
16/02/2024;17:25:00;CABEDELO;Manobra de mudança de faixa;Tombamento;Com Vítimas Feridas;Pleno dia;Crescente;Sol;Dupla;Reta;-7.01;-348.312
16/02/2024;18:00:00;APIUNA;Ultrapassagem Indevida;Colisão transversal;Com Vítimas Feridas;Plena Noite;Crescente;Chuva;Simples;Reta;-2.703.567.392;-4.939.007.342
16/02/2024;17:30:00;ANGRA DOS REIS;Curva acentuada;Colisão transversal;Com Vítimas Feridas;Pleno dia;Decrescente;Nublado;Simples;Curva;-2.299.096.308;-4.430.429.882
16/02/2024;17:50:00;PICOS;Manobra de mudança de faixa;Colisão transversal;Com Vítimas Feridas;Pleno dia;Decrescente;Sol;Dupla;Reta;-707.951.262;-4.143.236.492
16/02/2024;16:30:00;TERESOPOLIS;Conversão proibida;Colisão transversal;Com Vítimas Feridas;Pleno dia;Decrescente;Céu Claro;Simples;"Reta;Declive";-22.381.704;-42.954.777
16/02/2024;19:10:00;MANDIRITUBA;Velocidade Incompatível;Saída de leito carroçável;Com Vítimas Feridas;Plena Noite;Crescente;Nublado;Dupla;Curva;-2.573.749;-4.931.762.782
16/02/2024;18:50:00;ARACATI;Animais na Pista;Atropelamento de Animal;Com Vítimas Feridas;Plena Noite;Decrescente;Ignorado;Simples;"Retorno Regulamentado;Reta";-457.900.414;-3.777.070.889
16/02/2024;19:30:00;FAZENDA RIO GRANDE;Manobra de mudança de faixa;Colisão lateral mesmo sentido;Com Vítimas Feridas;Plena Noite;Crescente;Nublado;Dupla;Reta;-25.627.163;-49.314.673
16/02/2024;19:30:00;NOVA VICOSA;Deficiência do Sistema de Iluminação/Sinalização;Colisão traseira;Com Vítimas Feridas;Plena Noite;Decrescente;Chuva;Simples;Reta;-1.789.663.273;-4.002.742.396
16/02/2024;16:30:00;BALNEARIO CAMBORIU;Desrespeitar a preferência no cruzamento;Colisão transversal;Com Vítimas Feridas;Pleno dia;Crescente;Nublado;Dupla;Interseção de Vias;-2.699.936;-4.864.609
16/02/2024;21:00:00;CANINDE;Animais na Pista;Atropelamento de Animal;Sem Vítimas;Plena Noite;Crescente;Nublado;Simples;Reta;-429.121.502;-3.924.974.699
16/02/2024;18:00:00;PETROPOLIS;Acumulo de água sobre o pavimento;Colisão com objeto;Com Vítimas Feridas;Plena Noite;Crescente;Chuva;Dupla;Curva;-2.248.485.874;-4.322.843.406
16/02/2024;21:20:00;TERESINA;Deficiência do Sistema de Iluminação/Sinalização;Colisão com objeto;Com Vítimas Feridas;Plena Noite;Crescente;Céu Claro;Dupla;"Retorno Regulamentado;Reta";-5.209.766;-42.755.249
16/02/2024;22:45:00;RANCHO QUEIMADO;Velocidade Incompatível;Saída de leito carroçável;Com Vítimas Feridas;Plena Noite;Decrescente;Chuva;Simples;"Curva;Declive";-27.692.406;-49.075.939
17/02/2024;01:30:00;SAO MIGUEL DO IGUACU;Velocidade Incompatível;Colisão traseira;Sem Vítimas;Plena Noite;Decrescente;Céu Claro;Dupla;Aclive;-2.542.529.621;-5.436.142.389
17/02/2024;01:30:00;NOVA IGUACU;Iluminação deficiente;Atropelamento de Pedestre;Com Vítimas Fatais;Plena Noite;Crescente;Céu Claro;Simples;Reta;-2.273.883.756;-4.347.245.197
17/02/2024;01:00:00;TRES LAGOAS;Velocidade Incompatível;Saída de leito carroçável;Sem Vítimas;Plena Noite;Crescente;Céu Claro;Dupla;Retorno Regulamentado;-2.071.351.403;-5.175.152.004
17/02/2024;04:00:00;RECIFE;Velocidade Incompatível;Colisão traseira;Com Vítimas Feridas;Plena Noite;Decrescente;Céu Claro;Dupla;Reta;-807.079.525;-349.535.389
17/02/2024;03:40:00;CUSTODIA;Animais na Pista;Atropelamento de Animal;Com Vítimas Feridas;Plena Noite;Crescente;Céu Claro;Simples;Reta;-809.170.582;-3.758.209.902
17/02/2024;04:28:00;CAMBE;Conversão proibida;Colisão frontal;Com Vítimas Feridas;Amanhecer;Crescente;Céu Claro;Dupla;Reta;-2.328.865.707;-5.126.117.706
17/02/2024;06:50:00;FORTALEZA;Animais na Pista;Colisão lateral mesmo sentido;Com Vítimas Feridas;Pleno dia;Decrescente;Céu Claro;Múltipla;Reta;-386.088.501;-3.849.715.296
17/02/2024;06:30:00;PRUDENTOPOLIS;Acumulo de água sobre o pavimento;Saída de leito carroçável;Sem Vítimas;Pleno dia;Decrescente;Chuva;Simples;"Declive;Reta";-2.526.825.396;-5.109.666.914
17/02/2024;06:10:00;SAO LUIZ GONZAGA;Desrespeitar a preferência no cruzamento;Colisão transversal;Com Vítimas Feridas;Amanhecer;Crescente;Nevoeiro/Neblina;Simples;Reta;-28.414.503;-54.995.766
17/02/2024;06:20:00;DESCANSO;Velocidade Incompatível;Saída de leito carroçável;Com Vítimas Fatais;Amanhecer;Decrescente;Céu Claro;Simples;"Declive;Curva";-2.682.646.435;-5.342.026.949
17/02/2024;08:00:00;NOVA IGUACU;Pista esburacada;Queda de ocupante de veículo;Com Vítimas Feridas;Pleno dia;Decrescente;Céu Claro;Dupla;Reta;-2.273.883.756;-4.347.245.197
17/02/2024;07:15:00;PORTO REAL DO COLEGIO;Velocidade Incompatível;Saída de leito carroçável;Com Vítimas Fatais;Pleno dia;Crescente;Céu Claro;Dupla;Reta;-1.019.162.376;-3.682.542.061
17/02/2024;07:45:00;ARACATI;Acesso irregular;Colisão transversal;Com Vítimas Feridas;Pleno dia;Crescente;Céu Claro;Simples;"Interseção de Vias;Reta";-457.352.926;-3.776.245.988
13/02/2024;16:30:00;PATO BRANCO;Velocidade Incompatível;Colisão frontal;Com Vítimas Feridas;Pleno dia;Crescente;Nublado;Simples;Curva;-2.625.603.095;-5.270.878.155
17/02/2024;10:50:00;IBIRAPITANGA;Desvio temporário;Colisão lateral sentido oposto;Com Vítimas Feridas;Pleno dia;Decrescente;Sol;Simples;Curva;-140.224.768;-394.244.412
17/02/2024;11:05:00;BETIM;Manobra de mudança de faixa;Colisão traseira;Com Vítimas Feridas;Pleno dia;Decrescente;Sol;Dupla;Reta;-1.995.594.491;-4.410.721.699
17/02/2024;11:30:00;BETIM;Manobra de mudança de faixa;Tombamento;Com Vítimas Feridas;Pleno dia;Decrescente;Céu Claro;Múltipla;"Aclive;Reta";-1.997.018.187;-4.418.210.416
09/02/2024;21:10:00;ITAOBIM;Afundamento ou ondulação no pavimento;Tombamento;Com Vítimas Feridas;Plena Noite;Não Informado;Ignorado;Simples;Curva;-1.657.598.424;-4.149.059.772
17/02/2024;14:45:00;BARRA DO PIRAI;Conversão proibida;Colisão transversal;Com Vítimas Feridas;Pleno dia;Crescente;Nublado;Simples;Curva;-2.247.615.736;-4.400.889.998
17/02/2024;14:45:00;PARATY;Velocidade Incompatível;Capotamento;Com Vítimas Feridas;Pleno dia;Decrescente;Céu Claro;Simples;Curva;-2.323.072.667;-4.472.004.486
17/02/2024;15:45:00;BLUMENAU;Desrespeitar a preferência no cruzamento;Colisão transversal;Com Vítimas Feridas;Pleno dia;Decrescente;Céu Claro;Dupla;Reta;-26.862.339;-49.084.038
17/02/2024;16:40:00;NOVO HAMBURGO;Desrespeitar a preferência no cruzamento;Colisão lateral mesmo sentido;Com Vítimas Feridas;Pleno dia;Decrescente;Chuva;Dupla;Viaduto;-2.966.938.502;-5.114.304.731
17/02/2024;17:00:00;PALHOCA;Ultrapassagem Indevida;Colisão lateral mesmo sentido;Com Vítimas Feridas;Pleno dia;Crescente;Nublado;Simples;Reta;-27.688.507;-4.872.739
17/02/2024;17:20:00;JOAO PESSOA;Velocidade Incompatível;Tombamento;Com Vítimas Feridas;Anoitecer;Crescente;Nublado;Dupla;Curva;-71.198;-348.453
17/02/2024;17:45:00;BRASILIA;Acumulo de água sobre o pavimento;Queda de ocupante de veículo;Com Vítimas Feridas;Pleno dia;Decrescente;Nublado;Dupla;Reta;-15.974.583;-48.189.411
17/02/2024;15:35:00;BARRO ALTO;Velocidade Incompatível;Saída de leito carroçável;Com Vítimas Feridas;Pleno dia;Crescente;Chuva;Simples;Curva;-15.050.526;-48.885.943
17/02/2024;18:50:00;ARAQUARI;Ultrapassagem Indevida;Tombamento;Com Vítimas Feridas;Anoitecer;Decrescente;Nublado;Simples;Reta;-264.141.523;-4.876.209.493
17/02/2024;18:00:00;ENGENHEIRO CALDAS;Velocidade Incompatível;Saída de leito carroçável;Com Vítimas Fatais;Anoitecer;Decrescente;Nublado;Simples;Reta;-1.922.520.501;-4.205.823.777
17/02/2024;20:00:00;CAETE;Velocidade Incompatível;Colisão com objeto;Com Vítimas Feridas;Plena Noite;Crescente;Nublado;Dupla;Curva;-1.978.885.371;-4.370.613.892
17/02/2024;20:40:00;PORTO REAL;Velocidade Incompatível;Colisão traseira;Com Vítimas Feridas;Plena Noite;Crescente;Nublado;Dupla;"Viaduto;Reta";-2.245.223.481;-4.435.432.502
17/02/2024;20:35:00;RECIFE;Manobra de mudança de faixa;Colisão lateral mesmo sentido;Com Vítimas Feridas;Plena Noite;Crescente;Céu Claro;Dupla;Reta;-800.742.918;-3.493.785.381
17/02/2024;19:32:00;CEREJEIRAS;Desrespeitar a preferência no cruzamento;Colisão transversal;Sem Vítimas;Plena Noite;Crescente;Céu Claro;Dupla;Reta;-1.318.775.891;-6.079.986.605
17/02/2024;19:40:00;TIMBE DO SUL;Velocidade Incompatível;Colisão com objeto;Com Vítimas Feridas;Plena Noite;Decrescente;Céu Claro;Simples;"Declive;Curva";-28.806.377;-49.934.865
17/02/2024;21:45:00;LAGES;Acesso irregular;Saída de leito carroçável;Sem Vítimas;Plena Noite;Crescente;Nublado;Simples;Declive;-27.773.464;-50.202.095
17/02/2024;18:30:00;OLINDINA;Acumulo de água sobre o pavimento;Colisão frontal;Com Vítimas Feridas;Plena Noite;Decrescente;Chuva;Simples;Reta;-11.356.341;-38.334.884
17/02/2024;21:20:00;CAMPO GRANDE DO PIAUI;Animais na Pista;Atropelamento de Animal;Com Vítimas Feridas;Plena Noite;Decrescente;Céu Claro;Simples;Reta;-712.347.967;-4.111.935.696
17/02/2024;19:40:00;MARAU;Pista esburacada;Colisão frontal;Com Vítimas Fatais;Plena Noite;Crescente;Ignorado;Simples;Reta;-1.404.455.949;-3.895.535.454
17/02/2024;23:00:00;IBAITI;Acesso irregular;Queda de ocupante de veículo;Sem Vítimas;Plena Noite;Crescente;Nublado;Simples;"Reta;Interseção de Vias";-2.382.508.711;-5.018.502.653
17/02/2024;22:20:00;PIRAPORA;Ultrapassagem Indevida;Colisão frontal;Com Vítimas Fatais;Plena Noite;Decrescente;Nublado;Simples;Reta;-172.736.065;-4.486.318.856
18/02/2024;02:40:00;MARIALVA;Animais na Pista;Atropelamento de Animal;Com Vítimas Feridas;Plena Noite;Crescente;Nublado;Dupla;"Aclive;Reta";-23.454.104;-51.849.346
18/02/2024;03:20:00;GASPAR;Velocidade Incompatível;Colisão com objeto;Sem Vítimas;Plena Noite;Decrescente;Céu Claro;Dupla;"Em Obras;Reta";-2.691.302.004;-489.599.061
18/02/2024;01:45:00;TRINDADE;Manobra de mudança de faixa;Colisão lateral sentido oposto;Com Vítimas Feridas;Plena Noite;Crescente;Nublado;Simples;Reta;-774.765.771;-402.710.428
18/02/2024;04:45:00;CANOAS;Velocidade Incompatível;Colisão traseira;Sem Vítimas;Amanhecer;Decrescente;Céu Claro;Dupla;Reta;-2.993.242.399;-5.117.742.077
18/02/2024;00:30:00;SEROPEDICA;Velocidade Incompatível;Colisão lateral mesmo sentido;Com Vítimas Feridas;Plena Noite;Decrescente;Céu Claro;Simples;Reta;-22.747.673;-43.699.196
18/02/2024;02:45:00;INHAMBUPE;Acumulo de água sobre o pavimento;Colisão frontal;Com Vítimas Feridas;Plena Noite;Decrescente;Chuva;Simples;Declive;-1.184.591.805;-3.836.705.786
03/02/2024;11:00:00;ESTRELA;Manobra de mudança de faixa;Colisão lateral mesmo sentido;Com Vítimas Feridas;Pleno dia;Crescente;Céu Claro;Dupla;Reta;-29.506.611;-51.943.012
18/02/2024;07:15:00;CAJATI;Chuva;Saída de leito carroçável;Com Vítimas Feridas;Amanhecer;Decrescente;Garoa/Chuvisco;Dupla;Curva;-248.768.469;-4.822.732.309
18/02/2024;05:30:00;JUSCIMEIRA;Velocidade Incompatível;Saída de leito carroçável;Sem Vítimas;Amanhecer;Decrescente;Céu Claro;Dupla;Retorno Regulamentado;-1.604.010.381;-5.489.074.656
18/02/2024;07:30:00;ITAPEMA;Pista Escorregadia;Colisão com objeto;Com Vítimas Feridas;Pleno dia;Crescente;Garoa/Chuvisco;Dupla;Reta;-27.056.089;-48.599.449
18/02/2024;08:30:00;ITAPEMA;Velocidade Incompatível;Tombamento;Com Vítimas Feridas;Pleno dia;Crescente;Céu Claro;Dupla;Curva;-2.704.761.729;-4.859.995.855
11/02/2024;04:30:00;VILHENA;Desrespeitar a preferência no cruzamento;Colisão transversal;Com Vítimas Feridas;Amanhecer;Crescente;Céu Claro;Dupla;Reta;-1.273.672.751;-6.014.804.088
18/02/2024;08:00:00;APARECIDA DO RIO DOCE;Afundamento ou ondulação no pavimento;Tombamento;Com Vítimas Feridas;Pleno dia;Decrescente;Chuva;Simples;Reta;-18.275.797;-51.204.304
18/02/2024;11:35:00;MAIRIPORA;Ultrapassagem Indevida;Colisão traseira;Com Vítimas Feridas;Pleno dia;Crescente;Céu Claro;Dupla;Curva;-2.328.957.673;-4.658.729.853
18/02/2024;11:25:00;JUATUBA;Animais na Pista;Atropelamento de Animal;Com Vítimas Feridas;Pleno dia;Decrescente;Nublado;Dupla;"Retorno Regulamentado;Declive;Reta";-1.995.652.262;-443.648.278
18/02/2024;11:00:00;CONGONHAS;Conversão proibida;Colisão transversal;Com Vítimas Feridas;Pleno dia;Crescente;Sol;Simples;"Declive;Reta";-20.487.579;-43.837.628
18/02/2024;11:47:00;MANDIRITUBA;Desrespeitar a preferência no cruzamento;Colisão transversal;Com Vítimas Feridas;Pleno dia;Decrescente;Céu Claro;Simples;Rotatória;-2.583.236.296;-4.933.609.707
18/02/2024;11:50:00;JOAO PESSOA;Manobra de mudança de faixa;Colisão lateral mesmo sentido;Com Vítimas Feridas;Pleno dia;Crescente;Nublado;Múltipla;"Reta;Em Obras";-71.707;-348.684
18/02/2024;13:14:00;BETIM;Condutor usando celular;Colisão com objeto;Com Vítimas Feridas;Pleno dia;Decrescente;Céu Claro;Múltipla;Reta;-1.996.890.716;-4.418.104.581
18/02/2024;12:55:00;ABADIANIA;Animais na Pista;Capotamento;Com Vítimas Feridas;Pleno dia;Decrescente;Céu Claro;Dupla;Reta;-161.651;-486.333
18/02/2024;11:20:00;IGREJA NOVA;Chuva;Saída de leito carroçável;Com Vítimas Feridas;Pleno dia;Crescente;Chuva;Dupla;Reta;-1.011.732.075;-3.677.563.499
18/02/2024;14:30:00;SAO PAULO;Pista Escorregadia;Tombamento;Com Vítimas Feridas;Pleno dia;Crescente;Garoa/Chuvisco;Múltipla;"Declive;Curva";-23.388.839;-465.693.478
18/02/2024;14:00:00;SEROPEDICA;Conversão proibida;Colisão transversal;Com Vítimas Feridas;Pleno dia;Decrescente;Nublado;Simples;"Reta;Interseção de Vias";-22.727.266;-43.718.712
18/02/2024;17:00:00;GUARULHOS;Pista Escorregadia;Tombamento;Com Vítimas Feridas;Pleno dia;Decrescente;Ignorado;Múltipla;"Em Obras;Reta";-2.348.586.772;-4.654.075.317
18/02/2024;17:00:00;GOVERNADOR DIX-SEPT ROSADO;Ultrapassagem Indevida;Colisão frontal;Com Vítimas Fatais;Anoitecer;Decrescente;Nublado;Simples;Reta;-531.365.197;-3.756.910.003
18/02/2024;17:15:00;CORBELIA;Chuva;Saída de leito carroçável;Com Vítimas Feridas;Pleno dia;Decrescente;Chuva;Simples;Curva;-24.652.888;-5.321.922
18/02/2024;16:00:00;MAGE;Manobra de mudança de faixa;Colisão lateral mesmo sentido;Com Vítimas Feridas;Pleno dia;Crescente;Nublado;Dupla;Reta;-226.687.122;-4.301.862.696
18/02/2024;16:45:00;INDAIAL;Acesso irregular;Colisão traseira;Com Vítimas Feridas;Pleno dia;Crescente;Céu Claro;Simples;"Reta;Em Obras";-26.870.411;-49.211.864
18/02/2024;17:30:00;ITAJAI;Ultrapassagem Indevida;Colisão lateral mesmo sentido;Com Vítimas Feridas;Anoitecer;Decrescente;Céu Claro;Dupla;Reta;-2.694.335.064;-4.869.198.648
18/02/2024;17:00:00;MANGARATIBA;Manobra de mudança de faixa;Colisão lateral mesmo sentido;Com Vítimas Feridas;Pleno dia;Decrescente;Céu Claro;Simples;"Reta;Aclive";-22.995.425;-4.409.939.196
18/02/2024;18:15:00;SAO JOAO DO RIO DO PEIXE;Acumulo de água sobre o pavimento;Colisão frontal;Com Vítimas Feridas;Anoitecer;Crescente;Chuva;Simples;Reta;-664.318;-38.427.895
18/02/2024;18:00:00;IRANI;Desrespeitar a preferência no cruzamento;Colisão transversal;Com Vítimas Feridas;Pleno dia;Crescente;Céu Claro;Simples;"Interseção de Vias;Rotatória";-2.696.950.088;-5.185.476.494
18/02/2024;18:31:00;ABARE;Animais na Pista;Atropelamento de Animal;Sem Vítimas;Anoitecer;Decrescente;Nublado;Simples;Reta;-863.346.718;-3.925.324.917
18/02/2024;18:30:00;NOVA VICOSA;Acumulo de água sobre o pavimento;Saída de leito carroçável;Com Vítimas Feridas;Plena Noite;Decrescente;Chuva;Simples;Reta;-1.800.224.376;-3.986.114.502
18/02/2024;19:20:00;MACAPA;Velocidade Incompatível;Tombamento;Com Vítimas Feridas;Plena Noite;Decrescente;Céu Claro;Simples;Reta;0.21203485;-511.115.768
18/02/2024;19:45:00;JARAGUA DO SUL;Desrespeitar a preferência no cruzamento;Colisão transversal;Com Vítimas Feridas;Plena Noite;Crescente;Nublado;Simples;Reta;-2.647.606.607;-4.909.568.797
18/02/2024;20:21:00;BRASILIA;Acesso irregular;Saída de leito carroçável;Com Vítimas Feridas;Plena Noite;Crescente;Chuva;Dupla;"Reta;Interseção de Vias";-15.685.814;-47.849.838
18/02/2024;20:00:00;UBAITABA;Acesso irregular;Colisão traseira;Com Vítimas Fatais;Plena Noite;Crescente;Céu Claro;Simples;Ponte;-14.315.133;-39.313.728
18/02/2024;22:20:00;POUSO ALTO;Acumulo de areia ou detritos sobre o pavimento;Queda de ocupante de veículo;Com Vítimas Feridas;Plena Noite;Crescente;Garoa/Chuvisco;Simples;Curva;-2.220.550.588;-4.495.828.993
18/02/2024;20:50:00;CAPIM GROSSO;Faróis desregulados;Colisão lateral sentido oposto;Com Vítimas Feridas;Plena Noite;Crescente;Nublado;Simples;Reta;-1.136.293.888;-4.005.436.546
18/02/2024;21:50:00;FRUTAL;Velocidade Incompatível;Saída de leito carroçável;Com Vítimas Feridas;Plena Noite;Crescente;Céu Claro;Simples;Reta;-1.986.503.291;-4.896.785.813
18/02/2024;22:30:00;PARATY;Conversão proibida;Colisão transversal;Com Vítimas Feridas;Plena Noite;Decrescente;Céu Claro;Simples;Curva;-23.151.162;-4.469.967.999
18/02/2024;23:58:00;RECIFE;Velocidade Incompatível;Colisão traseira;Com Vítimas Feridas;Plena Noite;Crescente;Céu Claro;Dupla;Reta;-8.126.982;-3.494.386
19/02/2024;00:51:00;RIO DO SUL;Velocidade Incompatível;Saída de leito carroçável;Sem Vítimas;Plena Noite;Decrescente;Nublado;Simples;Curva;-27.203.201;-49.635.063
19/02/2024;02:40:00;CACHOEIRINHA;Animais na Pista;Atropelamento de Animal;Com Vítimas Feridas;Plena Noite;Crescente;Céu Claro;Simples;Reta;-850.137.217;-3.624.621.989
19/02/2024;03:21:00;MURICI;Animais na Pista;Queda de ocupante de veículo;Com Vítimas Feridas;Amanhecer;Crescente;Garoa/Chuvisco;Simples;Reta;-933.939.889;-3.589.012.287
19/02/2024;05:30:00;ARARANGUA;Condutor usando celular;Saída de leito carroçável;Com Vítimas Feridas;Amanhecer;Decrescente;Nevoeiro/Neblina;Dupla;Reta;-28.908.344;-49.481.178
19/02/2024;01:00:00;RONDONOPOLIS;Ultrapassagem Indevida;Saída de leito carroçável;Com Vítimas Feridas;Plena Noite;Decrescente;Céu Claro;Simples;Curva;-1.656.158.088;-545.531.929