data_inversa;horario;municipio;causa_acidente;tipo_acidente;classificacao_acidente;fase_dia;sentido_via;condicao_metereologica;tipo_pista;tracado_via;latitude;longitude
23/02/2024;17:45:00;GARIBALDI;Desrespeitar a preferência no cruzamento;Colisão transversal;Com Vítimas Feridas;Pleno dia;Decrescente;Sol;Simples;Retorno Regulamentado;-2.924.605.996;-5.151.613.712
23/02/2024;18:00:00;CANOAS;Manobra de mudança de faixa;Colisão lateral mesmo sentido;Com Vítimas Feridas;Pleno dia;Decrescente;Céu Claro;Dupla;Reta;-29.896.475;-5.117.593
22/02/2024;13:45:00;RIO DE JANEIRO;Afundamento ou ondulação no pavimento;Colisão com objeto;Com Vítimas Feridas;Pleno dia;Não Informado;Nublado;Múltipla;"Reta;Em Obras";-2.285.766.384;-4.324.780.053
23/02/2024;20:01:00;SANTA MARIANA;Deficiência do Sistema de Iluminação/Sinalização;Colisão traseira;Com Vítimas Fatais;Plena Noite;Decrescente;Céu Claro;Simples;Reta;-2.314.457.255;-5.058.465.958
23/02/2024;20:10:00;CAMBIRA;Desrespeitar a preferência no cruzamento;Queda de ocupante de veículo;Com Vítimas Fatais;Plena Noite;Crescente;Céu Claro;Dupla;Interseção de Vias;-2.359.598.373;-5.158.043.504
23/02/2024;20:40:00;CAMPO GRANDE;Animais na Pista;Atropelamento de Animal;Com Vítimas Feridas;Plena Noite;Crescente;Céu Claro;Simples;Reta;-2.059.436.908;-545.809.341
23/02/2024;12:45:00;CAMPO ALEGRE DE GOIAS;Velocidade Incompatível;Saída de leito carroçável;Com Vítimas Feridas;Pleno dia;Crescente;Chuva;Dupla;Curva;-175.541;-478.302
23/02/2024;22:00:00;BRAGANCA PAULISTA;Acumulo de água sobre o pavimento;Colisão com objeto;Com Vítimas Feridas;Pleno dia;Crescente;Chuva;Dupla;Reta;-2.302.018.004;-4.652.966.596
23/02/2024;16:50:00;IBATIBA;Velocidade Incompatível;Queda de ocupante de veículo;Com Vítimas Feridas;Pleno dia;Decrescente;Ignorado;Simples;Reta;-2.029.107.069;-4.166.027.089
23/02/2024;20:50:00;CACOAL;Pista esburacada;Tombamento;Com Vítimas Feridas;Plena Noite;Crescente;Céu Claro;Simples;Reta;-11.480.908;-61.389.245
23/02/2024;22:35:00;LAGES;Ultrapassagem Indevida;Colisão lateral mesmo sentido;Com Vítimas Feridas;Plena Noite;Crescente;Céu Claro;Simples;Interseção de Vias;-277.942.877;-502.844.131
23/02/2024;21:21:00;CACERES;Chuva;Saída de leito carroçável;Com Vítimas Feridas;Plena Noite;Crescente;Chuva;Simples;Curva;-1.622.588.292;-5.757.110.596
23/02/2024;19:15:00;SAO LUIZ GONZAGA;Ultrapassagem Indevida;Colisão frontal;Com Vítimas Feridas;Anoitecer;Crescente;Chuva;Simples;Reta;-28.423.437;-55.066.597
23/02/2024;23:15:00;SANTA LUZ;Animais na Pista;Atropelamento de Animal;Sem Vítimas;Plena Noite;Crescente;Nevoeiro/Neblina;Simples;Reta;-898.351.823;-4.428.270.378
23/02/2024;18:20:00;GOVERNADOR VALADARES;Frear bruscamente;Tombamento;Com Vítimas Feridas;Plena Noite;Crescente;Céu Claro;Simples;"Curva;Interseção de Vias";-1.888.102.703;-4.195.910.802
30/01/2024;16:00:00;BARRA DO GARCAS;Conversão proibida;Colisão transversal;Com Vítimas Feridas;Pleno dia;Crescente;Céu Claro;Simples;"Reta;Aclive";-1.588.749.699;-5.226.810.568
24/02/2024;08:30:00;SANTOS DUMONT;Curva acentuada;Saída de leito carroçável;Com Vítimas Feridas;Pleno dia;Decrescente;Céu Claro;Simples;Curva;-2.147.234.502;-43.554.397
24/02/2024;08:05:00;POUSO ALTO;Curva acentuada;Saída de leito carroçável;Com Vítimas Feridas;Pleno dia;Crescente;Céu Claro;Simples;Curva;-2.218.823.192;-4.497.635.454
24/02/2024;08:52:00;SAO JOSE;Manobra de mudança de faixa;Colisão lateral mesmo sentido;Com Vítimas Feridas;Pleno dia;Decrescente;Céu Claro;Múltipla;"Declive;Reta";-2.760.001.226;-486.226.467
24/02/2024;08:00:00;UBAPORANGA;Conversão proibida;Colisão transversal;Com Vítimas Feridas;Pleno dia;Crescente;Nublado;Simples;Curva;-1.961.953.715;-4.210.872.923
24/02/2024;09:15:00;NOVA IGUACU;Ultrapassagem Indevida;Atropelamento de Pedestre;Com Vítimas Feridas;Pleno dia;Crescente;Céu Claro;Simples;Reta;-22.854.782;-43.601.933
24/02/2024;04:00:00;JUIZ DE FORA;Animais na Pista;Saída de leito carroçável;Com Vítimas Feridas;Plena Noite;Crescente;Céu Claro;Simples;Reta;-2.174.761.511;-4.315.058.797
24/02/2024;10:40:00;PORTO ALEGRE;Ausência de sinalização;Colisão traseira;Com Vítimas Feridas;Pleno dia;Decrescente;Céu Claro;Simples;Aclive;-29.994.816;-51.217.403
24/02/2024;11:30:00;SAO MATEUS;Desrespeitar a preferência no cruzamento;Colisão transversal;Com Vítimas Feridas;Pleno dia;Crescente;Sol;Dupla;Interseção de Vias;-1.872.054.021;-398.658.931
24/02/2024;11:55:00;BIGUACU;Manobra de mudança de faixa;Colisão lateral mesmo sentido;Com Vítimas Feridas;Pleno dia;Decrescente;Céu Claro;Dupla;Reta;-2.752.658.712;-4.863.506.019
24/02/2024;09:55:00;SANTO ANTONIO DA BARRA;Animais na Pista;Atropelamento de Animal;Sem Vítimas;Pleno dia;Decrescente;Nublado;Dupla;Reta;-17.565.509;-50.651.117
24/02/2024;13:50:00;UBATUBA;Acumulo de areia ou detritos sobre o pavimento;Tombamento;Com Vítimas Feridas;Pleno dia;Crescente;Céu Claro;Simples;Rotatória;-2.340.942.079;-450.591.588
24/02/2024;15:00:00;CONTAGEM;Estacionar ou parar em local proibido;Colisão lateral mesmo sentido;Com Vítimas Feridas;Pleno dia;Decrescente;Céu Claro;Dupla;"Aclive;Reta";-1.996.399.101;-4.404.109.955
24/02/2024;14:40:00;BLUMENAU;Pista Escorregadia;Colisão frontal;Com Vítimas Feridas;Pleno dia;Crescente;Chuva;Dupla;"Curva;Interseção de Vias";-268.614.334;-4.906.838.536
24/02/2024;15:00:00;JANDAIA DO SUL;Pista esburacada;Saída de leito carroçável;Com Vítimas Feridas;Pleno dia;Crescente;Céu Claro;Simples;Reta;-2.368.379;-5.169.855
24/02/2024;15:20:00;TUBARAO;Manobra de mudança de faixa;Colisão lateral mesmo sentido;Sem Vítimas;Pleno dia;Decrescente;Céu Claro;Dupla;Túnel;-2.846.630.107;-4.899.653.096
24/02/2024;12:40:00;SEABRA;Ultrapassagem Indevida;Colisão frontal;Com Vítimas Fatais;Pleno dia;Crescente;Céu Claro;Simples;Curva;-1.247.696.407;-4.174.012.319
24/02/2024;17:40:00;BRASILIA;Manobra de mudança de faixa;Colisão traseira;Com Vítimas Feridas;Pleno dia;Crescente;Céu Claro;Dupla;Declive;-15.788.868;-48.220.242
24/02/2024;06:30:00;MAZAGAO;Velocidade Incompatível;Saída de leito carroçável;Com Vítimas Fatais;Pleno dia;Decrescente;Nublado;Simples;"Reta;Declive";0.18679;-5.173.534
24/02/2024;16:30:00;CARATINGA;Desrespeitar a preferência no cruzamento;Colisão transversal;Com Vítimas Feridas;Pleno dia;Decrescente;Nublado;Dupla;Interseção de Vias;-1.978.510.701;-4.213.445.297
24/02/2024;18:10:00;CAMPINA GRANDE DO SUL;Chuva;Saída de leito carroçável;Com Vítimas Feridas;Pleno dia;Crescente;Chuva;Dupla;Curva;-25.156.168;-488.613.401
24/02/2024;17:51:00;DOURADOS;Chuva;Colisão frontal;Com Vítimas Feridas;Anoitecer;Crescente;Chuva;Simples;Reta;-2.225.643.617;-5.463.792.318
24/02/2024;18:10:00;LAGOA DO PIAUI;Manobra de mudança de faixa;Colisão frontal;Com Vítimas Feridas;Plena Noite;Decrescente;Céu Claro;Simples;Reta;-539.641.527;-4.265.710.034
24/02/2024;17:45:00;SAO LUIZ GONZAGA;Desrespeitar a preferência no cruzamento;Colisão transversal;Com Vítimas Feridas;Pleno dia;Crescente;Céu Claro;Simples;"Interseção de Vias;Reta";-28.415.785;-55.005.928
24/02/2024;20:28:00;NOVA IGUACU;Condutor usando celular;Queda de ocupante de veículo;Com Vítimas Feridas;Plena Noite;Decrescente;Nublado;Dupla;Reta;-22.769.902;-43.408.036
04/02/2024;17:38:00;PAULA FREITAS;Ultrapassagem Indevida;Colisão lateral mesmo sentido;Com Vítimas Feridas;Pleno dia;Crescente;Nublado;Simples;Curva;-26.196.728;-50.982.819
24/02/2024;18:00:00;SAO PAULO;Chuva;Saída de leito carroçável;Com Vítimas Feridas;Anoitecer;Decrescente;Chuva;Dupla;Curva;-2.337.660.089;-4.656.409.613
24/02/2024;18:45:00;LARANJEIRAS DO SUL;Demais Fenômenos da natureza;Colisão traseira;Com Vítimas Feridas;Anoitecer;Crescente;Sol;Simples;"Aclive;Reta";-2.531.274.547;-5.232.462.315
24/02/2024;19:15:00;UBATUBA;Conversão proibida;Colisão transversal;Com Vítimas Feridas;Plena Noite;Decrescente;Nublado;Simples;"Interseção de Vias;Reta";-2.344.088.403;-4.508.692.503
24/02/2024;19:45:00;RIO BRANCO;Acumulo de areia ou detritos sobre o pavimento;Queda de ocupante de veículo;Com Vítimas Feridas;Plena Noite;Decrescente;Céu Claro;Dupla;Rotatória;-9.977.578;-678.489
24/02/2024;20:50:00;RIBEIRAO;Velocidade Incompatível;Colisão transversal;Com Vítimas Feridas;Plena Noite;Crescente;Céu Claro;Simples;Interseção de Vias;-849.165.198;-3.537.459.703
24/02/2024;20:30:00;DUQUE DE CAXIAS;Manobra de mudança de faixa;Colisão com objeto;Com Vítimas Feridas;Plena Noite;Crescente;Céu Claro;Múltipla;Reta;-2.276.375.592;-4.328.683.062
24/02/2024;22:10:00;SAO JOAO DO SUL;Falta de acostamento;Colisão traseira;Com Vítimas Feridas;Plena Noite;Decrescente;Ignorado;Simples;Reta;-2.922.619.351;-4.975.982.666
24/02/2024;22:50:00;BRASILIA;Manobra de mudança de faixa;Colisão lateral mesmo sentido;Sem Vítimas;Plena Noite;Crescente;Nublado;Dupla;Reta;-15.895.438;-48.104.771
24/02/2024;22:53:00;CARUARU;Animais na Pista;Atropelamento de Animal;Com Vítimas Feridas;Plena Noite;Decrescente;Céu Claro;Dupla;Reta;-830.217.741;-3.591.946.793
24/02/2024;23:00:00;TANQUINHO;Restrição de visibilidade em curvas horizontais;Colisão lateral sentido oposto;Sem Vítimas;Plena Noite;Crescente;Chuva;Simples;Curva;-11.978.092;-3.910.112
25/02/2024;00:30:00;COLOMBO;Velocidade Incompatível;Capotamento;Sem Vítimas;Plena Noite;Decrescente;Céu Claro;Dupla;Reta;-253.818;-491.643
25/02/2024;00:30:00;SAO JOSE DOS PINHAIS;Velocidade Incompatível;Atropelamento de Pedestre;Com Vítimas Feridas;Plena Noite;Crescente;Céu Claro;Dupla;Reta;-2.551.973.222;-4.913.431.573
25/02/2024;00:50:00;ANGRA DOS REIS;Velocidade Incompatível;Tombamento;Com Vítimas Feridas;Plena Noite;Decrescente;Céu Claro;Simples;Reta;-2.291.719.505;-4.435.485.495
25/02/2024;02:30:00;GUARULHOS;Velocidade Incompatível;Colisão traseira;Sem Vítimas;Plena Noite;Decrescente;Céu Claro;Múltipla;Aclive;-2.344.333.014;-4.644.531.294
25/02/2024;03:20:00;APIUNA;Velocidade Incompatível;Colisão com objeto;Com Vítimas Feridas;Plena Noite;Decrescente;Céu Claro;Simples;Reta;-27.037.956;-49.393.417
25/02/2024;03:00:00;ANCHIETA;Velocidade Incompatível;Queda de ocupante de veículo;Com Vítimas Feridas;Plena Noite;Decrescente;Céu Claro;Dupla;Reta;-2.072.058.178;-4.073.858.925
25/02/2024;02:40:00;MANDIRITUBA;Velocidade Incompatível;Colisão com objeto;Com Vítimas Feridas;Plena Noite;Decrescente;Nublado;Dupla;Curva;-2.579.935.303;-4.932.952.786
25/02/2024;03:55:00;JABOATAO DOS GUARARAPES;Estacionar ou parar em local proibido;Atropelamento de Pedestre;Sem Vítimas;Plena Noite;Crescente;Nublado;Dupla;Reta;-815.592.867;-3.494.171.619
25/02/2024;04:00:00;CRUZ DAS ALMAS;Ultrapassagem Indevida;Colisão frontal;Com Vítimas Fatais;Amanhecer;Decrescente;Nublado;Simples;Reta;-12.654;-39.122
25/02/2024;04:13:00;FORTALEZA;Acumulo de água sobre o pavimento;Colisão com objeto;Com Vítimas Feridas;Plena Noite;Crescente;Nublado;Dupla;Reta;-379.467.116;-3.850.772.734
25/02/2024;05:00:00;MANDAGUARI;Estacionar ou parar em local proibido;Colisão traseira;Com Vítimas Feridas;Amanhecer;Crescente;Céu Claro;Dupla;Curva;-2.350.951.388;-5.172.140.497
25/02/2024;05:30:00;IRATI;Velocidade Incompatível;Saída de leito carroçável;Com Vítimas Feridas;Amanhecer;Crescente;Nublado;Simples;"Declive;Reta";-2.553.915.013;-506.596.756
25/02/2024;06:05:00;PONTES E LACERDA;Condutor usando celular;Saída de leito carroçável;Com Vítimas Feridas;Pleno dia;Crescente;Nublado;Simples;Rotatória;-1.525.176.842;-5.932.991.624
25/02/2024;07:40:00;JOINVILLE;Pista Escorregadia;Tombamento;Com Vítimas Feridas;Pleno dia;Crescente;Chuva;Dupla;Reta;-2.638.560.338;-4.884.774.685
25/02/2024;05:30:00;DOURADOS;Animais na Pista;Tombamento;Com Vítimas Feridas;Amanhecer;Crescente;Céu Claro;Dupla;Reta;-222.316.424;-547.478.208
25/02/2024;08:10:00;BETIM;Velocidade Incompatível;Tombamento;Com Vítimas Feridas;Pleno dia;Crescente;Sol;Dupla;Reta;-19.978.241;-442.564.294
25/02/2024;07:50:00;BALNEARIO CAMBORIU;Pista Escorregadia;Colisão com objeto;Com Vítimas Feridas;Pleno dia;Decrescente;Chuva;Simples;Curva;-2.702.397.426;-4.860.761.649
25/02/2024;07:30:00;PETROLINA;Acesso irregular;Colisão traseira;Com Vítimas Feridas;Pleno dia;Decrescente;Céu Claro;Simples;Reta;-909.108.986;-4.065.584.672
24/02/2024;22:00:00;SERRA;Animais na Pista;Colisão com objeto;Sem Vítimas;Plena Noite;Crescente;Céu Claro;Dupla;Reta;-2.012.174.391;-403.635.182
25/02/2024;11:20:00;PARA DE MINAS;Velocidade Incompatível;Colisão traseira;Com Vítimas Feridas;Pleno dia;Crescente;Sol;Dupla;Reta;-199.011.832;-445.490.394
25/02/2024;10:30:00;SAO SEPE;Afundamento ou ondulação no pavimento;Tombamento;Com Vítimas Feridas;Pleno dia;Decrescente;Céu Claro;Simples;Reta;-2.995.914.689;-5.369.634.281
25/02/2024;12:00:00;BELO HORIZONTE;Velocidade Incompatível;Engavetamento;Sem Vítimas;Pleno dia;Crescente;Céu Claro;Dupla;"Aclive;Reta";-198.506.337;-438.880.639
25/02/2024;14:30:00;LAGOA VERMELHA;Desrespeitar a preferência no cruzamento;Colisão transversal;Com Vítimas Feridas;Pleno dia;Decrescente;Céu Claro;Simples;"Interseção de Vias;Reta";-28.224.105;-51.610.714
25/02/2024;14:15:00;IGARASSU;Manobra de mudança de faixa;Colisão lateral mesmo sentido;Com Vítimas Feridas;Pleno dia;Crescente;Céu Claro;Múltipla;Reta;-787.406.004;-3.490.588.126
25/02/2024;15:30:00;ARAGUARI;Acumulo de água sobre o pavimento;Saída de leito carroçável;Sem Vítimas;Pleno dia;Crescente;Chuva;Dupla;Reta;-1.866.213.891;-4.816.444.004
25/02/2024;14:33:00;JOINVILLE;Chuva;Colisão com objeto;Sem Vítimas;Pleno dia;Decrescente;Chuva;Dupla;"Interseção de Vias;Curva";-2.638.506.771;-4.884.917.582
25/02/2024;15:15:00;SERRA;Conversão proibida;Colisão transversal;Com Vítimas Feridas;Pleno dia;Decrescente;Sol;Múltipla;Reta;-2.020.828.089;-4.030.388.897
25/02/2024;15:30:00;BEZERROS;Demais falhas na via;Queda de ocupante de veículo;Com Vítimas Feridas;Pleno dia;Crescente;Nublado;Dupla;"Interseção de Vias;Reta";-824.838.907;-3.576.035.857
25/02/2024;15:30:00;SAO JOSE DOS PINHAIS;Manobra de mudança de faixa;Colisão lateral mesmo sentido;Com Vítimas Feridas;Pleno dia;Crescente;Céu Claro;Dupla;Reta;-2.552.920.381;-4.908.862.791
25/02/2024;15:50:00;SAO LEOPOLDO;Manobra de mudança de faixa;Colisão lateral mesmo sentido;Com Vítimas Feridas;Pleno dia;Decrescente;Céu Claro;Múltipla;Reta;-2.976.733.091;-511.535.296
25/02/2024;15:45:00;HORIZONTE;Animais na Pista;Atropelamento de Animal;Com Vítimas Feridas;Pleno dia;Crescente;Céu Claro;Dupla;Reta;-405.218.058;-3.850.627.716
25/02/2024;14:45:00;CATANDUVAS;Velocidade Incompatível;Saída de leito carroçável;Com Vítimas Feridas;Pleno dia;Crescente;Chuva;Simples;Curva;-27.104.719;-51.644.424
25/02/2024;16:55:00;GARIBALDI;Conversão proibida;Colisão transversal;Sem Vítimas;Pleno dia;Decrescente;Céu Claro;Dupla;Reta;-2.921.657.705;-5.151.722.624
25/02/2024;17:40:00;BRUMADINHO;Velocidade Incompatível;Saída de leito carroçável;Com Vítimas Feridas;Pleno dia;Crescente;Nublado;Dupla;Curva;-2.016.710.798;-4.433.422.398
25/02/2024;12:45:00;OLIVEIRA;Velocidade Incompatível;Saída de leito carroçável;Com Vítimas Feridas;Pleno dia;Crescente;Céu Claro;Dupla;"Curva;Declive";-2.062.221.188;-4.473.350.323
25/02/2024;18:00:00;ERECHIM;Velocidade Incompatível;Colisão com objeto;Com Vítimas Feridas;Pleno dia;Crescente;Nublado;Simples;Interseção de Vias;-2.766.693.813;-5.229.069.167
25/02/2024;16:30:00;LEOPOLDINA;Velocidade Incompatível;Saída de leito carroçável;Com Vítimas Feridas;Pleno dia;Crescente;Chuva;Simples;Curva;-2.160.159.985;-4.269.912.624
25/02/2024;17:31:00;BARRA DO GARCAS;Manobra de mudança de faixa;Colisão transversal;Com Vítimas Feridas;Pleno dia;Crescente;Céu Claro;Dupla;"Reta;Interseção de Vias";-1.587.907.036;-5.228.563.311
25/02/2024;19:45:00;JAGUARUNA;Acesso irregular;Colisão traseira;Com Vítimas Feridas;Plena Noite;Decrescente;Garoa/Chuvisco;Dupla;Reta;-285.977.641;-4.904.943.589
25/02/2024;18:50:00;CARATINGA;Manobra de mudança de faixa;Colisão lateral mesmo sentido;Com Vítimas Feridas;Plena Noite;Crescente;Céu Claro;Dupla;"Reta;Declive";-1.978.510.701;-4.213.445.297
25/02/2024;19:43:00;ANAPOLIS;Manobra de mudança de faixa;Colisão lateral mesmo sentido;Com Vítimas Feridas;Plena Noite;Crescente;Céu Claro;Dupla;"Aclive;Reta";-16.226.539;-49.011.045
25/02/2024;19:15:00;PINHEIRO MACHADO;Chuva;Saída de leito carroçável;Com Vítimas Feridas;Pleno dia;Crescente;Chuva;Simples;Reta;-3.162.128.539;-5.326.212.394
25/02/2024;09:35:00;IMBITUBA;Condutor usando celular;Saída de leito carroçável;Sem Vítimas;Pleno dia;Crescente;Garoa/Chuvisco;Dupla;"Em Obras;Reta";-2.812.382.408;-4.869.625.015
25/02/2024;21:10:00;FEIRA DE SANTANA;Acesso irregular;Colisão transversal;Com Vítimas Feridas;Plena Noite;Decrescente;Nublado;Dupla;Reta;-1.223.736.613;-3.897.999.588
25/02/2024;20:00:00;MUNIZ FREIRE;Acesso irregular;Colisão frontal;Com Vítimas Feridas;Plena Noite;Decrescente;Céu Claro;Simples;"Curva;Rotatória;Declive";-2.023.406.291;-4.135.253.988
25/02/2024;21:40:00;COLATINA;Animais na Pista;Atropelamento de Animal;Com Vítimas Fatais;Plena Noite;Decrescente;Céu Claro;Simples;Reta;-19.597.553;-40.504.898
25/02/2024;20:03:00;RIO BRANCO;Afundamento ou ondulação no pavimento;Tombamento;Com Vítimas Feridas;Plena Noite;Crescente;Garoa/Chuvisco;Dupla;"Aclive;Reta";-9.977.578;-678.489
25/02/2024;21:05:00;JOAO PESSOA;Chuva;Tombamento;Com Vítimas Feridas;Plena Noite;Crescente;Chuva;Dupla;Reta;-71.495;-348.517
25/02/2024;22:52:00;BALNEARIO CAMBORIU;Velocidade Incompatível;Tombamento;Com Vítimas Feridas;Plena Noite;Crescente;Céu Claro;Simples;"Viaduto;Curva";-270.121.846;-4.861.546.755
25/02/2024;23:40:00;SAO CAITANO;Animais na Pista;Atropelamento de Animal;Com Vítimas Feridas;Plena Noite;Crescente;Céu Claro;Dupla;Reta;-832.242.118;-3.609.480.698
25/02/2024;23:48:00;ARARANGUA;Pista Escorregadia;Tombamento;Com Vítimas Feridas;Plena Noite;Decrescente;Garoa/Chuvisco;Simples;Reta;-29.002.602;-49.559.422
25/02/2024;22:00:00;PROMISSAO;Animais na Pista;Saída de leito carroçável;Com Vítimas Feridas;Plena Noite;Crescente;Céu Claro;Simples;Reta;-21.471.328;-4.978.182.302
26/02/2024;00:30:00;SANTA TEREZINHA DE ITAIPU;Acesso irregular;Saída de leito carroçável;Sem Vítimas;Plena Noite;Decrescente;Céu Claro;Dupla;Reta;-2.544.290.885;-5.439.565.306
26/02/2024;01:55:00;TIJUCAS;Acesso irregular;Saída de leito carroçável;Sem Vítimas;Plena Noite;Decrescente;Nublado;Múltipla;Reta;-2.720.831.288;-4.861.987.922
25/02/2024;18:10:00;APIUNA;Afundamento ou ondulação no pavimento;Tombamento;Com Vítimas Feridas;Pleno dia;Crescente;Céu Claro;Simples;"Ponte;Curva";-27.095.388;-49.457.878
26/02/2024;06:10:00;CAMPINA GRANDE DO SUL;Acumulo de água sobre o pavimento;Saída de leito carroçável;Com Vítimas Feridas;Amanhecer;Decrescente;Chuva;Dupla;Curva;-2.520.185.401;-488.962.139
26/02/2024;05:40:00;JATAIZINHO;Acumulo de areia ou detritos sobre o pavimento;Capotamento;Com Vítimas Feridas;Amanhecer;Crescente;Nublado;Dupla;Curva;-232.785.724;-5.086.006.343
26/02/2024;07:00:00;CARAZINHO;Conversão proibida;Colisão transversal;Com Vítimas Feridas;Pleno dia;Crescente;Céu Claro;Simples;Reta;-28.270.662;-52.778.925
26/02/2024;08:00:00;ARAQUARI;Ultrapassagem Indevida;Colisão transversal;Com Vítimas Feridas;Pleno dia;Decrescente;Chuva;Simples;Reta;-2.639.685.622;-4.874.021.969
25/02/2024;08:00:00;WENCESLAU GUIMARAES;Manobra de mudança de faixa;Saída de leito carroçável;Com Vítimas Feridas;Pleno dia;Crescente;Céu Claro;Simples;Reta;-1.368.752;-3.948.073
26/02/2024;08:10:00;FEIRA DE SANTANA;Acesso irregular;Colisão frontal;Com Vítimas Feridas;Pleno dia;Decrescente;Céu Claro;Simples;Reta;-122.417.119;-3.893.768.485
26/02/2024;05:40:00;SANTA CRUZ DO SUL;Animais na Pista;Atropelamento de Animal;Sem Vítimas;Pleno dia;Decrescente;Nublado;Simples;Reta;-2.979.081.005;-5.240.907.669
26/02/2024;05:40:00;CURRAIS NOVOS;Ultrapassagem Indevida;Colisão frontal;Com Vítimas Fatais;Pleno dia;Decrescente;Céu Claro;Simples;Reta;-620.967.972;-3.630.801.917
26/02/2024;08:42:00;MARINGA;Ultrapassagem Indevida;Colisão transversal;Com Vítimas Feridas;Pleno dia;Crescente;Céu Claro;Dupla;Reta;-2.336.667.638;-5.207.026.152
26/02/2024;08:40:00;CARIACICA;Desrespeitar a preferência no cruzamento;Colisão transversal;Com Vítimas Feridas;Pleno dia;Crescente;Céu Claro;Dupla;Reta;-2.029.410.967;-4.039.305.925
26/02/2024;07:15:00;PICOS;Acesso irregular;Colisão transversal;Com Vítimas Feridas;Pleno dia;Decrescente;Céu Claro;Múltipla;"Curva;Aclive";-706.858.767;-4.150.981.752
26/02/2024;07:12:00;RIO DE JANEIRO;Frear bruscamente;Colisão traseira;Com Vítimas Feridas;Pleno dia;Decrescente;Céu Claro;Dupla;Reta;-2.281.113.183;-433.336.729
26/02/2024;07:30:00;PALHOCA;Frear bruscamente;Queda de ocupante de veículo;Com Vítimas Feridas;Pleno dia;Decrescente;Garoa/Chuvisco;Múltipla;Reta;-2.765.184.843;-4.867.604.941
26/02/2024;09:00:00;CHAPECO;Condutor usando celular;Saída de leito carroçável;Com Vítimas Feridas;Pleno dia;Decrescente;Sol;Simples;Reta;-26.993.254;-52.681.767
26/02/2024;11:00:00;SALVADOR;Manobra de mudança de faixa;Colisão lateral mesmo sentido;Com Vítimas Feridas;Pleno dia;Decrescente;Sol;Dupla;Reta;-1.292.628.699;-3.846.838.679
26/02/2024;09:50:00;MANDAGUACU;Sinalização mal posicionada;Colisão traseira;Com Vítimas Feridas;Pleno dia;Crescente;Céu Claro;Dupla;Curva;-2.334.089.926;-5.209.250.522
26/02/2024;12:00:00;RANCHO QUEIMADO;Velocidade Incompatível;Saída de leito carroçável;Com Vítimas Feridas;Pleno dia;Crescente;Chuva;Simples;Curva;-27.683.439;-49.105.259
26/02/2024;11:52:00;VACARIA;Ausência de sinalização;Saída de leito carroçável;Sem Vítimas;Pleno dia;Decrescente;Nublado;Simples;Reta;-2.851.194.464;-5.091.156.721
26/02/2024;13:20:00;MARINGA;Manobra de mudança de faixa;Colisão lateral mesmo sentido;Com Vítimas Feridas;Pleno dia;Decrescente;Céu Claro;Múltipla;Retorno Regulamentado;-234.132.015;-5.194.612.741
26/02/2024;13:47:00;IGARASSU;Acumulo de água sobre o pavimento;Saída de leito carroçável;Com Vítimas Feridas;Pleno dia;Decrescente;Chuva;Dupla;"Declive;Reta";-777.952.193;-3.493.231.384
26/02/2024;14:30:00;BARRA DO RIBEIRO;Acumulo de água sobre o pavimento;Saída de leito carroçável;Com Vítimas Feridas;Pleno dia;Decrescente;Chuva;Dupla;Curva;-3.027.278.604;-5.140.935.988
26/02/2024;10:30:00;SAO JOSE;Frear bruscamente;Colisão traseira;Com Vítimas Feridas;Pleno dia;Crescente;Chuva;Múltipla;Reta;-2.761.000.542;-4.863.895.057
26/02/2024;12:30:00;TRACUATEUA;Manobra de mudança de faixa;Colisão lateral sentido oposto;Com Vítimas Feridas;Pleno dia;Crescente;Chuva;Simples;"Declive;Reta";-108.294.451;-4.689.141.694
26/02/2024;17:20:00;IBAITI;Desrespeitar a preferência no cruzamento;Colisão transversal;Com Vítimas Feridas;Pleno dia;Decrescente;Céu Claro;Simples;Reta;-2.379.674.793;-5.018.137.692
26/02/2024;18:41:00;GOIANINHA;Animais na Pista;Atropelamento de Animal;Com Vítimas Feridas;Plena Noite;Decrescente;Céu Claro;Dupla;Reta;-63.250.942;-3.517.882.034
26/02/2024;19:10:00;DOM EXPEDITO LOPES;Animais na Pista;Atropelamento de Animal;Com Vítimas Feridas;Plena Noite;Crescente;Céu Claro;Simples;Reta;-69.914.097;-4.162.679.567
26/02/2024;20:50:00;LONDRINA;Ultrapassagem Indevida;Tombamento;Com Vítimas Feridas;Plena Noite;Crescente;Céu Claro;Dupla;Interseção de Vias;-2.329.727.672;-5.120.090.783
26/02/2024;16:20:00;BARRA DO GARCAS;Desrespeitar a preferência no cruzamento;Colisão traseira;Com Vítimas Feridas;Pleno dia;Decrescente;Céu Claro;Dupla;Rotatória;-1.588.252.843;-5.227.574.027
26/02/2024;21:25:00;GARIBALDI;Chuva;Saída de leito carroçável;Com Vítimas Feridas;Plena Noite;Crescente;Chuva;Simples;Declive;-2.925.240.112;-5.151.303.649
26/02/2024;20:15:00;JANDAIA DO SUL;Pista esburacada;Tombamento;Com Vítimas Feridas;Plena Noite;Crescente;Céu Claro;Simples;"Declive;Reta";-2.359.475.757;-516.539.104