data_inversa;horario;municipio;causa_acidente;tipo_acidente;classificacao_acidente;fase_dia;sentido_via;condicao_metereologica;tipo_pista;tracado_via;latitude;longitude
05/03/2024;18:40:00;JUIZ DE FORA;Conversão proibida;Colisão lateral mesmo sentido;Com Vítimas Feridas;Plena Noite;Decrescente;Nublado;Simples;Reta;-2.171.024.166;-4.349.328.265
05/03/2024;21:00:00;EWBANK DA CAMARA;Animais na Pista;Atropelamento de Animal;Com Vítimas Feridas;Plena Noite;Decrescente;Chuva;Simples;Reta;-2.149.531.809;-4.353.514.132
25/01/2024;21:30:00;JUATUBA;Manobra de mudança de faixa;Colisão lateral mesmo sentido;Com Vítimas Feridas;Plena Noite;Crescente;Céu Claro;Dupla;"Declive;Reta";-19.970.921;-4.428.979
05/03/2024;20:30:00;JACAREI;Frear bruscamente;Colisão traseira;Sem Vítimas;Plena Noite;Não Informado;Chuva;Dupla;Reta;-2.326.293.997;-4.596.865.004
05/03/2024;22:30:00;RIBEIRAO DAS NEVES;Velocidade Incompatível;Capotamento;Com Vítimas Feridas;Plena Noite;Crescente;Céu Claro;Dupla;Reta;-1.980.151.928;-4.410.000.333
05/03/2024;21:30:00;DOMINGOS MARTINS;Velocidade Incompatível;Colisão traseira;Sem Vítimas;Plena Noite;Crescente;Céu Claro;Simples;Curva;-2.037.309.781;-405.917.608
06/03/2024;07:00:00;MIRACATU;Acumulo de água sobre o pavimento;Saída de leito carroçável;Com Vítimas Feridas;Pleno dia;Crescente;Chuva;Dupla;Reta;-2.427.280.624;-474.062.269
06/03/2024;02:00:00;DUQUE DE CAXIAS;Acumulo de água sobre o pavimento;Colisão com objeto;Com Vítimas Feridas;Plena Noite;Decrescente;Chuva;Simples;Reta;-2.272.756.999;-432.891.609
06/03/2024;07:45:00;COLATINA;Animais na Pista;Atropelamento de Animal;Sem Vítimas;Pleno dia;Crescente;Sol;Simples;Reta;-1.950.128.488;-4.065.265.414
06/03/2024;08:15:00;ITAPECERICA DA SERRA;Animais na Pista;Tombamento;Com Vítimas Feridas;Pleno dia;Crescente;Céu Claro;Dupla;Reta;-2.369.297.005;-4.686.352.786
06/03/2024;09:15:00;SAO LEOPOLDO;Acumulo de areia ou detritos sobre o pavimento;Colisão com objeto;Sem Vítimas;Pleno dia;Crescente;Céu Claro;Múltipla;Reta;-297.831.804;-5.116.099.063
06/03/2024;08:30:00;RIO VERDE;Conversão proibida;Colisão transversal;Com Vítimas Feridas;Pleno dia;Decrescente;Céu Claro;Dupla;Reta;-177.481;-508.763
06/03/2024;09:50:00;BRASILIA;Manobra de mudança de faixa;Colisão lateral mesmo sentido;Com Vítimas Feridas;Pleno dia;Decrescente;Céu Claro;Dupla;Rotatória;-15.798.888;-48.185.043
10/02/2024;17:00:00;MARMELEIRO;Manobra de mudança de faixa;Colisão transversal;Com Vítimas Feridas;Pleno dia;Crescente;Céu Claro;Simples;Reta;-26.188.955;-53.080.484
06/03/2024;10:10:00;VITORIA DA CONQUISTA;Acesso irregular;Colisão transversal;Com Vítimas Feridas;Pleno dia;Decrescente;Nublado;Simples;Reta;-14.851;-408.485
06/03/2024;12:30:00;SOUSA;Conversão proibida;Colisão lateral mesmo sentido;Com Vítimas Feridas;Pleno dia;Decrescente;Céu Claro;Simples;Reta;-6.778.443;-38.229.889
06/03/2024;12:28:00;TEOFILO OTONI;Manobra de mudança de faixa;Colisão lateral mesmo sentido;Com Vítimas Feridas;Pleno dia;Decrescente;Céu Claro;Simples;Reta;-17.859.892;-41.515.129
06/03/2024;14:00:00;SAO MIGUEL DO IGUACU;Desrespeitar a preferência no cruzamento;Colisão transversal;Com Vítimas Feridas;Pleno dia;Decrescente;Céu Claro;Dupla;Reta;-2.537.239.725;-5.427.033.988
06/03/2024;12:40:00;APIUNA;Conversão proibida;Colisão frontal;Com Vítimas Feridas;Pleno dia;Decrescente;Nublado;Simples;Reta;-2.709.599.982;-4.945.788.503
23/02/2024;18:45:00;JOAO PINHEIRO;Acesso irregular;Colisão traseira;Com Vítimas Feridas;Anoitecer;Crescente;Nublado;Simples;"Aclive;Curva";-1.774.968.182;-4.616.992.584
06/03/2024;14:26:00;NATAL;Conversão proibida;Colisão frontal;Com Vítimas Feridas;Pleno dia;Decrescente;Sol;Dupla;Em Obras;-580.533.866;-3.523.993.492
23/02/2024;16:30:00;VARZEA GRANDE;Conversão proibida;Queda de ocupante de veículo;Com Vítimas Feridas;Pleno dia;Crescente;Nublado;Simples;Reta;-156.627.096;-5.618.541.241
06/03/2024;13:30:00;INDIARA;Acumulo de água sobre o pavimento;Saída de leito carroçável;Sem Vítimas;Pleno dia;Crescente;Chuva;Dupla;"Aclive;Reta";-170.832;-498.386
06/03/2024;15:55:00;TRES CORACOES;Chuva;Tombamento;Com Vítimas Feridas;Pleno dia;Crescente;Chuva;Dupla;Curva;-2.166.711.081;-4.531.607.202
06/03/2024;14:15:00;SAPUCAIA;Velocidade Incompatível;Colisão traseira;Com Vítimas Feridas;Pleno dia;Decrescente;Nublado;Simples;Reta;-2.188.885.874;-4.270.076.752
06/03/2024;17:25:00;TORRES;Manobra de mudança de faixa;Colisão lateral mesmo sentido;Com Vítimas Feridas;Pleno dia;Decrescente;Céu Claro;Dupla;Reta;-2.932.474.865;-4.977.922.041
06/03/2024;17:30:00;NOVA LIMA;Manobra de mudança de faixa;Colisão lateral mesmo sentido;Com Vítimas Feridas;Anoitecer;Decrescente;Chuva;Dupla;"Aclive;Curva;Interseção de Vias";-200.866.769;-4.397.614.717
06/03/2024;17:00:00;CAXIAS DO SUL;Ultrapassagem Indevida;Colisão lateral mesmo sentido;Com Vítimas Feridas;Pleno dia;Decrescente;Céu Claro;Dupla;"Retorno Regulamentado;Reta";-2.918.579.758;-5.117.713.005
06/03/2024;17:45:00;LAJEADO;Acumulo de areia ou detritos sobre o pavimento;Tombamento;Com Vítimas Feridas;Pleno dia;Decrescente;Céu Claro;Dupla;"Desvio Temporário;Em Obras;Reta";-29.439.268;-51.993.633
06/03/2024;18:52:00;NITEROI;Manobra de mudança de faixa;Colisão lateral mesmo sentido;Com Vítimas Feridas;Plena Noite;Decrescente;Céu Claro;Dupla;Reta;-22.878.923;-43.110.676
06/03/2024;17:10:00;CACHOEIRA PAULISTA;Chuva;Colisão traseira;Com Vítimas Feridas;Pleno dia;Decrescente;Chuva;Dupla;Curva;-2.267.026.579;-4.499.183.604
06/03/2024;15:30:00;CRISTIANO OTONI;Chuva;Saída de leito carroçável;Com Vítimas Feridas;Pleno dia;Crescente;Chuva;Simples;"Curva;Declive";-20.818.725;-43.812.025
06/03/2024;14:30:00;NOVA IGUACU;Manobra de mudança de faixa;Queda de ocupante de veículo;Com Vítimas Feridas;Pleno dia;Crescente;Garoa/Chuvisco;Múltipla;Reta;-227.516.014;-4.343.849.831
06/03/2024;20:20:00;ITAOBIM;Animais na Pista;Atropelamento de Animal;Com Vítimas Feridas;Plena Noite;Crescente;Céu Claro;Simples;Curva;-16.537.856;-41.506.196
06/03/2024;22:35:00;SOBRAL;Iluminação deficiente;Colisão traseira;Com Vítimas Fatais;Plena Noite;Crescente;Céu Claro;Simples;Reta;-375.579.059;-4.055.909.297
06/03/2024;22:50:00;LONDRINA;Acumulo de água sobre o pavimento;Colisão traseira;Com Vítimas Feridas;Plena Noite;Decrescente;Chuva;Dupla;Reta;-2.329.304.926;-5.114.942.014
07/03/2024;03:40:00;IGARASSU;Velocidade Incompatível;Colisão com objeto;Com Vítimas Feridas;Pleno dia;Crescente;Céu Claro;Múltipla;Reta;-787.406.004;-3.490.588.126
06/03/2024;18:10:00;UBAITABA;Velocidade Incompatível;Capotamento;Com Vítimas Feridas;Plena Noite;Crescente;Céu Claro;Simples;Reta;-14.241.022;-39.320.011
06/03/2024;20:00:00;SANTA MARIA DA BOA VISTA;Animais na Pista;Atropelamento de Animal;Com Vítimas Feridas;Plena Noite;Crescente;Céu Claro;Simples;"Reta;Declive";-878.569.222;-3.982.185.946
07/03/2024;05:44:00;CAPAO DO LEAO;Animais na Pista;Atropelamento de Animal;Com Vítimas Feridas;Plena Noite;Crescente;Céu Claro;Simples;"Ponte;Reta";-3.173.851.383;-5.267.295.601
03/01/2024;16:00:00;NOVA LARANJEIRAS;Velocidade Incompatível;Saída de leito carroçável;Com Vítimas Feridas;Pleno dia;Crescente;Céu Claro;Simples;Curva;-252.622.462;-526.238.801
07/03/2024;08:00:00;MIRACATU;Chuva;Saída de leito carroçável;Com Vítimas Feridas;Pleno dia;Crescente;Nublado;Dupla;Reta;-2.426.558.971;-4.738.858.809
29/02/2024;02:04:00;CASTILHO;Animais na Pista;Colisão traseira;Com Vítimas Feridas;Plena Noite;Decrescente;Céu Claro;Dupla;Curva;-2.078.935.176;-5.161.112.808
07/03/2024;08:13:00;INDAIAL;Conversão proibida;Colisão transversal;Com Vítimas Feridas;Pleno dia;Decrescente;Nublado;Simples;"Curva;Em Obras";-26.924.833;-49.284.004
07/03/2024;06:46:00;LUCAS DO RIO VERDE;Ultrapassagem Indevida;Colisão frontal;Com Vítimas Fatais;Pleno dia;Decrescente;Sol;Simples;Reta;-1.329.032.613;-5.603.348.571
07/03/2024;10:00:00;NOVA IGUACU;Manobra de mudança de faixa;Colisão lateral mesmo sentido;Com Vítimas Feridas;Pleno dia;Crescente;Céu Claro;Dupla;Curva;-227.464.721.549;-434.459.431.052
07/03/2024;10:00:00;TERESINA;Desrespeitar a preferência no cruzamento;Colisão transversal;Com Vítimas Feridas;Pleno dia;Decrescente;Céu Claro;Múltipla;"Rotatória;Viaduto;Interseção de Vias";-50.904.635;-4.276.048.064
07/03/2024;07:10:00;ANGRA DOS REIS;Conversão proibida;Colisão traseira;Com Vítimas Feridas;Pleno dia;Decrescente;Nublado;Simples;Reta;-2.295.677.315;-4.430.073.738
07/03/2024;11:45:00;NOVA SERRANA;Manobra de mudança de faixa;Colisão lateral mesmo sentido;Com Vítimas Feridas;Pleno dia;Decrescente;Céu Claro;Dupla;"Declive;Reta";-1.987.363.169;-4.495.947.719
07/03/2024;10:00:00;PETROPOLIS;Pista Escorregadia;Tombamento;Com Vítimas Feridas;Pleno dia;Crescente;Chuva;Dupla;Retorno Regulamentado;-2.245.304.974;-4.320.832.411
07/03/2024;12:00:00;PETROPOLIS;Velocidade Incompatível;Saída de leito carroçável;Com Vítimas Feridas;Pleno dia;Crescente;Chuva;Dupla;Reta;-2.232.705.315;-4.313.253.559
07/03/2024;11:40:00;PORTO VELHO;Manobra de mudança de faixa;Colisão lateral mesmo sentido;Sem Vítimas;Pleno dia;Crescente;Céu Claro;Dupla;"Reta;Interseção de Vias";-875.877.857;-6.388.612.568
07/03/2024;12:20:00;RECIFE;Ultrapassagem Indevida;Colisão lateral mesmo sentido;Com Vítimas Feridas;Pleno dia;Decrescente;Sol;Dupla;Reta;-805.074.296;-3.494.580.619
21/02/2024;14:10:00;SANTO ANTONIO DA PATRULHA;Manobra de mudança de faixa;Colisão lateral mesmo sentido;Com Vítimas Feridas;Pleno dia;Decrescente;Céu Claro;Dupla;Reta;-2.988.664.379;-5.065.263.748
07/03/2024;12:38:00;FEIRA DE SANTANA;Velocidade Incompatível;Colisão com objeto;Com Vítimas Feridas;Pleno dia;Crescente;Céu Claro;Dupla;"Curva;Declive";-1.232.646.656;-3.905.847.632
07/03/2024;12:20:00;TERESINA;Desrespeitar a preferência no cruzamento;Colisão transversal;Sem Vítimas;Pleno dia;Crescente;Sol;Múltipla;"Viaduto;Rotatória;Reta";-5.191.739;-4.276.076.102
07/03/2024;07:40:00;BELO ORIENTE;Velocidade Incompatível;Tombamento;Sem Vítimas;Pleno dia;Crescente;Ignorado;Dupla;"Retorno Regulamentado;Reta";-1.935.211.898;-4.243.413.106
07/03/2024;14:00:00;TORITAMA;Ultrapassagem Indevida;Colisão transversal;Com Vítimas Feridas;Pleno dia;Decrescente;Sol;Simples;Reta;-80.078;-360.621
07/03/2024;15:59:00;MARECHAL CANDIDO RONDON;Pista Escorregadia;Queda de ocupante de veículo;Com Vítimas Feridas;Pleno dia;Crescente;Sol;Dupla;Rotatória;-24.526.948;-54.053.809
07/03/2024;18:20:00;ARAUCARIA;Velocidade Incompatível;Colisão traseira;Com Vítimas Feridas;Pleno dia;Decrescente;Céu Claro;Dupla;Reta;-2.556.966.896;-4.938.388.824
07/03/2024;18:40:00;JOAO PESSOA;Acumulo de areia ou detritos sobre o pavimento;Tombamento;Com Vítimas Feridas;Plena Noite;Crescente;Nublado;Dupla;"Em Obras;Retorno Regulamentado";-71.710.694;-3.489.765.372
07/03/2024;17:00:00;PETROLINA;Acumulo de areia ou detritos sobre o pavimento;Queda de ocupante de veículo;Com Vítimas Feridas;Anoitecer;Crescente;Céu Claro;Dupla;Rotatória;-939.885.116;-4.050.523.996
07/03/2024;16:10:00;SILVA JARDIM;Chuva;Saída de leito carroçável;Com Vítimas Feridas;Pleno dia;Decrescente;Chuva;Dupla;Curva;-2.265.885.276;-4.249.422.728
07/03/2024;19:30:00;MILAGRES;Animais na Pista;Atropelamento de Animal;Com Vítimas Feridas;Plena Noite;Crescente;Céu Claro;Simples;Reta;-1.286.744.895;-3.985.551.617
07/03/2024;20:50:00;DUQUE DE CAXIAS;Pista Escorregadia;Tombamento;Com Vítimas Feridas;Plena Noite;Crescente;Céu Claro;Dupla;"Aclive;Curva;Retorno Regulamentado";-2.276.375.592;-4.328.683.062
07/03/2024;07:20:00;VITORIA DA CONQUISTA;Acostamento em desnível;Saída de leito carroçável;Com Vítimas Feridas;Amanhecer;Decrescente;Céu Claro;Simples;Reta;-1.506.993.464;-4.100.109.327
07/03/2024;20:55:00;CORONEL VIVIDA;Conversão proibida;Colisão frontal;Com Vítimas Feridas;Plena Noite;Crescente;Chuva;Simples;Reta;-2.596.229.725;-5.250.990.897
07/03/2024;20:10:00;GUARAPUAVA;Ultrapassagem Indevida;Colisão lateral sentido oposto;Com Vítimas Feridas;Plena Noite;Decrescente;Chuva;Simples;"Reta;Declive";-2.541.478.153;-5.156.217.701
08/03/2024;01:15:00;FORTALEZA;Iluminação deficiente;Colisão traseira;Com Vítimas Feridas;Plena Noite;Decrescente;Chuva;Múltipla;Reta;-381.229.905;-3.850.088.295
08/03/2024;01:40:00;PEIXE;Animais na Pista;Atropelamento de Animal;Com Vítimas Fatais;Plena Noite;Crescente;Nublado;Simples;Reta;-1.190.062.324;-4.874.427.115
08/03/2024;01:20:00;UBERLANDIA;Animais na Pista;Atropelamento de Animal;Com Vítimas Feridas;Plena Noite;Decrescente;Céu Claro;Dupla;Reta;-189.113;-482.622
07/03/2024;17:00:00;PETROLINA;Acumulo de areia ou detritos sobre o pavimento;Tombamento;Com Vítimas Feridas;Pleno dia;Crescente;Céu Claro;Dupla;Rotatória;-939.879.949;-4.050.524.646
08/03/2024;01:45:00;CASCAVEL;Velocidade Incompatível;Saída de leito carroçável;Sem Vítimas;Plena Noite;Crescente;Nublado;Simples;Reta;-2.496.941.255;-5.342.959.722
08/03/2024;03:30:00;CANGUCU;Ultrapassagem Indevida;Colisão frontal;Sem Vítimas;Plena Noite;Não Informado;Nublado;Simples;Reta;-3.094.092.463;-5.264.883.935
08/03/2024;06:30:00;ARES;Chuva;Colisão lateral mesmo sentido;Sem Vítimas;Pleno dia;Decrescente;Chuva;Múltipla;Reta;-623.449.707;-3.521.637.886
08/03/2024;08:15:00;CONCORDIA;Velocidade Incompatível;Queda de ocupante de veículo;Com Vítimas Feridas;Pleno dia;Crescente;Chuva;Simples;Reta;-2.720.456.435;-5.194.953.918
08/03/2024;09:00:00;BIGUACU;Chuva;Colisão com objeto;Com Vítimas Feridas;Pleno dia;Decrescente;Chuva;Dupla;Curva;-27.459.393;-48.638.914
29/01/2024;08:00:00;SALVADOR;Manobra de mudança de faixa;Colisão lateral mesmo sentido;Com Vítimas Feridas;Pleno dia;Crescente;Céu Claro;Dupla;Reta;-1.292.827.611;-3.846.828.461
18/02/2024;03:10:00;ITABORAI;Animais na Pista;Atropelamento de Animal;Com Vítimas Fatais;Plena Noite;Decrescente;Céu Claro;Dupla;Reta;-227.525.329;-4.294.160.092
08/03/2024;09:10:00;RIBEIRA DO AMPARO;Manobra de mudança de faixa;Colisão transversal;Sem Vítimas;Pleno dia;Decrescente;Céu Claro;Simples;Reta;-11.020.619;-3.851.474.442
08/03/2024;10:24:00;VILHENA;Desrespeitar a preferência no cruzamento;Colisão transversal;Com Vítimas Feridas;Pleno dia;Decrescente;Céu Claro;Dupla;Rotatória;-12.775.857;-60.093.437
08/03/2024;07:45:00;JARU;Manobra de mudança de faixa;Colisão lateral mesmo sentido;Com Vítimas Feridas;Pleno dia;Decrescente;Sol;Simples;Desvio Temporário;-104.597.532;-624.558.043
08/03/2024;12:20:00;IRAI;Velocidade Incompatível;Saída de leito carroçável;Com Vítimas Feridas;Pleno dia;Decrescente;Nublado;Simples;"Ponte;Reta";-27.182.261;-53.249.657
08/03/2024;09:30:00;HIDROLANDIA;Manobra de mudança de faixa;Colisão transversal;Com Vítimas Feridas;Pleno dia;Crescente;Céu Claro;Dupla;Reta;-168.937;-492.557
08/03/2024;11:11:00;AGUAS MORNAS;Acumulo de água sobre o pavimento;Saída de leito carroçável;Com Vítimas Feridas;Pleno dia;Crescente;Chuva;Simples;"Curva;Aclive";-2.770.455.699;-4.895.623.684
08/03/2024;14:10:00;APARECIDA;Desrespeitar a preferência no cruzamento;Colisão transversal;Com Vítimas Feridas;Pleno dia;Crescente;Céu Claro;Simples;Interseção de Vias;-2.285.651.665;-4.523.114.328
08/03/2024;13:15:00;OSORIO;Chuva;Saída de leito carroçável;Com Vítimas Feridas;Pleno dia;Decrescente;Chuva;Dupla;Curva;-29.888.996;-50.383.354
08/03/2024;14:30:00;GUARULHOS;Chuva;Tombamento;Com Vítimas Feridas;Pleno dia;Crescente;Chuva;Múltipla;Reta;-2.347.093.408;-4.651.631.097
08/03/2024;14:40:00;OSORIO;Chuva;Saída de leito carroçável;Com Vítimas Feridas;Pleno dia;Crescente;Chuva;Dupla;Reta;-2.980.280.592;-5.023.688.813
08/03/2024;07:30:00;TEOTONIO VILELA;Acumulo de água sobre o pavimento;Saída de leito carroçável;Com Vítimas Feridas;Pleno dia;Crescente;Chuva;Dupla;Reta;-99.062.329;-3.631.798.404
08/03/2024;01:00:00;CARIDADE;Acumulo de água sobre o pavimento;Colisão com objeto;Com Vítimas Feridas;Plena Noite;Decrescente;Chuva;Simples;Reta;-411.194.614;-3.906.253.979
08/03/2024;13:25:00;SANTA BARBARA DO LESTE;Velocidade Incompatível;Colisão com objeto;Com Vítimas Feridas;Pleno dia;Decrescente;Chuva;Simples;"Reta;Declive";-1.994.847;-4.213.088.393
08/03/2024;09:55:00;QUEIMADOS;Manobra de mudança de faixa;Queda de ocupante de veículo;Com Vítimas Feridas;Pleno dia;Crescente;Céu Claro;Dupla;Reta;-2.272.980.637;-4.356.512.004
08/03/2024;15:00:00;CAXIAS DO SUL;Acesso irregular;Colisão lateral mesmo sentido;Com Vítimas Feridas;Pleno dia;Crescente;Chuva;Múltipla;Curva;-291.829.343;-5.116.801.501
08/03/2024;13:40:00;CACOAL;Desrespeitar a preferência no cruzamento;Colisão transversal;Com Vítimas Feridas;Pleno dia;Crescente;Garoa/Chuvisco;Simples;Interseção de Vias;-114.506.169;-614.302.469
08/03/2024;12:00:00;BOA NOVA;Velocidade Incompatível;Capotamento;Com Vítimas Feridas;Pleno dia;Decrescente;Céu Claro;Simples;Reta;-143.951.425;-401.743.888
08/03/2024;17:15:00;SAO JOSE DO RIO PRETO;Manobra de mudança de faixa;Tombamento;Com Vítimas Feridas;Pleno dia;Crescente;Céu Claro;Dupla;"Reta;Declive";-2.080.564.439;-493.559.755
08/03/2024;16:55:00;PORTO ALEGRE;Chuva;Colisão com objeto;Com Vítimas Feridas;Pleno dia;Decrescente;Chuva;Dupla;Curva;-29.972.212;-51.199.139
08/03/2024;17:40:00;SAO SEBASTIAO DA BELA VISTA;Chuva;Capotamento;Com Vítimas Feridas;Anoitecer;Crescente;Chuva;Dupla;Reta;-2.219.252.695;-4.584.775.906
08/03/2024;15:20:00;PIRENOPOLIS;Manobra de mudança de faixa;Tombamento;Com Vítimas Feridas;Pleno dia;Decrescente;Céu Claro;Simples;"Declive;Reta";-16.079.566;-49.048.472
08/03/2024;16:30:00;ALTO ARAGUAIA;Manobra de mudança de faixa;Colisão lateral mesmo sentido;Sem Vítimas;Pleno dia;Crescente;Céu Claro;Dupla;Reta;-1.731.871;-53.211.903
08/03/2024;14:45:00;SARANDI;Acumulo de água sobre o pavimento;Saída de leito carroçável;Com Vítimas Feridas;Pleno dia;Decrescente;Chuva;Simples;"Curva;Aclive";-28.056.545;-52.870.819
08/03/2024;16:05:00;CANTA;Velocidade Incompatível;Saída de leito carroçável;Com Vítimas Feridas;Pleno dia;Decrescente;Céu Claro;Simples;Reta;249.345.201;-6.063.583.589
08/03/2024;17:40:00;PORTO SEGURO;Ultrapassagem Indevida;Tombamento;Com Vítimas Feridas;Anoitecer;Crescente;Céu Claro;Simples;Reta;-1.643.517.732;-3.907.201.198
08/03/2024;20:00:00;NOVA IGUACU;Manobra de mudança de faixa;Colisão lateral mesmo sentido;Com Vítimas Feridas;Plena Noite;Crescente;Céu Claro;Múltipla;Reta;-22.761.312;-43.423.492
08/03/2024;17:28:00;PORTO VELHO;Manobra de mudança de faixa;Colisão lateral mesmo sentido;Com Vítimas Feridas;Pleno dia;Crescente;Céu Claro;Dupla;Reta;-8.766.685;-63.884.052
08/03/2024;20:10:00;NOSSA SENHORA DO SOCORRO;Estacionar ou parar em local proibido;Colisão traseira;Com Vítimas Feridas;Plena Noite;Crescente;Céu Claro;Dupla;"Reta;Aclive";-1.085.236.473;-3.713.618.222
08/03/2024;20:40:00;ATIBAIA;Chuva;Tombamento;Sem Vítimas;Plena Noite;Decrescente;Chuva;Dupla;"Aclive;Reta";-23.079.939;-46.569.862
08/03/2024;19:45:00;VITORIA DA CONQUISTA;Desrespeitar a preferência no cruzamento;Colisão transversal;Com Vítimas Feridas;Plena Noite;Decrescente;Nublado;Simples;Reta;-148.846;-408.707
08/03/2024;17:30:00;PAPANDUVA;Pista Escorregadia;Tombamento;Com Vítimas Feridas;Pleno dia;Crescente;Nublado;Simples;"Reta;Declive";-2.639.398.399;-5.015.735.149
08/03/2024;21:00:00;PONTE ALTA;Ultrapassagem Indevida;Saída de leito carroçável;Sem Vítimas;Plena Noite;Decrescente;Chuva;Simples;"Curva;Declive";-2.747.335.386;-503.816.746
08/03/2024;22:35:00;NATAL;Manobra de mudança de faixa;Colisão lateral mesmo sentido;Com Vítimas Feridas;Plena Noite;Crescente;Céu Claro;Múltipla;Reta;-585.758.898;-3.521.271.205
08/03/2024;16:30:00;CANARANA;Velocidade Incompatível;Saída de leito carroçável;Com Vítimas Feridas;Anoitecer;Decrescente;Céu Claro;Simples;Reta;-1.360.919.196;-5.194.248.804
08/03/2024;22:00:00;CHOROZINHO;Animais na Pista;Atropelamento de Animal;Com Vítimas Feridas;Plena Noite;Crescente;Garoa/Chuvisco;Simples;Reta;-439.558.323;-3.842.673.827
08/03/2024;21:00:00;UIRAUNA;Animais na Pista;Atropelamento de Animal;Com Vítimas Fatais;Plena Noite;Decrescente;Céu Claro;Simples;Aclive;-645.648.691;-3.844.497.693
08/03/2024;21:56:00;NAZARE;Animais na Pista;Atropelamento de Animal;Sem Vítimas;Plena Noite;Decrescente;Céu Claro;Simples;Reta;-635.419.789;-4.772.181.085
08/03/2024;22:20:00;ITAJAI;Velocidade Incompatível;Colisão com objeto;Sem Vítimas;Anoitecer;Decrescente;Céu Claro;Simples;"Reta;Rotatória";-2.693.668.609;-4.869.876.905
08/03/2024;22:30:00;DUQUE DE CAXIAS;Ultrapassagem Indevida;Colisão lateral mesmo sentido;Sem Vítimas;Plena Noite;Decrescente;Céu Claro;Dupla;Reta;-2.271.853.604;-4.328.993.324
08/03/2024;23:05:00;MARACAJA;Velocidade Incompatível;Colisão traseira;Com Vítimas Feridas;Plena Noite;Crescente;Céu Claro;Múltipla;Reta;-28.845.912;-49.432.957
08/03/2024;20:20:00;PORTO VELHO;Iluminação deficiente;Colisão com objeto;Com Vítimas Feridas;Plena Noite;Crescente;Nublado;Dupla;Reta;-879.554.083;-6.384.072.487
09/03/2024;01:50:00;GUAPO;Acumulo de água sobre o pavimento;Colisão com objeto;Sem Vítimas;Plena Noite;Decrescente;Chuva;Dupla;Reta;-1.684.285.406;-4.954.968.279
09/03/2024;03:00:00;CURITIBA;Velocidade Incompatível;Saída de leito carroçável;Com Vítimas Feridas;Plena Noite;Decrescente;Chuva;Dupla;Curva;-2.554.637.135;-4.925.847.873
09/03/2024;04:00:00;SAO JOSE;Chuva;Saída de leito carroçável;Sem Vítimas;Plena Noite;Decrescente;Chuva;Múltipla;"Declive;Curva";-2.758.313.237;-4.861.532.885
09/03/2024;05:30:00;AREAL;Velocidade Incompatível;Colisão com objeto;Com Vítimas Feridas;Amanhecer;Decrescente;Céu Claro;Dupla;Curva;-2.219.245.612;-4.316.023.202
09/03/2024;06:50:00;PALMAS;Velocidade Incompatível;Colisão traseira;Com Vítimas Feridas;Pleno dia;Decrescente;Sol;Dupla;Aclive;-1.018.953.902;-4.817.153.202
09/03/2024;07:30:00;POUSO ALEGRE;Falta de elemento de contenção que evite a saída do leito carroçável;Saída de leito carroçável;Sem Vítimas;Pleno dia;Crescente;Nublado;Dupla;Reta;-2.231.062.387;-4.590.262.985
09/03/2024;07:27:00;NATAL;Desrespeitar a preferência no cruzamento;Colisão transversal;Com Vítimas Feridas;Pleno dia;Crescente;Céu Claro;Dupla;Interseção de Vias;-583.176.615;-3.521.191.342
09/03/2024;07:40:00;TRES RIOS;Velocidade Incompatível;Colisão traseira;Com Vítimas Feridas;Pleno dia;Decrescente;Céu Claro;Dupla;Reta;-2.212.244.792;-431.568.498
09/03/2024;08:00:00;BRASILIA;Frear bruscamente;Saída de leito carroçável;Sem Vítimas;Pleno dia;Crescente;Céu Claro;Dupla;Reta;-15.682.896;-47.840.729
09/03/2024;09:10:00;LAGUNA;Acesso irregular;Tombamento;Com Vítimas Feridas;Pleno dia;Decrescente;Céu Claro;Simples;"Reta;Declive";-2.842.904.239;-4.884.257.464
09/03/2024;10:10:00;JAGUARE;Ultrapassagem Indevida;Colisão transversal;Com Vítimas Feridas;Pleno dia;Crescente;Céu Claro;Simples;Reta;-1.896.368.507;-3.998.757.584
09/03/2024;10:56:00;MACAIBA;Manobra de mudança de faixa;Colisão lateral mesmo sentido;Com Vítimas Feridas;Pleno dia;Crescente;Céu Claro;Dupla;Reta;-5.869.462;-35.329.167
09/03/2024;13:25:00;NOSSA SENHORA DO SOCORRO;Velocidade Incompatível;Colisão frontal;Com Vítimas Feridas;Pleno dia;Crescente;Céu Claro;Simples;Curva;-10.852.552;-37.192.886
09/03/2024;13:13:00;VOLTA REDONDA;Conversão proibida;Tombamento;Com Vítimas Feridas;Pleno dia;Crescente;Céu Claro;Simples;"Aclive;Reta";-224.808.278.448;-440.404.720.089
09/03/2024;14:20:00;SAO JOSE;Manobra de mudança de faixa;Colisão lateral mesmo sentido;Com Vítimas Feridas;Pleno dia;Decrescente;Nublado;Múltipla;Curva;-27.588.425;-48.612.919
09/03/2024;15:30:00;BALSA NOVA;Ausência de sinalização;Saída de leito carroçável;Com Vítimas Feridas;Pleno dia;Decrescente;Nublado;Dupla;Reta;-2.547.287.829;-4.969.805.002
09/03/2024;13:15:00;JARU;Conversão proibida;Colisão lateral mesmo sentido;Com Vítimas Feridas;Pleno dia;Decrescente;Sol;Simples;"Em Obras;Reta";-104.597.532;-624.558.043