data_inversa;horario;municipio;causa_acidente;tipo_acidente;classificacao_acidente;fase_dia;sentido_via;condicao_metereologica;tipo_pista;tracado_via;latitude;longitude
09/03/2024;16:25:00;NATAL;Faixas de trânsito com largura insuficiente;Colisão lateral mesmo sentido;Com Vítimas Feridas;Pleno dia;Crescente;Céu Claro;Dupla;"Em Obras;Ponte;Desvio Temporário";-5.777.664;-3.524.937
09/03/2024;15:10:00;JACAREZINHO;Desrespeitar a preferência no cruzamento;Colisão transversal;Com Vítimas Feridas;Pleno dia;Decrescente;Nublado;Simples;"Interseção de Vias;Reta";-23.002.905;-49.908.333
09/03/2024;10:20:00;SANTO ANTONIO DAS MISSOES;Ultrapassagem Indevida;Colisão lateral sentido oposto;Sem Vítimas;Pleno dia;Decrescente;Chuva;Simples;Reta;-28.496.275;-55.426.327
09/03/2024;15:15:00;SALVADOR DO SUL;Velocidade Incompatível;Saída de leito carroçável;Com Vítimas Feridas;Pleno dia;Crescente;Céu Claro;Simples;"Declive;Curva";-2.946.783.998;-5.148.973.889
09/03/2024;17:58:00;MOSSORO;Animais na Pista;Queda de ocupante de veículo;Com Vítimas Feridas;Anoitecer;Crescente;Céu Claro;Simples;Reta;-516.901.854;-3.724.433.401
09/03/2024;18:15:00;RECIFE;Manobra de mudança de faixa;Queda de ocupante de veículo;Com Vítimas Feridas;Plena Noite;Crescente;Céu Claro;Dupla;"Interseção de Vias;Reta";-805.951.606;-3.494.581.024
09/03/2024;14:00:00;FREI INOCENCIO;Demais falhas na via;Colisão com objeto;Sem Vítimas;Pleno dia;Crescente;Céu Claro;Múltipla;Reta;-1.856.390.406;-4.190.695.775
09/03/2024;19:25:00;VACARIA;Desrespeitar a preferência no cruzamento;Colisão transversal;Com Vítimas Feridas;Plena Noite;Crescente;Nublado;Simples;Interseção de Vias;-2.851.095.474;-5.093.140.483
09/03/2024;19:35:00;PAULISTA;Declive acentuado;Colisão com objeto;Com Vítimas Feridas;Plena Noite;Decrescente;Céu Claro;Dupla;Reta;-792.358.799;-3.489.607.201
09/03/2024;13:00:00;PALMITOS;Desrespeitar a preferência no cruzamento;Colisão transversal;Com Vítimas Feridas;Pleno dia;Decrescente;Chuva;Simples;"Interseção de Vias;Curva";-270.799.143;-5.322.440.386
09/03/2024;20:40:00;RIBEIRA DO POMBAL;Acesso irregular;Colisão lateral mesmo sentido;Com Vítimas Feridas;Plena Noite;Decrescente;Céu Claro;Simples;Reta;-1.081.977.994;-3.853.734.704
09/03/2024;22:40:00;GOIANIA;Velocidade Incompatível;Colisão lateral mesmo sentido;Com Vítimas Feridas;Plena Noite;Crescente;Nublado;Dupla;Reta;-167.189;-492.382
09/03/2024;21:30:00;SANTA VITORIA;Acumulo de água sobre o pavimento;Saída de leito carroçável;Com Vítimas Feridas;Plena Noite;Crescente;Chuva;Simples;"Declive;Reta";-1.889.876.227;-5.018.583.791
09/03/2024;23:10:00;PELOTAS;Demais falhas na via;Saída de leito carroçável;Com Vítimas Feridas;Plena Noite;Crescente;Céu Claro;Dupla;Reta;-3.156.791.105;-5.225.884.295
09/03/2024;22:30:00;RIO DE JANEIRO;Chuva;Queda de ocupante de veículo;Com Vítimas Feridas;Plena Noite;Crescente;Chuva;Dupla;Reta;-2.288.945.996;-4.366.270.423
09/03/2024;23:25:00;TAUBATE;Demais falhas na via;Eventos atípicos;Sem Vítimas;Plena Noite;Crescente;Nublado;Dupla;Reta;-2.302.871.304;-4.554.517.097
10/03/2024;02:31:00;JOAO NEIVA;Velocidade Incompatível;Colisão com objeto;Sem Vítimas;Plena Noite;Crescente;Céu Claro;Simples;Curva;-1.977.204.724;-4.037.105.854
10/03/2024;05:25:00;BARRA VELHA;Velocidade Incompatível;Saída de leito carroçável;Com Vítimas Feridas;Amanhecer;Crescente;Céu Claro;Dupla;Reta;-2.660.256.101;-4.872.553.524
10/03/2024;02:00:00;PATROCINIO;Chuva;Saída de leito carroçável;Com Vítimas Feridas;Plena Noite;Decrescente;Chuva;Simples;"Declive;Curva";-1.892.492.587;-4.720.904.222
26/02/2024;14:25:00;BALNEARIO CAMBORIU;Ultrapassagem Indevida;Colisão lateral mesmo sentido;Com Vítimas Feridas;Pleno dia;Crescente;Ignorado;Dupla;Reta;-2.702.397.426;-4.860.761.649
10/03/2024;07:15:00;CAETE;Velocidade Incompatível;Queda de ocupante de veículo;Com Vítimas Feridas;Pleno dia;Decrescente;Céu Claro;Dupla;Curva;-1.979.305.067;-4.368.018.335
10/03/2024;08:25:00;BARBACENA;Chuva;Saída de leito carroçável;Com Vítimas Feridas;Pleno dia;Crescente;Nublado;Dupla;"Declive;Curva";-213.046.231;-4.361.086.009
09/03/2024;16:30:00;ITATIAIUCU;Chuva;Colisão com objeto;Com Vítimas Feridas;Pleno dia;Decrescente;Chuva;Dupla;Reta;-2.019.896.036;-4.438.641.307
06/03/2024;07:15:00;TEOFILO OTONI;Desrespeitar a preferência no cruzamento;Colisão transversal;Com Vítimas Feridas;Pleno dia;Crescente;Céu Claro;Simples;Rotatória;-1.787.097.674;-4.151.839.614
10/03/2024;08:45:00;MORRETES;Afundamento ou ondulação no pavimento;Queda de ocupante de veículo;Com Vítimas Feridas;Pleno dia;Decrescente;Céu Claro;Dupla;"Declive;Reta";-2.559.338.755;-4.888.570.547
10/03/2024;09:15:00;ANAPOLIS;Pista Escorregadia;Tombamento;Com Vítimas Feridas;Pleno dia;Crescente;Garoa/Chuvisco;Simples;"Interseção de Vias;Retorno Regulamentado";-1.625.919.842;-489.373.297
10/03/2024;09:15:00;JOAO PESSOA;Acumulo de areia ou detritos sobre o pavimento;Colisão com objeto;Com Vítimas Feridas;Pleno dia;Crescente;Céu Claro;Dupla;Curva;-716.470.016;-3.489.993.643
10/03/2024;09:10:00;SAO SIMAO;Acostamento em desnível;Eventos atípicos;Com Vítimas Feridas;Pleno dia;Decrescente;Céu Claro;Simples;Reta;-1.892.555;-50.654.079
10/03/2024;10:00:00;SETE LAGOAS;Velocidade Incompatível;Saída de leito carroçável;Com Vítimas Feridas;Pleno dia;Decrescente;Chuva;Múltipla;"Declive;Curva";-1.950.083;-4.427.674
10/03/2024;10:00:00;SALVADOR;Acesso irregular;Colisão lateral mesmo sentido;Com Vítimas Feridas;Pleno dia;Crescente;Céu Claro;Dupla;Reta;-1.291.888.605;-3.846.502.095
10/03/2024;09:15:00;ALPERCATA;Ultrapassagem Indevida;Colisão traseira;Com Vítimas Feridas;Pleno dia;Crescente;Céu Claro;Simples;Reta;-1.893.758.018;-4.194.828.618
10/03/2024;11:15:00;BETIM;Acumulo de água sobre o pavimento;Colisão lateral mesmo sentido;Sem Vítimas;Pleno dia;Decrescente;Chuva;Múltipla;Curva;-2.003.855.134;-4.425.495.493
10/03/2024;13:17:00;PORTO BELO;Velocidade Incompatível;Colisão traseira;Com Vítimas Feridas;Pleno dia;Decrescente;Céu Claro;Dupla;Reta;-27.181.625;-486.121.179
10/03/2024;13:40:00;MARIALVA;Animais na Pista;Colisão com objeto;Com Vítimas Feridas;Pleno dia;Decrescente;Céu Claro;Dupla;Reta;-2.349.796.205;-5.177.372.722
10/03/2024;15:48:00;GASPAR;Manobra de mudança de faixa;Colisão lateral mesmo sentido;Sem Vítimas;Pleno dia;Decrescente;Céu Claro;Simples;"Reta;Em Obras";-26.912.857;-48.958.965
10/03/2024;15:40:00;MADALENA;Pista esburacada;Colisão traseira;Com Vítimas Feridas;Pleno dia;Crescente;Chuva;Simples;"Declive;Reta";-477.674.169;-3.950.292.828
10/03/2024;16:40:00;SOBRAL;Condutor usando celular;Saída de leito carroçável;Com Vítimas Feridas;Anoitecer;Decrescente;Chuva;Simples;Reta;-372.314.305;-4.046.060.998
10/03/2024;16:58:00;SANTA RITA;Velocidade Incompatível;Tombamento;Com Vítimas Feridas;Pleno dia;Decrescente;Céu Claro;Dupla;Reta;-71.479;-350.029
10/03/2024;16:30:00;ITATIM;Velocidade Incompatível;Tombamento;Com Vítimas Feridas;Pleno dia;Decrescente;Céu Claro;Simples;Curva;-127.183.204;-397.481.781
10/03/2024;17:30:00;NOVA IGUACU;Frear bruscamente;Colisão traseira;Com Vítimas Feridas;Pleno dia;Decrescente;Céu Claro;Dupla;Reta;-2.273.883.756;-4.347.245.197
10/03/2024;16:30:00;BOCAIUVA DO SUL;Animais na Pista;Colisão com objeto;Com Vítimas Feridas;Pleno dia;Crescente;Sol;Simples;Reta;-25.231.136;-49.120.708
10/03/2024;12:00:00;DIAMANTE DO SUL;Velocidade Incompatível;Saída de leito carroçável;Com Vítimas Feridas;Pleno dia;Crescente;Céu Claro;Simples;Curva;-2.514.373.066;-5.270.278.931
10/03/2024;14:30:00;UBERABA;Pista Escorregadia;Tombamento;Com Vítimas Feridas;Pleno dia;Decrescente;Nublado;Dupla;Reta;-1.927.451.393;-4.812.473.983
10/03/2024;17:40:00;TERESOPOLIS;Velocidade Incompatível;Colisão traseira;Com Vítimas Feridas;Pleno dia;Decrescente;Nublado;Simples;"Curva;Declive";-2.236.124.312;-4.294.876.288
10/03/2024;20:00:00;NOSSA SENHORA DO SOCORRO;Animais na Pista;Atropelamento de Animal;Com Vítimas Feridas;Plena Noite;Decrescente;Céu Claro;Simples;Reta;-10.883.585;-3.713.908
10/03/2024;19:17:00;GUAJARA-MIRIM;Deficiência do Sistema de Iluminação/Sinalização;Colisão traseira;Com Vítimas Fatais;Plena Noite;Decrescente;Céu Claro;Simples;Reta;-10.558.484;-65.326.225
03/02/2024;15:20:00;QUEIMADOS;Manobra de mudança de faixa;Colisão traseira;Com Vítimas Feridas;Pleno dia;Decrescente;Nublado;Dupla;Reta;-2.272.996.588;-4.361.317.403
10/03/2024;20:18:00;PORTO SEGURO;Ultrapassagem Indevida;Colisão frontal;Com Vítimas Feridas;Plena Noite;Crescente;Céu Claro;Simples;Reta;-1.643.763.962;-390.813.791
10/03/2024;20:30:00;CONTAGEM;Acesso irregular;Atropelamento de Pedestre;Com Vítimas Feridas;Plena Noite;Decrescente;Nublado;Dupla;Reta;-1.995.904.253;-4.407.049.589
10/03/2024;20:15:00;BIGUACU;Velocidade Incompatível;Colisão com objeto;Com Vítimas Feridas;Plena Noite;Crescente;Céu Claro;Dupla;Reta;-2.752.658.712;-4.863.506.019
10/03/2024;19:10:00;CAPANEMA;Estacionar ou parar em local proibido;Colisão lateral sentido oposto;Com Vítimas Feridas;Plena Noite;Crescente;Garoa/Chuvisco;Simples;Reta;-121.124.791;-47.132.118
10/03/2024;21:45:00;VERA;Animais na Pista;Atropelamento de Animal;Com Vítimas Feridas;Plena Noite;Decrescente;Céu Claro;Simples;"Reta;Declive";-12.262.136;-55.554.322
10/03/2024;23:20:00;ITABORAI;Manobra de mudança de faixa;Queda de ocupante de veículo;Com Vítimas Feridas;Plena Noite;Decrescente;Céu Claro;Dupla;Reta;-2.274.024.136;-4.275.799.897
10/03/2024;22:00:00;RONDONOPOLIS;Chuva;Colisão traseira;Com Vítimas Feridas;Plena Noite;Crescente;Chuva;Dupla;Reta;-16.467.325;-54.657.196
10/03/2024;19:20:00;LAGOA GRANDE;Ultrapassagem Indevida;Colisão frontal;Com Vítimas Fatais;Plena Noite;Crescente;Céu Claro;Simples;Reta;-175.617.679;-4.650.797.791
11/03/2024;06:00:00;CALDAS;Velocidade Incompatível;Tombamento;Com Vítimas Feridas;Amanhecer;Crescente;Céu Claro;Simples;Curva;-21.894.927;-46.385.618
11/03/2024;07:40:00;IRAUCUBA;Pista esburacada;Queda de ocupante de veículo;Com Vítimas Feridas;Pleno dia;Crescente;Céu Claro;Simples;Reta;-374.550.768;-3.970.014.474
11/03/2024;07:22:00;SAO LUIS;Manobra de mudança de faixa;Saída de leito carroçável;Com Vítimas Feridas;Pleno dia;Decrescente;Céu Claro;Dupla;"Retorno Regulamentado;Reta";-2.655.912;-4.428.629.098
09/02/2024;00:34:00;CAMPO FLORIDO;Animais na Pista;Atropelamento de Animal;Com Vítimas Feridas;Plena Noite;Decrescente;Céu Claro;Dupla;Reta;-197.515.852;-486.406.595
11/03/2024;07:35:00;RECIFE;Manobra de mudança de faixa;Colisão traseira;Com Vítimas Feridas;Pleno dia;Crescente;Sol;Dupla;Viaduto;-806.702;-34.942.575
11/03/2024;08:15:00;JACAREI;Manobra de mudança de faixa;Colisão lateral mesmo sentido;Com Vítimas Feridas;Pleno dia;Decrescente;Céu Claro;Simples;Ponte;-2.326.072.137;-4.595.179.176
06/03/2024;12:20:00;FAZENDA RIO GRANDE;Frear bruscamente;Colisão traseira;Com Vítimas Feridas;Pleno dia;Crescente;Nublado;Dupla;Reta;-2.560.389.895;-4.931.824.423
11/03/2024;09:00:00;ABADIANIA;Manobra de mudança de faixa;Colisão lateral mesmo sentido;Com Vítimas Feridas;Pleno dia;Crescente;Céu Claro;Simples;"Reta;Aclive";-1.609.410.799;-4.885.334.801
11/03/2024;08:20:00;CURITIBA;Manobra de mudança de faixa;Colisão traseira;Com Vítimas Feridas;Pleno dia;Crescente;Nublado;Dupla;"Interseção de Vias;Reta";-25.474.344;-49.208.779
11/03/2024;09:30:00;BARRA VELHA;Desrespeitar a preferência no cruzamento;Colisão transversal;Com Vítimas Feridas;Pleno dia;Decrescente;Sol;Múltipla;"Viaduto;Reta;Interseção de Vias";-2.671.515.759;-487.023.173
11/03/2024;09:45:00;PALHOCA;Manobra de mudança de faixa;Colisão lateral mesmo sentido;Com Vítimas Feridas;Pleno dia;Decrescente;Céu Claro;Simples;Reta;-27.658.611;-48.681.847
11/03/2024;08:50:00;HUMAITA;Conversão proibida;Colisão lateral mesmo sentido;Com Vítimas Feridas;Pleno dia;Decrescente;Céu Claro;Simples;Reta;-750.479.836;-6.302.939.946
11/03/2024;12:10:00;BRANQUINHA;Desrespeitar a preferência no cruzamento;Colisão transversal;Com Vítimas Feridas;Pleno dia;Decrescente;Céu Claro;Simples;"Reta;Interseção de Vias";-92.457.014;-3.600.588.206
11/03/2024;08:40:00;SAPUCAIA;Acesso irregular;Colisão traseira;Com Vítimas Feridas;Pleno dia;Decrescente;Céu Claro;Simples;Reta;-2.187.764.485;-4.267.025.797
09/03/2024;07:30:00;MAIRIPORA;Pista esburacada;Colisão com objeto;Sem Vítimas;Pleno dia;Decrescente;Garoa/Chuvisco;Dupla;Curva;-2.328.951;-46.587.105
03/03/2024;16:50:00;IGARASSU;Manobra de mudança de faixa;Colisão lateral mesmo sentido;Sem Vítimas;Pleno dia;Crescente;Céu Claro;Dupla;"Aclive;Curva";-7.761.909;-34.935.654
11/03/2024;16:20:00;VOLTA REDONDA;Manobra de mudança de faixa;Colisão lateral mesmo sentido;Com Vítimas Feridas;Pleno dia;Decrescente;Nublado;Simples;Reta;-2.247.341.979;-4.405.990.606
11/03/2024;16:15:00;ARAUCARIA;Ultrapassagem Indevida;Queda de ocupante de veículo;Com Vítimas Feridas;Pleno dia;Decrescente;Céu Claro;Simples;"Reta;Aclive";-2.560.639;-49.421.112
11/03/2024;16:00:00;EUNAPOLIS;Demais falhas na via;Tombamento;Com Vítimas Feridas;Pleno dia;Crescente;Céu Claro;Simples;Reta;-1.636.494.484;-3.957.962.036
11/03/2024;15:00:00;RECIFE;Manobra de mudança de faixa;Colisão lateral mesmo sentido;Com Vítimas Feridas;Pleno dia;Crescente;Céu Claro;Dupla;"Viaduto;Declive";-8.064.473;-34.936.928
11/03/2024;05:40:00;PIRAI;Animais na Pista;Atropelamento de Animal;Com Vítimas Feridas;Amanhecer;Crescente;Céu Claro;Dupla;Reta;-2.263.522.537;-4.390.258.636
11/03/2024;11:30:00;PICOS;Conversão proibida;Colisão transversal;Com Vítimas Feridas;Pleno dia;Crescente;Céu Claro;Dupla;Reta;-7.076.331;-4.146.596
11/03/2024;16:30:00;SINOP;Manobra de mudança de faixa;Colisão lateral mesmo sentido;Com Vítimas Feridas;Pleno dia;Crescente;Céu Claro;Dupla;Reta;-11.968.963;-5.551.695.578
11/03/2024;17:04:00;SEROPEDICA;Ultrapassagem Indevida;Colisão transversal;Com Vítimas Feridas;Anoitecer;Decrescente;Nublado;Simples;Reta;-22.846.828;-43.605.339
11/03/2024;18:25:00;CAMPO GRANDE;Acesso irregular;Colisão transversal;Com Vítimas Feridas;Plena Noite;Crescente;Céu Claro;Simples;Reta;-2.046.271.123;-5.455.411.122
29/02/2024;09:00:00;SALVADOR;Manobra de mudança de faixa;Colisão lateral mesmo sentido;Com Vítimas Feridas;Pleno dia;Crescente;Nublado;Múltipla;Reta;-1.290.482.172;-3.845.556.535
11/03/2024;19:45:00;SEROPEDICA;Demais falhas na via;Capotamento;Com Vítimas Feridas;Plena Noite;Crescente;Nublado;Dupla;Reta;-2.271.554.838;-4.370.568.853
11/03/2024;19:00:00;DOURADOS;Iluminação deficiente;Saída de leito carroçável;Com Vítimas Feridas;Plena Noite;Decrescente;Céu Claro;Simples;Reta;-222.094.029;-5.468.003.689
11/03/2024;20:40:00;JABOATAO DOS GUARARAPES;Manobra de mudança de faixa;Colisão traseira;Com Vítimas Feridas;Plena Noite;Crescente;Nublado;Dupla;Declive;-8.085.785;-35.003.687
11/03/2024;20:35:00;PEDRO OSORIO;Animais na Pista;Atropelamento de Animal;Com Vítimas Feridas;Plena Noite;Decrescente;Céu Claro;Simples;Reta;-3.195.436.027;-5.276.835.273
11/03/2024;16:20:00;MONTE CASTELO;Velocidade Incompatível;Colisão transversal;Com Vítimas Feridas;Pleno dia;Crescente;Céu Claro;Simples;"Declive;Reta";-2.645.149.599;-5.022.789.387
11/03/2024;22:20:00;CORONEL BARROS;Desrespeitar a preferência no cruzamento;Colisão transversal;Com Vítimas Feridas;Plena Noite;Crescente;Céu Claro;Simples;"Reta;Interseção de Vias";-2.838.490.658;-5.399.402.618
12/03/2024;00:07:00;JOAO PESSOA;Chuva;Tombamento;Com Vítimas Feridas;Plena Noite;Crescente;Garoa/Chuvisco;Simples;"Viaduto;Curva";-71.673.294;-348.972.732
11/03/2024;23:00:00;ITAGUAI;Animais na Pista;Atropelamento de Animal;Com Vítimas Feridas;Plena Noite;Decrescente;Céu Claro;Dupla;Reta;-2.287.048.132;-4.381.519.318
12/03/2024;01:00:00;CAMBE;Velocidade Incompatível;Colisão traseira;Sem Vítimas;Plena Noite;Crescente;Céu Claro;Dupla;Reta;-23.282.136;-51.252.013
12/03/2024;02:40:00;TRES RIOS;Animais na Pista;Atropelamento de Animal;Com Vítimas Feridas;Plena Noite;Decrescente;Céu Claro;Dupla;Reta;-2.210.132.017;-4.317.101.226
12/03/2024;06:35:00;GUARULHOS;Manobra de mudança de faixa;Colisão lateral mesmo sentido;Com Vítimas Feridas;Pleno dia;Decrescente;Céu Claro;Múltipla;"Aclive;Reta";-2.345.056.589;-4.646.258.105
12/03/2024;07:20:00;BETIM;Velocidade Incompatível;Colisão lateral mesmo sentido;Com Vítimas Feridas;Pleno dia;Decrescente;Sol;Dupla;"Reta;Aclive";-1.995.644.414;-4.413.611.598
21/02/2024;09:45:00;JANDAIA DO SUL;Acesso irregular;Colisão transversal;Com Vítimas Feridas;Pleno dia;Decrescente;Céu Claro;Simples;"Aclive;Em Obras";-2.358.870.799;-5.164.555.907
12/03/2024;06:35:00;DUQUE DE CAXIAS;Ultrapassagem Indevida;Colisão lateral mesmo sentido;Com Vítimas Feridas;Pleno dia;Decrescente;Céu Claro;Múltipla;Curva;-2.276.375.592;-4.328.683.062
12/03/2024;11:15:00;MATARACA;Demais falhas na via;Eventos atípicos;Com Vítimas Feridas;Pleno dia;Crescente;Sol;Dupla;Reta;-65.406.751;-3.511.731.147
05/03/2024;20:28:00;MORENO;Animais na Pista;Atropelamento de Animal;Com Vítimas Feridas;Plena Noite;Crescente;Céu Claro;Dupla;Reta;-810.541.732;-351.665.671
12/03/2024;09:00:00;GUARULHOS;Manobra de mudança de faixa;Colisão lateral mesmo sentido;Sem Vítimas;Pleno dia;Crescente;Céu Claro;Dupla;Reta;-2.346.143.954;-4.648.885.316
12/03/2024;07:58:00;PALMEIRAS;Frear bruscamente;Queda de ocupante de veículo;Com Vítimas Feridas;Pleno dia;Crescente;Céu Claro;Simples;Reta;-1.244.160.702;-4.152.882.299
12/03/2024;12:20:00;ITAJAI;Desrespeitar a preferência no cruzamento;Colisão traseira;Com Vítimas Feridas;Pleno dia;Crescente;Céu Claro;Múltipla;"Reta;Interseção de Vias";-2.688.747.187;-4.872.252.969
12/03/2024;05:30:00;POXOREO;Pista esburacada;Saída de leito carroçável;Com Vítimas Feridas;Pleno dia;Crescente;Céu Claro;Simples;Reta;-15.627.131;-54.005.572
12/03/2024;11:10:00;VILHENA;Desrespeitar a preferência no cruzamento;Colisão transversal;Com Vítimas Feridas;Pleno dia;Crescente;Sol;Múltipla;Rotatória;-1.274.370.233;-6.012.147.609
12/03/2024;09:30:00;SAO JOAO DO RIO DO PEIXE;Manobra de mudança de faixa;Colisão frontal;Com Vítimas Feridas;Pleno dia;Decrescente;Céu Claro;Simples;Reta;-6.729.468;-38.448.334
12/03/2024;08:55:00;JARU;Ultrapassagem Indevida;Colisão lateral mesmo sentido;Com Vítimas Feridas;Pleno dia;Decrescente;Céu Claro;Simples;Reta;-1.043.490.114;-6.247.626.543
12/03/2024;11:30:00;MANDAGUARI;Conversão proibida;Colisão transversal;Com Vítimas Feridas;Pleno dia;Decrescente;Céu Claro;Simples;Reta;-2.352.462.758;-516.778.357
12/03/2024;12:15:00;BRASILIA;Conversão proibida;Colisão transversal;Com Vítimas Feridas;Pleno dia;Crescente;Céu Claro;Simples;Reta;-1.593.860.338;-47.746.346
12/03/2024;13:00:00;MANDAGUARI;Ultrapassagem Indevida;Colisão lateral mesmo sentido;Com Vítimas Feridas;Pleno dia;Decrescente;Sol;Simples;"Interseção de Vias;Reta";-2.352.866.776;-516.757.071
18/02/2024;19:50:00;JOAO PESSOA;Chuva;Colisão lateral mesmo sentido;Com Vítimas Feridas;Plena Noite;Decrescente;Chuva;Dupla;Reta;-716.615.157;-3.488.889.098
12/03/2024;14:00:00;SAO LOURENCO DA SERRA;Animais na Pista;Atropelamento de Animal;Com Vítimas Feridas;Pleno dia;Crescente;Céu Claro;Dupla;Reta;-2.387.725.502;-4.696.775.798
03/03/2024;04:30:00;PRESIDENTE FIGUEIREDO;Pista esburacada;Saída de leito carroçável;Sem Vítimas;Plena Noite;Crescente;Ignorado;Simples;Reta;-1.880.115;-60.074.066
12/03/2024;11:40:00;GAVIAO;Ultrapassagem Indevida;Colisão frontal;Com Vítimas Feridas;Pleno dia;Crescente;Céu Claro;Simples;Declive;-1.152.468.699;-3.971.698.799
12/03/2024;16:45:00;RODEIO;Desrespeitar a preferência no cruzamento;Colisão transversal;Com Vítimas Feridas;Pleno dia;Crescente;Sol;Simples;"Interseção de Vias;Reta";-2.694.950.882;-4.935.920.304
12/03/2024;18:27:00;BETIM;Manobra de mudança de faixa;Colisão lateral mesmo sentido;Com Vítimas Feridas;Anoitecer;Decrescente;Céu Claro;Múltipla;Reta;-1.996.090.335;-4.415.806.901
12/03/2024;18:30:00;SAO JOSE DOS PINHAIS;Manobra de mudança de faixa;Colisão lateral mesmo sentido;Com Vítimas Feridas;Plena Noite;Crescente;Céu Claro;Simples;Reta;-2.568.698.314;-4.914.684.542
12/03/2024;11:30:00;TEOFILO OTONI;Pista esburacada;Tombamento;Com Vítimas Feridas;Pleno dia;Crescente;Nublado;Simples;"Declive;Curva";-1.777.862.602;-4.149.956.897
12/03/2024;18:30:00;GOIANIA;Desrespeitar a preferência no cruzamento;Colisão transversal;Com Vítimas Feridas;Anoitecer;Decrescente;Céu Claro;Simples;Reta;-166.117;-492.053
11/03/2024;19:30:00;SANTAREM;Estacionar ou parar em local proibido;Colisão traseira;Com Vítimas Feridas;Plena Noite;Decrescente;Céu Claro;Simples;Reta;-263.482.156;-5.474.836.014
12/03/2024;19:00:00;FEIRA DE SANTANA;Manobra de mudança de faixa;Colisão lateral mesmo sentido;Com Vítimas Feridas;Plena Noite;Crescente;Nublado;Dupla;Reta;-1.214.246.805;-3.896.658.117
08/03/2024;14:30:00;GOIANIA;Manobra de mudança de faixa;Colisão transversal;Com Vítimas Feridas;Pleno dia;Crescente;Céu Claro;Dupla;Reta;-167.366;-49.243
12/03/2024;19:00:00;DUQUE DE CAXIAS;Manobra de mudança de faixa;Colisão lateral mesmo sentido;Com Vítimas Feridas;Plena Noite;Decrescente;Céu Claro;Dupla;Reta;-22.691.868;-43.287.453
12/03/2024;20:15:00;RANCHO QUEIMADO;Ultrapassagem Indevida;Colisão lateral mesmo sentido;Sem Vítimas;Plena Noite;Decrescente;Céu Claro;Simples;Reta;-27.692.705;-49.091.351
12/03/2024;21:20:00;PROPRIA;Velocidade Incompatível;Colisão com objeto;Com Vítimas Feridas;Plena Noite;Decrescente;Céu Claro;Dupla;"Curva;Declive";-10.229.956;-36.839.184
12/03/2024;21:00:00;URUGUAIANA;Animais na Pista;Atropelamento de Animal;Sem Vítimas;Plena Noite;Crescente;Céu Claro;Simples;Reta;-29.906.765;-56.684.341
12/03/2024;21:00:00;JEQUIE;Ultrapassagem Indevida;Colisão frontal;Com Vítimas Feridas;Plena Noite;Decrescente;Ignorado;Simples;"Interseção de Vias;Reta";-1.386.795.747;-401.127.385
12/03/2024;18:30:00;RIO BRANCO;Desrespeitar a preferência no cruzamento;Colisão transversal;Com Vítimas Feridas;Plena Noite;Decrescente;Nublado;Dupla;Rotatória;-99.410.586;-6.787.677.526
12/03/2024;21:45:00;DOURADOS;Animais na Pista;Atropelamento de Animal;Com Vítimas Feridas;Plena Noite;Decrescente;Céu Claro;Dupla;Reta;-2.220.084.692;-5.470.030.106
12/03/2024;22:30:00;PADRE BERNARDO;Velocidade Incompatível;Queda de ocupante de veículo;Com Vítimas Fatais;Plena Noite;Crescente;Céu Claro;Simples;Reta;-15.229.309;-48.276.815
12/03/2024;22:45:00;ITAPEMA;Acesso irregular;Colisão com objeto;Com Vítimas Feridas;Plena Noite;Crescente;Céu Claro;Simples;Viaduto;-2.713.563.503;-4.861.004.665
12/03/2024;22:45:00;PORTO XAVIER;Velocidade Incompatível;Saída de leito carroçável;Com Vítimas Fatais;Plena Noite;Crescente;Céu Claro;Simples;Curva;-27.963.909;-55.127.575
12/03/2024;11:20:00;APARECIDA;Ultrapassagem Indevida;Colisão traseira;Com Vítimas Feridas;Pleno dia;Crescente;Céu Claro;Simples;Curva;-67.846;-380.925
13/03/2024;04:10:00;JANDAIRA;Animais na Pista;Atropelamento de Animal;Com Vítimas Fatais;Plena Noite;Crescente;Céu Claro;Simples;Reta;-5.391.793;-36.050.396
13/03/2024;07:05:00;BRASILIA;Manobra de mudança de faixa;Colisão traseira;Com Vítimas Feridas;Amanhecer;Decrescente;Céu Claro;Dupla;Reta;-15.638.752;-47.749.599
13/03/2024;06:35:00;PETROLINA;Manobra de mudança de faixa;Colisão traseira;Com Vítimas Feridas;Pleno dia;Decrescente;Céu Claro;Múltipla;Retorno Regulamentado;-930.816.981;-4.045.390.137
13/03/2024;07:00:00;LONDRINA;Estacionar ou parar em local proibido;Colisão traseira;Com Vítimas Feridas;Pleno dia;Crescente;Céu Claro;Dupla;"Declive;Interseção de Vias";-23.292.781;-51.097.428
13/03/2024;07:20:00;PALHOCA;Conversão proibida;Colisão lateral mesmo sentido;Com Vítimas Feridas;Pleno dia;Crescente;Sol;Simples;Reta;-27.658.611;-48.681.847
13/03/2024;07:20:00;ELDORADO DO SUL;Animais na Pista;Atropelamento de Animal;Com Vítimas Feridas;Pleno dia;Crescente;Nublado;Simples;Reta;-30.006.546;-51.312.927
13/03/2024;07:15:00;CURITIBA;Manobra de mudança de faixa;Colisão lateral mesmo sentido;Com Vítimas Feridas;Pleno dia;Decrescente;Sol;Dupla;Reta;-2.560.356;-49.318.036