data_inversa;horario;municipio;causa_acidente;tipo_acidente;classificacao_acidente;fase_dia;sentido_via;condicao_metereologica;tipo_pista;tracado_via;latitude;longitude
23/03/2024;19:00:00;BRASILIA;Chuva;Colisão com objeto;Com Vítimas Feridas;Plena Noite;Crescente;Chuva;Dupla;"Reta;Ponte;Declive";-15.665.888;-47.808.308
23/03/2024;19:50:00;PORTO ALEGRE;Manobra de mudança de faixa;Colisão com objeto;Com Vítimas Feridas;Plena Noite;Decrescente;Céu Claro;Múltipla;"Reta;Ponte";-299.717.211;-5.119.980.812
23/03/2024;08:20:00;DUQUE DE CAXIAS;Manobra de mudança de faixa;Colisão lateral mesmo sentido;Sem Vítimas;Pleno dia;Decrescente;Céu Claro;Dupla;Reta;-2.279.907.687;-4.329.015.739
23/03/2024;19:35:00;SANTANA DO LIVRAMENTO;Animais na Pista;Atropelamento de Animal;Com Vítimas Feridas;Plena Noite;Crescente;Céu Claro;Simples;"Reta;Interseção de Vias";-3.085.294.393;-5.552.435.803
23/03/2024;21:00:00;SAO JOSE DOS PINHAIS;Velocidade Incompatível;Colisão lateral mesmo sentido;Com Vítimas Feridas;Plena Noite;Crescente;Garoa/Chuvisco;Dupla;Reta;-25.510.079;-49.130.977
23/03/2024;18:42:00;IPAUMIRIM;Manobra de mudança de faixa;Colisão frontal;Sem Vítimas;Plena Noite;Crescente;Céu Claro;Simples;Declive;-6.838.187;-38.739.618
23/03/2024;21:30:00;CONTAGEM;Velocidade Incompatível;Colisão traseira;Sem Vítimas;Plena Noite;Crescente;Céu Claro;Dupla;Reta;-1.995.794.042;-4.405.749.321
23/03/2024;21:00:00;ITAPECERICA DA SERRA;Afundamento ou ondulação no pavimento;Saída de leito carroçável;Com Vítimas Feridas;Plena Noite;Decrescente;Nublado;Dupla;Reta;-2.370.157.407;-4.686.992.884
23/03/2024;22:50:00;JUQUITIBA;Chuva;Capotamento;Com Vítimas Feridas;Plena Noite;Crescente;Nublado;Dupla;Reta;-23.975.182;-47.140.694
23/03/2024;18:50:00;DIVINO;Velocidade Incompatível;Saída de leito carroçável;Com Vítimas Feridas;Plena Noite;Crescente;Nublado;Simples;"Curva;Aclive";-2.063.865.095;-4.223.648.111
23/03/2024;23:05:00;ARARANGUA;Ausência de sinalização;Colisão traseira;Com Vítimas Feridas;Plena Noite;Crescente;Nublado;Simples;Reta;-2.897.090.226;-4.952.602.386
23/03/2024;23:10:00;SANTO AMARO DA IMPERATRIZ;Chuva;Queda de ocupante de veículo;Com Vítimas Feridas;Plena Noite;Decrescente;Chuva;Simples;Curva;-27.687.376;-4.879.071
23/03/2024;23:50:00;CAMPINA GRANDE DO SUL;Velocidade Incompatível;Colisão com objeto;Sem Vítimas;Plena Noite;Crescente;Céu Claro;Dupla;Reta;-253.683;-491.074
24/03/2024;01:00:00;RECIFE;Chuva;Queda de ocupante de veículo;Com Vítimas Feridas;Plena Noite;Decrescente;Chuva;Múltipla;Interseção de Vias;-8.052.825;-34.946.007
24/03/2024;00:18:00;JACIARA;Pista esburacada;Queda de ocupante de veículo;Com Vítimas Feridas;Plena Noite;Decrescente;Chuva;Simples;Reta;-1.596.077.957;-5.496.772.983
24/03/2024;02:35:00;PALHOCA;Iluminação deficiente;Atropelamento de Pedestre;Com Vítimas Feridas;Plena Noite;Crescente;Garoa/Chuvisco;Dupla;Reta;-2.770.865.409;-4.865.586.407
24/03/2024;03:50:00;BETIM;Animais na Pista;Atropelamento de Animal;Com Vítimas Feridas;Plena Noite;Crescente;Céu Claro;Dupla;Curva;-199.830.204;-4.420.924.834
24/03/2024;03:30:00;CANGUCU;Animais na Pista;Atropelamento de Animal;Com Vítimas Feridas;Plena Noite;Crescente;Céu Claro;Simples;"Reta;Aclive";-314.271;-52.659.663
24/03/2024;03:00:00;SANTO ANGELO;Velocidade Incompatível;Saída de leito carroçável;Com Vítimas Feridas;Plena Noite;Decrescente;Céu Claro;Simples;Curva;-2.819.082.994;-5.434.551.358
24/03/2024;00:30:00;ITACARE;Animais na Pista;Atropelamento de Animal;Com Vítimas Fatais;Plena Noite;Decrescente;Céu Claro;Simples;Reta;-14.361.533;-39.321.809
24/03/2024;04:00:00;JARU;Velocidade Incompatível;Tombamento;Com Vítimas Feridas;Plena Noite;Decrescente;Céu Claro;Simples;"Reta;Em Obras";-104.597.532;-624.558.043
24/03/2024;06:20:00;SAO JOSE DOS PINHAIS;Chuva;Colisão com objeto;Com Vítimas Feridas;Amanhecer;Decrescente;Garoa/Chuvisco;Dupla;Reta;-2.570.044.197;-4.914.299.905
24/03/2024;00:30:00;JACIARA;Pista esburacada;Queda de ocupante de veículo;Com Vítimas Feridas;Plena Noite;Decrescente;Chuva;Dupla;Declive;-1.596.077.957;-5.496.772.983
24/03/2024;06:30:00;SAO LOURENCO DO SUL;Animais na Pista;Atropelamento de Animal;Sem Vítimas;Amanhecer;Crescente;Céu Claro;Dupla;Reta;-3.121.427.515;-5.201.780.939
24/03/2024;07:20:00;EXTREMA;Velocidade Incompatível;Colisão com objeto;Com Vítimas Fatais;Pleno dia;Decrescente;Chuva;Dupla;"Curva;Declive;Viaduto";-2.286.397.163;-4.634.517.074
24/03/2024;07:30:00;COLATINA;Acumulo de areia ou detritos sobre o pavimento;Tombamento;Com Vítimas Feridas;Plena Noite;Crescente;Sol;Simples;Curva;-1.950.223.983;-4.062.081.603
24/03/2024;09:00:00;MATEUS LEME;Velocidade Incompatível;Saída de leito carroçável;Com Vítimas Feridas;Pleno dia;Crescente;Céu Claro;Dupla;"Curva;Aclive";-1.992.274;-4.447.731
24/03/2024;09:00:00;CAMANDUCAIA;Velocidade Incompatível;Colisão com objeto;Com Vítimas Feridas;Pleno dia;Crescente;Chuva;Dupla;"Curva;Declive";-2.276.194.582;-4.616.948.605
24/03/2024;08:20:00;MAGE;Chuva;Saída de leito carroçável;Com Vítimas Feridas;Pleno dia;Decrescente;Chuva;Múltipla;Curva;-2.266.137.035;-4.309.295.957
24/03/2024;11:00:00;NATAL;Velocidade Incompatível;Colisão frontal;Com Vítimas Feridas;Pleno dia;Crescente;Céu Claro;Simples;Rotatória;-57.710.445;-3.526.616.981
24/03/2024;09:30:00;TARTARUGALZINHO;Acumulo de água sobre o pavimento;Saída de leito carroçável;Com Vítimas Feridas;Pleno dia;Crescente;Chuva;Simples;Reta;134.363.491;-5.092.335.553
24/03/2024;11:25:00;CAMPOS DOS GOYTACAZES;Frear bruscamente;Queda de ocupante de veículo;Com Vítimas Feridas;Pleno dia;Decrescente;Chuva;Dupla;"Declive;Reta";-2.182.571.348;-4.149.096.116
24/03/2024;10:03:00;IGARATINGA;Velocidade Incompatível;Tombamento;Com Vítimas Feridas;Pleno dia;Decrescente;Céu Claro;Dupla;Reta;-1.988.325.202;-44.748.945
24/03/2024;12:10:00;AGUAS MORNAS;Velocidade Incompatível;Colisão com objeto;Com Vítimas Feridas;Pleno dia;Decrescente;Garoa/Chuvisco;Simples;"Curva;Declive";-27.708.536;-48.952.251
24/03/2024;11:20:00;TORRES;Velocidade Incompatível;Colisão com objeto;Sem Vítimas;Pleno dia;Crescente;Céu Claro;Dupla;Reta;-2.934.755.416;-4.979.310.885
24/03/2024;11:30:00;TARTARUGALZINHO;Pista Escorregadia;Saída de leito carroçável;Com Vítimas Feridas;Pleno dia;Decrescente;Chuva;Simples;Curva;140.910.501;-5.092.458.813
24/03/2024;13:25:00;ANGRA DOS REIS;Acumulo de água sobre o pavimento;Tombamento;Com Vítimas Feridas;Pleno dia;Decrescente;Chuva;Simples;Curva;-2.294.374.503;-4.432.522.199
24/03/2024;07:00:00;CAMBUI;Velocidade Incompatível;Saída de leito carroçável;Com Vítimas Feridas;Pleno dia;Crescente;Chuva;Dupla;"Aclive;Curva";-2.268.104.435;-4.610.159.397
24/03/2024;14:20:00;MORRO REUTER;Ultrapassagem Indevida;Colisão lateral mesmo sentido;Com Vítimas Feridas;Pleno dia;Decrescente;Céu Claro;Simples;Reta;-2.954.001.608;-5.107.711.676
24/03/2024;14:30:00;UBERABA;Velocidade Incompatível;Saída de leito carroçável;Com Vítimas Feridas;Pleno dia;Crescente;Chuva;Dupla;Reta;-1.977.896.821;-4.794.093.599
24/03/2024;13:50:00;CANTA;Velocidade Incompatível;Colisão com objeto;Com Vítimas Fatais;Pleno dia;Crescente;Céu Claro;Simples;Curva;266.126.602;-6.059.091.828
24/03/2024;16:00:00;UBERLANDIA;Acumulo de areia ou detritos sobre o pavimento;Tombamento;Com Vítimas Feridas;Pleno dia;Decrescente;Nublado;Simples;Reta;-189.036.322;-482.330.033
24/03/2024;15:20:00;CONTAGEM;Demais falhas na via;Tombamento;Com Vítimas Feridas;Pleno dia;Crescente;Céu Claro;Dupla;Reta;-1.984.761.911;-4.407.276.144
24/03/2024;15:44:00;ITATIAIA;Acumulo de água sobre o pavimento;Saída de leito carroçável;Com Vítimas Feridas;Pleno dia;Crescente;Chuva;Dupla;Curva;-2.249.106.419;-4.456.183.985
24/03/2024;16:25:00;ITAPEVA;Velocidade Incompatível;Colisão com objeto;Com Vítimas Feridas;Pleno dia;Decrescente;Nublado;Dupla;"Declive;Curva";-2.276.932.028;-4.620.555.682
24/03/2024;14:52:00;NOBRES;Desrespeitar a preferência no cruzamento;Colisão transversal;Com Vítimas Feridas;Pleno dia;Decrescente;Céu Claro;Simples;Rotatória;-1.471.914.575;-5.632.098.198
24/03/2024;16:00:00;CASCAVEL;Manobra de mudança de faixa;Colisão lateral mesmo sentido;Com Vítimas Feridas;Pleno dia;Crescente;Céu Claro;Dupla;Reta;-24.897.235;-53.533.793
24/03/2024;16:50:00;CARIACICA;Manobra de mudança de faixa;Colisão lateral mesmo sentido;Com Vítimas Feridas;Pleno dia;Decrescente;Nublado;Dupla;Reta;-2.032.955.204;-4.035.492.602
24/03/2024;17:12:00;CAMPO GRANDE;Desrespeitar a preferência no cruzamento;Colisão transversal;Com Vítimas Feridas;Pleno dia;Crescente;Nublado;Simples;"Interseção de Vias;Reta";-2.047.850.877;-5.476.086.438
24/03/2024;19:20:00;RIACHUELO;Animais na Pista;Atropelamento de Animal;Com Vítimas Feridas;Plena Noite;Crescente;Céu Claro;Simples;Reta;-580.596.939;-3.582.876.231
24/03/2024;18:35:00;PETROPOLIS;Acumulo de água sobre o pavimento;Colisão traseira;Com Vítimas Feridas;Plena Noite;Decrescente;Chuva;Dupla;Curva;-2.244.906.429;-4.319.987.784
24/03/2024;18:34:00;CUPIRA;Ultrapassagem Indevida;Colisão frontal;Com Vítimas Feridas;Plena Noite;Crescente;Nublado;Simples;"Reta;Aclive";-8.563.684;-35.947.582
24/03/2024;20:04:00;RECIFE;Animais na Pista;Atropelamento de Animal;Com Vítimas Feridas;Plena Noite;Decrescente;Garoa/Chuvisco;Dupla;Reta;-805.549.036;-3.494.627.595
24/03/2024;19:55:00;LAGOA DO PIAUI;Animais na Pista;Atropelamento de Animal;Com Vítimas Feridas;Plena Noite;Decrescente;Céu Claro;Simples;Aclive;-543.754.797;-4.263.447.174
24/03/2024;20:00:00;SANTA VITORIA;Ultrapassagem Indevida;Colisão frontal;Com Vítimas Fatais;Plena Noite;Decrescente;Chuva;Simples;Reta;-1.889.306.434;-4.998.270.606
24/03/2024;20:45:00;PARATY;Pista Escorregadia;Queda de ocupante de veículo;Com Vítimas Feridas;Plena Noite;Crescente;Chuva;Simples;Reta;-2.309.727.792;-4.470.328.307
24/03/2024;21:45:00;MAUA DA SERRA;Acesso irregular;Incêndio;Sem Vítimas;Plena Noite;Crescente;Céu Claro;Dupla;Reta;-2.382.970.677;-5.125.421.405
24/03/2024;23:10:00;ANAPOLIS;Pista Escorregadia;Colisão com objeto;Com Vítimas Feridas;Plena Noite;Decrescente;Chuva;Dupla;Reta;-16.280.523;-48.960.049
24/03/2024;23:30:00;SAO LEOPOLDO;Desrespeitar a preferência no cruzamento;Colisão frontal;Com Vítimas Feridas;Plena Noite;Crescente;Céu Claro;Dupla;"Viaduto;Interseção de Vias";-2.977.605.895;-5.115.508.618
25/03/2024;01:00:00;GOVERNADOR VALADARES;Animais na Pista;Atropelamento de Animal;Com Vítimas Feridas;Plena Noite;Decrescente;Ignorado;Simples;Reta;-1.888.666.107;-4.200.230.199
24/03/2024;23:10:00;SAO MIGUEL DO IGUACU;Iluminação deficiente;Colisão traseira;Com Vítimas Feridas;Plena Noite;Decrescente;Céu Claro;Dupla;"Reta;Declive";-25.420.538;-54.353.033
25/03/2024;05:30:00;CASCAVEL;Animais na Pista;Atropelamento de Animal;Sem Vítimas;Amanhecer;Crescente;Céu Claro;Dupla;Interseção de Vias;-24.897.235;-53.533.793
25/03/2024;07:35:00;GOIANIA;Manobra de mudança de faixa;Colisão lateral mesmo sentido;Com Vítimas Feridas;Pleno dia;Crescente;Céu Claro;Dupla;"Declive;Reta";-1.663.232.665;-4.920.525.312
25/03/2024;06:52:00;SIDROLANDIA;Acesso irregular;Colisão transversal;Com Vítimas Feridas;Pleno dia;Crescente;Céu Claro;Simples;Reta;-2.089.868.425;-5.489.451.098
25/03/2024;06:50:00;TRES LAGOAS;Animais na Pista;Tombamento;Com Vítimas Feridas;Pleno dia;Decrescente;Nublado;Simples;Reta;-2.075.843.528;-5.169.717.873
25/03/2024;07:59:00;MOSSORO;Conversão proibida;Colisão transversal;Com Vítimas Feridas;Pleno dia;Crescente;Sol;Simples;Reta;-519.386.547;-3.738.052.995
25/03/2024;07:00:00;SANTA MARIA;Desrespeitar a preferência no cruzamento;Colisão transversal;Com Vítimas Feridas;Pleno dia;Crescente;Céu Claro;Simples;"Interseção de Vias;Reta";-5.828.252;-35.766.157
25/03/2024;07:50:00;SAO JOSE;Manobra de mudança de faixa;Colisão lateral mesmo sentido;Com Vítimas Feridas;Pleno dia;Crescente;Céu Claro;Dupla;"Interseção de Vias;Reta";-2.753.413.705;-4.863.003.205
25/03/2024;08:20:00;BETIM;Manobra de mudança de faixa;Colisão lateral mesmo sentido;Com Vítimas Feridas;Pleno dia;Decrescente;Céu Claro;Dupla;Reta;-1.995.659.361;-4.412.622.893
25/03/2024;08:15:00;UBATUBA;Ultrapassagem Indevida;Colisão lateral mesmo sentido;Com Vítimas Feridas;Pleno dia;Decrescente;Nublado;Simples;Reta;-2.342.403.383;-4.507.492.113
25/03/2024;07:30:00;ITAPORANGA DAJUDA;Manobra de mudança de faixa;Colisão lateral mesmo sentido;Com Vítimas Feridas;Pleno dia;Crescente;Nublado;Dupla;"Reta;Aclive";-1.103.651.889;-3.733.849.803
25/03/2024;08:10:00;RANCHO QUEIMADO;Manobra de mudança de faixa;Colisão lateral mesmo sentido;Com Vítimas Feridas;Pleno dia;Crescente;Céu Claro;Simples;"Curva;Aclive";-27.692.705;-49.091.351
25/03/2024;11:16:00;TERESINA;Conversão proibida;Colisão transversal;Com Vítimas Feridas;Pleno dia;Decrescente;Céu Claro;Dupla;Interseção de Vias;-5.102.889;-42.766.506
25/03/2024;06:30:00;PIRACURUCA;Animais na Pista;Atropelamento de Animal;Com Vítimas Feridas;Pleno dia;Decrescente;Céu Claro;Simples;Reta;-3.735.152;-41.682.323
25/03/2024;12:00:00;CAXIAS DO SUL;Manobra de mudança de faixa;Tombamento;Com Vítimas Feridas;Pleno dia;Crescente;Céu Claro;Dupla;"Curva;Retorno Regulamentado";-2.916.852.903;-5.115.865.231
25/03/2024;12:30:00;BARRA DO GARCAS;Conversão proibida;Colisão transversal;Com Vítimas Feridas;Pleno dia;Decrescente;Céu Claro;Simples;"Declive;Reta";-1.588.749.699;-5.226.810.568
25/03/2024;08:30:00;MIRASSOL DOESTE;Ultrapassagem Indevida;Capotamento;Com Vítimas Feridas;Pleno dia;Decrescente;Céu Claro;Simples;Reta;-1.582.213.595;-58.023.464
25/03/2024;13:30:00;CAMPO GRANDE;Condutor usando celular;Colisão traseira;Com Vítimas Feridas;Pleno dia;Decrescente;Céu Claro;Simples;"Reta;Aclive";-20.434.747;-54.543.522
26/02/2024;22:24:00;ICARAIMA;Animais na Pista;Atropelamento de Animal;Com Vítimas Feridas;Plena Noite;Crescente;Céu Claro;Simples;"Interseção de Vias;Reta";-2.341.299.797;-5.356.834.397
25/03/2024;14:50:00;DELTA;Chuva;Colisão lateral mesmo sentido;Com Vítimas Feridas;Pleno dia;Crescente;Chuva;Dupla;"Declive;Reta";-19.887.439;-47.848.374
25/03/2024;15:48:00;ABREU E LIMA;Desrespeitar a preferência no cruzamento;Colisão lateral mesmo sentido;Com Vítimas Feridas;Pleno dia;Crescente;Céu Claro;Múltipla;"Reta;Interseção de Vias";-79.005.152;-3.490.180.641
25/03/2024;15:35:00;CANDEIAS;Frear bruscamente;Queda de ocupante de veículo;Com Vítimas Feridas;Pleno dia;Decrescente;Chuva;Dupla;Reta;-1.269.890.302;-3.846.419.428
25/03/2024;18:20:00;SAO JOSE DOS CAMPOS;Manobra de mudança de faixa;Colisão traseira;Com Vítimas Feridas;Anoitecer;Decrescente;Nublado;Dupla;Reta;-2.320.067.421;-458.795.018
25/03/2024;18:30:00;GUAPIMIRIM;Chuva;Saída de leito carroçável;Com Vítimas Feridas;Anoitecer;Crescente;Chuva;Simples;"Curva;Declive";-2.249.374.115;-4.300.365.418
25/03/2024;16:20:00;PETROPOLIS;Chuva;Colisão com objeto;Com Vítimas Feridas;Pleno dia;Decrescente;Chuva;Dupla;"Curva;Declive";-2.243.674.775;-431.756.712
25/03/2024;18:26:00;ALTOS;Chuva;Saída de leito carroçável;Com Vítimas Feridas;Plena Noite;Decrescente;Chuva;Simples;Reta;-50.463.596.731;-425.108.728.185
25/03/2024;17:35:00;CAXIAS DO SUL;Pista esburacada;Colisão traseira;Com Vítimas Feridas;Pleno dia;Crescente;Céu Claro;Dupla;"Interseção de Vias;Em Obras;Reta";-29.133.498;-5.112.970.818
25/03/2024;18:45:00;SANTA LUCIA;Acesso irregular;Colisão transversal;Com Vítimas Feridas;Anoitecer;Crescente;Céu Claro;Dupla;"Em Obras;Aclive;Reta";-2.537.614.199;-5.357.487.452
25/03/2024;14:00:00;CANTA;Demais falhas na via;Tombamento;Com Vítimas Feridas;Pleno dia;Crescente;Céu Claro;Simples;Ponte;205.230.407;-606.528.841
25/03/2024;19:30:00;CURITIBA;Manobra de mudança de faixa;Colisão lateral mesmo sentido;Com Vítimas Feridas;Plena Noite;Crescente;Nublado;Dupla;Reta;-2.554.838.443;-4.928.586.717
25/03/2024;19:30:00;NOVO HAMBURGO;Iluminação deficiente;Atropelamento de Pedestre;Com Vítimas Feridas;Plena Noite;Crescente;Céu Claro;Dupla;"Reta;Em Obras";-2.970.496.497;-5.114.676.523
25/03/2024;10:00:00;PIRAI;Velocidade Incompatível;Saída de leito carroçável;Com Vítimas Feridas;Pleno dia;Crescente;Nublado;Dupla;Curva;-2.258.482.223;-4.395.961.921
25/03/2024;19:20:00;TUBARAO;Desrespeitar a preferência no cruzamento;Colisão transversal;Com Vítimas Feridas;Plena Noite;Decrescente;Céu Claro;Dupla;"Interseção de Vias;Rotatória";-2.846.967.217;-4.901.498.795
25/03/2024;22:26:00;VIANA;Acesso irregular;Colisão frontal;Com Vítimas Feridas;Plena Noite;Crescente;Céu Claro;Simples;Reta;-2.039.137.228;-4.048.080.285
25/03/2024;22:30:00;POUSO NOVO;Velocidade Incompatível;Capotamento;Com Vítimas Feridas;Plena Noite;Decrescente;Céu Claro;Simples;Curva;-2.914.061;-52.239.182
26/03/2024;03:50:00;PETROLINA;Afundamento ou ondulação no pavimento;Colisão com objeto;Com Vítimas Feridas;Plena Noite;Crescente;Céu Claro;Dupla;Reta;-936.979.266;-4.048.579.931
26/03/2024;04:00:00;GUAPO;Animais na Pista;Atropelamento de Animal;Sem Vítimas;Plena Noite;Decrescente;Céu Claro;Dupla;Reta;-168.479;-495.584
25/03/2024;21:40:00;CAXIAS;Chuva;Saída de leito carroçável;Com Vítimas Feridas;Plena Noite;Crescente;Chuva;Simples;Reta;-4.893.173;-43.275.978
26/03/2024;04:27:00;OLINDINA;Animais na Pista;Atropelamento de Animal;Com Vítimas Feridas;Amanhecer;Decrescente;Céu Claro;Simples;Curva;-1.159.501.797;-3.829.838.527
26/03/2024;05:50:00;EMBU DAS ARTES;Acumulo de areia ou detritos sobre o pavimento;Tombamento;Com Vítimas Feridas;Pleno dia;Decrescente;Céu Claro;Dupla;Reta;-2.368.570.216;-4.685.970.975
26/03/2024;05:50:00;GOIATUBA;Ultrapassagem Indevida;Colisão frontal;Com Vítimas Fatais;Amanhecer;Crescente;Céu Claro;Simples;Reta;-1.808.884.858;-5.010.507.721
25/03/2024;22:50:00;PARATY;Iluminação deficiente;Queda de ocupante de veículo;Com Vítimas Feridas;Plena Noite;Decrescente;Nublado;Simples;Reta;-2.334.025.796;-4.474.508.227
26/03/2024;00:30:00;PINDAMONHANGABA;Chuva;Colisão com objeto;Com Vítimas Feridas;Plena Noite;Crescente;Chuva;Dupla;Reta;-2.297.805.164;-4.545.583.318
26/03/2024;07:45:00;JUIZ DE FORA;Chuva;Saída de leito carroçável;Com Vítimas Feridas;Pleno dia;Decrescente;Nublado;Dupla;Reta;-2.172.733.544;-434.385.309
26/03/2024;08:12:00;SERRA;Manobra de mudança de faixa;Colisão lateral mesmo sentido;Com Vítimas Feridas;Pleno dia;Crescente;Nublado;Múltipla;Reta;-2.020.842;-40.269.405
26/03/2024;08:45:00;BARBACENA;Velocidade Incompatível;Colisão com objeto;Com Vítimas Feridas;Pleno dia;Crescente;Nublado;Dupla;Curva;-2.125.153.502;-4.366.402.206
26/03/2024;07:11:00;NITEROI;Acumulo de água sobre o pavimento;Colisão com objeto;Sem Vítimas;Pleno dia;Decrescente;Garoa/Chuvisco;Dupla;Curva;-22.878.923;-43.110.676
26/03/2024;08:25:00;UBERABA;Acumulo de água sobre o pavimento;Saída de leito carroçável;Com Vítimas Feridas;Pleno dia;Crescente;Chuva;Dupla;"Reta;Aclive";-1.941.574.308;-4.807.159.033
26/03/2024;13:00:00;SAO JOSE;Manobra de mudança de faixa;Colisão traseira;Com Vítimas Feridas;Pleno dia;Decrescente;Céu Claro;Múltipla;Reta;-2.761.000.542;-4.863.895.057
26/03/2024;05:50:00;ITABORAI;Acumulo de água sobre o pavimento;Atropelamento de Pedestre;Com Vítimas Feridas;Pleno dia;Decrescente;Chuva;Dupla;Reta;-227.525.329;-4.294.160.092
26/03/2024;14:50:00;SENADOR JOSE BENTO;Pista Escorregadia;Saída de leito carroçável;Com Vítimas Feridas;Pleno dia;Crescente;Nublado;Simples;"Declive;Reta";-22.135.201;-46.158.249
04/03/2024;17:25:00;SINOP;Conversão proibida;Colisão transversal;Com Vítimas Feridas;Anoitecer;Crescente;Céu Claro;Dupla;Reta;-11.968.963;-5.551.695.578
26/03/2024;15:45:00;UBERLANDIA;Chuva;Saída de leito carroçável;Com Vítimas Feridas;Pleno dia;Crescente;Chuva;Dupla;"Curva;Aclive";-1.877.290.538;-4.824.124.319
26/03/2024;16:05:00;VENDA NOVA DO IMIGRANTE;Velocidade Incompatível;Saída de leito carroçável;Com Vítimas Feridas;Pleno dia;Crescente;Nublado;Simples;Reta;-2.033.085.525;-4.115.566.006
22/03/2024;16:00:00;TRES LAGOAS;Chuva;Tombamento;Com Vítimas Feridas;Pleno dia;Crescente;Chuva;Dupla;Reta;-2.078.948.908;-5.167.723.385
26/03/2024;16:25:00;LUZIANIA;Condutor usando celular;Colisão traseira;Com Vítimas Feridas;Pleno dia;Crescente;Céu Claro;Dupla;Reta;-16.131.158;-47.957.739
26/03/2024;17:35:00;ATIBAIA;Velocidade Incompatível;Colisão traseira;Com Vítimas Feridas;Pleno dia;Crescente;Nublado;Dupla;Reta;-2.309.707.232;-4.657.180.706
26/03/2024;17:20:00;CURITIBA;Velocidade Incompatível;Colisão traseira;Com Vítimas Feridas;Pleno dia;Decrescente;Nublado;Múltipla;Reta;-2.555.641.321;-4.930.609.345
26/03/2024;14:40:00;UBERABA;Pista Escorregadia;Tombamento;Com Vítimas Feridas;Pleno dia;Crescente;Chuva;Dupla;"Declive;Reta;Retorno Regulamentado";-1.977.848.216;-4.792.194.709
26/03/2024;05:25:00;SAO GONCALO;Animais na Pista;Atropelamento de Animal;Com Vítimas Feridas;Plena Noite;Crescente;Chuva;Dupla;Reta;-2.278.913.759;-4.300.550.909
26/03/2024;18:50:00;RECIFE;Acostamento em desnível;Queda de ocupante de veículo;Com Vítimas Feridas;Plena Noite;Decrescente;Céu Claro;Dupla;"Em Obras;Reta;Interseção de Vias";-8.075.831;-34.969.702
26/03/2024;19:10:00;NITEROI;Chuva;Colisão lateral mesmo sentido;Com Vítimas Feridas;Plena Noite;Decrescente;Chuva;Dupla;Reta;-2.286.981.096;-4.311.046.465
26/03/2024;19:20:00;PORTO VELHO;Acumulo de areia ou detritos sobre o pavimento;Queda de ocupante de veículo;Com Vítimas Feridas;Plena Noite;Crescente;Céu Claro;Dupla;Reta;-879.554.083;-6.384.072.487
26/03/2024;16:40:00;PETROPOLIS;Chuva;Capotamento;Com Vítimas Feridas;Pleno dia;Crescente;Chuva;Dupla;Reta;-2.250.560.003;-4.323.186.384
26/03/2024;21:05:00;VIANA;Acesso irregular;Colisão lateral mesmo sentido;Com Vítimas Feridas;Plena Noite;Decrescente;Céu Claro;Múltipla;Interseção de Vias;-20.358.635;-40.432.167
26/03/2024;18:40:00;ARIQUEMES;Pista esburacada;Tombamento;Com Vítimas Feridas;Plena Noite;Crescente;Garoa/Chuvisco;Dupla;Reta;-9.897.787;-6.305.624.596
26/03/2024;21:30:00;ITAPEMA;Manobra de mudança de faixa;Colisão lateral mesmo sentido;Com Vítimas Feridas;Plena Noite;Decrescente;Céu Claro;Múltipla;Reta;-27.126.536;-48.609.642
26/03/2024;20:00:00;RIO DE JANEIRO;Chuva;Queda de ocupante de veículo;Com Vítimas Feridas;Plena Noite;Crescente;Chuva;Múltipla;Reta;-2.288.537.839;-4.364.965.688
26/03/2024;21:40:00;CRISTALINA;Sinalização mal posicionada;Saída de leito carroçável;Com Vítimas Feridas;Plena Noite;Decrescente;Chuva;Dupla;Desvio Temporário;-16.615.897;-47.756.002
26/03/2024;21:45:00;FELIXLANDIA;Ultrapassagem Indevida;Colisão frontal;Com Vítimas Fatais;Plena Noite;Crescente;Céu Claro;Simples;Reta;-18.730.675;-44.882.607
26/03/2024;21:55:00;FLORESTAL;Velocidade Incompatível;Saída de leito carroçável;Com Vítimas Feridas;Plena Noite;Crescente;Chuva;Dupla;Reta;-199.366.751;-4.444.352.695
27/03/2024;00:10:00;SAO PAULO;Pista Escorregadia;Queda de ocupante de veículo;Com Vítimas Feridas;Plena Noite;Decrescente;Céu Claro;Múltipla;Curva;-2.345.930.499;-4.657.161.179
27/03/2024;04:00:00;PETROPOLIS;Chuva;Saída de leito carroçável;Com Vítimas Fatais;Amanhecer;Decrescente;Chuva;Dupla;"Curva;Declive";-2.244.906.429;-4.319.987.784
27/03/2024;05:40:00;ARARUNA;Animais na Pista;Atropelamento de Animal;Sem Vítimas;Amanhecer;Decrescente;Céu Claro;Simples;"Declive;Reta";-2.399.763.674;-5.249.438.388
27/03/2024;07:00:00;COLOMBO;Estacionar ou parar em local proibido;Colisão traseira;Com Vítimas Feridas;Pleno dia;Decrescente;Céu Claro;Dupla;"Reta;Viaduto";-2.538.930.863;-4.919.138.074
27/03/2024;07:15:00;CAXIAS DO SUL;Afundamento ou ondulação no pavimento;Colisão lateral mesmo sentido;Com Vítimas Feridas;Pleno dia;Crescente;Céu Claro;Dupla;"Em Obras;Reta";-291.350.217;-511.302.779
27/03/2024;07:00:00;GOIANIA;Ultrapassagem Indevida;Atropelamento de Pedestre;Com Vítimas Feridas;Pleno dia;Crescente;Nublado;Simples;"Reta;Declive";-16.603;-492.023
26/03/2024;09:00:00;GANDU;Velocidade Incompatível;Colisão transversal;Com Vítimas Feridas;Pleno dia;Decrescente;Sol;Simples;Reta;-1.385.004.503;-3.949.736.204