data_inversa;horario;municipio;causa_acidente;tipo_acidente;classificacao_acidente;fase_dia;sentido_via;condicao_metereologica;tipo_pista;tracado_via;latitude;longitude
11/03/2024;19:00:00;CAUCAIA;Animais na Pista;Atropelamento de Animal;Com Vítimas Feridas;Plena Noite;Decrescente;Nublado;Simples;Declive;-383.775.146;-3.876.518.844
27/03/2024;09:00:00;RECIFE;Manobra de mudança de faixa;Colisão lateral mesmo sentido;Sem Vítimas;Pleno dia;Decrescente;Sol;Dupla;Reta;-807.333.497;-3.496.184.301
27/03/2024;09:20:00;MACAIBA;Manobra de mudança de faixa;Colisão transversal;Com Vítimas Feridas;Pleno dia;Decrescente;Nublado;Dupla;Reta;-58.737.673;-353.150.361
27/03/2024;06:20:00;JARU;Animais na Pista;Tombamento;Com Vítimas Fatais;Amanhecer;Decrescente;Nublado;Simples;Reta;-1.048.262.607;-6.244.173.207
27/03/2024;12:08:00;BRASILIA;Manobra de mudança de faixa;Capotamento;Com Vítimas Feridas;Pleno dia;Crescente;Nublado;Dupla;Reta;-15.794.133;-48.202.095
27/03/2024;01:30:00;ROSARIO;Acumulo de água sobre o pavimento;Saída de leito carroçável;Com Vítimas Fatais;Plena Noite;Crescente;Ignorado;Simples;Reta;-2.950.777;-4.428.315
27/03/2024;08:00:00;BARRA DO GARCAS;Acesso irregular;Colisão transversal;Com Vítimas Feridas;Pleno dia;Crescente;Chuva;Simples;Curva;-1.577.690.062;-5.254.596.213
27/03/2024;11:45:00;PORTO VELHO;Acesso irregular;Colisão transversal;Com Vítimas Feridas;Pleno dia;Decrescente;Céu Claro;Simples;Declive;-8.739.714;-6.393.214.024
27/03/2024;13:25:00;SAO FRANCISCO;Chuva;Saída de leito carroçável;Com Vítimas Feridas;Pleno dia;Crescente;Chuva;Dupla;Reta;-10.329.305;-3.689.429
27/03/2024;13:45:00;FORTALEZA;Curva acentuada;Colisão lateral mesmo sentido;Sem Vítimas;Pleno dia;Crescente;Nublado;Múltipla;Reta;-382.779.096;-3.850.486.117
27/03/2024;07:30:00;BARAUNA;Pista Escorregadia;Colisão com objeto;Sem Vítimas;Amanhecer;Não Informado;Chuva;Simples;Reta;-4.944.298;-37.567.115
27/03/2024;16:40:00;ESTEIO;Velocidade Incompatível;Capotamento;Com Vítimas Feridas;Pleno dia;Decrescente;Céu Claro;Simples;Reta;-2.984.393.699;-5.117.728.603
27/03/2024;16:54:00;TERESINA;Frear bruscamente;Tombamento;Com Vítimas Feridas;Pleno dia;Crescente;Nublado;Múltipla;"Reta;Interseção de Vias";-5.089.569;-42.802.288
27/03/2024;15:11:00;ITUIUTABA;Velocidade Incompatível;Colisão traseira;Sem Vítimas;Pleno dia;Decrescente;Chuva;Simples;Reta;-1.895.684.036;-4.971.978.601
27/03/2024;12:30:00;CAMACAN;Velocidade Incompatível;Saída de leito carroçável;Com Vítimas Feridas;Pleno dia;Decrescente;Sol;Simples;Reta;-15.349.474;-39.501.974
27/03/2024;19:00:00;JUIZ DE FORA;Neblina;Atropelamento de Pedestre;Com Vítimas Feridas;Plena Noite;Decrescente;Nevoeiro/Neblina;Dupla;Reta;-2.181.119.295;-43.394.771
27/03/2024;19:10:00;GUARULHOS;Velocidade Incompatível;Colisão lateral mesmo sentido;Com Vítimas Feridas;Plena Noite;Decrescente;Chuva;Múltipla;"Declive;Reta";-2.348.586.772;-4.654.075.317
27/03/2024;18:00:00;CAETES;Manobra de mudança de faixa;Colisão transversal;Com Vítimas Fatais;Plena Noite;Decrescente;Céu Claro;Simples;Reta;-8.888.511;-36.599.037
27/03/2024;17:15:00;SANTA RITA DE MINAS;Velocidade Incompatível;Saída de leito carroçável;Com Vítimas Feridas;Anoitecer;Crescente;Nublado;Simples;Curva;-1.988.240.027;-4.213.242.591
27/03/2024;20:05:00;UBERABA;Demais falhas na via;Tombamento;Com Vítimas Feridas;Plena Noite;Decrescente;Chuva;Dupla;Declive;-1.977.896.821;-4.794.093.599
27/03/2024;19:10:00;IMPERATRIZ;Acesso irregular;Colisão transversal;Com Vítimas Feridas;Plena Noite;Decrescente;Céu Claro;Simples;"Reta;Interseção de Vias";-5.550.874;-47.459.305
27/03/2024;20:30:00;BRASILIA;Chuva;Colisão traseira;Com Vítimas Feridas;Plena Noite;Decrescente;Chuva;Dupla;Reta;-15.798.115;-48.089.317
27/03/2024;20:00:00;PONTAL DO ARAGUAIA;Manobra de mudança de faixa;Colisão transversal;Sem Vítimas;Plena Noite;Crescente;Garoa/Chuvisco;Simples;"Ponte;Interseção de Vias;Reta";-15.895.538;-5.225.599
27/03/2024;21:00:00;SABARA;Demais falhas na via;Colisão lateral sentido oposto;Com Vítimas Feridas;Plena Noite;Crescente;Céu Claro;Simples;Reta;-1.984.339.604;-4.388.596.993
27/03/2024;19:30:00;NOVA ANDRADINA;Ultrapassagem Indevida;Tombamento;Com Vítimas Feridas;Plena Noite;Crescente;Nublado;Simples;"Reta;Em Obras";-2.174.238.195;-5.328.704.697
27/03/2024;21:55:00;RECIFE;Manobra de mudança de faixa;Colisão lateral mesmo sentido;Sem Vítimas;Plena Noite;Decrescente;Céu Claro;Múltipla;Reta;-8.042.334;-34.943.096
27/03/2024;17:30:00;JOAO PINHEIRO;Chuva;Saída de leito carroçável;Com Vítimas Feridas;Anoitecer;Crescente;Chuva;Simples;Reta;-181.772.191;-4.579.392.997
27/03/2024;22:50:00;BRASILEIRA;Animais na Pista;Atropelamento de Animal;Com Vítimas Feridas;Plena Noite;Decrescente;Céu Claro;Simples;Reta;-414.204.324;-4.163.017.287
27/03/2024;22:03:00;SANTA TEREZA DO OESTE;Desrespeitar a preferência no cruzamento;Colisão transversal;Com Vítimas Fatais;Plena Noite;Crescente;Céu Claro;Simples;"Reta;Interseção de Vias";-25.052.074;-53.630.959
27/03/2024;17:15:00;SAPEACU;Velocidade Incompatível;Queda de ocupante de veículo;Com Vítimas Feridas;Pleno dia;Crescente;Céu Claro;Simples;Curva;-1.281.758.597;-3.920.011.274
28/03/2024;03:40:00;BARROLANDIA;Animais na Pista;Atropelamento de Animal;Com Vítimas Feridas;Plena Noite;Crescente;Nublado;Simples;Reta;-999.061.992;-4.875.692.212
28/03/2024;07:40:00;LAVRAS;Chuva;Colisão lateral mesmo sentido;Com Vítimas Feridas;Pleno dia;Decrescente;Chuva;Dupla;Reta;-2.129.043.096;-4.514.791.909
28/03/2024;07:35:00;PALHOCA;Manobra de mudança de faixa;Colisão lateral mesmo sentido;Com Vítimas Feridas;Pleno dia;Decrescente;Sol;Múltipla;Reta;-2.762.996.929;-4.865.903.871
28/03/2024;08:20:00;GUARULHOS;Pista Escorregadia;Colisão lateral mesmo sentido;Com Vítimas Feridas;Pleno dia;Decrescente;Chuva;Múltipla;"Reta;Declive";-2.342.870.023;-4.641.085.991
28/03/2024;08:20:00;CAMANDUCAIA;Acumulo de água sobre o pavimento;Saída de leito carroçável;Com Vítimas Feridas;Pleno dia;Decrescente;Chuva;Dupla;Reta;-2.276.964.542;-4.618.098.092
27/03/2024;20:17:00;VARZEA GRANDE;Manobra de mudança de faixa;Colisão frontal;Com Vítimas Fatais;Plena Noite;Decrescente;Céu Claro;Simples;Reta;-1.567.953.377;-5.626.758.533
28/03/2024;07:00:00;ITAGUARA;Velocidade Incompatível;Capotamento;Com Vítimas Feridas;Amanhecer;Crescente;Chuva;Dupla;Curva;-2.042.649.228;-4.454.458.383
28/03/2024;09:00:00;PARANAGUA;Desrespeitar a preferência no cruzamento;Colisão transversal;Com Vítimas Feridas;Pleno dia;Crescente;Sol;Dupla;"Retorno Regulamentado;Reta;Interseção de Vias";-25.514.702;-48.522.377
28/03/2024;10:40:00;MOSSORO;Afundamento ou ondulação no pavimento;Queda de ocupante de veículo;Com Vítimas Feridas;Pleno dia;Crescente;Sol;Dupla;"Retorno Regulamentado;Reta";-522.868.577;-3.732.203.081
28/03/2024;06:30:00;SERRA TALHADA;Animais na Pista;Colisão traseira;Com Vítimas Feridas;Pleno dia;Crescente;Céu Claro;Simples;Curva;-798.377.927;-383.208.774
28/03/2024;12:20:00;CAREACU;Velocidade Incompatível;Capotamento;Com Vítimas Feridas;Pleno dia;Decrescente;Chuva;Dupla;Curva;-2.206.199.504;-4.570.068.392
28/03/2024;13:20:00;BARBACENA;Acumulo de água sobre o pavimento;Saída de leito carroçável;Com Vítimas Feridas;Pleno dia;Decrescente;Chuva;Dupla;Curva;-2.124.620.275;-4.368.433.714
28/03/2024;13:16:00;CARUARU;Manobra de mudança de faixa;Colisão transversal;Com Vítimas Feridas;Pleno dia;Decrescente;Céu Claro;Dupla;Retorno Regulamentado;-82.529;-359.751
28/03/2024;14:00:00;ITAPECERICA DA SERRA;Manobra de mudança de faixa;Colisão frontal;Com Vítimas Feridas;Pleno dia;Decrescente;Nublado;Dupla;Reta;-2.370.925.128;-4.687.588.966
28/03/2024;11:45:00;CAMANDUCAIA;Chuva;Saída de leito carroçável;Com Vítimas Feridas;Pleno dia;Crescente;Chuva;Dupla;Curva;-227.704.869;-4.620.021.296
28/03/2024;13:53:00;MUNDO NOVO;Acesso irregular;Colisão com objeto;Sem Vítimas;Pleno dia;Crescente;Céu Claro;Simples;Reta;-23.943.159;-54.280.839
28/03/2024;14:45:00;PALHOCA;Acesso irregular;Colisão transversal;Com Vítimas Feridas;Pleno dia;Crescente;Sol;Simples;Reta;-27.678.635;-4.870.192
28/03/2024;14:20:00;JATAI;Velocidade Incompatível;Saída de leito carroçável;Sem Vítimas;Pleno dia;Crescente;Chuva;Simples;"Curva;Declive";-17.971.079;-51.601.059
28/03/2024;15:20:00;AGUA PRETA;Chuva;Saída de leito carroçável;Com Vítimas Feridas;Pleno dia;Crescente;Chuva;Dupla;Curva;-856.679.186;-3.547.528.312
28/03/2024;16:00:00;CURVELO;Afundamento ou ondulação no pavimento;Saída de leito carroçável;Com Vítimas Feridas;Pleno dia;Decrescente;Nublado;Dupla;Reta;-1.915.639.012;-4.452.967.927
28/03/2024;16:20:00;ARAGUARI;Frear bruscamente;Saída de leito carroçável;Sem Vítimas;Pleno dia;Crescente;Garoa/Chuvisco;Dupla;Reta;-18.759.049;-4.824.054.499
28/03/2024;16:50:00;ITATIAIUCU;Velocidade Incompatível;Saída de leito carroçável;Com Vítimas Feridas;Pleno dia;Crescente;Chuva;Dupla;Curva;-201.743.138;-4.437.593.244
28/03/2024;17:04:00;TERESINA;Manobra de mudança de faixa;Colisão lateral mesmo sentido;Com Vítimas Feridas;Pleno dia;Crescente;Céu Claro;Simples;Curva;-516.483.402;-4.276.899.508
28/03/2024;15:45:00;CASEIROS;Velocidade Incompatível;Atropelamento de Pedestre;Com Vítimas Feridas;Pleno dia;Decrescente;Nublado;Simples;"Reta;Interseção de Vias";-28.272.339;-51.690.033
28/03/2024;14:00:00;EPITACIOLANDIA;Manobra de mudança de faixa;Capotamento;Com Vítimas Feridas;Pleno dia;Decrescente;Céu Claro;Simples;"Reta;Em Obras";-1.087.009.806;-6.849.677.293
28/03/2024;16:40:00;CAMPO GRANDE;Acesso irregular;Colisão transversal;Com Vítimas Feridas;Pleno dia;Decrescente;Nublado;Simples;Reta;-2.046.271.123;-5.455.411.122
28/03/2024;18:00:00;SANTA TEREZINHA DE ITAIPU;Ausência de sinalização;Colisão traseira;Com Vítimas Feridas;Pleno dia;Crescente;Céu Claro;Dupla;"Reta;Declive";-2.544.659.987;-5.440.435.706
28/03/2024;15:10:00;TIMON;Acesso irregular;Colisão transversal;Com Vítimas Fatais;Pleno dia;Crescente;Céu Claro;Simples;Reta;-514.976.004;-431.652.832
28/03/2024;17:45:00;CURITIBA;Manobra de mudança de faixa;Colisão lateral mesmo sentido;Com Vítimas Feridas;Plena Noite;Crescente;Céu Claro;Dupla;"Reta;Aclive";-2.555.122.256;-4.930.503.748
28/03/2024;17:50:00;TEREZOPOLIS DE GOIAS;Desrespeitar a preferência no cruzamento;Colisão transversal;Com Vítimas Feridas;Anoitecer;Crescente;Céu Claro;Dupla;Interseção de Vias;-1.648.362.106;-490.925.467
28/03/2024;16:00:00;CASIMIRO DE ABREU;Chuva;Saída de leito carroçável;Sem Vítimas;Pleno dia;Decrescente;Chuva;Dupla;Curva;-2.248.164.701;-4.223.710.101
28/03/2024;18:50:00;MACAPA;Manobra de mudança de faixa;Colisão lateral mesmo sentido;Com Vítimas Feridas;Anoitecer;Crescente;Céu Claro;Dupla;Reta;0.07780012;-5.106.097
28/03/2024;12:30:00;CONQUISTA DOESTE;Acumulo de água sobre o pavimento;Saída de leito carroçável;Com Vítimas Feridas;Pleno dia;Decrescente;Chuva;Simples;Reta;-14.800.064;-5.932.334.903
28/03/2024;17:00:00;BANDEIRANTES;Velocidade Incompatível;Eventos atípicos;Sem Vítimas;Pleno dia;Decrescente;Céu Claro;Simples;"Rotatória;Interseção de Vias";-231.105.319;-5.033.539.116
28/03/2024;18:50:00;TRES RIOS;Animais na Pista;Atropelamento de Animal;Com Vítimas Feridas;Anoitecer;Decrescente;Chuva;Dupla;Reta;-2.209.282.704;-4.317.077.482
28/03/2024;18:00:00;MAGE;Conversão proibida;Colisão transversal;Com Vítimas Feridas;Plena Noite;Crescente;Garoa/Chuvisco;Simples;Reta;-2.266.151.289;-4.304.480.692
28/03/2024;17:00:00;DUQUE DE CAXIAS;Chuva;Capotamento;Com Vítimas Feridas;Anoitecer;Decrescente;Chuva;Simples;Curva;-2.259.404.803;-4.328.079.889
28/03/2024;19:50:00;SAO JOSE DO RIO PRETO;Manobra de mudança de faixa;Colisão lateral mesmo sentido;Com Vítimas Feridas;Plena Noite;Decrescente;Nublado;Dupla;Reta;-2.082.149.698;-4.935.764.818
28/03/2024;18:20:00;MIRANDA;Manobra de mudança de faixa;Colisão frontal;Com Vítimas Fatais;Plena Noite;Crescente;Céu Claro;Simples;Reta;-2.021.325.105;-5.641.734.003
28/03/2024;17:00:00;UBAPORANGA;Velocidade Incompatível;Saída de leito carroçável;Com Vítimas Feridas;Pleno dia;Decrescente;Nublado;Simples;Curva;-19.698.461;-42.115.989
28/03/2024;18:10:00;NITEROI;Manobra de mudança de faixa;Colisão traseira;Com Vítimas Feridas;Plena Noite;Crescente;Nublado;Dupla;Reta;-2.287.381.074;-4.312.640.997
28/03/2024;18:00:00;PANAMBI;Chuva;Colisão frontal;Com Vítimas Feridas;Amanhecer;Crescente;Chuva;Simples;Reta;-2.823.443.887;-5.347.576.408
28/03/2024;20:30:00;ITAPEMA;Manobra de mudança de faixa;Colisão lateral mesmo sentido;Com Vítimas Feridas;Plena Noite;Decrescente;Céu Claro;Dupla;Curva;-2.708.139.206;-4.860.130.993
28/03/2024;20:54:00;CARUARU;Manobra de mudança de faixa;Colisão lateral mesmo sentido;Com Vítimas Feridas;Plena Noite;Decrescente;Céu Claro;Dupla;Reta;-830.819.677;-3.595.467.594
28/03/2024;19:40:00;ALEXANIA;Velocidade Incompatível;Colisão com objeto;Com Vítimas Feridas;Plena Noite;Decrescente;Ignorado;Dupla;Declive;-160.963;-485.202
28/03/2024;22:00:00;CANOAS;Falta de acostamento;Colisão traseira;Com Vítimas Feridas;Plena Noite;Crescente;Céu Claro;Dupla;Reta;-2.993.242.399;-5.117.742.077
28/03/2024;08:10:00;URUACU;Frear bruscamente;Colisão traseira;Sem Vítimas;Pleno dia;Decrescente;Nublado;Dupla;"Reta;Aclive";-14.576.796;-49.158.405
28/03/2024;22:25:00;LINHARES;Conversão proibida;Colisão lateral mesmo sentido;Com Vítimas Feridas;Plena Noite;Crescente;Céu Claro;Dupla;Interseção de Vias;-1.938.787.399;-4.006.752.766
28/03/2024;22:00:00;SAO PAULO;Manobra de mudança de faixa;Colisão traseira;Com Vítimas Feridas;Plena Noite;Decrescente;Céu Claro;Múltipla;Reta;-2.350.343.484;-4.656.638.712
28/03/2024;22:20:00;SERRA CAIADA;Manobra de mudança de faixa;Colisão frontal;Com Vítimas Feridas;Plena Noite;Crescente;Céu Claro;Simples;Reta;-60.740.381;-3.568.692.985
28/03/2024;20:15:00;CAMANDUCAIA;Velocidade Incompatível;Colisão com objeto;Com Vítimas Feridas;Plena Noite;Decrescente;Chuva;Dupla;Curva;-2.275.390.001;-46.146.503
28/03/2024;20:00:00;LAGUNA;Estacionar ou parar em local proibido;Colisão com objeto;Com Vítimas Fatais;Plena Noite;Decrescente;Céu Claro;Múltipla;Reta;-284.352.385;-488.075.854
28/03/2024;22:20:00;AGUAS MORNAS;Velocidade Incompatível;Saída de leito carroçável;Com Vítimas Feridas;Plena Noite;Decrescente;Garoa/Chuvisco;Simples;"Declive;Curva";-27.685.799;-48.974.514
29/03/2024;00:16:00;PELOTAS;Animais na Pista;Atropelamento de Animal;Com Vítimas Feridas;Plena Noite;Crescente;Céu Claro;Dupla;Curva;-3.174.307.729;-5.239.966.642
29/03/2024;00:40:00;BRASILIA;Animais na Pista;Atropelamento de Animal;Com Vítimas Feridas;Plena Noite;Crescente;Céu Claro;Dupla;Reta;-16.003.145;-47.983.944
29/03/2024;01:00:00;UBERABA;Demais falhas na via;Tombamento;Com Vítimas Feridas;Plena Noite;Crescente;Chuva;Dupla;Reta;-198.172.798;-4.789.559.069
29/03/2024;02:25:00;BADY BASSITT;Velocidade Incompatível;Colisão traseira;Com Vítimas Feridas;Plena Noite;Crescente;Nublado;Dupla;Reta;-2.089.250.139;-4.943.216.085
29/03/2024;03:54:00;CONCEICAO DO CASTELO;Manobra de mudança de faixa;Colisão lateral sentido oposto;Sem Vítimas;Plena Noite;Decrescente;Nevoeiro/Neblina;Simples;"Curva;Aclive";-20.300.399;-4.123.049.498
29/03/2024;06:10:00;SOORETAMA;Ultrapassagem Indevida;Colisão frontal;Com Vítimas Feridas;Pleno dia;Crescente;Céu Claro;Simples;Aclive;-1.907.033.108;-4.003.886.483
29/03/2024;06:40:00;MURITIBA;Desrespeitar a preferência no cruzamento;Colisão transversal;Com Vítimas Feridas;Pleno dia;Crescente;Céu Claro;Simples;Curva;-1.265.351.724;-3.912.236.761
29/03/2024;01:55:00;PATO BRANCO;Acostamento em desnível;Saída de leito carroçável;Com Vítimas Feridas;Plena Noite;Crescente;Céu Claro;Simples;Reta;-2.615.962.508;-5.266.289.367
29/03/2024;07:22:00;JUQUIA;Chuva;Saída de leito carroçável;Com Vítimas Feridas;Pleno dia;Decrescente;Chuva;Dupla;Reta;-2.435.575.938;-4.766.795.511
29/03/2024;07:29:00;JUQUIA;Pista Escorregadia;Saída de leito carroçável;Com Vítimas Feridas;Pleno dia;Decrescente;Chuva;Dupla;Curva;-2.433.164;-47.632.774
29/03/2024;04:00:00;CAMPO MAIOR;Ultrapassagem Indevida;Colisão lateral sentido oposto;Com Vítimas Feridas;Plena Noite;Crescente;Céu Claro;Simples;Reta;-4.819.326;-42.158.821
29/03/2024;01:20:00;SANTA ISABEL;Chuva;Colisão com objeto;Sem Vítimas;Plena Noite;Decrescente;Chuva;Dupla;Reta;-2.333.202.124;-4.613.661.688
29/03/2024;08:30:00;BARBACENA;Velocidade Incompatível;Saída de leito carroçável;Com Vítimas Feridas;Pleno dia;Crescente;Nublado;Dupla;"Declive;Curva";-2.126.034.802;-4.366.189.055
29/03/2024;08:10:00;BETIM;Manobra de mudança de faixa;Colisão traseira;Com Vítimas Feridas;Pleno dia;Crescente;Céu Claro;Dupla;Curva;-1.995.748.011;-4.412.008.166
29/03/2024;05:00:00;PETROPOLIS;Fumaça;Colisão com objeto;Com Vítimas Feridas;Amanhecer;Decrescente;Nevoeiro/Neblina;Simples;Curva;-2.255.763.285;-4.326.574.352
29/03/2024;09:24:00;PICADA CAFE;Acumulo de areia ou detritos sobre o pavimento;Colisão lateral mesmo sentido;Com Vítimas Feridas;Pleno dia;Decrescente;Céu Claro;Simples;Curva;-2.949.966.726;-511.306.017
29/03/2024;07:35:00;JACAREZINHO;Manobra de mudança de faixa;Atropelamento de Pedestre;Com Vítimas Feridas;Pleno dia;Crescente;Nublado;Simples;Interseção de Vias;-23.002.905;-49.908.333
29/03/2024;13:05:00;PETROPOLIS;Chuva;Saída de leito carroçável;Com Vítimas Feridas;Pleno dia;Crescente;Garoa/Chuvisco;Simples;Curva;-2.246.857.126;-4.322.958.698
29/03/2024;13:10:00;PALHOCA;Conversão proibida;Colisão transversal;Com Vítimas Feridas;Pleno dia;Crescente;Céu Claro;Simples;Reta;-27.651.848;-48.676.048
21/03/2024;07:40:00;SAO JOSE;Manobra de mudança de faixa;Colisão lateral mesmo sentido;Com Vítimas Feridas;Pleno dia;Decrescente;Nublado;Múltipla;"Declive;Reta";-2.759.193.546;-4.861.824.557
29/03/2024;13:55:00;APARECIDA DE GOIANIA;Desrespeitar a preferência no cruzamento;Colisão transversal;Com Vítimas Feridas;Pleno dia;Decrescente;Céu Claro;Dupla;Interseção de Vias;-168.413;-492.454
29/03/2024;08:20:00;SAO PAULO;Chuva;Queda de ocupante de veículo;Com Vítimas Feridas;Pleno dia;Decrescente;Garoa/Chuvisco;Dupla;Reta;-2.342.399;-46.575.112
29/03/2024;16:00:00;CAMPOS DOS GOYTACAZES;Curva acentuada;Colisão lateral mesmo sentido;Com Vítimas Feridas;Pleno dia;Crescente;Nublado;Simples;"Rotatória;Retorno Regulamentado";-2.176.751.094;-4.134.876.249
29/03/2024;16:40:00;RIO NEGRO;Acesso irregular;Colisão transversal;Com Vítimas Feridas;Pleno dia;Crescente;Céu Claro;Simples;Reta;-2.606.998.593;-4.973.493.401
29/03/2024;17:00:00;BELO HORIZONTE;Frear bruscamente;Colisão traseira;Com Vítimas Feridas;Pleno dia;Decrescente;Céu Claro;Simples;"Reta;Declive";-1.985.777.408;-4.390.468.298
29/03/2024;15:30:00;TERESOPOLIS;Conversão proibida;Colisão frontal;Com Vítimas Feridas;Pleno dia;Decrescente;Nublado;Simples;Reta;-2.241.517.488;-4.295.011.324
29/03/2024;13:12:00;PORTO VELHO;Pista Escorregadia;Tombamento;Com Vítimas Fatais;Pleno dia;Decrescente;Nublado;Simples;"Ponte;Curva;Em Obras;Aclive";-9.257.213;-6.438.678
29/03/2024;17:30:00;GUARAMIRIM;Desrespeitar a preferência no cruzamento;Colisão transversal;Com Vítimas Feridas;Anoitecer;Crescente;Céu Claro;Simples;"Interseção de Vias;Rotatória;Viaduto";-2.647.869.777;-4.900.097.609
29/03/2024;17:38:00;CATANDUVAS;Velocidade Incompatível;Saída de leito carroçável;Com Vítimas Feridas;Pleno dia;Decrescente;Chuva;Simples;"Curva;Aclive";-27.059.202;-51.680.046
29/03/2024;20:15:00;GRAVATAI;Chuva;Saída de leito carroçável;Com Vítimas Feridas;Plena Noite;Crescente;Chuva;Múltipla;Reta;-29.955.027;-51.027.363
29/03/2024;20:10:00;OSORIO;Velocidade Incompatível;Colisão com objeto;Sem Vítimas;Plena Noite;Decrescente;Chuva;Múltipla;Curva;-29.891.388;-50.373.714
29/03/2024;17:40:00;UBERLANDIA;Afundamento ou ondulação no pavimento;Saída de leito carroçável;Com Vítimas Feridas;Anoitecer;Decrescente;Céu Claro;Simples;"Reta;Aclive";-1.888.997.892;-4.812.177.605
29/03/2024;20:50:00;CONDE;Manobra de mudança de faixa;Colisão traseira;Com Vítimas Feridas;Plena Noite;Crescente;Nublado;Dupla;"Reta;Aclive";-724.692.282;-3.493.113.937
29/03/2024;20:40:00;ITAJAI;Desrespeitar a preferência no cruzamento;Colisão transversal;Com Vítimas Feridas;Plena Noite;Crescente;Nublado;Dupla;"Rotatória;Viaduto;Interseção de Vias";-2.693.668.609;-4.869.876.905
29/03/2024;22:10:00;PONTE ALTA;Acumulo de água sobre o pavimento;Queda de ocupante de veículo;Sem Vítimas;Plena Noite;Crescente;Chuva;Simples;"Declive;Reta";-2.734.581.721;-5.043.271.975
29/03/2024;22:20:00;UBERABA;Afundamento ou ondulação no pavimento;Tombamento;Com Vítimas Feridas;Plena Noite;Crescente;Céu Claro;Dupla;Reta;-1.976.506.609;-4.812.286.402
30/03/2024;02:44:00;CUPIRA;Velocidade Incompatível;Queda de ocupante de veículo;Com Vítimas Feridas;Plena Noite;Crescente;Chuva;Simples;"Reta;Aclive";-8.589.451;-3.595.377
29/03/2024;11:45:00;RIO DE JANEIRO;Velocidade Incompatível;Colisão traseira;Com Vítimas Feridas;Pleno dia;Crescente;Chuva;Dupla;Reta;-2.277.333.251;-4.340.835.571
30/03/2024;03:15:00;DEMERVAL LOBAO;Animais na Pista;Saída de leito carroçável;Sem Vítimas;Plena Noite;Decrescente;Céu Claro;Dupla;Reta;-531.728.394;-4.270.119.586
30/03/2024;05:45:00;SAO JOSE DO RIO PRETO;Velocidade Incompatível;Colisão transversal;Com Vítimas Feridas;Amanhecer;Crescente;Chuva;Dupla;"Reta;Declive";-2.080.502.876;-4.935.574.909
30/03/2024;07:00:00;ATIBAIA;Manobra de mudança de faixa;Tombamento;Com Vítimas Feridas;Pleno dia;Decrescente;Céu Claro;Dupla;Reta;-2.313.863.999;-4.657.584.088
30/03/2024;06:30:00;VACARIA;Acostamento em desnível;Saída de leito carroçável;Com Vítimas Feridas;Amanhecer;Decrescente;Céu Claro;Simples;Reta;-2.840.611.002;-5.085.626.496
29/03/2024;08:00:00;SENADOR GUIOMARD;Animais na Pista;Atropelamento de Animal;Com Vítimas Feridas;Pleno dia;Decrescente;Céu Claro;Simples;Reta;-1.007.968.114;-6.754.269.218
30/03/2024;07:40:00;PETROLINA;Conversão proibida;Colisão transversal;Com Vítimas Feridas;Pleno dia;Crescente;Céu Claro;Múltipla;"Reta;Interseção de Vias";-9.377.868;-40.504.526
29/03/2024;21:30:00;RAFAEL JAMBEIRO;Ultrapassagem Indevida;Colisão traseira;Com Vítimas Fatais;Plena Noite;Decrescente;Céu Claro;Simples;Reta;-1.254.526.158;-3.956.347.315
18/03/2024;18:10:00;JOINVILLE;Manobra de mudança de faixa;Colisão traseira;Com Vítimas Feridas;Plena Noite;Crescente;Ignorado;Dupla;Reta;-2.621.389.228;-4.891.603.589
30/03/2024;09:00:00;RIO DE JANEIRO;Manobra de mudança de faixa;Colisão lateral mesmo sentido;Com Vítimas Feridas;Pleno dia;Crescente;Céu Claro;Múltipla;Reta;-2.288.295.192;-4.364.094.302
30/03/2024;08:40:00;CAMPO MAIOR;Acumulo de água sobre o pavimento;Capotamento;Com Vítimas Feridas;Pleno dia;Decrescente;Chuva;Simples;Reta;-4.733.643;-42.106.289
30/03/2024;10:35:00;HORIZONTE;Acesso irregular;Colisão traseira;Sem Vítimas;Pleno dia;Crescente;Chuva;Dupla;Reta;-407.003.597;-3.850.180.289
30/03/2024;11:40:00;CASCAVEL;Manobra de mudança de faixa;Colisão traseira;Com Vítimas Feridas;Pleno dia;Crescente;Sol;Múltipla;"Interseção de Vias;Viaduto;Declive";-2.496.684.176;-5.340.258.186
30/03/2024;08:00:00;CRISTIANO OTONI;Manobra de mudança de faixa;Colisão lateral mesmo sentido;Com Vítimas Feridas;Pleno dia;Crescente;Céu Claro;Simples;"Reta;Declive";-20.812.551;-43.809.485
30/03/2024;11:20:00;IMBITUBA;Manobra de mudança de faixa;Colisão lateral mesmo sentido;Com Vítimas Feridas;Pleno dia;Crescente;Céu Claro;Dupla;Reta;-28.129.852;-4.869.322
30/03/2024;12:10:00;JOINVILLE;Manobra de mudança de faixa;Colisão lateral mesmo sentido;Com Vítimas Feridas;Pleno dia;Crescente;Céu Claro;Dupla;Reta;-2.639.403.595;-4.883.923.888
30/03/2024;10:30:00;LAJE;Acesso irregular;Colisão transversal;Com Vítimas Feridas;Pleno dia;Crescente;Céu Claro;Simples;Curva;-1.313.765.978;-3.929.466.248