data_inversa;horario;municipio;causa_acidente;tipo_acidente;classificacao_acidente;fase_dia;sentido_via;condicao_metereologica;tipo_pista;tracado_via;latitude;longitude
30/03/2024;13:50:00;VITORIA DA CONQUISTA;Desrespeitar a preferência no cruzamento;Colisão transversal;Com Vítimas Feridas;Pleno dia;Decrescente;Céu Claro;Simples;Reta;-1.490.242;-4.084.472
30/03/2024;14:00:00;GUARULHOS;Manobra de mudança de faixa;Colisão lateral mesmo sentido;Com Vítimas Feridas;Pleno dia;Decrescente;Céu Claro;Múltipla;"Em Obras;Reta;Aclive";-2.349.659.264;-4.655.648.754
30/03/2024;15:00:00;ITAMONTE;Velocidade Incompatível;Saída de leito carroçável;Com Vítimas Feridas;Pleno dia;Crescente;Chuva;Simples;Curva;-2.228.761.498;-4.486.860.589
30/03/2024;15:30:00;IGARASSU;Demais falhas na via;Saída de leito carroçável;Com Vítimas Feridas;Pleno dia;Decrescente;Céu Claro;Múltipla;Reta;-786.521.297;-3.490.715.176
30/03/2024;16:00:00;UBATUBA;Conversão proibida;Colisão lateral mesmo sentido;Com Vítimas Feridas;Pleno dia;Decrescente;Nublado;Simples;Reta;-2.341.392.022;-4.505.317.211
30/03/2024;15:00:00;TIJUCAS;Manobra de mudança de faixa;Colisão traseira;Com Vítimas Feridas;Pleno dia;Decrescente;Céu Claro;Dupla;Reta;-2.719.096.301;-4.861.259.017
30/03/2024;15:40:00;QUISSAMA;Acumulo de água sobre o pavimento;Saída de leito carroçável;Com Vítimas Feridas;Pleno dia;Decrescente;Chuva;Dupla;"Declive;Reta";-2.210.926.264;-4.169.530.619
30/03/2024;13:25:00;ENTRE RIOS;Desrespeitar a preferência no cruzamento;Colisão transversal;Com Vítimas Feridas;Pleno dia;Crescente;Céu Claro;Simples;Interseção de Vias;-119.676.968;-3.811.726.499
30/03/2024;17:25:00;CASCAVEL;Ultrapassagem Indevida;Colisão lateral mesmo sentido;Com Vítimas Feridas;Pleno dia;Decrescente;Céu Claro;Simples;"Aclive;Interseção de Vias;Reta";-2.497.091.568;-5.343.315.482
30/03/2024;18:10:00;GOIANAPOLIS;Pista Escorregadia;Queda de ocupante de veículo;Com Vítimas Feridas;Anoitecer;Crescente;Chuva;Dupla;"Aclive;Curva";-165.754;-491.602
30/03/2024;18:45:00;UBATUBA;Conversão proibida;Colisão transversal;Com Vítimas Feridas;Plena Noite;Decrescente;Nublado;Simples;Reta;-2.343.696.329;-4.508.768.768
30/03/2024;08:20:00;AGRONOMICA;Afundamento ou ondulação no pavimento;Queda de ocupante de veículo;Com Vítimas Feridas;Pleno dia;Crescente;Céu Claro;Simples;Rotatória;-27.252.104;-49.702.129
30/03/2024;19:00:00;PORTO ALEGRE;Manobra de mudança de faixa;Colisão lateral mesmo sentido;Sem Vítimas;Plena Noite;Crescente;Céu Claro;Dupla;Reta;-29.967.531;-51.137.264
30/03/2024;18:45:00;CACOAL;Desrespeitar a preferência no cruzamento;Colisão transversal;Com Vítimas Feridas;Plena Noite;Crescente;Céu Claro;Simples;Rotatória;-114.526.759;-6.142.776.847
30/03/2024;19:45:00;CAPIM BRANCO;Velocidade Incompatível;Saída de leito carroçável;Com Vítimas Feridas;Plena Noite;Decrescente;Céu Claro;Dupla;Aclive;-1.958.183.697;-4.422.853.982
30/03/2024;16:30:00;JARU;Falta de elemento de contenção que evite a saída do leito carroçável;Saída de leito carroçável;Com Vítimas Feridas;Pleno dia;Crescente;Chuva;Simples;Reta;-1.027.805.943;-6.268.306.531
30/03/2024;20:00:00;VITORIA DA CONQUISTA;Velocidade Incompatível;Saída de leito carroçável;Com Vítimas Feridas;Plena Noite;Crescente;Céu Claro;Simples;Curva;-1.489.477;-4.086.302
30/03/2024;20:55:00;SABARA;Velocidade Incompatível;Colisão frontal;Com Vítimas Feridas;Plena Noite;Decrescente;Céu Claro;Simples;Curva;-1.981.604.176;-4.380.389.901
30/03/2024;19:00:00;GUAJARA-MIRIM;Animais na Pista;Atropelamento de Animal;Com Vítimas Feridas;Plena Noite;Crescente;Céu Claro;Simples;Declive;-10.411.559;-6.533.094
30/03/2024;20:50:00;GUAIMBE;Ultrapassagem Indevida;Colisão lateral sentido oposto;Com Vítimas Feridas;Plena Noite;Crescente;Nublado;Simples;"Declive;Reta";-2.187.629;-4.990.778
30/03/2024;22:15:00;BRASILIA;Iluminação deficiente;Atropelamento de Pedestre;Com Vítimas Feridas;Plena Noite;Crescente;Nublado;Dupla;Reta;-15.784.615;-48.132.023
30/03/2024;22:50:00;LINHARES;Desrespeitar a preferência no cruzamento;Colisão lateral mesmo sentido;Sem Vítimas;Plena Noite;Crescente;Nublado;Dupla;Interseção de Vias;-1.936.990.998;-4.006.560.718
30/03/2024;20:10:00;VILHENA;Velocidade Incompatível;Colisão traseira;Sem Vítimas;Plena Noite;Crescente;Céu Claro;Simples;Reta;-1.273.306.632;-6.012.981.255
30/03/2024;23:00:00;GUARULHOS;Acesso irregular;Tombamento;Sem Vítimas;Plena Noite;Decrescente;Nublado;Múltipla;"Em Obras;Declive";-2.341.972.188;-4.638.419.203
30/03/2024;22:00:00;CONGONHAS;Manobra de mudança de faixa;Colisão lateral mesmo sentido;Com Vítimas Fatais;Plena Noite;Decrescente;Nublado;Simples;Curva;-2.052.977.973;-4.382.351.464
30/03/2024;23:10:00;PALMAS;Ultrapassagem Indevida;Colisão lateral mesmo sentido;Com Vítimas Feridas;Plena Noite;Crescente;Céu Claro;Múltipla;Reta;-1.028.923.802;-4.829.771.924
30/03/2024;22:00:00;IBITIARA;Manobra de mudança de faixa;Colisão frontal;Com Vítimas Feridas;Plena Noite;Decrescente;Céu Claro;Simples;Reta;-1.245.524.019;-4.219.269.699
30/03/2024;20:20:00;VILHENA;Ultrapassagem Indevida;Colisão frontal;Com Vítimas Feridas;Plena Noite;Crescente;Céu Claro;Simples;Reta;-1.243.191.774;-6.057.657.785
31/03/2024;00:40:00;CENTRALINA;Chuva;Saída de leito carroçável;Sem Vítimas;Plena Noite;Decrescente;Céu Claro;Dupla;Reta;-1.852.415.703;-4.919.080.383
30/03/2024;23:00:00;BRASILIA;Velocidade Incompatível;Colisão traseira;Com Vítimas Feridas;Plena Noite;Decrescente;Chuva;Múltipla;Reta;-15.792.352;-48.054.509
30/03/2024;20:10:00;SAO GONCALO;Acesso irregular;Colisão transversal;Com Vítimas Feridas;Plena Noite;Decrescente;Céu Claro;Dupla;Reta;-2.281.049.093;-4.306.983.304
31/03/2024;00:10:00;RIBEIRA DO POMBAL;Animais na Pista;Atropelamento de Animal;Com Vítimas Feridas;Plena Noite;Crescente;Céu Claro;Simples;Reta;-1.098.456.904;-3.851.340.281
30/03/2024;20:30:00;BARRACAO;Estacionar ou parar em local proibido;Colisão traseira;Com Vítimas Feridas;Plena Noite;Decrescente;Céu Claro;Simples;"Reta;Retorno Regulamentado";-2.625.066;-53.635.523
31/03/2024;02:30:00;MARINGA;Velocidade Incompatível;Colisão traseira;Sem Vítimas;Plena Noite;Decrescente;Céu Claro;Dupla;Reta;-2.338.889.484;-5.201.765.656
31/03/2024;02:50:00;ABADIANIA;Neblina;Colisão com objeto;Sem Vítimas;Plena Noite;Crescente;Nevoeiro/Neblina;Simples;Interseção de Vias;-1.605.188.645;-488.538.301
31/03/2024;02:20:00;RIO DE JANEIRO;Manobra de mudança de faixa;Colisão lateral mesmo sentido;Com Vítimas Feridas;Plena Noite;Crescente;Nublado;Dupla;Reta;-22.883.781;-43.644.185
30/03/2024;14:00:00;RIO DE JANEIRO;Manobra de mudança de faixa;Queda de ocupante de veículo;Com Vítimas Feridas;Pleno dia;Crescente;Céu Claro;Múltipla;"Interseção de Vias;Reta";-2.279.423.806;-4.336.403.759
31/03/2024;05:36:00;PINDAMONHANGABA;Neblina;Colisão traseira;Com Vítimas Feridas;Amanhecer;Decrescente;Nublado;Dupla;Reta;-2.293.500.994;-4.537.019.403
29/03/2024;20:35:00;SANTO ANTONIO DO LEVERGER;Velocidade Incompatível;Colisão traseira;Com Vítimas Feridas;Plena Noite;Crescente;Céu Claro;Dupla;Reta;-1.570.377.454;-5.574.613.599
31/03/2024;06:50:00;SERRA;Velocidade Incompatível;Colisão com objeto;Sem Vítimas;Pleno dia;Crescente;Céu Claro;Dupla;Ponte;-2.022.112.792;-4.035.720.552
31/03/2024;05:30:00;BARRACAO;Ultrapassagem Indevida;Colisão frontal;Com Vítimas Feridas;Plena Noite;Decrescente;Céu Claro;Simples;Reta;-2.625.066;-53.635.523
31/03/2024;08:05:00;VALPARAISO DE GOIAS;Manobra de mudança de faixa;Colisão lateral mesmo sentido;Com Vítimas Feridas;Pleno dia;Decrescente;Céu Claro;Dupla;Reta;-16.090.278;-47.983.739
31/03/2024;11:00:00;PILAR;Desrespeitar a preferência no cruzamento;Colisão transversal;Com Vítimas Feridas;Pleno dia;Crescente;Nublado;Simples;"Interseção de Vias;Reta";-959.025.583;-3.595.481.873
31/03/2024;11:45:00;CARANDAI;Velocidade Incompatível;Colisão traseira;Com Vítimas Feridas;Pleno dia;Crescente;Sol;Simples;Reta;-2.099.406.911;-4.377.827.346
31/03/2024;13:15:00;AGUAS LINDAS DE GOIAS;Manobra de mudança de faixa;Saída de leito carroçável;Com Vítimas Feridas;Pleno dia;Crescente;Céu Claro;Dupla;"Aclive;Reta";-15.767.021;-48.229.945
31/03/2024;14:15:00;GRAVATAI;Curva acentuada;Colisão com objeto;Com Vítimas Feridas;Pleno dia;Decrescente;Céu Claro;Simples;"Curva;Retorno Regulamentado";-2.995.489.185;-5.100.215.077
31/03/2024;13:40:00;VARZEA GRANDE;Conversão proibida;Colisão frontal;Com Vítimas Feridas;Pleno dia;Crescente;Céu Claro;Simples;Reta;-1.569.402.912;-5.616.725.922
31/03/2024;15:05:00;SERRINHA;Desrespeitar a preferência no cruzamento;Colisão transversal;Com Vítimas Feridas;Pleno dia;Crescente;Sol;Múltipla;Retorno Regulamentado;-1.166.747;-390.012
31/03/2024;15:10:00;ITAJAI;Manobra de mudança de faixa;Colisão lateral mesmo sentido;Com Vítimas Feridas;Pleno dia;Crescente;Céu Claro;Dupla;Reta;-2.697.284.292;-4.868.299.451
31/03/2024;13:10:00;ANGICOS;Chuva;Saída de leito carroçável;Com Vítimas Feridas;Pleno dia;Crescente;Chuva;Simples;Reta;-569.341.207;-3.658.011.701
31/03/2024;14:50:00;SAO SEBASTIAO DO PASSE;Manobra de mudança de faixa;Colisão lateral mesmo sentido;Com Vítimas Feridas;Pleno dia;Crescente;Céu Claro;Dupla;Reta;-1.254.603.889;-3.858.142.792
31/03/2024;16:00:00;CARAZINHO;Desrespeitar a preferência no cruzamento;Colisão transversal;Com Vítimas Feridas;Pleno dia;Decrescente;Céu Claro;Simples;Interseção de Vias;-28.317.753;-52.806.843
31/03/2024;16:00:00;NOVA IGUACU;Manobra de mudança de faixa;Colisão lateral mesmo sentido;Com Vítimas Feridas;Pleno dia;Decrescente;Céu Claro;Múltipla;Reta;-2.274.647.215;-4.344.594.311
31/03/2024;17:00:00;FERNANDO PEDROZA;Pista esburacada;Tombamento;Com Vítimas Feridas;Pleno dia;Crescente;Chuva;Simples;Reta;-568.883;-36.366.143
31/03/2024;17:00:00;LONDRINA;Velocidade Incompatível;Colisão traseira;Com Vítimas Feridas;Pleno dia;Crescente;Céu Claro;Dupla;Reta;-2.328.804.607;-5.122.474.194
31/03/2024;17:00:00;ITAPEMA;Manobra de mudança de faixa;Colisão lateral mesmo sentido;Com Vítimas Feridas;Pleno dia;Decrescente;Céu Claro;Dupla;Reta;-271.089.649;-4.861.277.586
31/03/2024;15:50:00;PORTO SEGURO;Ultrapassagem Indevida;Colisão frontal;Com Vítimas Feridas;Pleno dia;Crescente;Céu Claro;Simples;Reta;-16.399.183;-3.918.136
31/03/2024;17:10:00;ITAPEMA;Manobra de mudança de faixa;Colisão lateral mesmo sentido;Com Vítimas Feridas;Pleno dia;Decrescente;Céu Claro;Múltipla;Reta;-271.089.649;-4.861.277.586
31/03/2024;18:00:00;CARAZINHO;Desrespeitar a preferência no cruzamento;Colisão transversal;Com Vítimas Feridas;Pleno dia;Decrescente;Céu Claro;Simples;Rotatória;-2.829.827.832;-5.274.807.572
31/03/2024;18:15:00;SAO JOSE DOS PINHAIS;Velocidade Incompatível;Colisão com objeto;Com Vítimas Feridas;Anoitecer;Decrescente;Céu Claro;Múltipla;Reta;-2.566.095.117;-4.915.500.053
31/03/2024;19:30:00;ITAPEMIRIM;Acesso irregular;Colisão com objeto;Com Vítimas Feridas;Plena Noite;Crescente;Céu Claro;Múltipla;Reta;-2.087.819.123;-4.096.568.078
31/03/2024;18:40:00;MANGARATIBA;Conversão proibida;Colisão transversal;Com Vítimas Feridas;Plena Noite;Crescente;Céu Claro;Simples;"Declive;Reta";-2.292.618.815;-4.396.323.294
31/03/2024;20:10:00;BETIM;Manobra de mudança de faixa;Colisão traseira;Com Vítimas Feridas;Plena Noite;Crescente;Céu Claro;Dupla;Reta;-2.003.146.447;-442.377.893
31/03/2024;19:00:00;NOVA SERRANA;Conversão proibida;Colisão lateral mesmo sentido;Com Vítimas Feridas;Plena Noite;Crescente;Céu Claro;Dupla;Declive;-1.988.065.393;-4.492.197.102
31/03/2024;19:17:00;LINHARES;Desrespeitar a preferência no cruzamento;Tombamento;Com Vítimas Feridas;Plena Noite;Crescente;Céu Claro;Simples;"Retorno Regulamentado;Reta";-1.950.607.582;-4.013.470.026
31/03/2024;21:15:00;CURITIBA;Afundamento ou ondulação no pavimento;Saída de leito carroçável;Sem Vítimas;Pleno dia;Decrescente;Céu Claro;Dupla;Reta;-2.552.383.456;-4.933.203.578
31/03/2024;20:15:00;BALNEARIO PICARRAS;Manobra de mudança de faixa;Colisão lateral mesmo sentido;Com Vítimas Feridas;Plena Noite;Crescente;Céu Claro;Dupla;"Aclive;Interseção de Vias;Reta";-2.677.383.397;-4.868.594.062
31/03/2024;21:45:00;CANOAS;Manobra de mudança de faixa;Tombamento;Com Vítimas Feridas;Plena Noite;Decrescente;Nublado;Simples;Reta;-2.993.242.399;-5.117.742.077
31/03/2024;21:48:00;CARIACICA;Manobra de mudança de faixa;Colisão traseira;Com Vítimas Feridas;Plena Noite;Crescente;Céu Claro;Dupla;Reta;-2.026.493.528;-4.038.471.702
31/03/2024;22:15:00;CONTAGEM;Manobra de mudança de faixa;Colisão traseira;Com Vítimas Feridas;Plena Noite;Crescente;Céu Claro;Dupla;Reta;-1.980.151.928;-4.410.000.333
31/03/2024;20:30:00;EXTREMA;Velocidade Incompatível;Colisão traseira;Com Vítimas Feridas;Plena Noite;Crescente;Céu Claro;Dupla;"Reta;Aclive";-2.286.605.937;-4.634.940.386
31/03/2024;19:17:00;CAMPOS NOVOS;Ultrapassagem Indevida;Colisão frontal;Com Vítimas Fatais;Plena Noite;Crescente;Céu Claro;Simples;Reta;-274.558.764;-512.547.255
31/03/2024;22:31:00;IGARASSU;Ausência de sinalização;Saída de leito carroçável;Com Vítimas Feridas;Plena Noite;Crescente;Céu Claro;Dupla;Reta;-784.753.808;-3.490.977.038
31/03/2024;22:37:00;JOAO CAMARA;Animais na Pista;Tombamento;Com Vítimas Feridas;Plena Noite;Crescente;Nublado;Simples;Reta;-554.067.796;-3.580.553.967
31/03/2024;23:00:00;GUAICARA;Velocidade Incompatível;Saída de leito carroçável;Com Vítimas Feridas;Plena Noite;Crescente;Céu Claro;Simples;Rotatória;-2.158.824.202;-4.978.449.249
01/04/2024;00:22:00;JUQUITIBA;Acesso irregular;Atropelamento de Pedestre;Com Vítimas Feridas;Plena Noite;Decrescente;Sol;Múltipla;Reta;-239.818.403;-4.714.564.419
01/04/2024;01:45:00;PELOTAS;Pista Escorregadia;Tombamento;Com Vítimas Feridas;Plena Noite;Decrescente;Chuva;Simples;Reta;-317.359.522;-5.239.349.776
31/03/2024;14:00:00;ALPERCATA;Velocidade Incompatível;Saída de leito carroçável;Com Vítimas Feridas;Pleno dia;Crescente;Céu Claro;Simples;Reta;-1.894.601.944;-4.195.023.848
01/04/2024;05:47:00;RONDONOPOLIS;Acesso irregular;Colisão transversal;Com Vítimas Feridas;Amanhecer;Crescente;Céu Claro;Dupla;"Reta;Rotatória";-1.651.361.392;-5.465.519.619
01/04/2024;03:30:00;PEIXOTO DE AZEVEDO;Chuva;Queda de ocupante de veículo;Com Vítimas Fatais;Amanhecer;Decrescente;Chuva;Simples;Reta;-1.026.349.658;-550.046.435
16/03/2024;05:30:00;VARGEM BONITA;Ultrapassagem Indevida;Colisão frontal;Com Vítimas Fatais;Amanhecer;Decrescente;Céu Claro;Simples;Reta;-269.813.857;-518.115.387
01/04/2024;08:20:00;CANGUCU;Acumulo de água sobre o pavimento;Saída de leito carroçável;Com Vítimas Feridas;Pleno dia;Crescente;Chuva;Simples;"Declive;Reta";-3.148.595.911;-5.261.864.613
01/04/2024;08:25:00;NOVA IGUACU;Velocidade Incompatível;Colisão lateral mesmo sentido;Com Vítimas Feridas;Pleno dia;Decrescente;Céu Claro;Dupla;Reta;-2.273.883.756;-4.347.245.197
01/04/2024;07:44:00;CURITIBA;Manobra de mudança de faixa;Colisão traseira;Com Vítimas Feridas;Pleno dia;Decrescente;Sol;Dupla;Reta;-2.546.833.525;-4.935.524.543
01/04/2024;08:20:00;SANTANA DO IPANEMA;Conversão proibida;Colisão frontal;Com Vítimas Feridas;Pleno dia;Crescente;Céu Claro;Simples;Reta;-937.323.821;-3.723.532.807
01/04/2024;10:15:00;CATALAO;Velocidade Incompatível;Saída de leito carroçável;Com Vítimas Feridas;Pleno dia;Crescente;Céu Claro;Dupla;Reta;-180.291;-478.275
01/04/2024;12:59:00;VARZEA GRANDE;Acumulo de água sobre o pavimento;Saída de leito carroçável;Sem Vítimas;Pleno dia;Decrescente;Chuva;Simples;Curva;-1.555.226.783;-5.626.990.777
01/04/2024;14:10:00;CARIACICA;Manobra de mudança de faixa;Colisão transversal;Com Vítimas Feridas;Pleno dia;Decrescente;Céu Claro;Dupla;Reta;-2.025.148.171;-4.037.270.066
01/04/2024;14:05:00;EWBANK DA CAMARA;Velocidade Incompatível;Colisão traseira;Com Vítimas Feridas;Pleno dia;Decrescente;Céu Claro;Simples;Reta;-2.151.149.748;-435.259.874
01/04/2024;10:30:00;SEROPEDICA;Conversão proibida;Colisão transversal;Com Vítimas Feridas;Pleno dia;Crescente;Céu Claro;Simples;Reta;-22.810.925;-43.631.504
01/04/2024;17:00:00;GOIANIA;Ausência de sinalização;Colisão lateral mesmo sentido;Com Vítimas Feridas;Pleno dia;Decrescente;Céu Claro;Dupla;"Curva;Interseção de Vias;Rotatória";-1.672.873.541;-4.935.044.289
01/04/2024;16:30:00;TIBAGI;Chuva;Colisão com objeto;Com Vítimas Feridas;Pleno dia;Decrescente;Chuva;Dupla;"Curva;Aclive";-2.463.929.383;-5.062.680.244
01/04/2024;17:50:00;CARUARU;Pista esburacada;Queda de ocupante de veículo;Com Vítimas Feridas;Anoitecer;Crescente;Chuva;Dupla;Curva;-811.569;-3.600.598
01/04/2024;18:00:00;BLUMENAU;Conversão proibida;Colisão lateral mesmo sentido;Com Vítimas Feridas;Plena Noite;Crescente;Céu Claro;Simples;Reta;-2.687.674;-49.127.743
01/04/2024;12:30:00;UNIAO DOS PALMARES;Animais na Pista;Atropelamento de Animal;Com Vítimas Feridas;Pleno dia;Crescente;Céu Claro;Simples;"Reta;Declive";-9.204.973;-3.603.164.206
01/04/2024;17:15:00;RIO GRANDE;Acumulo de água sobre o pavimento;Saída de leito carroçável;Com Vítimas Feridas;Anoitecer;Crescente;Chuva;Dupla;Reta;-3.208.904.192;-5.221.737.499
01/04/2024;16:50:00;NOVA LARANJEIRAS;Desrespeitar a preferência no cruzamento;Colisão transversal;Com Vítimas Feridas;Pleno dia;Decrescente;Céu Claro;Simples;"Aclive;Reta;Interseção de Vias";-2.529.126.706;-5.257.781.982
01/04/2024;17:00:00;RIO PARDO;Desrespeitar a preferência no cruzamento;Colisão transversal;Com Vítimas Feridas;Pleno dia;Crescente;Céu Claro;Simples;"Retorno Regulamentado;Rotatória";-29.878.979;-52.390.549
01/04/2024;12:00:00;PALMARES;Estacionar ou parar em local proibido;Incêndio;Sem Vítimas;Pleno dia;Decrescente;Nublado;Dupla;"Curva;Declive";-869.573.052;-356.103.118
01/04/2024;19:20:00;PARANAIBA;Manobra de mudança de faixa;Colisão traseira;Com Vítimas Feridas;Plena Noite;Crescente;Céu Claro;Dupla;Reta;-1.969.627.676;-5.117.701.292
01/04/2024;19:00:00;ARAGUARI;Velocidade Incompatível;Saída de leito carroçável;Com Vítimas Feridas;Plena Noite;Crescente;Garoa/Chuvisco;Dupla;"Reta;Declive";-1.842.982.393;-4.806.250.588
01/04/2024;17:30:00;CUNHA PORA;Pista Escorregadia;Saída de leito carroçável;Com Vítimas Feridas;Pleno dia;Decrescente;Garoa/Chuvisco;Simples;Curva;-26.820.206;-53.155.052
01/04/2024;17:40:00;NOVA IGUACU;Velocidade Incompatível;Colisão transversal;Com Vítimas Feridas;Anoitecer;Crescente;Nublado;Simples;Reta;-22.854.104;-43.602.174
01/04/2024;21:30:00;CACHOEIRA DO SUL;Desrespeitar a preferência no cruzamento;Colisão transversal;Com Vítimas Feridas;Plena Noite;Decrescente;Céu Claro;Simples;Rotatória;-3.006.049.811;-5.290.390.205
01/04/2024;22:00:00;ELDORADO DO SUL;Manobra de mudança de faixa;Colisão frontal;Com Vítimas Feridas;Plena Noite;Decrescente;Céu Claro;Simples;Reta;-30.006.546;-51.312.927
01/04/2024;21:15:00;ITAPECERICA DA SERRA;Frear bruscamente;Colisão com objeto;Com Vítimas Feridas;Plena Noite;Crescente;Céu Claro;Dupla;"Rotatória;Retorno Regulamentado";-23.719.254;-46.883.144
01/04/2024;22:00:00;PALHOCA;Conversão proibida;Colisão transversal;Com Vítimas Feridas;Plena Noite;Crescente;Céu Claro;Simples;"Interseção de Vias;Reta";-2.768.033.581;-4.870.445.251
21/03/2024;15:45:00;GUIA LOPES DA LAGUNA;Acumulo de água sobre o pavimento;Saída de leito carroçável;Com Vítimas Feridas;Pleno dia;Crescente;Chuva;Simples;"Curva;Aclive";-2.141.410.441;-560.469.259
02/04/2024;05:40:00;SANTO ANTONIO DA PLATINA;Pista esburacada;Queda de ocupante de veículo;Com Vítimas Feridas;Amanhecer;Decrescente;Céu Claro;Simples;"Curva;Declive";-2.326.665.491;-5.006.410.039
02/04/2024;06:50:00;UBATUBA;Manobra de mudança de faixa;Colisão lateral mesmo sentido;Com Vítimas Feridas;Pleno dia;Crescente;Nublado;Simples;Reta;-2.345.627.795;-4.507.111.896
02/04/2024;06:40:00;CABEDELO;Manobra de mudança de faixa;Colisão lateral mesmo sentido;Com Vítimas Feridas;Pleno dia;Decrescente;Céu Claro;Dupla;"Interseção de Vias;Em Obras;Reta;Retorno Regulamentado";-706.471.428;-3.485.010.266
02/04/2024;07:30:00;GUARATINGUETA;Pista esburacada;Queda de ocupante de veículo;Com Vítimas Feridas;Pleno dia;Crescente;Nublado;Dupla;"Curva;Viaduto";-22.823.273;-45.192.806
01/04/2024;23:40:00;PIMENTA BUENO;Velocidade Incompatível;Saída de leito carroçável;Com Vítimas Feridas;Plena Noite;Crescente;Nublado;Simples;Curva;-1.153.984.005;-6.130.595.904
02/04/2024;07:30:00;PALHOCA;Manobra de mudança de faixa;Colisão lateral mesmo sentido;Com Vítimas Feridas;Pleno dia;Decrescente;Céu Claro;Múltipla;Reta;-2.763.697.369;-4.866.514.142
02/04/2024;07:15:00;SANTA RITA DE MINAS;Velocidade Incompatível;Tombamento;Com Vítimas Feridas;Pleno dia;Crescente;Céu Claro;Simples;Aclive;-1.983.624.191;-4.213.833.241
02/04/2024;07:35:00;AGUAS LINDAS DE GOIAS;Acumulo de água sobre o pavimento;Colisão traseira;Com Vítimas Feridas;Pleno dia;Decrescente;Chuva;Múltipla;Reta;-1.576.177.302;-482.368.693
14/01/2024;16:23:00;CONCEICAO DA FEIRA;Ultrapassagem Indevida;Saída de leito carroçável;Sem Vítimas;Pleno dia;Decrescente;Céu Claro;Simples;Reta;-126.027.102;-3.901.297.297
02/04/2024;08:20:00;RIO VERDE;Pista Escorregadia;Queda de ocupante de veículo;Com Vítimas Feridas;Pleno dia;Decrescente;Nublado;Dupla;Reta;-17.823;-509.515
02/04/2024;07:52:00;BRASILIA;Manobra de mudança de faixa;Colisão lateral mesmo sentido;Com Vítimas Feridas;Pleno dia;Decrescente;Chuva;Dupla;Reta;-15.798.048;-48.073.235
02/04/2024;09:30:00;CAMPOS DOS GOYTACAZES;Manobra de mudança de faixa;Colisão lateral mesmo sentido;Com Vítimas Feridas;Pleno dia;Decrescente;Céu Claro;Simples;"Curva;Rotatória;Interseção de Vias";-217.669.797;-41.345.949
02/04/2024;10:15:00;GUAIBA;Manobra de mudança de faixa;Colisão lateral mesmo sentido;Com Vítimas Feridas;Pleno dia;Decrescente;Céu Claro;Dupla;Reta;-3.013.970.487;-5.135.942.618
02/04/2024;07:00:00;CAMPINA GRANDE;Acumulo de areia ou detritos sobre o pavimento;Tombamento;Com Vítimas Feridas;Pleno dia;Crescente;Céu Claro;Simples;"Declive;Reta";-72.693;-359.138
02/04/2024;09:30:00;PORTO VELHO;Manobra de mudança de faixa;Colisão lateral mesmo sentido;Com Vítimas Feridas;Pleno dia;Decrescente;Céu Claro;Dupla;Reta;-87.909.383;-6.384.895.617
02/04/2024;09:40:00;DUQUE DE CAXIAS;Manobra de mudança de faixa;Colisão lateral mesmo sentido;Com Vítimas Feridas;Pleno dia;Crescente;Sol;Múltipla;Reta;-22.691.868;-43.287.453
31/03/2024;15:00:00;SAO GONCALO;Animais na Pista;Capotamento;Com Vítimas Feridas;Pleno dia;Decrescente;Céu Claro;Dupla;Reta;-2.279.498.873;-4.303.446.105
02/04/2024;13:00:00;MADALENA;Acesso irregular;Colisão transversal;Com Vítimas Feridas;Pleno dia;Crescente;Céu Claro;Simples;Reta;-492.584.423;-3.962.384.464
02/04/2024;13:30:00;AGUAS MORNAS;Velocidade Incompatível;Saída de leito carroçável;Com Vítimas Feridas;Pleno dia;Decrescente;Chuva;Simples;"Curva;Declive";-2.769.840.626;-4.896.409.879
02/04/2024;13:00:00;BRASILIA;Manobra de mudança de faixa;Saída de leito carroçável;Sem Vítimas;Pleno dia;Decrescente;Céu Claro;Dupla;Declive;-15.662.208;-47.799.866
28/01/2024;03:30:00;ITABORAI;Iluminação deficiente;Atropelamento de Pedestre;Com Vítimas Feridas;Plena Noite;Decrescente;Céu Claro;Simples;Reta;-2.277.062;-4.292.223
02/04/2024;13:30:00;CAPAO DO LEAO;Velocidade Incompatível;Saída de leito carroçável;Com Vítimas Fatais;Pleno dia;Decrescente;Céu Claro;Simples;Curva;-317.602;-524.381
02/04/2024;14:00:00;SETE LAGOAS;Pista Escorregadia;Colisão com objeto;Com Vítimas Feridas;Pleno dia;Crescente;Chuva;Dupla;"Declive;Curva";-194.065.509;-4.433.367.766
15/03/2024;16:45:00;GUARULHOS;Manobra de mudança de faixa;Colisão traseira;Com Vítimas Feridas;Pleno dia;Crescente;Céu Claro;Múltipla;Reta;-234.324.306;-464.194.352
02/04/2024;14:00:00;SANTO ANTONIO DA BARRA;Acumulo de água sobre o pavimento;Saída de leito carroçável;Com Vítimas Feridas;Pleno dia;Decrescente;Chuva;Dupla;Curva;-175.959;-507.164
02/04/2024;13:40:00;PARATY;Conversão proibida;Colisão traseira;Com Vítimas Feridas;Pleno dia;Decrescente;Céu Claro;Simples;Curva;-2.317.023.697;-4.471.037.687