data_inversa;horario;municipio;causa_acidente;tipo_acidente;classificacao_acidente;fase_dia;sentido_via;condicao_metereologica;tipo_pista;tracado_via;latitude;longitude
06/04/2024;23:32:00;TERESINA;Chuva;Saída de leito carroçável;Sem Vítimas;Plena Noite;Decrescente;Chuva;Dupla;Curva;-5.067.146;-42.730.965
06/04/2024;21:30:00;VERANOPOLIS;Conversão proibida;Colisão frontal;Com Vítimas Feridas;Plena Noite;Decrescente;Céu Claro;Simples;Curva;-2.893.915.139;-5.154.591.976
06/04/2024;23:30:00;MARINGA;Manobra de mudança de faixa;Colisão lateral mesmo sentido;Com Vítimas Feridas;Plena Noite;Decrescente;Céu Claro;Múltipla;Reta;-2.341.386.514;-5.194.815.516
07/04/2024;00:30:00;COLONIA LEOPOLDINA;Animais na Pista;Atropelamento de Animal;Com Vítimas Fatais;Plena Noite;Decrescente;Céu Claro;Simples;Reta;-892.534.258;-3.574.565.005
07/04/2024;00:05:00;PORTO BELO;Manobra de mudança de faixa;Colisão lateral mesmo sentido;Com Vítimas Feridas;Plena Noite;Crescente;Nublado;Dupla;Reta;-2.716.292;-4.861.129
07/04/2024;00:20:00;SAO DOMINGOS DO AZEITAO;Conversão proibida;Colisão transversal;Com Vítimas Feridas;Plena Noite;Crescente;Ignorado;Simples;"Interseção de Vias;Curva";-681.499.327;-4.464.622.967
06/04/2024;23:55:00;ITAUBA;Estacionar ou parar em local proibido;Colisão traseira;Com Vítimas Feridas;Plena Noite;Decrescente;Chuva;Simples;Reta;-1.108.845.987;-5.528.972.626
07/04/2024;01:10:00;JARU;Pista esburacada;Tombamento;Com Vítimas Feridas;Plena Noite;Crescente;Nublado;Simples;"Aclive;Reta";-1.051.689.295;-6.240.599.289
07/04/2024;04:10:00;RECIFE;Animais na Pista;Atropelamento de Animal;Com Vítimas Feridas;Plena Noite;Crescente;Céu Claro;Dupla;"Reta;Aclive";-794.806.621;-349.062.148
07/04/2024;04:30:00;RIO DE JANEIRO;Velocidade Incompatível;Colisão com objeto;Sem Vítimas;Plena Noite;Decrescente;Nublado;Dupla;Reta;-228.765.463;-4.361.463.385
07/04/2024;01:15:00;SANTA RITA DE MINAS;Animais na Pista;Atropelamento de Animal;Com Vítimas Feridas;Plena Noite;Decrescente;Céu Claro;Simples;Curva;-1.990.319.206;-4.213.408.157
06/04/2024;21:15:00;ENGENHEIRO CALDAS;Velocidade Incompatível;Saída de leito carroçável;Com Vítimas Feridas;Plena Noite;Decrescente;Céu Claro;Simples;Reta;-1.923.400.711;-4.205.671.434
24/03/2024;19:00:00;CONCEICAO DA FEIRA;Manobra de mudança de faixa;Tombamento;Com Vítimas Feridas;Anoitecer;Decrescente;Ignorado;Dupla;"Interseção de Vias;Em Obras;Reta";-1.251.957.286;-3.897.070.158
07/04/2024;09:00:00;BENTO GONCALVES;Pista Escorregadia;Colisão frontal;Com Vítimas Feridas;Pleno dia;Crescente;Nublado;Simples;Curva;-2.917.909.489;-5.151.855.675
07/04/2024;09:30:00;UBERLANDIA;Manobra de mudança de faixa;Colisão com objeto;Com Vítimas Feridas;Pleno dia;Crescente;Sol;Dupla;"Retorno Regulamentado;Reta;Declive";-1.889.262.095;-4.841.859.299
07/04/2024;11:40:00;CAUCAIA;Desrespeitar a preferência no cruzamento;Colisão transversal;Com Vítimas Feridas;Pleno dia;Decrescente;Céu Claro;Múltipla;Reta;-374.275.809;-3.861.200.994
07/04/2024;10:40:00;UBERABA;Velocidade Incompatível;Tombamento;Com Vítimas Feridas;Pleno dia;Decrescente;Céu Claro;Dupla;Reta;-1.948.525.501;-4.805.065.502
07/04/2024;12:50:00;RANCHO QUEIMADO;Neblina;Saída de leito carroçável;Com Vítimas Feridas;Pleno dia;Crescente;Garoa/Chuvisco;Simples;Curva;-27.692.406;-49.075.939
07/04/2024;12:40:00;DUQUE DE CAXIAS;Ultrapassagem Indevida;Colisão lateral mesmo sentido;Com Vítimas Feridas;Pleno dia;Crescente;Céu Claro;Dupla;Reta;-2.264.679;-43.283.726
07/04/2024;14:05:00;ARUJA;Manobra de mudança de faixa;Colisão traseira;Com Vítimas Feridas;Pleno dia;Crescente;Nublado;Dupla;"Reta;Declive";-2.341.186.251;-4.635.507.345
07/04/2024;14:50:00;EXTREMA;Curva acentuada;Colisão com objeto;Com Vítimas Feridas;Pleno dia;Decrescente;Céu Claro;Dupla;Curva;-2.279.728.416;-4.625.397.205
07/04/2024;13:30:00;PORTO BELO;Chuva;Tombamento;Com Vítimas Feridas;Pleno dia;Crescente;Chuva;Dupla;Reta;-2.719.096.301;-4.861.259.017
07/04/2024;12:30:00;VARGEM;Velocidade Incompatível;Saída de leito carroçável;Com Vítimas Feridas;Pleno dia;Decrescente;Chuva;Simples;Curva;-27.510.321;-50.922.432
07/04/2024;09:30:00;BRUNOPOLIS;Velocidade Incompatível;Saída de leito carroçável;Com Vítimas Feridas;Pleno dia;Crescente;Chuva;Simples;Curva;-27.331.482;-50.902.504
07/04/2024;15:40:00;PARAOPEBA;Velocidade Incompatível;Saída de leito carroçável;Com Vítimas Feridas;Pleno dia;Crescente;Céu Claro;Dupla;"Reta;Declive";-19.255.043;-44.422.787
07/04/2024;15:55:00;GURINHEM;Manobra de mudança de faixa;Colisão lateral mesmo sentido;Com Vítimas Feridas;Pleno dia;Crescente;Céu Claro;Dupla;Reta;-717.324.089;-3.539.492.369
07/04/2024;17:40:00;JANDAIA DO SUL;Velocidade Incompatível;Colisão transversal;Com Vítimas Feridas;Pleno dia;Crescente;Céu Claro;Simples;Reta;-2.363.694.646;-5.167.779.922
07/04/2024;18:05:00;GUARULHOS;Manobra de mudança de faixa;Colisão lateral mesmo sentido;Com Vítimas Feridas;Plena Noite;Crescente;Vento;Múltipla;Aclive;-2.342.511.799;-4.640.221.101
07/04/2024;17:30:00;CENTRALINA;Pista esburacada;Queda de ocupante de veículo;Com Vítimas Feridas;Anoitecer;Decrescente;Céu Claro;Dupla;Reta;-18.587.774;-491.929.339
07/04/2024;16:50:00;SALVADOR;Chuva;Capotamento;Sem Vítimas;Pleno dia;Decrescente;Chuva;Simples;Reta;-1.287.957.905;-3.843.213.893
07/04/2024;14:00:00;LINDOESTE;Acumulo de água sobre o pavimento;Colisão com objeto;Com Vítimas Feridas;Pleno dia;Decrescente;Chuva;Dupla;Reta;-2.523.379.293;-5.358.962.939
07/04/2024;15:15:00;LUCAS DO RIO VERDE;Acumulo de água sobre o pavimento;Saída de leito carroçável;Com Vítimas Feridas;Pleno dia;Crescente;Chuva;Simples;Reta;-13.291.568;-56.033.887
07/04/2024;11:00:00;LAGUNA;Velocidade Incompatível;Capotamento;Com Vítimas Feridas;Pleno dia;Crescente;Céu Claro;Múltipla;Reta;-2.834.625.432;-4.873.549.064
07/04/2024;17:15:00;NOVO LINO;Velocidade Incompatível;Colisão traseira;Sem Vítimas;Anoitecer;Decrescente;Nublado;Dupla;"Retorno Regulamentado;Reta";-894.483.876;-3.565.853.065
07/04/2024;19:00:00;DIVINO;Conversão proibida;Colisão frontal;Com Vítimas Feridas;Plena Noite;Crescente;Céu Claro;Simples;"Aclive;Reta";-2.064.979.111;-4.224.531.979
07/04/2024;18:00:00;UBERABA;Manobra de mudança de faixa;Colisão lateral sentido oposto;Com Vítimas Feridas;Plena Noite;Decrescente;Céu Claro;Simples;Reta;-1.976.522.565;-4.786.944.866
07/04/2024;17:20:00;CORUPA;Manobra de mudança de faixa;Colisão traseira;Com Vítimas Feridas;Anoitecer;Crescente;Céu Claro;Simples;Curva;-2.645.019.273;-491.935.729
07/04/2024;20:01:00;BRASILIA;Velocidade Incompatível;Colisão com objeto;Com Vítimas Feridas;Plena Noite;Crescente;Céu Claro;Dupla;"Aclive;Reta";-15.658.386;-47.791.534
07/04/2024;20:40:00;PORTO ALEGRE;Velocidade Incompatível;Saída de leito carroçável;Com Vítimas Feridas;Plena Noite;Crescente;Chuva;Dupla;Curva;-29.972.212;-51.199.139
07/04/2024;20:40:00;RESSAQUINHA;Curva acentuada;Colisão com objeto;Com Vítimas Feridas;Plena Noite;Decrescente;Céu Claro;Simples;Curva;-2.107.382.701;-43.766.731
07/04/2024;16:40:00;JOACABA;Curva acentuada;Saída de leito carroçável;Com Vítimas Feridas;Plena Noite;Crescente;Chuva;Dupla;Curva;-27.132.223;-51.627.563
07/04/2024;21:30:00;ITAJAI;Manobra de mudança de faixa;Colisão lateral mesmo sentido;Com Vítimas Feridas;Plena Noite;Decrescente;Nublado;Dupla;Reta;-26.912.758;-48.711.998
07/04/2024;17:10:00;DUQUE DE CAXIAS;Ultrapassagem Indevida;Colisão lateral mesmo sentido;Com Vítimas Feridas;Pleno dia;Decrescente;Nublado;Múltipla;Reta;-2.279.907.687;-4.329.015.739
07/04/2024;21:00:00;ATIBAIA;Manobra de mudança de faixa;Queda de ocupante de veículo;Com Vítimas Feridas;Plena Noite;Decrescente;Céu Claro;Dupla;Reta;-230.728.028;-4.656.673.562
07/04/2024;19:47:00;SANTO ANTONIO DE LISBOA;Pista esburacada;Tombamento;Com Vítimas Feridas;Plena Noite;Decrescente;Céu Claro;Simples;Reta;-711.059.459;-4.123.604.807
07/04/2024;22:27:00;CURITIBANOS;Conversão proibida;Colisão frontal;Com Vítimas Fatais;Plena Noite;Crescente;Nublado;Simples;Reta;-2.731.297.558;-5.055.817.008
08/04/2024;00:15:00;CEARA-MIRIM;Animais na Pista;Atropelamento de Animal;Com Vítimas Feridas;Plena Noite;Decrescente;Chuva;Simples;"Aclive;Reta";-564.816.875;-3.549.487.003
07/04/2024;19:45:00;BALSAS;Deficiência do Sistema de Iluminação/Sinalização;Colisão traseira;Com Vítimas Feridas;Plena Noite;Crescente;Céu Claro;Simples;Reta;-741.720.515;-4.599.525.969
08/04/2024;00:30:00;SANTA RITA;Acumulo de água sobre o pavimento;Saída de leito carroçável;Com Vítimas Feridas;Plena Noite;Crescente;Chuva;Dupla;Reta;-706.071.589;-3.501.964.495
08/04/2024;00:23:00;SANTO ANTONIO DO AMPARO;Animais na Pista;Atropelamento de Animal;Com Vítimas Feridas;Plena Noite;Crescente;Céu Claro;Dupla;"Aclive;Curva";-2.099.437.964;-4.496.041.633
08/04/2024;01:15:00;CAMPINA GRANDE DO SUL;Velocidade Incompatível;Colisão com objeto;Com Vítimas Feridas;Plena Noite;Crescente;Nevoeiro/Neblina;Múltipla;Curva;-2.509.706.813;-4.865.517.895
07/04/2024;23:20:00;GOVERNADOR EDISON LOBAO;Manobra de mudança de faixa;Colisão transversal;Com Vítimas Feridas;Pleno dia;Decrescente;Nublado;Simples;Reta;-5.663.064;-47.384.014
08/04/2024;04:45:00;VIRMOND;Velocidade Incompatível;Saída de leito carroçável;Com Vítimas Feridas;Plena Noite;Decrescente;Chuva;Simples;"Declive;Curva";-2.537.416;-5.221.886
08/04/2024;05:15:00;CORONEL FABRICIANO;Animais na Pista;Atropelamento de Animal;Com Vítimas Fatais;Amanhecer;Decrescente;Céu Claro;Simples;"Aclive;Reta";-19.525.764;-42.664.117
08/04/2024;05:45:00;PARACATU;Animais na Pista;Atropelamento de Animal;Com Vítimas Feridas;Amanhecer;Crescente;Céu Claro;Simples;"Reta;Declive";-1.733.582.003;-4.675.816.707
08/04/2024;07:30:00;SAO JOSE;Chuva;Tombamento;Com Vítimas Feridas;Pleno dia;Crescente;Chuva;Simples;Curva;-2.754.836.599;-4.861.977.975
08/04/2024;07:30:00;SAO LUIZ GONZAGA;Desrespeitar a preferência no cruzamento;Colisão transversal;Com Vítimas Feridas;Pleno dia;Decrescente;Nublado;Simples;Interseção de Vias;-284.172;-549.384
08/04/2024;07:40:00;POUSO ALEGRE;Velocidade Incompatível;Colisão traseira;Com Vítimas Feridas;Pleno dia;Crescente;Nublado;Simples;Curva;-2.224.144.982;-4.588.284.601
08/04/2024;08:00:00;BIGUACU;Frear bruscamente;Capotamento;Com Vítimas Feridas;Pleno dia;Crescente;Nublado;Dupla;Curva;-2.747.730.273;-4.864.127.329
07/03/2024;13:31:00;UBERABA;Velocidade Incompatível;Tombamento;Com Vítimas Feridas;Pleno dia;Decrescente;Chuva;Dupla;Reta;-1.926.611.991;-4.812.839.379
08/04/2024;07:18:00;SAO LUIS;Ultrapassagem Indevida;Colisão transversal;Com Vítimas Feridas;Pleno dia;Decrescente;Chuva;Simples;Reta;-253.073;-443.068
02/04/2024;07:30:00;ABREU E LIMA;Velocidade Incompatível;Colisão traseira;Com Vítimas Feridas;Pleno dia;Crescente;Sol;Múltipla;Reta;-789.174.705;-349.033.493
16/03/2024;01:23:00;TRINDADE;Estacionar ou parar em local proibido;Colisão traseira;Com Vítimas Feridas;Plena Noite;Decrescente;Céu Claro;Simples;Reta;-772.294.032;-4.031.620.626
08/04/2024;10:00:00;FORMOSA;Conversão proibida;Colisão transversal;Com Vítimas Feridas;Pleno dia;Crescente;Céu Claro;Simples;Reta;-15.490.478;-47.104.832
08/04/2024;07:00:00;SANTA LUCIA;Acumulo de água sobre o pavimento;Saída de leito carroçável;Com Vítimas Feridas;Pleno dia;Decrescente;Chuva;Dupla;"Declive;Curva";-2.539.324.795;-5.357.661.137
08/04/2024;09:50:00;SAO JOAQUIM DE BICAS;Manobra de mudança de faixa;Colisão traseira;Com Vítimas Feridas;Pleno dia;Crescente;Céu Claro;Dupla;Reta;-2.005.560.876;-4.428.554.535
08/04/2024;11:20:00;PARNAMIRIM;Ultrapassagem Indevida;Colisão lateral mesmo sentido;Com Vítimas Feridas;Pleno dia;Decrescente;Céu Claro;Dupla;Rotatória;-589.118.906;-3.525.886.595
08/04/2024;13:30:00;VILHENA;Conversão proibida;Colisão frontal;Com Vítimas Feridas;Pleno dia;Crescente;Céu Claro;Simples;Reta;-1.273.306.632;-6.012.981.255
08/04/2024;13:00:00;MORRETES;Chuva;Tombamento;Com Vítimas Feridas;Pleno dia;Crescente;Chuva;Dupla;"Curva;Aclive";-2.556.717;-48.810.998
08/04/2024;13:20:00;AMELIA RODRIGUES;Velocidade Incompatível;Saída de leito carroçável;Com Vítimas Feridas;Pleno dia;Decrescente;Nublado;Dupla;Reta;-1.248.716.788;-3.866.087.791
08/04/2024;14:00:00;PORTO AMAZONAS;Chuva;Saída de leito carroçável;Com Vítimas Fatais;Pleno dia;Crescente;Chuva;Simples;Curva;-2.547.289;-49.895.964
08/04/2024;11:40:00;CAMPINA GRANDE DO SUL;Velocidade Incompatível;Colisão com objeto;Sem Vítimas;Pleno dia;Crescente;Chuva;Simples;Curva;-2.510.057.871;-4.881.128.876
08/04/2024;12:00:00;ITABORAI;Conversão proibida;Colisão transversal;Com Vítimas Feridas;Pleno dia;Decrescente;Céu Claro;Simples;Reta;-2.276.969.204;-4.292.259.693
30/03/2024;16:30:00;SERRA TALHADA;Modificação proibida;Colisão lateral mesmo sentido;Com Vítimas Feridas;Pleno dia;Decrescente;Céu Claro;Simples;Reta;-801.192.014;-3.823.408.003
08/04/2024;15:20:00;CAJATI;Desrespeitar a preferência no cruzamento;Colisão transversal;Com Vítimas Feridas;Pleno dia;Decrescente;Nublado;Simples;Interseção de Vias;-2.473.034.183;-4.810.760.707
08/04/2024;11:30:00;TIBAGI;Chuva;Saída de leito carroçável;Com Vítimas Feridas;Pleno dia;Crescente;Chuva;Dupla;Curva;-2.485.445.193;-5.046.069.175
08/04/2024;13:30:00;JATI;Pista esburacada;Saída de leito carroçável;Com Vítimas Feridas;Pleno dia;Crescente;Sol;Simples;Reta;-764.286;-3.902.366
08/04/2024;16:40:00;SAO SEBASTIAO DO PASSE;Manobra de mudança de faixa;Colisão lateral mesmo sentido;Com Vítimas Feridas;Pleno dia;Decrescente;Nublado;Dupla;Reta;-12.560.593;-38.561.337
08/04/2024;15:45:00;TIBAGI;Velocidade Incompatível;Saída de leito carroçável;Com Vítimas Feridas;Pleno dia;Decrescente;Chuva;Dupla;"Curva;Declive";-2.478.735.215;-5.050.694.358
08/04/2024;19:00:00;UBERLANDIA;Deficiência do Sistema de Iluminação/Sinalização;Colisão traseira;Com Vítimas Feridas;Plena Noite;Crescente;Céu Claro;Dupla;Reta;-1.888.680.604;-4.861.512.899
08/04/2024;18:45:00;DELTA;Afundamento ou ondulação no pavimento;Tombamento;Com Vítimas Feridas;Plena Noite;Crescente;Céu Claro;Dupla;Reta;-1.992.627.147;-4.782.191.068
08/04/2024;19:25:00;BELA VISTA DO MARANHAO;Ultrapassagem Indevida;Colisão transversal;Sem Vítimas;Plena Noite;Decrescente;Céu Claro;Simples;Reta;-3.747.769;-452.397
08/04/2024;19:30:00;MARECHAL FLORIANO;Deficiência do Sistema de Iluminação/Sinalização;Colisão traseira;Com Vítimas Feridas;Plena Noite;Crescente;Céu Claro;Simples;Reta;-2.038.908.904;-4.066.911.594
08/04/2024;20:15:00;NITEROI;Manobra de mudança de faixa;Tombamento;Com Vítimas Feridas;Plena Noite;Decrescente;Céu Claro;Múltipla;Reta;-2.285.411.774;-431.018.014
08/04/2024;19:55:00;MORRINHOS;Deficiência do Sistema de Iluminação/Sinalização;Colisão traseira;Com Vítimas Feridas;Plena Noite;Crescente;Céu Claro;Dupla;"Reta;Aclive";-177.483;-491.598
08/04/2024;14:20:00;VILHENA;Animais na Pista;Tombamento;Com Vítimas Feridas;Pleno dia;Decrescente;Chuva;Simples;Reta;-1.251.426.506;-6.043.548.101
08/04/2024;21:00:00;SIMOES FILHO;Pista esburacada;Tombamento;Com Vítimas Feridas;Plena Noite;Decrescente;Nublado;Dupla;Reta;-1.283.798.396;-3.841.427.011
08/04/2024;22:00:00;CONSELHEIRO LAFAIETE;Ultrapassagem Indevida;Colisão lateral mesmo sentido;Com Vítimas Feridas;Plena Noite;Decrescente;Nublado;Simples;Reta;-2.067.187.162;-4.379.876.029
08/04/2024;21:20:00;PORTO SEGURO;Animais na Pista;Atropelamento de Animal;Com Vítimas Feridas;Plena Noite;Decrescente;Céu Claro;Simples;Reta;-163.959.773;-391.933.471
09/04/2024;05:40:00;SAO JOSE DA VITORIA;Demais falhas na via;Saída de leito carroçável;Com Vítimas Feridas;Amanhecer;Decrescente;Garoa/Chuvisco;Simples;"Declive;Curva";-1.515.775.202;-3.941.074.199
09/04/2024;06:20:00;ERECHIM;Velocidade Incompatível;Saída de leito carroçável;Com Vítimas Feridas;Amanhecer;Decrescente;Nevoeiro/Neblina;Simples;Reta;-2.766.693.813;-5.229.069.167
09/04/2024;07:00:00;SAO PAULO;Manobra de mudança de faixa;Colisão lateral mesmo sentido;Com Vítimas Feridas;Pleno dia;Crescente;Sol;Múltipla;"Reta;Aclive";-2.350.343.484;-4.656.638.712
09/04/2024;07:50:00;FORTALEZA;Manobra de mudança de faixa;Colisão lateral mesmo sentido;Com Vítimas Feridas;Pleno dia;Decrescente;Céu Claro;Múltipla;Reta;-3.737.804;-38.578.061
09/04/2024;03:00:00;GUAJARA-MIRIM;Animais na Pista;Atropelamento de Animal;Com Vítimas Feridas;Plena Noite;Decrescente;Céu Claro;Simples;Reta;-10.558.484;-65.326.225
04/03/2024;13:49:00;DOM EXPEDITO LOPES;Desrespeitar a preferência no cruzamento;Colisão transversal;Com Vítimas Feridas;Pleno dia;Crescente;Nublado;Simples;Curva;-694.059.185;-4.174.286.485
09/04/2024;08:50:00;IMBITUBA;Ultrapassagem Indevida;Colisão lateral mesmo sentido;Com Vítimas Feridas;Pleno dia;Decrescente;Céu Claro;Simples;Interseção de Vias;-2.816.036.254;-4.869.297.266
09/04/2024;09:00:00;TUBARAO;Desrespeitar a preferência no cruzamento;Colisão transversal;Sem Vítimas;Pleno dia;Decrescente;Céu Claro;Múltipla;"Rotatória;Interseção de Vias";-2.846.016.431;-4.898.968.873
09/04/2024;09:39:00;NATAL;Manobra de mudança de faixa;Colisão traseira;Com Vítimas Feridas;Pleno dia;Decrescente;Céu Claro;Dupla;Reta;-57.710.445;-3.526.616.981
09/04/2024;08:50:00;DUQUE DE CAXIAS;Manobra de mudança de faixa;Colisão lateral mesmo sentido;Com Vítimas Feridas;Pleno dia;Crescente;Céu Claro;Múltipla;Curva;-2.278.185.499;-4.328.571.273
09/04/2024;10:54:00;MACAIBA;Manobra de mudança de faixa;Colisão frontal;Com Vítimas Feridas;Pleno dia;Decrescente;Céu Claro;Simples;"Desvio Temporário;Em Obras;Reta";-586.484.905;-3.534.931.012
09/04/2024;12:00:00;CURITIBA;Manobra de mudança de faixa;Colisão traseira;Com Vítimas Feridas;Pleno dia;Crescente;Nublado;Dupla;Reta;-2.558.861;-4.931.489
09/04/2024;12:30:00;BETIM;Velocidade Incompatível;Colisão traseira;Com Vítimas Feridas;Pleno dia;Decrescente;Céu Claro;Múltipla;"Reta;Declive";-1.995.753.704;-4.412.328.243
09/04/2024;12:45:00;GUAIBA;Manobra de mudança de faixa;Colisão lateral mesmo sentido;Com Vítimas Feridas;Pleno dia;Crescente;Céu Claro;Dupla;Reta;-3.010.644.302;-5.134.381.389
09/04/2024;11:45:00;CACOAL;Desrespeitar a preferência no cruzamento;Colisão transversal;Com Vítimas Feridas;Pleno dia;Decrescente;Céu Claro;Simples;Reta;-1.144.341.056;-6.144.672.787
28/02/2024;14:16:00;PALMAS;Manobra de mudança de faixa;Colisão traseira;Sem Vítimas;Pleno dia;Decrescente;Céu Claro;Dupla;Declive;-1.018.953.902;-4.817.153.202
09/04/2024;12:30:00;MACAE;Pista Escorregadia;Queda de ocupante de veículo;Com Vítimas Feridas;Pleno dia;Crescente;Céu Claro;Simples;Curva;-2.221.328.005;-4.175.426.573
09/04/2024;13:00:00;PETROPOLIS;Velocidade Incompatível;Tombamento;Com Vítimas Feridas;Pleno dia;Decrescente;Céu Claro;Dupla;Reta;-2.239.450.315;-4.313.468.983
09/04/2024;14:00:00;CONCORDIA;Ultrapassagem Indevida;Colisão frontal;Com Vítimas Feridas;Pleno dia;Crescente;Céu Claro;Simples;"Aclive;Reta";-27.200.716;-51.940.483
09/04/2024;11:30:00;NOVA IGUACU;Conversão proibida;Colisão transversal;Com Vítimas Feridas;Pleno dia;Decrescente;Nublado;Simples;Reta;-22.854.782;-43.601.933
09/04/2024;15:40:00;CABO VERDE;Velocidade Incompatível;Saída de leito carroçável;Com Vítimas Feridas;Pleno dia;Decrescente;Chuva;Simples;"Declive;Curva";-21.533.399;-46.404.902
09/04/2024;15:20:00;MIRACATU;Estacionar ou parar em local proibido;Incêndio;Sem Vítimas;Pleno dia;Decrescente;Céu Claro;Dupla;Reta;-243.250.391;-4.755.598.398
09/04/2024;17:07:00;MOSSORO;Manobra de mudança de faixa;Colisão lateral mesmo sentido;Com Vítimas Feridas;Pleno dia;Decrescente;Céu Claro;Dupla;Reta;-521.645.975;-3.732.927.128
09/04/2024;16:40:00;LINHARES;Acumulo de areia ou detritos sobre o pavimento;Tombamento;Com Vítimas Feridas;Pleno dia;Crescente;Céu Claro;Dupla;Reta;-1.934.286.596;-400.638.568
09/04/2024;14:55:00;RIO NEGRINHO;Conversão proibida;Colisão transversal;Com Vítimas Feridas;Pleno dia;Crescente;Sol;Simples;Reta;-2.624.586.437;-4.952.284.615
09/04/2024;18:30:00;GUARULHOS;Ausência de sinalização;Capotamento;Com Vítimas Feridas;Plena Noite;Decrescente;Céu Claro;Múltipla;Reta;-2.347.093.408;-4.651.631.097
09/04/2024;19:25:00;BRASILIA;Acumulo de água sobre o pavimento;Queda de ocupante de veículo;Com Vítimas Feridas;Plena Noite;Decrescente;Nublado;Simples;Reta;-1.573.092.049;-4.818.158.269
09/04/2024;19:10:00;CONSELHEIRO LAFAIETE;Desrespeitar a preferência no cruzamento;Colisão transversal;Com Vítimas Feridas;Plena Noite;Crescente;Céu Claro;Simples;Retorno Regulamentado;-2.068.851.982;-4.379.070.997
09/04/2024;18:35:00;CEREJEIRAS;Animais na Pista;Atropelamento de Animal;Com Vítimas Feridas;Anoitecer;Crescente;Nublado;Simples;Reta;-1.318.559.264;-6.078.330.497
09/04/2024;18:20:00;TERESINA;Chuva;Queda de ocupante de veículo;Com Vítimas Feridas;Plena Noite;Decrescente;Garoa/Chuvisco;Dupla;Reta;-517.381.686;-4.276.624.952
09/04/2024;19:50:00;PATOS;Acesso irregular;Colisão frontal;Com Vítimas Feridas;Plena Noite;Decrescente;Céu Claro;Simples;Reta;-703.208.047;-3.729.365.088
09/04/2024;22:10:00;SAO CRISTOVAO;Manobra de mudança de faixa;Colisão lateral mesmo sentido;Sem Vítimas;Anoitecer;Crescente;Céu Claro;Dupla;Reta;-1.096.046.958;-3.725.352.078
09/04/2024;19:25:00;ITABAIANA;Animais na Pista;Tombamento;Com Vítimas Feridas;Plena Noite;Crescente;Céu Claro;Simples;Reta;-10.693.279;-37.437.557
10/04/2024;05:30:00;GUARAMIRIM;Velocidade Incompatível;Colisão com objeto;Com Vítimas Feridas;Amanhecer;Crescente;Nublado;Simples;"Em Obras;Desvio Temporário;Curva";-264.619.489;-4.894.618.404
10/04/2024;06:50:00;JOAO PESSOA;Pista Escorregadia;Tombamento;Com Vítimas Feridas;Pleno dia;Decrescente;Céu Claro;Dupla;Interseção de Vias;-716.470.016;-3.489.993.643
10/04/2024;06:54:00;RECIFE;Manobra de mudança de faixa;Colisão lateral mesmo sentido;Com Vítimas Feridas;Pleno dia;Decrescente;Céu Claro;Múltipla;Curva;-806.776.119;-3.494.265.074
09/04/2024;17:00:00;CURITIBA;Pista Escorregadia;Tombamento;Com Vítimas Feridas;Pleno dia;Crescente;Céu Claro;Simples;Interseção de Vias;-25.481.558;-49.194.872
10/04/2024;06:42:00;CURITIBA;Manobra de mudança de faixa;Colisão traseira;Com Vítimas Feridas;Pleno dia;Decrescente;Nublado;Dupla;"Reta;Aclive";-2.548.479.613;-4.934.730.331
09/04/2024;18:40:00;CAMPOS DE JULIO;Ultrapassagem Indevida;Colisão frontal;Com Vítimas Fatais;Plena Noite;Decrescente;Chuva;Simples;Reta;-137.734.329;-5.931.328.909
10/04/2024;07:30:00;SAO LOURENCO DA SERRA;Manobra de mudança de faixa;Colisão lateral mesmo sentido;Com Vítimas Feridas;Pleno dia;Decrescente;Céu Claro;Dupla;Curva;-2.391.054.997;-4.699.149.375
10/04/2024;07:00:00;SORRISO;Ultrapassagem Indevida;Colisão lateral sentido oposto;Com Vítimas Feridas;Pleno dia;Crescente;Céu Claro;Simples;"Aclive;Reta";-126.297.646;-5.577.373.624
10/04/2024;08:35:00;RECIFE;Frear bruscamente;Colisão traseira;Sem Vítimas;Pleno dia;Decrescente;Sol;Múltipla;Reta;-8.031.108;-34.942.498
10/04/2024;07:45:00;IRACEMINHA;Pista esburacada;Queda de ocupante de veículo;Com Vítimas Feridas;Pleno dia;Decrescente;Céu Claro;Simples;Reta;-26.811.321;-53.362.316
07/03/2024;19:14:00;BETIM;Manobra de mudança de faixa;Colisão lateral mesmo sentido;Com Vítimas Feridas;Plena Noite;Crescente;Céu Claro;Dupla;"Declive;Curva";-19.955.532;-44.097.209
10/04/2024;11:30:00;SORRISO;Chuva;Saída de leito carroçável;Com Vítimas Feridas;Pleno dia;Decrescente;Chuva;Simples;Reta;-12.75;-55.833
08/03/2024;18:20:00;CAROLINA;Velocidade Incompatível;Colisão traseira;Com Vítimas Feridas;Plena Noite;Crescente;Céu Claro;Simples;"Declive;Reta";-720.054;-47.425.835
10/04/2024;15:10:00;BRASILIA;Chuva;Saída de leito carroçável;Sem Vítimas;Pleno dia;Decrescente;Chuva;Dupla;"Curva;Declive;Retorno Regulamentado";-15.665.888;-47.808.308
10/04/2024;08:40:00;MAIRIPORA;Manobra de mudança de faixa;Colisão traseira;Com Vítimas Feridas;Pleno dia;Decrescente;Céu Claro;Múltipla;"Declive;Curva";-2.334.043.796;-4.657.433.588