data_inversa;horario;municipio;causa_acidente;tipo_acidente;classificacao_acidente;fase_dia;sentido_via;condicao_metereologica;tipo_pista;tracado_via;latitude;longitude
10/04/2024;10:15:00;SAO GONCALO;Manobra de mudança de faixa;Colisão traseira;Com Vítimas Feridas;Pleno dia;Crescente;Céu Claro;Simples;Reta;-2.279.498.873;-4.303.446.105
10/04/2024;12:20:00;ITAGUARA;Desrespeitar a preferência no cruzamento;Colisão transversal;Com Vítimas Feridas;Pleno dia;Decrescente;Céu Claro;Simples;Interseção de Vias;-20.395.748;-44.503.624
10/04/2024;15:00:00;CAXIAS;Pista Escorregadia;Capotamento;Com Vítimas Feridas;Pleno dia;Crescente;Chuva;Simples;Reta;-527.183.219;-4.364.882.691
13/03/2024;20:20:00;GOVERNADOR VALADARES;Pista esburacada;Tombamento;Com Vítimas Feridas;Plena Noite;Crescente;Céu Claro;Simples;"Interseção de Vias;Reta";-1.890.941.267;-4.194.183.111
10/04/2024;19:30:00;BLUMENAU;Acostamento em desnível;Tombamento;Com Vítimas Feridas;Plena Noite;Decrescente;Céu Claro;Simples;"Reta;Em Obras";-26.880.428;-49.136.532
10/04/2024;19:30:00;ERECHIM;Desrespeitar a preferência no cruzamento;Colisão transversal;Com Vítimas Feridas;Plena Noite;Decrescente;Céu Claro;Simples;Rotatória;-2.764.530.366;-5.224.998.023
10/04/2024;19:30:00;TANGUA;Manobra de mudança de faixa;Colisão lateral mesmo sentido;Com Vítimas Feridas;Plena Noite;Crescente;Céu Claro;Dupla;Reta;-2.272.935.968;-4.270.112.512
10/04/2024;20:30:00;ANAPOLIS;Chuva;Saída de leito carroçável;Com Vítimas Feridas;Plena Noite;Crescente;Chuva;Dupla;Reta;-163.136;-488.366
10/04/2024;17:40:00;CRUZEIRO;Curva acentuada;Saída de leito carroçável;Com Vítimas Feridas;Anoitecer;Crescente;Nublado;Dupla;"Viaduto;Curva;Ponte;Interseção de Vias";-2.265.107.453;-4.495.731.547
10/04/2024;23:00:00;ARAPONGAS;Acesso irregular;Colisão transversal;Com Vítimas Feridas;Plena Noite;Decrescente;Céu Claro;Simples;Reta;-2.340.790.162;-5.142.802.656
10/04/2024;23:10:00;MOSSORO;Animais na Pista;Atropelamento de Animal;Com Vítimas Feridas;Plena Noite;Crescente;Céu Claro;Dupla;Reta;-515.255.798;-3.734.873.808
10/04/2024;20:20:00;JACAREZINHO;Frear bruscamente;Queda de ocupante de veículo;Com Vítimas Feridas;Plena Noite;Decrescente;Céu Claro;Simples;Reta;-2.304.202.092;-4.992.476.412
10/04/2024;23:10:00;BARRA VELHA;Velocidade Incompatível;Saída de leito carroçável;Com Vítimas Feridas;Plena Noite;Decrescente;Céu Claro;Dupla;Reta;-2.666.148.503;-4.868.866.176
11/04/2024;00:24:00;VARZEA GRANDE;Chuva;Saída de leito carroçável;Com Vítimas Feridas;Plena Noite;Crescente;Garoa/Chuvisco;Simples;Reta;-1.549.417.155;-5.627.739.364
11/04/2024;03:50:00;TEIXEIRA DE FREITAS;Velocidade Incompatível;Tombamento;Com Vítimas Fatais;Plena Noite;Decrescente;Céu Claro;Simples;Curva;-1.760.125.828;-3.974.868.393
11/04/2024;05:40:00;ANAPOLIS;Chuva;Tombamento;Com Vítimas Feridas;Amanhecer;Crescente;Garoa/Chuvisco;Dupla;Reta;-16.283.987;-48.951.763
11/04/2024;07:10:00;BRASILIA;Manobra de mudança de faixa;Colisão traseira;Com Vítimas Feridas;Pleno dia;Decrescente;Céu Claro;Dupla;Reta;-16.020.903;-47.980.541
11/04/2024;06:00:00;JARU;Pista esburacada;Queda de ocupante de veículo;Com Vítimas Feridas;Amanhecer;Decrescente;Céu Claro;Simples;Reta;-104.597.532;-624.558.043
11/04/2024;06:55:00;JOACABA;Velocidade Incompatível;Saída de leito carroçável;Com Vítimas Feridas;Pleno dia;Crescente;Chuva;Simples;Curva;-27.131.617;-5.162.781
11/04/2024;08:00:00;SAO JOSE DOS CAMPOS;Manobra de mudança de faixa;Colisão lateral mesmo sentido;Com Vítimas Feridas;Pleno dia;Crescente;Sol;Múltipla;Reta;-231.869.844;-458.548.078
11/04/2024;08:10:00;SAO JOSE;Manobra de mudança de faixa;Colisão lateral mesmo sentido;Com Vítimas Feridas;Pleno dia;Decrescente;Nublado;Múltipla;"Reta;Retorno Regulamentado";-27.592.646;-48.604.034
11/04/2024;07:55:00;SANTA RITA DE MINAS;Velocidade Incompatível;Saída de leito carroçável;Com Vítimas Feridas;Pleno dia;Crescente;Céu Claro;Simples;Curva;-1.988.240.027;-4.213.242.591
11/04/2024;08:10:00;SEROPEDICA;Ultrapassagem Indevida;Tombamento;Com Vítimas Feridas;Pleno dia;Crescente;Sol;Simples;Reta;-22.784.172;-43.656.998
14/02/2024;18:40:00;VIANA;Ausência de sinalização;Colisão com objeto;Sem Vítimas;Plena Noite;Crescente;Céu Claro;Dupla;Reta;-203.800.645;-4.045.431.391
11/04/2024;09:30:00;ROSARIO DO CATETE;Desrespeitar a preferência no cruzamento;Colisão transversal;Sem Vítimas;Pleno dia;Decrescente;Nublado;Simples;Reta;-10.659.681;-3.702.849
26/02/2024;10:40:00;COCALZINHO DE GOIAS;Manobra de mudança de faixa;Colisão traseira;Com Vítimas Feridas;Pleno dia;Crescente;Céu Claro;Simples;"Reta;Declive";-1.575.845.891;-4.868.892.482
11/04/2024;09:40:00;SAO LUIS;Manobra de mudança de faixa;Colisão lateral mesmo sentido;Com Vítimas Feridas;Pleno dia;Decrescente;Céu Claro;Dupla;Reta;-259.806.699;-4.424.573.511
11/04/2024;11:16:00;JACIARA;Acumulo de água sobre o pavimento;Saída de leito carroçável;Com Vítimas Fatais;Pleno dia;Decrescente;Chuva;Dupla;Reta;-1.582.596.627;-551.950.521
11/04/2024;13:00:00;BRASILIA;Velocidade Incompatível;Saída de leito carroçável;Com Vítimas Feridas;Pleno dia;Crescente;Chuva;Dupla;Reta;-15.621.374;-4.771.698
11/04/2024;14:05:00;REGISTRO;Demais falhas na via;Eventos atípicos;Sem Vítimas;Pleno dia;Crescente;Céu Claro;Dupla;Reta;-2.454.542.792;-4.786.180.224
11/04/2024;14:50:00;RIACHAO DO BACAMARTE;Velocidade Incompatível;Colisão com objeto;Com Vítimas Feridas;Pleno dia;Crescente;Nublado;Simples;"Aclive;Curva";-7.253.204;-35.688.195
11/04/2024;16:00:00;FLORIANOPOLIS;Manobra de mudança de faixa;Colisão lateral mesmo sentido;Com Vítimas Feridas;Pleno dia;Crescente;Nublado;Múltipla;Reta;-27.592.646;-48.604.034
11/04/2024;13:45:00;JARU;Estacionar ou parar em local proibido;Colisão traseira;Com Vítimas Feridas;Pleno dia;Decrescente;Céu Claro;Simples;"Declive;Reta";-1.043.909.235;-6.247.016.522
11/04/2024;14:00:00;CACERES;Chuva;Saída de leito carroçável;Com Vítimas Fatais;Pleno dia;Crescente;Chuva;Simples;Reta;-1.606.162.661;-5.727.013.176
11/04/2024;18:40:00;RESENDE;Acesso irregular;Atropelamento de Pedestre;Com Vítimas Fatais;Plena Noite;Decrescente;Nublado;Dupla;Reta;-2.245.573.779;-4.439.454.802
11/04/2024;18:25:00;GOIANIA;Ultrapassagem Indevida;Colisão traseira;Com Vítimas Feridas;Plena Noite;Crescente;Nublado;Dupla;Reta;-16.711.542;-49.355.647
11/04/2024;13:30:00;COLORADO DO OESTE;Pista esburacada;Queda de ocupante de veículo;Com Vítimas Feridas;Pleno dia;Crescente;Céu Claro;Simples;Reta;-1.319.112.095;-60.669.045
11/04/2024;18:40:00;ARAUCARIA;Manobra de mudança de faixa;Colisão lateral mesmo sentido;Com Vítimas Feridas;Anoitecer;Crescente;Céu Claro;Dupla;Reta;-2.555.590.309;-4.934.329.569
11/04/2024;19:28:00;MACAPA;Chuva;Colisão traseira;Sem Vítimas;Plena Noite;Crescente;Chuva;Dupla;Reta;0.07816717;-5.106.998.693
11/04/2024;19:20:00;MORRINHOS;Velocidade Incompatível;Saída de leito carroçável;Com Vítimas Feridas;Plena Noite;Crescente;Chuva;Dupla;Reta;-175.271;-492.152
11/04/2024;20:10:00;SANTA RITA;Acesso irregular;Colisão transversal;Com Vítimas Fatais;Plena Noite;Crescente;Céu Claro;Dupla;Reta;-693.821.564;-3.509.935.736
23/02/2024;07:30:00;SAO JOSE;Manobra de mudança de faixa;Queda de ocupante de veículo;Com Vítimas Feridas;Pleno dia;Crescente;Ignorado;Múltipla;Reta;-2.758.313.237;-4.861.532.885
11/04/2024;22:02:00;JOAO PESSOA;Frear bruscamente;Tombamento;Com Vítimas Feridas;Plena Noite;Crescente;Céu Claro;Dupla;Reta;-71.651;-348.941
24/02/2024;07:30:00;DUQUE DE CAXIAS;Manobra de mudança de faixa;Tombamento;Com Vítimas Feridas;Pleno dia;Crescente;Nublado;Múltipla;Reta;-2.279.907.687;-4.329.015.739
11/04/2024;22:15:00;TOLEDO;Manobra de mudança de faixa;Colisão traseira;Sem Vítimas;Plena Noite;Crescente;Céu Claro;Dupla;Reta;-24.717.822;-53.711.597
11/04/2024;18:40:00;CAMPOS ALTOS;Velocidade Incompatível;Saída de leito carroçável;Com Vítimas Feridas;Anoitecer;Decrescente;Céu Claro;Simples;Interseção de Vias;-1.966.593.786;-4.614.284.708
11/04/2024;21:15:00;GARIBALDI;Conversão proibida;Colisão frontal;Com Vítimas Feridas;Plena Noite;Decrescente;Garoa/Chuvisco;Simples;"Interseção de Vias;Reta;Declive";-2.923.595.714;-5.151.696.682
11/04/2024;18:15:00;NITEROI;Manobra de mudança de faixa;Colisão lateral mesmo sentido;Com Vítimas Feridas;Plena Noite;Decrescente;Céu Claro;Dupla;Reta;-22.878.923;-43.110.676
11/04/2024;22:40:00;CANGUARETAMA;Animais na Pista;Atropelamento de Animal;Com Vítimas Feridas;Plena Noite;Decrescente;Nublado;Dupla;Reta;-636.312.911;-3.515.714.218
12/04/2024;00:10:00;TIO HUGO;Velocidade Incompatível;Saída de leito carroçável;Com Vítimas Feridas;Plena Noite;Crescente;Garoa/Chuvisco;Simples;Curva;-28.610.207;-52.607.746
12/04/2024;05:10:00;TRES MARIAS;Animais na Pista;Atropelamento de Animal;Sem Vítimas;Amanhecer;Crescente;Céu Claro;Simples;Reta;-1.852.616.436;-4.505.783.129
12/04/2024;05:20:00;FLORES DE GOIAS;Animais na Pista;Atropelamento de Animal;Sem Vítimas;Amanhecer;Decrescente;Nublado;Simples;Reta;-14.877.173;-46.844.711
12/04/2024;07:00:00;EUSEBIO;Frear bruscamente;Tombamento;Com Vítimas Feridas;Pleno dia;Decrescente;Nublado;Dupla;Reta;-391.384.397;-3.850.667.231
12/04/2024;04:50:00;CACOAL;Frear bruscamente;Tombamento;Com Vítimas Feridas;Amanhecer;Crescente;Nublado;Simples;"Reta;Declive";-11.440.137;-61.477.843
12/04/2024;07:10:00;BALNEARIO CAMBORIU;Manobra de mudança de faixa;Colisão traseira;Com Vítimas Feridas;Pleno dia;Decrescente;Garoa/Chuvisco;Simples;Reta;-2.703.881.189;-4.860.025.148
12/04/2024;07:10:00;JACAREI;Ultrapassagem Indevida;Colisão lateral mesmo sentido;Com Vítimas Feridas;Pleno dia;Decrescente;Céu Claro;Múltipla;Reta;-2.327.617.003;-4.597.592.098
12/04/2024;05:00:00;PRUDENTOPOLIS;Velocidade Incompatível;Capotamento;Com Vítimas Feridas;Amanhecer;Crescente;Nublado;Simples;Curva;-2.531.539.475;-5.105.956.598
12/04/2024;07:00:00;CAMPOS DOS GOYTACAZES;Velocidade Incompatível;Capotamento;Com Vítimas Feridas;Pleno dia;Decrescente;Garoa/Chuvisco;Dupla;Curva;-2.183.354.897;-4.150.191.804
12/04/2024;08:30:00;PORTO VELHO;Manobra de mudança de faixa;Colisão lateral mesmo sentido;Com Vítimas Feridas;Pleno dia;Crescente;Céu Claro;Dupla;Interseção de Vias;-877.331.583;-6.387.969.248
12/04/2024;08:15:00;PORTO VELHO;Frear bruscamente;Queda de ocupante de veículo;Com Vítimas Feridas;Pleno dia;Decrescente;Céu Claro;Dupla;"Aclive;Reta";-880.021.523;-6.379.557.792
31/03/2024;10:50:00;VARGEM;Falta de elemento de contenção que evite a saída do leito carroçável;Saída de leito carroçável;Com Vítimas Feridas;Pleno dia;Crescente;Céu Claro;Dupla;Reta;-228.826.217;-4.640.779.515
12/04/2024;10:20:00;CONDE;Acumulo de água sobre o pavimento;Colisão com objeto;Sem Vítimas;Pleno dia;Decrescente;Chuva;Dupla;Reta;-723.846.306;-349.268.519
12/04/2024;10:30:00;CURITIBA;Afundamento ou ondulação no pavimento;Colisão com objeto;Com Vítimas Feridas;Pleno dia;Decrescente;Sol;Dupla;Curva;-2.553.777.549;-4.931.221.962
12/04/2024;10:19:00;PICOS;Manobra de mudança de faixa;Colisão lateral mesmo sentido;Com Vítimas Feridas;Pleno dia;Decrescente;Sol;Simples;Reta;-7.076.331;-4.146.596
12/04/2024;12:15:00;BARREIRAS;Ultrapassagem Indevida;Colisão frontal;Com Vítimas Fatais;Pleno dia;Crescente;Céu Claro;Simples;Reta;-1.214.194.722;-4.474.016.368
30/03/2024;22:00:00;CACHOEIRA ALTA;Velocidade Incompatível;Saída de leito carroçável;Com Vítimas Feridas;Pleno dia;Decrescente;Nublado;Simples;Reta;-1.867.812;-50.983.044
12/04/2024;11:15:00;GUARANTA DO NORTE;Conversão proibida;Colisão transversal;Com Vítimas Feridas;Pleno dia;Crescente;Nublado;Simples;Reta;-9.971.675;-54.905.398
16/02/2024;14:46:00;PAUDALHO;Manobra de mudança de faixa;Colisão frontal;Com Vítimas Feridas;Pleno dia;Decrescente;Céu Claro;Dupla;"Reta;Declive";-7.919.003;-35.162.964
12/04/2024;11:35:00;CUIABA;Manobra de mudança de faixa;Colisão lateral sentido oposto;Com Vítimas Feridas;Pleno dia;Crescente;Céu Claro;Simples;Reta;-1.568.569.395;-5.591.512.398
12/04/2024;10:00:00;POUSO REDONDO;Velocidade Incompatível;Tombamento;Com Vítimas Feridas;Pleno dia;Decrescente;Garoa/Chuvisco;Simples;Curva;-27.281.504;-50.069.775
12/04/2024;13:00:00;GUARULHOS;Manobra de mudança de faixa;Colisão lateral mesmo sentido;Com Vítimas Feridas;Pleno dia;Crescente;Céu Claro;Múltipla;Reta;-234.742.918;-465.234.132
21/02/2024;08:05:00;PARNAMIRIM;Manobra de mudança de faixa;Colisão transversal;Com Vítimas Feridas;Pleno dia;Decrescente;Céu Claro;Dupla;Reta;-5.892.745;-35.257.225
12/04/2024;13:15:00;TUBARAO;Chuva;Capotamento;Com Vítimas Feridas;Pleno dia;Decrescente;Chuva;Dupla;Curva;-28.478.464;-49.032.798
12/04/2024;13:10:00;TIJUCAS;Acumulo de água sobre o pavimento;Saída de leito carroçável;Sem Vítimas;Pleno dia;Decrescente;Chuva;Dupla;Reta;-2.723.461.699;-4.863.039.809
12/04/2024;12:00:00;EUNAPOLIS;Velocidade Incompatível;Saída de leito carroçável;Com Vítimas Feridas;Pleno dia;Crescente;Chuva;Simples;Curva;-1.627.944.332;-3.958.150.864
27/01/2024;07:40:00;FOZ DO IGUACU;Ultrapassagem Indevida;Colisão traseira;Sem Vítimas;Pleno dia;Crescente;Céu Claro;Simples;"Reta;Em Obras";-256.015;-545.021
12/04/2024;15:00:00;PALHOCA;Chuva;Colisão transversal;Com Vítimas Feridas;Pleno dia;Crescente;Chuva;Dupla;Curva;-2.780.376.397;-4.863.826.211
12/04/2024;15:00:00;VITORIA DA CONQUISTA;Desrespeitar a preferência no cruzamento;Colisão transversal;Com Vítimas Feridas;Pleno dia;Crescente;Céu Claro;Simples;"Interseção de Vias;Reta";-14.872.751;-40.871.446
12/04/2024;15:30:00;EMBU DAS ARTES;Manobra de mudança de faixa;Colisão lateral mesmo sentido;Com Vítimas Feridas;Pleno dia;Crescente;Céu Claro;Dupla;Reta;-2.364.791.897;-4.684.337.139
12/04/2024;17:20:00;BIGUACU;Chuva;Colisão com objeto;Com Vítimas Feridas;Pleno dia;Crescente;Nublado;Múltipla;Curva;-274.341.098;-4.862.567.129
12/04/2024;17:40:00;BRASILIA;Manobra de mudança de faixa;Colisão traseira;Com Vítimas Feridas;Pleno dia;Crescente;Nublado;Dupla;"Reta;Declive";-15.616.901;-47.708.927
12/04/2024;07:45:00;ITAGIMIRIM;Animais na Pista;Saída de leito carroçável;Com Vítimas Feridas;Pleno dia;Crescente;Sol;Simples;Reta;-16.070.992;-39.622.347
12/04/2024;17:40:00;JABOATAO DOS GUARARAPES;Manobra de mudança de faixa;Colisão traseira;Com Vítimas Feridas;Plena Noite;Crescente;Céu Claro;Dupla;Retorno Regulamentado;-81.778.378;-3.494.851.828
12/04/2024;17:15:00;CANTA;Acesso irregular;Colisão traseira;Com Vítimas Feridas;Pleno dia;Decrescente;Céu Claro;Dupla;Reta;286.722.075;-6.055.476.773
12/04/2024;18:00:00;CAPAO ALTO;Velocidade Incompatível;Capotamento;Com Vítimas Feridas;Anoitecer;Decrescente;Garoa/Chuvisco;Simples;Reta;-2.791.003.632;-5.044.670.952
12/04/2024;18:50:00;SAO JOSE DOS PINHAIS;Manobra de mudança de faixa;Colisão lateral mesmo sentido;Com Vítimas Feridas;Plena Noite;Decrescente;Nublado;Dupla;Reta;-25.568.939;-49.181.978
12/04/2024;18:10:00;UNIAO DOS PALMARES;Ultrapassagem Indevida;Colisão frontal;Com Vítimas Feridas;Plena Noite;Crescente;Nublado;Simples;Reta;-917.491.283;-3.602.935.415
12/04/2024;18:30:00;BRASILIA;Manobra de mudança de faixa;Colisão lateral mesmo sentido;Com Vítimas Feridas;Anoitecer;Crescente;Chuva;Dupla;Reta;-1.588.507.486;-4.807.031.393
12/04/2024;18:30:00;TEOFILO OTONI;Conversão proibida;Colisão transversal;Sem Vítimas;Plena Noite;Crescente;Céu Claro;Simples;Retorno Regulamentado;-17.859.945;-41.515.144
12/04/2024;16:50:00;SANTANA DA BOA VISTA;Acumulo de água sobre o pavimento;Saída de leito carroçável;Com Vítimas Feridas;Pleno dia;Crescente;Garoa/Chuvisco;Simples;Curva;-3.091.242.801;-5.310.603.527
12/04/2024;18:50:00;PIMENTA BUENO;Ausência de sinalização;Colisão transversal;Com Vítimas Feridas;Plena Noite;Decrescente;Céu Claro;Dupla;Interseção de Vias;-1.167.880.278;-611.878.925
12/04/2024;19:45:00;CANOAS;Velocidade Incompatível;Saída de leito carroçável;Sem Vítimas;Plena Noite;Crescente;Garoa/Chuvisco;Dupla;Viaduto;-29.927.263;-51.217.751
12/04/2024;19:40:00;ANGRA DOS REIS;Acesso irregular;Atropelamento de Pedestre;Com Vítimas Feridas;Plena Noite;Crescente;Céu Claro;Simples;Reta;-2.296.828.891;-4.429.864.663
12/04/2024;20:20:00;FLORIANOPOLIS;Manobra de mudança de faixa;Colisão lateral mesmo sentido;Com Vítimas Feridas;Plena Noite;Crescente;Chuva;Dupla;Reta;-27.600.384;-48.599.705
12/04/2024;20:00:00;CRICIUMA;Acumulo de água sobre o pavimento;Saída de leito carroçável;Com Vítimas Feridas;Plena Noite;Decrescente;Chuva;Dupla;"Reta;Declive";-2.880.761.329;-4.937.570.858
12/04/2024;20:40:00;BELA VISTA;Animais na Pista;Atropelamento de Animal;Com Vítimas Fatais;Plena Noite;Crescente;Nublado;Simples;Reta;-2.188.752.003;-5.633.184.797
12/04/2024;16:45:00;IMBITUBA;Acumulo de água sobre o pavimento;Colisão com objeto;Com Vítimas Feridas;Anoitecer;Crescente;Chuva;Dupla;"Curva;Declive";-2.822.116.606;-4.870.063.047
12/04/2024;06:40:00;TEOFILO OTONI;Desrespeitar a preferência no cruzamento;Colisão transversal;Com Vítimas Feridas;Pleno dia;Decrescente;Céu Claro;Dupla;Rotatória;-1.786.846.089;-415.171.394
12/04/2024;22:09:00;CANTAGALO;Desrespeitar a preferência no cruzamento;Colisão transversal;Com Vítimas Feridas;Plena Noite;Crescente;Céu Claro;Simples;Reta;-2.540.453.366;-521.054.258
12/04/2024;22:00:00;ACAILANDIA;Velocidade Incompatível;Atropelamento de Pedestre;Com Vítimas Feridas;Plena Noite;Decrescente;Nublado;Simples;Reta;-494.746.472;-4.747.679.017
12/04/2024;22:45:00;CACHOEIRINHA;Animais na Pista;Atropelamento de Animal;Com Vítimas Fatais;Plena Noite;Decrescente;Céu Claro;Simples;Reta;-8.498.258;-36.242.564
13/04/2024;03:20:00;BIGUACU;Chuva;Colisão traseira;Com Vítimas Feridas;Plena Noite;Crescente;Chuva;Múltipla;Reta;-2.751.844.497;-4.863.848.496
13/04/2024;04:50:00;CAMPOS NOVOS;Velocidade Incompatível;Capotamento;Com Vítimas Feridas;Plena Noite;Decrescente;Céu Claro;Simples;Curva;-27.381.166;-51.240.082
13/04/2024;04:30:00;PICOS;Acumulo de água sobre o pavimento;Saída de leito carroçável;Com Vítimas Feridas;Amanhecer;Crescente;Garoa/Chuvisco;Simples;Reta;-702.198.451;-4.157.160.105
13/04/2024;07:40:00;POMBAL;Frear bruscamente;Colisão transversal;Com Vítimas Feridas;Pleno dia;Crescente;Céu Claro;Simples;Reta;-67.842;-377.987
13/04/2024;09:20:00;AGUAS MORNAS;Velocidade Incompatível;Colisão com objeto;Com Vítimas Feridas;Pleno dia;Decrescente;Chuva;Simples;Curva;-27.708.536;-48.952.251
13/04/2024;08:00:00;ATALAIA;Conversão proibida;Colisão transversal;Com Vítimas Feridas;Pleno dia;Decrescente;Sol;Simples;Reta;-954.078.106;-3.598.549.809
13/04/2024;11:50:00;SAO JOSE DOS PINHAIS;Manobra de mudança de faixa;Colisão traseira;Com Vítimas Feridas;Pleno dia;Decrescente;Céu Claro;Dupla;Reta;-2.557.084.314;-4.919.356.398
13/04/2024;12:00:00;SANTO ANTONIO DE JESUS;Conversão proibida;Saída de leito carroçável;Com Vítimas Feridas;Pleno dia;Crescente;Céu Claro;Simples;"Reta;Declive";-1.310.710.514;-3.928.471.362
13/04/2024;10:55:00;NOVA SERRANA;Conversão proibida;Colisão lateral mesmo sentido;Com Vítimas Feridas;Pleno dia;Crescente;Céu Claro;Simples;"Interseção de Vias;Reta";-1.987.514.825;-4.495.031.205
13/04/2024;12:25:00;IGARAPE DO MEIO;Pista esburacada;Colisão transversal;Com Vítimas Fatais;Pleno dia;Decrescente;Céu Claro;Simples;Reta;-359.458.384;-451.024.651
13/04/2024;13:30:00;TERESINA;Velocidade Incompatível;Colisão traseira;Com Vítimas Feridas;Pleno dia;Crescente;Céu Claro;Dupla;"Reta;Retorno Regulamentado";-50.809.629;-4.276.129.961
13/04/2024;14:30:00;PONTA GROSSA;Velocidade Incompatível;Saída de leito carroçável;Com Vítimas Feridas;Pleno dia;Decrescente;Céu Claro;Dupla;Curva;-2.515.559.918;-5.013.322.909
13/04/2024;10:20:00;TUBARAO;Velocidade Incompatível;Colisão com objeto;Com Vítimas Feridas;Pleno dia;Decrescente;Chuva;Múltipla;Curva;-2.846.729.543;-4.900.628.686
13/04/2024;15:50:00;VITORIA DA CONQUISTA;Conversão proibida;Colisão transversal;Com Vítimas Feridas;Pleno dia;Crescente;Sol;Simples;Reta;-148.965;-408.303
13/04/2024;07:10:00;SORRISO;Falta de acostamento;Queda de ocupante de veículo;Com Vítimas Feridas;Amanhecer;Crescente;Céu Claro;Múltipla;"Aclive;Reta";-1.262.504.399;-5.576.969.001
13/04/2024;16:35:00;NATAL;Manobra de mudança de faixa;Colisão lateral mesmo sentido;Com Vítimas Feridas;Anoitecer;Decrescente;Céu Claro;Dupla;Reta;-57.710.445;-3.526.616.981
06/04/2024;23:50:00;HIDROLANDIA;Velocidade Incompatível;Atropelamento de Animal;Com Vítimas Feridas;Plena Noite;Decrescente;Nublado;Simples;Reta;-169.603;-492.384
13/04/2024;16:30:00;NOVA IGUACU;Conversão proibida;Colisão traseira;Com Vítimas Feridas;Pleno dia;Crescente;Sol;Simples;Reta;-22.823.448;-43.619.843
13/04/2024;16:30:00;CRISTALINA;Conversão proibida;Colisão lateral mesmo sentido;Com Vítimas Feridas;Pleno dia;Decrescente;Céu Claro;Simples;Reta;-1.608.811.703;-4.751.565.164
13/04/2024;16:00:00;VILHENA;Acumulo de água sobre o pavimento;Saída de leito carroçável;Com Vítimas Feridas;Pleno dia;Decrescente;Chuva;Simples;"Declive;Reta";-1.276.679.409;-6.009.631.128
13/04/2024;19:35:00;LUZIANIA;Animais na Pista;Atropelamento de Animal;Com Vítimas Feridas;Plena Noite;Crescente;Céu Claro;Dupla;Aclive;-1.616.621.136;-4.793.006.301
13/04/2024;21:00:00;SANTO ANTONIO DO SUDOESTE;Acesso irregular;Colisão transversal;Com Vítimas Feridas;Plena Noite;Crescente;Céu Claro;Simples;Reta;-2.610.094.502;-5.371.147.602
13/04/2024;22:40:00;UBERLANDIA;Pista esburacada;Queda de ocupante de veículo;Com Vítimas Feridas;Plena Noite;Crescente;Céu Claro;Dupla;Reta;-18.986.906;-48.211.853
13/04/2024;22:30:00;BANDEIRA DO SUL;Desrespeitar a preferência no cruzamento;Colisão transversal;Com Vítimas Feridas;Plena Noite;Decrescente;Céu Claro;Simples;"Curva;Aclive;Interseção de Vias";-2.174.525.696;-4.640.418.118
13/04/2024;22:45:00;JACAREZINHO;Animais na Pista;Atropelamento de Animal;Com Vítimas Feridas;Plena Noite;Decrescente;Nublado;Simples;Reta;-2.315.816.552;-4.995.960.461
13/04/2024;22:50:00;GUAMIRANGA;Acesso irregular;Capotamento;Com Vítimas Feridas;Plena Noite;Decrescente;Garoa/Chuvisco;Simples;Curva;-25.185.822;-50.808.832
13/04/2024;22:58:00;JARU;Velocidade Incompatível;Colisão traseira;Com Vítimas Feridas;Plena Noite;Crescente;Céu Claro;Simples;"Reta;Aclive";-10.424.689;-62.491.318
13/04/2024;23:50:00;TERESINA;Pista esburacada;Queda de ocupante de veículo;Com Vítimas Feridas;Plena Noite;Decrescente;Garoa/Chuvisco;Múltipla;Reta;-5.089.569;-42.802.288
14/04/2024;01:35:00;FORTALEZA;Deficiência do Sistema de Iluminação/Sinalização;Colisão traseira;Com Vítimas Feridas;Plena Noite;Crescente;Nublado;Múltipla;Reta;-381.581.362;-3.850.172.304
14/04/2024;03:00:00;SAO LEOPOLDO;Manobra de mudança de faixa;Colisão traseira;Sem Vítimas;Plena Noite;Decrescente;Nublado;Dupla;Reta;-2.975.014.825;-511.512.559
13/04/2024;22:59:00;SAO GABRIEL DO OESTE;Desrespeitar a preferência no cruzamento;Colisão transversal;Sem Vítimas;Plena Noite;Decrescente;Céu Claro;Simples;"Reta;Interseção de Vias";-1.939.850.778;-5.456.579.964
14/04/2024;05:40:00;CANDEIAS;Velocidade Incompatível;Colisão traseira;Com Vítimas Feridas;Pleno dia;Crescente;Céu Claro;Dupla;Reta;-1.260.856.603;-3.849.390.902
14/04/2024;02:15:00;CAMPO GRANDE DO PIAUI;Animais na Pista;Atropelamento de Animal;Com Vítimas Fatais;Plena Noite;Decrescente;Nublado;Simples;"Declive;Reta";-713.338.504;-41.029.018
14/04/2024;06:45:00;QUATRO BARRAS;Chuva;Colisão com objeto;Sem Vítimas;Amanhecer;Crescente;Chuva;Dupla;Reta;-253.669;-490.996
14/04/2024;05:50:00;ORTIGUEIRA;Velocidade Incompatível;Saída de leito carroçável;Sem Vítimas;Amanhecer;Crescente;Chuva;Dupla;Curva;-24.408.135;-5.078.447.205
14/04/2024;07:59:00;GUARAPARI;Chuva;Queda de ocupante de veículo;Com Vítimas Feridas;Pleno dia;Crescente;Chuva;Dupla;Viaduto;-2.062.718.356;-4.052.742.029
13/03/2024;19:00:00;BETIM;Manobra de mudança de faixa;Colisão traseira;Com Vítimas Feridas;Plena Noite;Crescente;Céu Claro;Dupla;Reta;-1.995.931.561;-4.408.825.597