data_inversa;horario;municipio;causa_acidente;tipo_acidente;classificacao_acidente;fase_dia;sentido_via;condicao_metereologica;tipo_pista;tracado_via;latitude;longitude
14/04/2024;08:40:00;PARAOPEBA;Velocidade Incompatível;Queda de ocupante de veículo;Com Vítimas Feridas;Pleno dia;Decrescente;Céu Claro;Dupla;"Aclive;Reta";-1.923.100.428;-4.443.562.244
14/04/2024;04:20:00;AGRONOMICA;Sinalização mal posicionada;Colisão com objeto;Sem Vítimas;Plena Noite;Crescente;Chuva;Simples;"Reta;Em Obras;Desvio Temporário";-27.252.104;-49.702.129
14/04/2024;08:40:00;PALMEIRA DOS INDIOS;Restrição de visibilidade em curvas verticais;Saída de leito carroçável;Com Vítimas Feridas;Pleno dia;Crescente;Sol;Simples;"Aclive;Reta";-947.538.289;-3.657.882.686
14/04/2024;06:30:00;BIGUACU;Velocidade Incompatível;Saída de leito carroçável;Sem Vítimas;Amanhecer;Crescente;Chuva;Dupla;Reta;-2.736.408.098;-4.863.391.212
14/04/2024;06:50:00;SANTA CECILIA;Chuva;Colisão com objeto;Com Vítimas Feridas;Amanhecer;Crescente;Chuva;Simples;Curva;-269.952.408;-5.040.782.997
14/04/2024;08:33:00;SAO JOSE DOS PINHAIS;Chuva;Saída de leito carroçável;Com Vítimas Feridas;Pleno dia;Crescente;Chuva;Dupla;"Declive;Curva";-2.558.426.494;-4.917.618.795
14/04/2024;06:57:00;PIRAQUARA;Velocidade Incompatível;Saída de leito carroçável;Com Vítimas Feridas;Pleno dia;Decrescente;Chuva;Dupla;Reta;-2.540.363.584;-4.905.951.636
14/04/2024;10:20:00;LINDOESTE;Chuva;Colisão com objeto;Sem Vítimas;Pleno dia;Decrescente;Chuva;Dupla;Curva;-2.522.534.298;-5.359.185.885
14/04/2024;08:30:00;CURITIBA;Chuva;Saída de leito carroçável;Com Vítimas Feridas;Pleno dia;Crescente;Chuva;Simples;Curva;-255.425.561;-493.043.433
14/04/2024;10:24:00;ITATIAIUCU;Velocidade Incompatível;Tombamento;Com Vítimas Feridas;Pleno dia;Decrescente;Sol;Dupla;"Declive;Reta";-2.025.145.691;-4.441.136.239
14/04/2024;11:55:00;ITAITINGA;Acumulo de água sobre o pavimento;Saída de leito carroçável;Com Vítimas Feridas;Pleno dia;Crescente;Chuva;Dupla;Curva;-395.797.982;-385.131.124
14/04/2024;11:30:00;AGUAS MORNAS;Velocidade Incompatível;Capotamento;Com Vítimas Feridas;Pleno dia;Decrescente;Chuva;Simples;Reta;-27.712.931;-48.943.741
14/04/2024;07:50:00;BALNEARIO CAMBORIU;Chuva;Saída de leito carroçável;Com Vítimas Feridas;Amanhecer;Decrescente;Chuva;Dupla;Curva;-2.702.397.426;-4.860.761.649
14/04/2024;10:40:00;PARIQUERA-ACU;Chuva;Saída de leito carroçável;Com Vítimas Feridas;Pleno dia;Decrescente;Chuva;Dupla;Reta;-2.462.904.309;-4.790.227.592
14/04/2024;15:00:00;TERESOPOLIS;Ultrapassagem Indevida;Colisão lateral mesmo sentido;Com Vítimas Feridas;Pleno dia;Crescente;Céu Claro;Simples;Reta;-22.400.776;-42.996.876
14/04/2024;13:50:00;ITAPEBI;Pista Escorregadia;Saída de leito carroçável;Com Vítimas Feridas;Pleno dia;Decrescente;Chuva;Simples;Curva;-16.021.838;-39.608.402
14/04/2024;15:40:00;MANDIRITUBA;Chuva;Capotamento;Com Vítimas Feridas;Pleno dia;Crescente;Chuva;Dupla;Reta;-25.728.448;-493.178.318
14/04/2024;11:50:00;TIBAGI;Velocidade Incompatível;Colisão com objeto;Com Vítimas Feridas;Pleno dia;Crescente;Chuva;Dupla;"Declive;Curva";-24.856;-50.46
14/04/2024;16:15:00;MORRETES;Acumulo de água sobre o pavimento;Colisão frontal;Com Vítimas Feridas;Pleno dia;Decrescente;Chuva;Dupla;Reta;-2.555.514.131;-4.880.367.279
14/04/2024;17:10:00;SAO JOAO DE MERITI;Conversão proibida;Colisão frontal;Sem Vítimas;Pleno dia;Crescente;Céu Claro;Dupla;Reta;-2.279.423.806;-4.336.403.759
14/04/2024;12:45:00;CAJATI;Pista Escorregadia;Queda de ocupante de veículo;Com Vítimas Feridas;Pleno dia;Crescente;Chuva;Simples;Curva;-2.483.558.399;-482.223.738
14/04/2024;14:00:00;CAJATI;Pista Escorregadia;Queda de ocupante de veículo;Com Vítimas Feridas;Pleno dia;Decrescente;Chuva;Simples;"Aclive;Curva";-2.485.874.304;-4.821.731.282
14/04/2024;14:10:00;PONTES E LACERDA;Chuva;Saída de leito carroçável;Com Vítimas Feridas;Pleno dia;Crescente;Chuva;Simples;"Reta;Declive";-1.543.470.055;-591.115.636
14/04/2024;17:04:00;IBIRACU;Acumulo de água sobre o pavimento;Saída de leito carroçável;Com Vítimas Feridas;Anoitecer;Decrescente;Chuva;Dupla;Reta;-19.780.796;-4.037.160.598
14/04/2024;18:20:00;JUQUITIBA;Manobra de mudança de faixa;Colisão traseira;Com Vítimas Feridas;Plena Noite;Decrescente;Nublado;Dupla;Reta;-2.390.251.888;-4.699.049.317
14/04/2024;17:30:00;GUAPO;Manobra de mudança de faixa;Colisão lateral mesmo sentido;Com Vítimas Fatais;Anoitecer;Crescente;Céu Claro;Dupla;"Reta;Retorno Regulamentado";-169.094;-496.537
14/04/2024;16:40:00;JITAUNA;Velocidade Incompatível;Saída de leito carroçável;Com Vítimas Fatais;Anoitecer;Decrescente;Chuva;Simples;Curva;-1.402.491.101;-3.983.355.004
14/04/2024;17:50:00;VITORIA DA CONQUISTA;Conversão proibida;Colisão lateral mesmo sentido;Com Vítimas Feridas;Anoitecer;Decrescente;Nublado;Simples;Curva;-14.902.383;-40.849.264
14/04/2024;18:20:00;GARANHUNS;Conversão proibida;Colisão frontal;Sem Vítimas;Plena Noite;Crescente;Céu Claro;Simples;Declive;-8.874.732;-3.646.946
14/04/2024;19:00:00;BRASILIA;Manobra de mudança de faixa;Colisão transversal;Com Vítimas Feridas;Plena Noite;Crescente;Céu Claro;Dupla;"Retorno Regulamentado;Reta";-15.784.615;-48.132.023
14/04/2024;19:50:00;NOVA XAVANTINA;Animais na Pista;Atropelamento de Animal;Com Vítimas Feridas;Plena Noite;Decrescente;Céu Claro;Simples;Reta;-1.464.236.494;-5.235.656.068
14/04/2024;16:10:00;CAMPINA GRANDE DO SUL;Chuva;Saída de leito carroçável;Com Vítimas Feridas;Anoitecer;Decrescente;Chuva;Dupla;Curva;-2.506.368.403;-4.857.051.896
14/04/2024;20:20:00;SEABRA;Animais na Pista;Atropelamento de Animal;Com Vítimas Feridas;Plena Noite;Decrescente;Céu Claro;Simples;"Declive;Reta";-1.243.338.196;-4.181.551.801
14/04/2024;21:30:00;BARRA DO GARCAS;Velocidade Incompatível;Atropelamento de Pedestre;Com Vítimas Feridas;Plena Noite;Decrescente;Céu Claro;Simples;Reta;-1.588.749.699;-5.226.810.568
14/04/2024;22:03:00;FORMOSA;Animais na Pista;Atropelamento de Animal;Com Vítimas Feridas;Plena Noite;Decrescente;Céu Claro;Simples;Reta;-1.557.387;-47.327.488
14/04/2024;22:10:00;RIO DE JANEIRO;Acesso irregular;Colisão transversal;Com Vítimas Feridas;Plena Noite;Crescente;Nublado;Dupla;Curva;-2.289.497.513;-4.368.069.649
14/04/2024;20:45:00;CARANDAI;Ultrapassagem Indevida;Colisão lateral sentido oposto;Com Vítimas Feridas;Plena Noite;Crescente;Nublado;Simples;Curva;-209.849.513;-43.780.942
14/04/2024;22:25:00;CASCAVEL;Estacionar ou parar em local proibido;Colisão traseira;Sem Vítimas;Plena Noite;Crescente;Nublado;Dupla;Reta;-2.500.129.915;-5.355.546.984
14/04/2024;20:10:00;MACAE;Velocidade Incompatível;Capotamento;Com Vítimas Feridas;Plena Noite;Crescente;Chuva;Dupla;Curva;-2.220.562.678;-4.175.124.739
15/04/2024;02:05:00;PALHOCA;Acumulo de água sobre o pavimento;Saída de leito carroçável;Sem Vítimas;Plena Noite;Crescente;Chuva;Múltipla;Reta;-2.762.996.929;-4.865.903.871
15/04/2024;04:20:00;SANTA BARBARA;Animais na Pista;Atropelamento de Animal;Com Vítimas Feridas;Plena Noite;Decrescente;Céu Claro;Dupla;Reta;-1.192.130.802;-3.898.299.014
15/04/2024;05:05:00;RIO DO SUL;Animais na Pista;Atropelamento de Animal;Com Vítimas Feridas;Plena Noite;Decrescente;Garoa/Chuvisco;Simples;Reta;-27.229.801;-496.693
15/04/2024;05:30:00;CORUMBA DE GOIAS;Animais na Pista;Atropelamento de Animal;Com Vítimas Feridas;Amanhecer;Crescente;Céu Claro;Simples;Curva;-1.589.316.696;-4.879.594.973
15/04/2024;04:15:00;PORTO VELHO;Velocidade Incompatível;Colisão com objeto;Sem Vítimas;Plena Noite;Decrescente;Céu Claro;Dupla;Viaduto;-877.331.583;-6.387.969.248
06/04/2024;09:10:00;ARAGUARI;Velocidade Incompatível;Saída de leito carroçável;Com Vítimas Feridas;Pleno dia;Crescente;Sol;Dupla;Curva;-1.862.034.416;-4.811.087.208
15/04/2024;06:45:00;JAPARATUBA;Acumulo de água sobre o pavimento;Saída de leito carroçável;Sem Vítimas;Pleno dia;Crescente;Chuva;Dupla;Reta;-10.517.972;-36.950.147
15/04/2024;05:40:00;CAMAQUA;Animais na Pista;Atropelamento de Animal;Sem Vítimas;Amanhecer;Decrescente;Céu Claro;Dupla;Reta;-3.078.860.988;-5.166.840.514
15/04/2024;07:00:00;JOAO PESSOA;Manobra de mudança de faixa;Colisão lateral mesmo sentido;Com Vítimas Feridas;Pleno dia;Crescente;Céu Claro;Dupla;Reta;-71.685.039;-3.488.339.424
15/04/2024;08:20:00;PAUDALHO;Demais falhas na via;Colisão com objeto;Com Vítimas Feridas;Pleno dia;Crescente;Nublado;Dupla;Curva;-789.069.683;-3.517.793.383
15/04/2024;07:10:00;CASCAVEL;Ultrapassagem Indevida;Saída de leito carroçável;Com Vítimas Feridas;Pleno dia;Decrescente;Nevoeiro/Neblina;Simples;Reta;-2.508.169.296;-5.316.022.601
15/04/2024;08:40:00;EWBANK DA CAMARA;Velocidade Incompatível;Colisão transversal;Com Vítimas Feridas;Pleno dia;Decrescente;Céu Claro;Simples;Curva;-2.150.323.045;-4.353.179.519
15/04/2024;08:20:00;JABOATAO DOS GUARARAPES;Manobra de mudança de faixa;Colisão lateral mesmo sentido;Com Vítimas Feridas;Pleno dia;Crescente;Céu Claro;Dupla;Reta;-807.583.727;-3.497.015.791
12/04/2024;09:00:00;DUQUE DE CAXIAS;Manobra de mudança de faixa;Colisão lateral mesmo sentido;Com Vítimas Feridas;Pleno dia;Decrescente;Céu Claro;Múltipla;Reta;-2.263.784.806;-4.328.428.824
15/04/2024;07:00:00;VITORIA DA CONQUISTA;Animais na Pista;Atropelamento de Animal;Com Vítimas Feridas;Pleno dia;Decrescente;Céu Claro;Simples;Reta;-1.506.993.464;-4.100.109.327
15/04/2024;10:20:00;SAO JOSE;Pista Escorregadia;Tombamento;Com Vítimas Feridas;Pleno dia;Decrescente;Chuva;Dupla;Curva;-27.588.425;-48.612.919
15/04/2024;10:35:00;UPANEMA;Desrespeitar a preferência no cruzamento;Colisão transversal;Com Vítimas Feridas;Pleno dia;Crescente;Céu Claro;Dupla;Interseção de Vias;-564.332.673;-37.259.202
15/04/2024;10:50:00;TERESINA;Manobra de mudança de faixa;Colisão lateral mesmo sentido;Com Vítimas Feridas;Pleno dia;Decrescente;Céu Claro;Múltipla;Reta;-508.079.191;-4.278.417.349
15/04/2024;11:35:00;FOZ DO IGUACU;Manobra de mudança de faixa;Tombamento;Com Vítimas Feridas;Pleno dia;Crescente;Nublado;Dupla;"Rotatória;Curva";-2.551.033.741;-5.455.999.374
15/04/2024;11:30:00;CARIACICA;Demais falhas na via;Queda de ocupante de veículo;Com Vítimas Feridas;Pleno dia;Crescente;Céu Claro;Múltipla;"Declive;Reta;Viaduto";-2.034.029.997;-4.040.405.712
15/04/2024;12:00:00;UBERABA;Conversão proibida;Colisão traseira;Com Vítimas Feridas;Pleno dia;Decrescente;Céu Claro;Dupla;"Reta;Retorno Regulamentado";-1.963.378.122;-4.801.229.957
15/04/2024;11:05:00;CONCEICAO DA FEIRA;Chuva;Queda de ocupante de veículo;Com Vítimas Feridas;Pleno dia;Crescente;Chuva;Simples;Ponte;-1.254.237.778;-3.897.998.112
15/04/2024;11:30:00;CANDEIAS;Manobra de mudança de faixa;Capotamento;Com Vítimas Feridas;Pleno dia;Crescente;Nublado;Dupla;Reta;-126.235.268;-3.848.176.783
15/04/2024;07:55:00;UBERLANDIA;Manobra de mudança de faixa;Queda de ocupante de veículo;Com Vítimas Feridas;Pleno dia;Decrescente;Céu Claro;Dupla;Reta;-1.891.019.833;-4.830.692.399
15/04/2024;13:10:00;CAMPINA GRANDE DO SUL;Chuva;Colisão com objeto;Com Vítimas Feridas;Pleno dia;Crescente;Chuva;Múltipla;Curva;-2.508.235.366;-4.861.499.799
15/04/2024;14:50:00;ABADIANIA;Velocidade Incompatível;Saída de leito carroçável;Com Vítimas Feridas;Pleno dia;Decrescente;Céu Claro;Dupla;"Declive;Curva";-161.625;-48.624
15/04/2024;15:00:00;ARAGUAINA;Acostamento em desnível;Tombamento;Com Vítimas Feridas;Pleno dia;Crescente;Céu Claro;Simples;Reta;-725.638.791;-4.825.895.421
15/04/2024;14:40:00;ANGRA DOS REIS;Velocidade Incompatível;Colisão transversal;Com Vítimas Feridas;Pleno dia;Decrescente;Nublado;Simples;Curva;-2.300.246.527;-4.427.270.594
15/04/2024;14:50:00;PALHOCA;Pista Escorregadia;Tombamento;Com Vítimas Feridas;Pleno dia;Crescente;Chuva;Múltipla;Reta;-2.762.996.929;-4.865.903.871
15/04/2024;09:10:00;CURITIBANOS;Animais na Pista;Saída de leito carroçável;Com Vítimas Feridas;Pleno dia;Decrescente;Garoa/Chuvisco;Simples;Reta;-27.307.161;-50.651.653
15/04/2024;14:30:00;CAPIM GROSSO;Ultrapassagem Indevida;Colisão lateral mesmo sentido;Com Vítimas Feridas;Pleno dia;Decrescente;Céu Claro;Simples;Reta;-1.135.350.519;-4.005.854.608
15/04/2024;16:30:00;BAYEUX;Afundamento ou ondulação no pavimento;Tombamento;Com Vítimas Feridas;Pleno dia;Decrescente;Céu Claro;Dupla;Reta;-713.957.906;-3.492.312.806
15/04/2024;13:00:00;VARGEM;Chuva;Colisão com objeto;Com Vítimas Feridas;Pleno dia;Crescente;Chuva;Simples;Curva;-2.749.877;-50.931.053
15/04/2024;11:45:00;RIO BRANCO;Pista esburacada;Queda de ocupante de veículo;Com Vítimas Feridas;Pleno dia;Crescente;Chuva;Dupla;Reta;-1.001.594.689;-6.784.093.848
15/04/2024;17:00:00;TIBAGI;Velocidade Incompatível;Colisão com objeto;Com Vítimas Feridas;Pleno dia;Crescente;Garoa/Chuvisco;Dupla;"Declive;Curva";-2.460.250.091;-5.066.416.549
15/04/2024;12:00:00;ITAPEBI;Chuva;Saída de leito carroçável;Com Vítimas Feridas;Pleno dia;Decrescente;Chuva;Simples;Curva;-16.021.621;-39.608.067
15/04/2024;17:30:00;PEDRO CANARIO;Manobra de mudança de faixa;Colisão transversal;Com Vítimas Feridas;Anoitecer;Crescente;Nublado;Simples;Reta;-1.823.902.299;-3.995.409.619
15/04/2024;18:00:00;BELO HORIZONTE;Manobra de mudança de faixa;Colisão lateral mesmo sentido;Com Vítimas Feridas;Anoitecer;Crescente;Céu Claro;Dupla;"Declive;Reta";-1.992.372.561;-4.401.700.789
15/04/2024;15:55:00;JARU;Velocidade Incompatível;Colisão lateral mesmo sentido;Com Vítimas Feridas;Pleno dia;Crescente;Céu Claro;Simples;Reta;-1.042.731.312;-6.248.745.208
15/04/2024;18:30:00;FOZ DO IGUACU;Chuva;Queda de ocupante de veículo;Com Vítimas Feridas;Amanhecer;Decrescente;Chuva;Simples;Reta;-256.015;-545.021
15/04/2024;16:55:00;ARAPONGAS;Desrespeitar a preferência no cruzamento;Colisão transversal;Sem Vítimas;Pleno dia;Decrescente;Nublado;Simples;Reta;-2.341.806.507;-5.142.630.458
15/04/2024;17:20:00;JARU;Desrespeitar a preferência no cruzamento;Colisão transversal;Com Vítimas Feridas;Pleno dia;Decrescente;Céu Claro;Simples;"Reta;Declive";-1.043.860.586;-6.247.090.772
15/04/2024;20:25:00;PELOTAS;Animais na Pista;Atropelamento de Animal;Com Vítimas Feridas;Plena Noite;Crescente;Céu Claro;Dupla;Reta;-3.167.908.686;-5.234.256.731
15/04/2024;19:30:00;CATU;Ultrapassagem Indevida;Colisão frontal;Com Vítimas Fatais;Plena Noite;Crescente;Céu Claro;Simples;Reta;-1.236.659.322;-3.838.801.135
15/04/2024;20:25:00;GOVERNADOR VALADARES;Conversão proibida;Colisão transversal;Com Vítimas Feridas;Plena Noite;Crescente;Nublado;Simples;"Retorno Regulamentado;Reta";-1.887.116.075;-4.196.963.137
15/04/2024;13:45:00;ORTIGUEIRA;Pista Escorregadia;Saída de leito carroçável;Sem Vítimas;Pleno dia;Decrescente;Chuva;Simples;Curva;-24.053.208;-51.066.225
15/04/2024;19:00:00;PETROLINA;Manobra de mudança de faixa;Colisão lateral mesmo sentido;Com Vítimas Feridas;Plena Noite;Decrescente;Céu Claro;Múltipla;Reta;-934.009.199;-4.047.032.001
15/04/2024;17:40:00;PORTO MURTINHO;Velocidade Incompatível;Saída de leito carroçável;Sem Vítimas;Anoitecer;Decrescente;Chuva;Simples;Reta;-217.048.663;-5.780.251.403
15/04/2024;22:25:00;ITAPEMIRIM;Animais na Pista;Atropelamento de Animal;Com Vítimas Feridas;Plena Noite;Decrescente;Céu Claro;Simples;Reta;-2.090.878.197;-4.106.944.138
15/04/2024;18:30:00;SERTANIA;Iluminação deficiente;Colisão lateral mesmo sentido;Com Vítimas Feridas;Plena Noite;Decrescente;Céu Claro;Simples;Reta;-813.351.847;-3.749.864.192
15/04/2024;22:35:00;CABO DE SANTO AGOSTINHO;Chuva;Saída de leito carroçável;Com Vítimas Feridas;Plena Noite;Crescente;Chuva;Dupla;Curva;-8.310.332;-35.083.235
16/04/2024;05:50:00;SANTA MARIA;Chuva;Saída de leito carroçável;Com Vítimas Feridas;Amanhecer;Decrescente;Chuva;Dupla;Reta;-2.968.869.466;-5.389.049.505
17/01/2024;08:20:00;CANOINHAS;Acesso irregular;Colisão transversal;Com Vítimas Fatais;Pleno dia;Crescente;Garoa/Chuvisco;Simples;Reta;-2.624.033.594;-5.049.092.174
16/04/2024;07:25:00;PORTO ALEGRE;Manobra de mudança de faixa;Colisão traseira;Com Vítimas Feridas;Pleno dia;Decrescente;Chuva;Dupla;"Reta;Retorno Regulamentado";-29.971.916;-51.176.838
16/04/2024;07:25:00;ARAQUARI;Ultrapassagem Indevida;Colisão transversal;Com Vítimas Feridas;Pleno dia;Decrescente;Nublado;Simples;Reta;-2.637.146;-48.711.887
16/04/2024;07:35:00;AREIA BRANCA;Velocidade Incompatível;Colisão frontal;Com Vítimas Fatais;Pleno dia;Decrescente;Chuva;Simples;"Aclive;Curva";-1.079.339;-37.278.835
16/04/2024;01:20:00;RIO DE JANEIRO;Demais falhas na via;Queda de ocupante de veículo;Com Vítimas Feridas;Plena Noite;Crescente;Céu Claro;Múltipla;Reta;-22.816.206;-43.324.463
16/04/2024;07:48:00;BRASILIA;Manobra de mudança de faixa;Colisão lateral mesmo sentido;Com Vítimas Feridas;Pleno dia;Decrescente;Céu Claro;Dupla;Reta;-15.798.048;-48.073.235
16/04/2024;07:00:00;COLOMBO;Velocidade Incompatível;Colisão com objeto;Com Vítimas Feridas;Pleno dia;Decrescente;Céu Claro;Simples;Curva;-25.348.623;-49.175.663
16/04/2024;07:00:00;SORRISO;Pista Escorregadia;Queda de ocupante de veículo;Com Vítimas Feridas;Pleno dia;Decrescente;Nublado;Dupla;Reta;-12.571.405;-55.726.753
21/03/2024;02:30:00;PELOTAS;Chuva;Eventos atípicos;Sem Vítimas;Plena Noite;Crescente;Vento;Dupla;Reta;-31.616.018;-52.308.135
19/03/2024;10:35:00;BRASILIA;Manobra de mudança de faixa;Colisão lateral mesmo sentido;Com Vítimas Feridas;Pleno dia;Crescente;Céu Claro;Dupla;Reta;-1.564.654;-47.766.422
16/04/2024;08:00:00;SAO LUIZ GONZAGA;Acumulo de água sobre o pavimento;Saída de leito carroçável;Com Vítimas Feridas;Pleno dia;Crescente;Chuva;Simples;Reta;-284.186;-54.895.786
16/04/2024;07:00:00;PORTO VELHO;Ultrapassagem Indevida;Saída de leito carroçável;Com Vítimas Feridas;Amanhecer;Crescente;Nublado;Simples;Reta;-91.630.582;-6.420.175.389
16/04/2024;10:40:00;RECIFE;Acumulo de areia ou detritos sobre o pavimento;Queda de ocupante de veículo;Com Vítimas Feridas;Pleno dia;Crescente;Céu Claro;Dupla;"Interseção de Vias;Curva";-806.776.119;-3.494.265.074
16/04/2024;10:00:00;PORTO ALEGRE;Manobra de mudança de faixa;Colisão lateral mesmo sentido;Com Vítimas Feridas;Pleno dia;Decrescente;Garoa/Chuvisco;Dupla;Reta;-2.999.205.173;-5.118.549.049
16/04/2024;09:35:00;FEIRA DE SANTANA;Acesso irregular;Colisão lateral mesmo sentido;Com Vítimas Feridas;Pleno dia;Decrescente;Nublado;Dupla;"Viaduto;Reta";-1.226.687.642;-3.893.349.875
18/03/2024;17:00:00;JACAREI;Manobra de mudança de faixa;Colisão lateral mesmo sentido;Com Vítimas Feridas;Pleno dia;Decrescente;Nublado;Múltipla;"Declive;Curva";-2.330.055.667;-4.601.686.506
16/04/2024;15:50:00;FEIRA DE SANTANA;Animais na Pista;Atropelamento de Animal;Com Vítimas Feridas;Pleno dia;Crescente;Céu Claro;Múltipla;"Interseção de Vias;Reta";-1.223.112.399;-3.896.794.796
16/04/2024;16:30:00;AGUAS MORNAS;Ultrapassagem Indevida;Colisão lateral sentido oposto;Com Vítimas Feridas;Anoitecer;Crescente;Chuva;Simples;Reta;-27.721.771;-48.934.837
16/04/2024;16:05:00;APARECIDA DE GOIANIA;Animais na Pista;Atropelamento de Animal;Com Vítimas Feridas;Pleno dia;Decrescente;Céu Claro;Dupla;"Declive;Reta";-167.888;-492.379
16/04/2024;16:50:00;TERRA ROXA;Desrespeitar a preferência no cruzamento;Colisão transversal;Sem Vítimas;Pleno dia;Crescente;Garoa/Chuvisco;Simples;"Interseção de Vias;Reta";-2.408.463.175;-5.407.708.305
16/04/2024;18:10:00;MOSSORO;Acostamento em desnível;Tombamento;Com Vítimas Feridas;Plena Noite;Decrescente;Nublado;Simples;Reta;-522.868.577;-3.732.203.081
16/04/2024;10:30:00;JOAQUIM NABUCO;Acumulo de água sobre o pavimento;Saída de leito carroçável;Com Vítimas Feridas;Pleno dia;Decrescente;Chuva;Múltipla;Reta;-859.769.309;-3.552.838.291
16/04/2024;18:00:00;PARNAMIRIM;Chuva;Tombamento;Com Vítimas Feridas;Plena Noite;Crescente;Garoa/Chuvisco;Dupla;Reta;-589.034.022;-3.524.894.996
16/04/2024;18:40:00;ABADIA DE GOIAS;Velocidade Incompatível;Colisão traseira;Com Vítimas Feridas;Plena Noite;Crescente;Céu Claro;Dupla;Reta;-167.848;-494.946
16/04/2024;15:40:00;SAO GONCALO;Manobra de mudança de faixa;Colisão traseira;Com Vítimas Feridas;Pleno dia;Crescente;Céu Claro;Dupla;"Em Obras;Reta";-2.285.411.774;-431.018.014
16/04/2024;15:20:00;ARARANGUA;Chuva;Saída de leito carroçável;Com Vítimas Feridas;Pleno dia;Decrescente;Chuva;Dupla;Reta;-2.889.284.011;-4.946.880.088
16/04/2024;19:00:00;CAUCAIA;Demais falhas na via;Capotamento;Com Vítimas Feridas;Plena Noite;Decrescente;Chuva;Simples;Reta;-3.849.037;-38.779.447
16/04/2024;18:00:00;CAMPINA GRANDE DO SUL;Velocidade Incompatível;Colisão com objeto;Com Vítimas Fatais;Anoitecer;Crescente;Chuva;Dupla;Curva;-25.156.168;-488.613.401
16/04/2024;19:30:00;PORTO VELHO;Frear bruscamente;Colisão traseira;Com Vítimas Feridas;Plena Noite;Decrescente;Céu Claro;Dupla;"Declive;Reta";-878.573.785;-6.389.817.015
16/04/2024;19:30:00;PINHALZINHO;Desrespeitar a preferência no cruzamento;Colisão transversal;Com Vítimas Feridas;Plena Noite;Decrescente;Garoa/Chuvisco;Simples;Rotatória;-2.685.245.524;-5.298.030.138
16/04/2024;21:51:00;MORRETES;Desrespeitar a preferência no cruzamento;Colisão transversal;Com Vítimas Feridas;Plena Noite;Crescente;Chuva;Simples;"Viaduto;Interseção de Vias";-2.552.874.613;-4.873.512.603
16/04/2024;21:41:00;RIO BRANCO;Animais na Pista;Atropelamento de Animal;Com Vítimas Feridas;Plena Noite;Decrescente;Céu Claro;Dupla;Reta;-1.001.226.643;-6.775.533.501
16/04/2024;20:20:00;VARGEM;Acumulo de água sobre o pavimento;Colisão traseira;Com Vítimas Feridas;Plena Noite;Crescente;Chuva;Simples;"Curva;Aclive";-2.746.136.717;-5.098.926.544
17/04/2024;06:05:00;BRASILIA;Frear bruscamente;Colisão traseira;Com Vítimas Feridas;Pleno dia;Crescente;Céu Claro;Dupla;Reta;-16.029.741;-47.978.867
17/04/2024;06:20:00;SEROPEDICA;Ultrapassagem Indevida;Colisão lateral mesmo sentido;Com Vítimas Feridas;Pleno dia;Decrescente;Céu Claro;Simples;Reta;-22.798.468;-43.645.508
17/04/2024;07:00:00;GUARULHOS;Manobra de mudança de faixa;Colisão traseira;Com Vítimas Feridas;Pleno dia;Crescente;Nublado;Dupla;"Reta;Declive";-2.343.971.486;-4.643.667.806
17/04/2024;06:45:00;ANAPOLIS;Velocidade Incompatível;Colisão traseira;Com Vítimas Feridas;Pleno dia;Crescente;Céu Claro;Dupla;Reta;-16.382.079;-48.952.866
17/04/2024;06:50:00;JARDIM;Desrespeitar a preferência no cruzamento;Colisão transversal;Com Vítimas Feridas;Pleno dia;Decrescente;Céu Claro;Simples;"Reta;Interseção de Vias";-2.148.542.331;-5.615.040.947
17/04/2024;07:30:00;LAVRAS;Pista Escorregadia;Colisão com objeto;Com Vítimas Feridas;Pleno dia;Decrescente;Céu Claro;Dupla;"Aclive;Reta";-2.131.899.514;-4.516.696.812
17/04/2024;07:30:00;CURITIBA;Manobra de mudança de faixa;Colisão lateral mesmo sentido;Com Vítimas Feridas;Pleno dia;Crescente;Céu Claro;Simples;Reta;-25.568.939;-49.181.978
17/04/2024;09:52:00;RECIFE;Acesso irregular;Colisão transversal;Com Vítimas Feridas;Pleno dia;Crescente;Sol;Simples;"Reta;Interseção de Vias";-799.097.103;-3.493.598.295
17/04/2024;10:00:00;VITORIA DA CONQUISTA;Desrespeitar a preferência no cruzamento;Colisão transversal;Com Vítimas Feridas;Pleno dia;Decrescente;Céu Claro;Simples;Retorno Regulamentado;-148.999.791;-40.854.549
17/04/2024;07:30:00;CACHOEIRO DE ITAPEMIRIM;Conversão proibida;Colisão frontal;Com Vítimas Feridas;Pleno dia;Decrescente;Céu Claro;Simples;Reta;-2.083.242.503;-4.117.491.003
17/04/2024;10:24:00;PERDOES;Manobra de mudança de faixa;Colisão lateral mesmo sentido;Com Vítimas Feridas;Pleno dia;Decrescente;Céu Claro;Dupla;Reta;-2.114.734.508;-4.510.983.682
17/04/2024;09:15:00;RONDONOPOLIS;Chuva;Saída de leito carroçável;Com Vítimas Feridas;Pleno dia;Crescente;Chuva;Dupla;Declive;-1.676.443.595;-5.465.835.311
17/04/2024;12:45:00;RIO NEGRINHO;Desrespeitar a preferência no cruzamento;Colisão transversal;Com Vítimas Feridas;Pleno dia;Decrescente;Céu Claro;Simples;"Interseção de Vias;Declive;Curva";-2.624.294.379;-4.951.244.116
17/04/2024;13:15:00;ARES;Manobra de mudança de faixa;Saída de leito carroçável;Com Vítimas Feridas;Pleno dia;Decrescente;Sol;Dupla;Reta;-623.449.707;-3.521.637.886