data_inversa;horario;municipio;causa_acidente;tipo_acidente;classificacao_acidente;fase_dia;sentido_via;condicao_metereologica;tipo_pista;tracado_via;latitude;longitude
08/02/2024;19:48:00;SERRA;Pista esburacada;Queda de ocupante de veículo;Com Vítimas Feridas;Pleno dia;Crescente;Ignorado;Múltipla;Reta;-2.023.101.094;-4.027.371.526
15/04/2024;17:15:00;PEJUCARA;Acumulo de água sobre o pavimento;Colisão frontal;Com Vítimas Feridas;Anoitecer;Decrescente;Chuva;Simples;Curva;-2.838.895.428;-5.352.473.167
17/04/2024;10:00:00;NOVA PETROPOLIS;Manobra de mudança de faixa;Colisão lateral sentido oposto;Com Vítimas Feridas;Pleno dia;Decrescente;Céu Claro;Dupla;"Curva;Aclive;Rotatória";-2.939.221.114;-5.112.482.919
17/04/2024;15:08:00;PARNAMIRIM;Desrespeitar a preferência no cruzamento;Colisão transversal;Com Vítimas Feridas;Pleno dia;Crescente;Céu Claro;Múltipla;Interseção de Vias;-5.886.258;-3.523.033
17/04/2024;12:30:00;ITAMONTE;Desrespeitar a preferência no cruzamento;Colisão lateral sentido oposto;Com Vítimas Feridas;Pleno dia;Crescente;Céu Claro;Simples;"Reta;Interseção de Vias";-2.230.074.263;-4.486.208.652
17/04/2024;15:20:00;CONCEICAO DO ALMEIDA;Velocidade Incompatível;Saída de leito carroçável;Com Vítimas Feridas;Pleno dia;Decrescente;Chuva;Simples;Reta;-12.984.957;-39.291.156
17/04/2024;15:10:00;BLUMENAU;Velocidade Incompatível;Queda de ocupante de veículo;Com Vítimas Fatais;Pleno dia;Crescente;Céu Claro;Dupla;Curva;-2.686.002.074;-4.906.338.573
17/04/2024;17:40:00;APUCARANA;Acesso irregular;Colisão transversal;Com Vítimas Feridas;Anoitecer;Crescente;Céu Claro;Simples;Reta;-235.513;-51.461.266
17/04/2024;17:50:00;COLATINA;Animais na Pista;Tombamento;Com Vítimas Feridas;Anoitecer;Crescente;Céu Claro;Simples;Reta;-1.950.865.703;-4.065.581.416
17/04/2024;18:10:00;AGRONOMICA;Deficiência do Sistema de Iluminação/Sinalização;Colisão com objeto;Com Vítimas Feridas;Plena Noite;Crescente;Céu Claro;Simples;"Reta;Em Obras";-27.260.792;-49.719.761
17/04/2024;13:55:00;CARLOS BARBOSA;Conversão proibida;Colisão transversal;Com Vítimas Feridas;Pleno dia;Decrescente;Céu Claro;Simples;"Declive;Reta";-2.927.749.013;-5.149.326.324
17/04/2024;18:20:00;LAJEADO;Manobra de mudança de faixa;Colisão lateral mesmo sentido;Com Vítimas Feridas;Plena Noite;Decrescente;Céu Claro;Dupla;Curva;-29.456.644;-51.957.329
17/04/2024;18:38:00;CANTAGALO;Desrespeitar a preferência no cruzamento;Colisão transversal;Com Vítimas Feridas;Plena Noite;Crescente;Céu Claro;Simples;"Curva;Interseção de Vias";-2.540.516.876;-5.209.591.501
17/04/2024;16:40:00;IBAITI;Acesso irregular;Colisão transversal;Com Vítimas Feridas;Pleno dia;Decrescente;Céu Claro;Simples;Reta;-2.375.551.706;-5.018.407.866
17/04/2024;20:45:00;RIBEIRAO DAS NEVES;Manobra de mudança de faixa;Colisão lateral mesmo sentido;Com Vítimas Feridas;Plena Noite;Decrescente;Céu Claro;Dupla;Reta;-1.981.628.624;-4.408.960.124
17/04/2024;20:30:00;FEIRA DE SANTANA;Ultrapassagem Indevida;Colisão frontal;Com Vítimas Feridas;Plena Noite;Crescente;Nublado;Simples;Reta;-122.319.733;-3.895.424.724
17/04/2024;21:35:00;CASCAVEL;Desrespeitar a preferência no cruzamento;Colisão transversal;Com Vítimas Feridas;Plena Noite;Decrescente;Céu Claro;Simples;Interseção de Vias;-2.498.285.697;-5.347.319.399
18/04/2024;01:00:00;ELDORADO DO SUL;Animais na Pista;Atropelamento de Animal;Com Vítimas Feridas;Plena Noite;Decrescente;Nublado;Dupla;Reta;-3.006.190.803;-5.133.968.194
17/04/2024;17:40:00;JUAZEIRO;Acesso irregular;Colisão transversal;Com Vítimas Feridas;Anoitecer;Crescente;Chuva;Simples;"Em Obras;Reta";-943.174.507;-4.049.803.816
18/04/2024;06:30:00;BELO HORIZONTE;Manobra de mudança de faixa;Colisão traseira;Com Vítimas Feridas;Pleno dia;Crescente;Céu Claro;Dupla;Reta;-1.992.372.561;-4.401.700.789
18/04/2024;07:00:00;GUARULHOS;Manobra de mudança de faixa;Colisão traseira;Com Vítimas Feridas;Pleno dia;Crescente;Céu Claro;Múltipla;Reta;-2.346.143.954;-4.648.885.316
18/04/2024;05:15:00;ITATIAIA;Pista Escorregadia;Colisão com objeto;Com Vítimas Feridas;Amanhecer;Decrescente;Chuva;Dupla;Curva;-2.248.093.378;-4.453.547.807
18/04/2024;07:30:00;SAO JOSE;Animais na Pista;Atropelamento de Animal;Com Vítimas Feridas;Pleno dia;Decrescente;Céu Claro;Múltipla;Reta;-276.167.305;-486.457.265
18/04/2024;08:40:00;TERESOPOLIS;Acesso irregular;Colisão lateral mesmo sentido;Com Vítimas Feridas;Pleno dia;Decrescente;Chuva;Simples;"Reta;Declive";-2.242.545.591;-4.295.329.571
18/04/2024;07:25:00;ARIQUEMES;Acesso irregular;Colisão transversal;Com Vítimas Feridas;Pleno dia;Crescente;Céu Claro;Simples;Reta;-9.897.787;-6.305.624.596
18/04/2024;08:15:00;DUQUE DE CAXIAS;Ausência de sinalização;Colisão lateral mesmo sentido;Com Vítimas Feridas;Pleno dia;Crescente;Garoa/Chuvisco;Dupla;Reta;-2.279.083.113;-4.328.611.569
18/04/2024;07:50:00;ANGRA DOS REIS;Chuva;Colisão com objeto;Com Vítimas Feridas;Pleno dia;Crescente;Chuva;Simples;Curva;-2.293.752.781;-443.185.162
18/04/2024;08:20:00;MAIRIPORA;Velocidade Incompatível;Saída de leito carroçável;Com Vítimas Feridas;Pleno dia;Decrescente;Garoa/Chuvisco;Dupla;"Declive;Curva";-2.334.875.131;-4.655.487.657
18/04/2024;09:40:00;SERRA;Acostamento em desnível;Queda de ocupante de veículo;Com Vítimas Feridas;Pleno dia;Crescente;Céu Claro;Dupla;"Reta;Aclive";-2.019.048.823;-4.026.849.747
18/04/2024;08:55:00;VITORIA DO XINGU;Acesso irregular;Colisão transversal;Com Vítimas Feridas;Pleno dia;Decrescente;Céu Claro;Simples;Declive;-317.010.353;-5.203.298.199
18/04/2024;10:30:00;IBATIBA;Conversão proibida;Colisão transversal;Com Vítimas Feridas;Pleno dia;Decrescente;Sol;Simples;Reta;-202.647.513;-4.158.453.796
18/04/2024;09:10:00;BARBACENA;Manobra de mudança de faixa;Colisão traseira;Com Vítimas Feridas;Pleno dia;Crescente;Nublado;Dupla;"Retorno Regulamentado;Curva";-21.240.724;-43.723.198
18/04/2024;11:05:00;IMPERATRIZ;Manobra de mudança de faixa;Colisão lateral mesmo sentido;Com Vítimas Feridas;Pleno dia;Crescente;Céu Claro;Simples;Reta;-5.543.249;-47.464.447
18/04/2024;14:05:00;SANTO ANTONIO DO AMPARO;Acumulo de água sobre o pavimento;Colisão com objeto;Com Vítimas Feridas;Pleno dia;Crescente;Chuva;Dupla;Curva;-2.096.227.294;-4.492.925.305
18/04/2024;14:10:00;MONTE ALEGRE DE MINAS;Acumulo de água sobre o pavimento;Saída de leito carroçável;Com Vítimas Feridas;Pleno dia;Crescente;Chuva;Dupla;"Declive;Reta";-1.889.058.755;-4.863.361.089
18/04/2024;14:10:00;MONTE ALEGRE DE MINAS;Acumulo de água sobre o pavimento;Saída de leito carroçável;Com Vítimas Feridas;Pleno dia;Crescente;Chuva;Dupla;Reta;-1.889.197.446;-4.868.891.308
18/04/2024;14:58:00;PILAR;Acesso irregular;Colisão transversal;Com Vítimas Feridas;Pleno dia;Decrescente;Céu Claro;Simples;Reta;-958.778.036;-358.801.353
18/04/2024;16:42:00;RECIFE;Acostamento em desnível;Tombamento;Com Vítimas Feridas;Pleno dia;Decrescente;Nublado;Dupla;"Reta;Declive";-81.199;-34.942.747
18/04/2024;18:00:00;PARAISO DO TOCANTINS;Desrespeitar a preferência no cruzamento;Colisão transversal;Com Vítimas Feridas;Pleno dia;Não Informado;Nublado;Simples;"Declive;Reta;Interseção de Vias";-1.017.483.505;-4.888.054.838
18/04/2024;11:00:00;ABEL FIGUEIREDO;Afundamento ou ondulação no pavimento;Saída de leito carroçável;Com Vítimas Feridas;Pleno dia;Crescente;Chuva;Simples;Reta;-5.007.687;-48.499.268
18/04/2024;14:50:00;PETROPOLIS;Pista Escorregadia;Colisão com objeto;Com Vítimas Feridas;Pleno dia;Decrescente;Garoa/Chuvisco;Simples;"Curva;Declive";-224.585.308;-4.321.600.514
18/04/2024;18:20:00;RIBAS DO RIO PARDO;Ultrapassagem Indevida;Colisão lateral sentido oposto;Com Vítimas Feridas;Plena Noite;Crescente;Céu Claro;Simples;"Declive;Reta";-2.041.755.321;-5.394.273.586
18/04/2024;19:00:00;BELA VISTA DE MINAS;Ultrapassagem Indevida;Colisão lateral mesmo sentido;Com Vítimas Feridas;Plena Noite;Decrescente;Chuva;Simples;Curva;-198.250.632;-4.308.337.498
18/04/2024;19:10:00;SANTO ANTONIO DA PLATINA;Afundamento ou ondulação no pavimento;Tombamento;Com Vítimas Feridas;Plena Noite;Crescente;Céu Claro;Simples;Aclive;-2.326.665.491;-5.006.410.039
15/04/2024;05:30:00;NOVA LARANJEIRAS;Velocidade Incompatível;Colisão com objeto;Com Vítimas Feridas;Amanhecer;Decrescente;Céu Claro;Simples;Curva;-2.535.433.409;-5.248.223.603
18/04/2024;17:40:00;GOIANINHA;Animais na Pista;Atropelamento de Animal;Com Vítimas Fatais;Anoitecer;Decrescente;Céu Claro;Dupla;Retorno Regulamentado;-6.291.358;-35.198.065
18/04/2024;18:45:00;SERRA TALHADA;Velocidade Incompatível;Queda de ocupante de veículo;Com Vítimas Feridas;Plena Noite;Decrescente;Chuva;Simples;"Interseção de Vias;Reta";-7.981.944;-38.289.467
18/04/2024;14:20:00;SAO LUIZ GONZAGA;Manobra de mudança de faixa;Colisão lateral mesmo sentido;Com Vítimas Feridas;Pleno dia;Decrescente;Sol;Simples;Reta;-28.450.102;-55.119.457
18/04/2024;19:45:00;ICARA;Acumulo de areia ou detritos sobre o pavimento;Tombamento;Com Vítimas Feridas;Plena Noite;Crescente;Céu Claro;Múltipla;"Declive;Em Obras";-2.875.898.764;-4.928.481.817
18/04/2024;22:15:00;UMBAUBA;Afundamento ou ondulação no pavimento;Queda de ocupante de veículo;Com Vítimas Fatais;Plena Noite;Crescente;Nublado;Simples;"Reta;Em Obras;Declive";-1.141.150.692;-3.769.896.613
18/04/2024;17:00:00;IRINEOPOLIS;Deficiência do Sistema de Iluminação/Sinalização;Colisão traseira;Sem Vítimas;Anoitecer;Crescente;Céu Claro;Simples;Reta;-2.629.452.167;-5.081.904.506
18/04/2024;20:00:00;PONTES E LACERDA;Animais na Pista;Atropelamento de Animal;Com Vítimas Feridas;Plena Noite;Decrescente;Céu Claro;Simples;Reta;-151.920.142;-5.942.522.049
19/04/2024;00:01:00;ROLANDIA;Velocidade Incompatível;Atropelamento de Pedestre;Com Vítimas Feridas;Plena Noite;Crescente;Céu Claro;Dupla;Reta;-2.335.136.111;-5.138.793.673
18/04/2024;22:10:00;SAO BORJA;Animais na Pista;Atropelamento de Animal;Com Vítimas Feridas;Plena Noite;Crescente;Céu Claro;Simples;Reta;-28.666.828;-55.949.959
19/04/2024;00:50:00;VITORIA DA CONQUISTA;Animais na Pista;Atropelamento de Animal;Com Vítimas Feridas;Plena Noite;Crescente;Céu Claro;Simples;Reta;-1.476.954;-40.714.733
19/04/2024;02:30:00;IMBITUVA;Velocidade Incompatível;Saída de leito carroçável;Com Vítimas Feridas;Plena Noite;Decrescente;Céu Claro;Simples;Reta;-2.525.766;-50.640.564
19/04/2024;05:30:00;PORTO VELHO;Deficiência do Sistema de Iluminação/Sinalização;Colisão traseira;Com Vítimas Feridas;Amanhecer;Crescente;Céu Claro;Dupla;Reta;-880.021.523;-6.379.557.792
19/04/2024;06:40:00;PORTO ALEGRE;Manobra de mudança de faixa;Colisão lateral mesmo sentido;Com Vítimas Feridas;Pleno dia;Crescente;Céu Claro;Dupla;Reta;-2.996.839.095;-5.117.623.895
19/04/2024;06:50:00;BRASILIA;Manobra de mudança de faixa;Colisão lateral mesmo sentido;Com Vítimas Feridas;Pleno dia;Decrescente;Céu Claro;Dupla;Reta;-16.020.903;-47.980.541
18/04/2024;21:20:00;SAO LUIS;Animais na Pista;Atropelamento de Animal;Com Vítimas Feridas;Plena Noite;Crescente;Céu Claro;Dupla;Reta;-263.608.835;-4.426.848.552
19/04/2024;07:40:00;FORTALEZA;Manobra de mudança de faixa;Colisão lateral mesmo sentido;Com Vítimas Feridas;Pleno dia;Decrescente;Nublado;Múltipla;Reta;-377.866.493;-3.851.490.171
19/04/2024;08:00:00;PALMAS;Manobra de mudança de faixa;Colisão lateral mesmo sentido;Com Vítimas Feridas;Pleno dia;Crescente;Céu Claro;Múltipla;Reta;-1.029.955.019;-4.829.679.966
19/04/2024;07:54:00;GUARULHOS;Manobra de mudança de faixa;Colisão traseira;Com Vítimas Feridas;Pleno dia;Crescente;Sol;Múltipla;Reta;-2.343.971.486;-4.643.667.806
19/04/2024;05:15:00;SALDANHA MARINHO;Ausência de sinalização;Saída de leito carroçável;Com Vítimas Feridas;Plena Noite;Decrescente;Ignorado;Simples;"Curva;Em Obras";-28.394.472;-53.056.217
19/04/2024;07:40:00;SALVADOR;Manobra de mudança de faixa;Colisão lateral mesmo sentido;Com Vítimas Feridas;Pleno dia;Crescente;Céu Claro;Dupla;Reta;-1.289.820.999;-3.845.012.202
19/04/2024;07:30:00;SAO MIGUEL DO OESTE;Velocidade Incompatível;Colisão lateral sentido oposto;Com Vítimas Feridas;Pleno dia;Decrescente;Sol;Dupla;Curva;-2.672.772.401;-5.351.281.303
19/04/2024;08:00:00;TRES MARIAS;Velocidade Incompatível;Capotamento;Com Vítimas Feridas;Pleno dia;Crescente;Chuva;Simples;"Declive;Curva";-1.851.827.205;-4.507.763.386
19/04/2024;09:00:00;DUQUE DE CAXIAS;Pista Escorregadia;Colisão com objeto;Com Vítimas Feridas;Pleno dia;Crescente;Chuva;Dupla;Curva;-225.554.282;-4.325.829.998
03/04/2024;15:40:00;SAO GONCALO;Manobra de mudança de faixa;Colisão traseira;Com Vítimas Feridas;Pleno dia;Decrescente;Céu Claro;Dupla;Reta;-2.281.049.093;-4.306.983.304
19/04/2024;11:05:00;APARECIDA DE GOIANIA;Demais Fenômenos da natureza;Eventos atípicos;Sem Vítimas;Pleno dia;Decrescente;Céu Claro;Simples;Reta;-167.888;-492.379
19/04/2024;10:00:00;PERDOES;Velocidade Incompatível;Saída de leito carroçável;Com Vítimas Feridas;Pleno dia;Decrescente;Nublado;Dupla;"Curva;Interseção de Vias;Declive";-21.140.046;-45.104.398
19/04/2024;11:40:00;CAMPINA GRANDE;Desrespeitar a preferência no cruzamento;Colisão transversal;Com Vítimas Feridas;Pleno dia;Crescente;Céu Claro;Simples;"Rotatória;Reta";-72.582;-359.267
19/04/2024;09:25:00;JUAZEIRO;Manobra de mudança de faixa;Colisão lateral mesmo sentido;Com Vítimas Feridas;Pleno dia;Crescente;Sol;Dupla;Rotatória;-94.077.522;-4.050.490.917
14/03/2024;15:10:00;GARANHUNS;Chuva;Saída de leito carroçável;Com Vítimas Feridas;Pleno dia;Crescente;Nublado;Simples;Reta;-882.538.475;-3.655.412.583
19/04/2024;13:00:00;SAO JOSE;Manobra de mudança de faixa;Colisão lateral mesmo sentido;Com Vítimas Feridas;Pleno dia;Crescente;Céu Claro;Múltipla;Reta;-2.754.836.599;-4.861.977.975
19/04/2024;11:25:00;PICOS;Desrespeitar a preferência no cruzamento;Colisão transversal;Com Vítimas Feridas;Pleno dia;Decrescente;Céu Claro;Simples;Interseção de Vias;-707.951.262;-4.143.236.492
13/04/2024;02:15:00;IRANI;Ultrapassagem Indevida;Colisão frontal;Com Vítimas Feridas;Plena Noite;Crescente;Céu Claro;Simples;Reta;-27.018.208;-51.883.216
19/04/2024;13:20:00;SAO FRANCISCO DO SUL;Acumulo de areia ou detritos sobre o pavimento;Tombamento;Com Vítimas Feridas;Pleno dia;Decrescente;Céu Claro;Múltipla;Rotatória;-2.625.329.566;-4.861.916.042
19/04/2024;14:30:00;BIGUACU;Manobra de mudança de faixa;Colisão lateral sentido oposto;Com Vítimas Feridas;Pleno dia;Crescente;Céu Claro;Múltipla;Reta;-2.751.844.497;-4.863.848.496
19/04/2024;16:00:00;FORTALEZA;Velocidade Incompatível;Colisão com objeto;Com Vítimas Feridas;Pleno dia;Crescente;Nublado;Simples;"Declive;Curva";-3.852.077;-38.495.525
19/04/2024;15:20:00;BONFIM;Manobra de mudança de faixa;Colisão lateral mesmo sentido;Sem Vítimas;Pleno dia;Não Informado;Nublado;Simples;Reta;301.385.239;-604.097.314
19/04/2024;17:00:00;CONGONHAS;Desrespeitar a preferência no cruzamento;Colisão transversal;Com Vítimas Feridas;Pleno dia;Decrescente;Ignorado;Simples;"Interseção de Vias;Reta";-2.055.683.393;-4.381.417.215
19/04/2024;16:59:00;CANOAS;Manobra de mudança de faixa;Colisão lateral mesmo sentido;Com Vítimas Feridas;Pleno dia;Decrescente;Céu Claro;Dupla;Reta;-2.990.545.398;-5.117.674.031
19/04/2024;17:00:00;ABREU E LIMA;Manobra de mudança de faixa;Colisão lateral mesmo sentido;Com Vítimas Feridas;Anoitecer;Crescente;Céu Claro;Múltipla;Reta;-789.466;-34.903.159
19/04/2024;12:00:00;ZE DOCA;Manobra de mudança de faixa;Colisão transversal;Com Vítimas Feridas;Pleno dia;Crescente;Sol;Simples;Reta;-3.268.695;-45.655.586
19/04/2024;18:30:00;CONTAGEM;Ausência de sinalização;Colisão traseira;Com Vítimas Feridas;Anoitecer;Crescente;Céu Claro;Dupla;"Reta;Aclive";-1.992.064.782;-440.335.681
19/04/2024;16:20:00;SALVADOR;Ultrapassagem Indevida;Colisão lateral mesmo sentido;Com Vítimas Feridas;Pleno dia;Crescente;Céu Claro;Simples;Curva;-1.287.957.905;-3.843.213.893
19/04/2024;17:30:00;ARAPONGAS;Acesso irregular;Colisão transversal;Com Vítimas Feridas;Anoitecer;Decrescente;Céu Claro;Dupla;Reta;-23.393;-51.423
19/04/2024;18:00:00;CANUDOS;Animais na Pista;Atropelamento de Animal;Com Vítimas Feridas;Plena Noite;Decrescente;Céu Claro;Simples;Reta;-99.401.075;-3.909.416.199
19/04/2024;18:25:00;ARCOVERDE;Ultrapassagem Indevida;Colisão lateral sentido oposto;Sem Vítimas;Plena Noite;Crescente;Céu Claro;Simples;Reta;-840.988.226;-3.709.335.003
19/04/2024;18:10:00;RIO BRANCO;Manobra de mudança de faixa;Colisão lateral mesmo sentido;Com Vítimas Feridas;Anoitecer;Decrescente;Céu Claro;Dupla;Rotatória;-1.001.200.277;-6.779.796.124
19/04/2024;19:08:00;RECIFE;Manobra de mudança de faixa;Colisão traseira;Com Vítimas Feridas;Plena Noite;Decrescente;Céu Claro;Dupla;Reta;-807.663.102;-3.494.277.871
19/04/2024;19:30:00;ITAJAI;Velocidade Incompatível;Colisão lateral mesmo sentido;Com Vítimas Feridas;Plena Noite;Decrescente;Nublado;Dupla;Reta;-2.687.064.015;-4.872.954.134
19/04/2024;19:50:00;POCOS DE CALDAS;Iluminação deficiente;Saída de leito carroçável;Com Vítimas Feridas;Plena Noite;Crescente;Céu Claro;Simples;Reta;-21.838.104;-46.443.806
19/04/2024;20:00:00;CAMPO MOURAO;Ultrapassagem Indevida;Colisão lateral sentido oposto;Com Vítimas Feridas;Plena Noite;Crescente;Céu Claro;Simples;"Declive;Reta";-24.088.898;-52.395.732
19/04/2024;18:00:00;PETROPOLIS;Curva acentuada;Tombamento;Com Vítimas Feridas;Plena Noite;Crescente;Céu Claro;Dupla;Curva;-2.256.775.856;-4.325.093.335
19/04/2024;19:40:00;BALNEARIO CAMBORIU;Desrespeitar a preferência no cruzamento;Colisão frontal;Com Vítimas Feridas;Plena Noite;Decrescente;Céu Claro;Simples;Reta;-2.699.064.209;-4.866.310.912
19/04/2024;21:50:00;CAMPINA GRANDE;Acesso irregular;Colisão transversal;Com Vítimas Feridas;Plena Noite;Decrescente;Céu Claro;Simples;Reta;-71.976;-35.955
19/04/2024;23:05:00;FOZ DO IGUACU;Velocidade Incompatível;Colisão traseira;Sem Vítimas;Plena Noite;Decrescente;Céu Claro;Dupla;Reta;-255.469;-545.882
19/04/2024;21:00:00;IRATI;Conversão proibida;Colisão transversal;Com Vítimas Feridas;Plena Noite;Decrescente;Céu Claro;Simples;"Reta;Interseção de Vias";-2.549.925.397;-506.487
19/04/2024;23:20:00;VITORIA DA CONQUISTA;Pista Escorregadia;Saída de leito carroçável;Com Vítimas Feridas;Plena Noite;Decrescente;Nevoeiro/Neblina;Múltipla;Curva;-1.482.568;-4.088.434
20/04/2024;00:25:00;BARRA VELHA;Velocidade Incompatível;Colisão com objeto;Com Vítimas Feridas;Plena Noite;Crescente;Céu Claro;Múltipla;"Declive;Reta";-2.665.175.997;-4.868.721.921
20/04/2024;00:15:00;ARIQUEMES;Animais na Pista;Atropelamento de Animal;Com Vítimas Feridas;Plena Noite;Decrescente;Céu Claro;Simples;Reta;-987.961.004;-6.305.725.347
19/04/2024;22:10:00;BENTO GONCALVES;Velocidade Incompatível;Colisão frontal;Com Vítimas Fatais;Plena Noite;Decrescente;Céu Claro;Simples;Curva;-2.913.007.252;-515.419.507
19/04/2024;23:40:00;TERESINA;Estacionar ou parar em local proibido;Colisão com objeto;Com Vítimas Feridas;Plena Noite;Crescente;Nublado;Simples;Reta;-514.169.858;-4.278.157.276
20/04/2024;01:37:00;CONTAGEM;Iluminação deficiente;Atropelamento de Pedestre;Com Vítimas Feridas;Plena Noite;Decrescente;Céu Claro;Dupla;Reta;-198.754.469;-4.405.345.586
20/04/2024;03:15:00;GOIANIA;Velocidade Incompatível;Capotamento;Sem Vítimas;Plena Noite;Decrescente;Céu Claro;Dupla;"Declive;Reta";-166.681;-492.263
20/04/2024;02:30:00;MAGE;Conversão proibida;Colisão transversal;Com Vítimas Feridas;Plena Noite;Decrescente;Céu Claro;Simples;Reta;-2.266.364;-43.036.495
20/04/2024;00:30:00;ALTOS;Animais na Pista;Atropelamento de Animal;Sem Vítimas;Plena Noite;Crescente;Nublado;Simples;Reta;-5.039.865;-4.249.408
20/04/2024;03:10:00;CAMPINA GRANDE DO SUL;Velocidade Incompatível;Colisão com objeto;Com Vítimas Feridas;Plena Noite;Crescente;Nevoeiro/Neblina;Múltipla;Curva;-251.882.321;-4.888.492.529
20/04/2024;06:50:00;CONTAGEM;Manobra de mudança de faixa;Colisão transversal;Com Vítimas Feridas;Pleno dia;Crescente;Céu Claro;Dupla;"Reta;Viaduto";-1.988.361.702;-4.405.039.336
18/04/2024;05:00:00;ARAXA;Velocidade Incompatível;Capotamento;Sem Vítimas;Amanhecer;Crescente;Céu Claro;Simples;Curva;-1.954.865;-46.948.124
20/04/2024;06:35:00;FLORIANOPOLIS;Velocidade Incompatível;Colisão com objeto;Com Vítimas Feridas;Pleno dia;Crescente;Céu Claro;Múltipla;Reta;-27.603.289;-48.590.416
20/04/2024;05:30:00;JEQUIE;Animais na Pista;Atropelamento de Animal;Com Vítimas Feridas;Amanhecer;Crescente;Nublado;Simples;"Reta;Aclive";-13.887.287;-40.030.036
20/04/2024;08:00:00;CANOAS;Fumaça;Incêndio;Sem Vítimas;Pleno dia;Decrescente;Céu Claro;Simples;Reta;-2.993.083.728;-511.773.634
20/04/2024;08:30:00;CAMPO REDONDO;Chuva;Saída de leito carroçável;Com Vítimas Feridas;Pleno dia;Crescente;Chuva;Simples;"Declive;Curva";-620.000.973;-3.615.312.304
20/04/2024;08:30:00;JOAO PESSOA;Velocidade Incompatível;Colisão com objeto;Com Vítimas Feridas;Pleno dia;Decrescente;Chuva;Dupla;Curva;-716.603.451;-3.489.461.405
20/04/2024;08:50:00;TAIPU;Velocidade Incompatível;Colisão com objeto;Com Vítimas Feridas;Pleno dia;Crescente;Chuva;Simples;"Curva;Aclive";-56.219.933;-356.040.879
20/04/2024;08:00:00;SAO GONCALO;Velocidade Incompatível;Colisão traseira;Com Vítimas Feridas;Pleno dia;Crescente;Céu Claro;Dupla;Reta;-2.279.717.023;-4.304.404.993
20/04/2024;11:00:00;FORTALEZA;Manobra de mudança de faixa;Colisão lateral mesmo sentido;Com Vítimas Feridas;Pleno dia;Decrescente;Garoa/Chuvisco;Múltipla;Declive;-373.911.117;-3.858.687.498
20/04/2024;11:00:00;SENADOR JOSE BENTO;Velocidade Incompatível;Capotamento;Com Vítimas Feridas;Pleno dia;Crescente;Céu Claro;Simples;Curva;-22.131.153;-46.152.573
20/04/2024;09:50:00;CUIABA;Acesso irregular;Colisão lateral mesmo sentido;Com Vítimas Feridas;Pleno dia;Crescente;Céu Claro;Dupla;Interseção de Vias;-1.566.507.402;-5.596.307.764
20/04/2024;09:45:00;MANGARATIBA;Conversão proibida;Colisão frontal;Sem Vítimas;Pleno dia;Crescente;Céu Claro;Simples;"Aclive;Reta";-2.293.437.472;-4.402.919.087
20/04/2024;12:20:00;CANOAS;Pista esburacada;Tombamento;Com Vítimas Feridas;Pleno dia;Decrescente;Céu Claro;Simples;"Reta;Rotatória;Interseção de Vias";-2.990.545.398;-5.117.674.031
20/04/2024;12:00:00;CASCAVEL;Velocidade Incompatível;Saída de leito carroçável;Sem Vítimas;Pleno dia;Crescente;Céu Claro;Dupla;Reta;-24.897.235;-53.533.793
20/04/2024;11:53:00;ARAPONGAS;Ultrapassagem Indevida;Colisão lateral mesmo sentido;Com Vítimas Feridas;Pleno dia;Crescente;Céu Claro;Simples;Interseção de Vias;-234.055;-5.142.835
20/04/2024;12:15:00;VOLTA REDONDA;Ultrapassagem Indevida;Colisão lateral mesmo sentido;Com Vítimas Feridas;Pleno dia;Crescente;Céu Claro;Simples;Reta;-22.499.693;-440.729.946
20/04/2024;12:55:00;RODEIO;Manobra de mudança de faixa;Colisão transversal;Com Vítimas Fatais;Pleno dia;Crescente;Céu Claro;Simples;Reta;-2.695.666;-4.932.574
20/04/2024;13:15:00;SANTA LUZIA;Velocidade Incompatível;Queda de ocupante de veículo;Com Vítimas Feridas;Pleno dia;Decrescente;Sol;Simples;Curva;-1.983.435.173;-4.385.962.899
20/04/2024;14:25:00;CURITIBA;Manobra de mudança de faixa;Colisão lateral mesmo sentido;Com Vítimas Feridas;Pleno dia;Decrescente;Sol;Dupla;Curva;-2.547.469.245;-4.920.872.503
20/04/2024;11:00:00;JUAZEIRO;Acesso irregular;Colisão transversal;Com Vítimas Feridas;Pleno dia;Crescente;Céu Claro;Simples;Reta;-943.174.507;-4.049.803.816
17/04/2024;06:50:00;RIO DE JANEIRO;Conversão proibida;Queda de ocupante de veículo;Com Vítimas Feridas;Pleno dia;Crescente;Céu Claro;Dupla;Reta;-2.280.681.141;-4.334.125.942
20/04/2024;15:00:00;PORTO ALEGRE;Manobra de mudança de faixa;Colisão lateral mesmo sentido;Com Vítimas Feridas;Pleno dia;Decrescente;Sol;Dupla;Reta;-29.968.319;-51.157.398
20/04/2024;12:15:00;BARRACAO;Ultrapassagem Indevida;Colisão lateral sentido oposto;Com Vítimas Feridas;Pleno dia;Crescente;Sol;Simples;"Declive;Reta";-2.628.988.559;-5.347.440.109