data_inversa;horario;municipio;causa_acidente;tipo_acidente;classificacao_acidente;fase_dia;sentido_via;condicao_metereologica;tipo_pista;tracado_via;latitude;longitude
20/04/2024;16:30:00;ALEXANIA;Velocidade Incompatível;Saída de leito carroçável;Com Vítimas Feridas;Pleno dia;Crescente;Céu Claro;Dupla;"Curva;Declive";-16.109.115;-48.448.041
20/04/2024;15:40:00;POUSO ALTO;Velocidade Incompatível;Capotamento;Com Vítimas Feridas;Pleno dia;Decrescente;Céu Claro;Simples;"Reta;Aclive";-2.217.502.858;-4.497.005.105
20/04/2024;17:05:00;MATELANDIA;Velocidade Incompatível;Tombamento;Com Vítimas Feridas;Pleno dia;Decrescente;Céu Claro;Dupla;Curva;-2.525.121.745;-5.400.913.508
20/04/2024;17:20:00;BEZERROS;Chuva;Saída de leito carroçável;Com Vítimas Feridas;Anoitecer;Decrescente;Chuva;Simples;Reta;-826.300.269;-3.579.029.821
20/04/2024;16:38:00;TERESINA;Manobra de mudança de faixa;Colisão lateral mesmo sentido;Com Vítimas Feridas;Pleno dia;Crescente;Chuva;Múltipla;Reta;-512.543;-4.279.995
20/04/2024;19:00:00;SAO JOSE;Desrespeitar a preferência no cruzamento;Colisão transversal;Com Vítimas Feridas;Plena Noite;Decrescente;Céu Claro;Dupla;Viaduto;-2.761.000.542;-4.863.895.057
20/04/2024;19:20:00;EWBANK DA CAMARA;Conversão proibida;Colisão transversal;Com Vítimas Feridas;Plena Noite;Decrescente;Céu Claro;Simples;Curva;-21.486.045;-4.353.483
20/04/2024;18:40:00;QUEIMADAS;Animais na Pista;Atropelamento de Animal;Com Vítimas Feridas;Plena Noite;Decrescente;Nublado;Simples;"Reta;Aclive";-741.378.301;-3.589.590.012
20/04/2024;19:00:00;REBOUCAS;Manobra de mudança de faixa;Colisão lateral sentido oposto;Com Vítimas Feridas;Plena Noite;Crescente;Céu Claro;Simples;Curva;-2.562.594.193;-50.719.173
20/04/2024;19:10:00;POSSE;Velocidade Incompatível;Colisão traseira;Com Vítimas Fatais;Plena Noite;Decrescente;Céu Claro;Simples;Reta;-14.102.798;-46.303.566
20/04/2024;19:50:00;BETIM;Manobra de mudança de faixa;Colisão lateral mesmo sentido;Com Vítimas Feridas;Plena Noite;Crescente;Céu Claro;Dupla;"Reta;Declive";-2.001.172.662;-4.421.976.041
20/04/2024;19:10:00;RIO NEGRINHO;Manobra de mudança de faixa;Tombamento;Com Vítimas Feridas;Plena Noite;Crescente;Céu Claro;Simples;"Aclive;Reta;Interseção de Vias";-2.625.325.346;-4.953.021.884
20/04/2024;19:35:00;ORIZANIA;Acesso irregular;Colisão lateral mesmo sentido;Com Vítimas Feridas;Plena Noite;Decrescente;Céu Claro;Simples;"Reta;Interseção de Vias";-20.547.563;-42.208.299
20/04/2024;18:30:00;GOVERNADOR VALADARES;Animais na Pista;Colisão lateral mesmo sentido;Com Vítimas Feridas;Plena Noite;Decrescente;Céu Claro;Simples;Reta;-1.888.190.287;-4.199.497.022
20/04/2024;21:00:00;CARAVELAS;Animais na Pista;Atropelamento de Animal;Com Vítimas Feridas;Plena Noite;Decrescente;Nublado;Simples;Reta;-1.771.917.412;-3.952.051.096
20/04/2024;19:30:00;RIO VERDE;Animais na Pista;Colisão com objeto;Com Vítimas Feridas;Plena Noite;Crescente;Céu Claro;Múltipla;Reta;-17.823;-509.515
20/04/2024;21:20:00;JACAREI;Animais na Pista;Atropelamento de Animal;Com Vítimas Feridas;Plena Noite;Crescente;Céu Claro;Dupla;Reta;-2.328.133.317;-4.598.394.689
20/04/2024;19:30:00;ARAQUARI;Ultrapassagem Indevida;Colisão transversal;Com Vítimas Feridas;Plena Noite;Crescente;Céu Claro;Simples;Reta;-2.638.972.308;-4.873.411.593
20/04/2024;19:20:00;DUQUE DE CAXIAS;Ultrapassagem Indevida;Colisão frontal;Com Vítimas Feridas;Plena Noite;Decrescente;Céu Claro;Simples;"Curva;Aclive;Viaduto";-2.276.375.592;-4.328.683.062
20/04/2024;22:10:00;HORIZONTE;Animais na Pista;Atropelamento de Animal;Com Vítimas Feridas;Plena Noite;Crescente;Céu Claro;Dupla;Curva;-409.496.999;-3.850.351.984
20/04/2024;22:15:00;SALVADOR;Chuva;Colisão com objeto;Com Vítimas Feridas;Plena Noite;Crescente;Chuva;Dupla;Reta;-1.292.628.699;-3.846.838.679
20/04/2024;21:04:00;MANHUACU;Conversão proibida;Colisão transversal;Com Vítimas Feridas;Plena Noite;Crescente;Céu Claro;Simples;Reta;-2.025.932.046;-4.202.298.331
20/04/2024;20:45:00;SANTA CRUZ DO SUL;Desrespeitar a preferência no cruzamento;Colisão transversal;Com Vítimas Feridas;Plena Noite;Decrescente;Céu Claro;Simples;Reta;-2.977.912.876;-5.241.568.565
20/04/2024;22:15:00;CUNHA PORA;Demais falhas na via;Queda de ocupante de veículo;Com Vítimas Feridas;Plena Noite;Decrescente;Céu Claro;Simples;Reta;-2.683.448.722;-5.317.708.969
20/04/2024;22:40:00;SAO JOSE;Animais na Pista;Tombamento;Com Vítimas Feridas;Plena Noite;Decrescente;Céu Claro;Múltipla;Reta;-275.650.044;-4.861.460.082
21/04/2024;00:15:00;PELOTAS;Velocidade Incompatível;Saída de leito carroçável;Com Vítimas Feridas;Plena Noite;Crescente;Céu Claro;Múltipla;Reta;-3.170.515.906;-5.236.543.179
21/04/2024;00:30:00;MURIAE;Desrespeitar a preferência no cruzamento;Colisão transversal;Com Vítimas Feridas;Plena Noite;Crescente;Céu Claro;Simples;"Declive;Reta;Interseção de Vias";-2.112.808.963;-4.234.621.167
21/04/2024;02:00:00;RIO GRANDE;Velocidade Incompatível;Saída de leito carroçável;Com Vítimas Feridas;Plena Noite;Crescente;Céu Claro;Simples;Curva;-3.207.687.877;-5.210.166.627
21/04/2024;02:00:00;JUIZ DE FORA;Velocidade Incompatível;Saída de leito carroçável;Com Vítimas Feridas;Plena Noite;Decrescente;Céu Claro;Dupla;"Declive;Curva";-2.170.287.093;-4.345.263.362
21/04/2024;03:40:00;UBERABA;Velocidade Incompatível;Tombamento;Com Vítimas Feridas;Plena Noite;Crescente;Céu Claro;Dupla;Reta;-1.976.063.273;-4.814.580.492
21/04/2024;04:05:00;JOINVILLE;Velocidade Incompatível;Saída de leito carroçável;Com Vítimas Feridas;Plena Noite;Crescente;Céu Claro;Simples;"Aclive;Reta";-2.629.787.804;-4.888.413.906
21/04/2024;06:00:00;CURITIBA;Manobra de mudança de faixa;Colisão traseira;Com Vítimas Feridas;Pleno dia;Decrescente;Céu Claro;Dupla;Reta;-2.547.421.493;-4.920.924.425
21/04/2024;06:15:00;PELOTAS;Neblina;Saída de leito carroçável;Sem Vítimas;Amanhecer;Decrescente;Céu Claro;Simples;Reta;-3.169.748.285;-5.242.085.591
21/04/2024;06:27:00;MACAIBA;Animais na Pista;Atropelamento de Animal;Sem Vítimas;Pleno dia;Decrescente;Céu Claro;Simples;Reta;-58.568.871;-3.533.594.493
21/04/2024;07:00:00;EMBU DAS ARTES;Manobra de mudança de faixa;Colisão lateral mesmo sentido;Com Vítimas Feridas;Amanhecer;Crescente;Céu Claro;Dupla;Reta;-2.369.297.005;-4.686.352.786
21/04/2024;03:00:00;UNIAO DOS PALMARES;Declive acentuado;Saída de leito carroçável;Com Vítimas Feridas;Plena Noite;Crescente;Nublado;Simples;Curva;-907.371.688;-3.603.702.576
21/04/2024;07:30:00;PIMENTA BUENO;Ultrapassagem Indevida;Colisão frontal;Com Vítimas Feridas;Pleno dia;Crescente;Nublado;Simples;Reta;-11.656.226;-61.192.055
21/04/2024;09:00:00;QUATRO BARRAS;Curva acentuada;Saída de leito carroçável;Sem Vítimas;Pleno dia;Crescente;Céu Claro;Dupla;Curva;-253.478;-490.493
21/04/2024;10:15:00;ESTEIO;Afundamento ou ondulação no pavimento;Tombamento;Com Vítimas Feridas;Pleno dia;Decrescente;Céu Claro;Dupla;"Reta;Em Obras";-2.985.848.794;-5.118.062.806
21/04/2024;12:10:00;PARAOPEBA;Afundamento ou ondulação no pavimento;Queda de ocupante de veículo;Com Vítimas Feridas;Pleno dia;Decrescente;Céu Claro;Dupla;Aclive;-1.928.815;-44.392
21/04/2024;12:00:00;MANDAGUARI;Ausência de sinalização;Colisão lateral mesmo sentido;Com Vítimas Feridas;Pleno dia;Decrescente;Céu Claro;Simples;"Interseção de Vias;Reta";-23.547.966;-51.671.265
21/04/2024;11:45:00;PRIMAVERA DO LESTE;Ultrapassagem Indevida;Colisão lateral mesmo sentido;Com Vítimas Feridas;Pleno dia;Decrescente;Céu Claro;Simples;Reta;-1.555.357.814;-5.426.204.493
21/04/2024;13:30:00;APUCARANA;Velocidade Incompatível;Colisão com objeto;Com Vítimas Feridas;Pleno dia;Crescente;Céu Claro;Dupla;"Curva;Viaduto";-2.358.521.682;-5.147.297.601
21/04/2024;16:00:00;CONDE;Velocidade Incompatível;Tombamento;Com Vítimas Feridas;Pleno dia;Decrescente;Céu Claro;Dupla;Reta;-72.557.332;-3.493.469.152
21/04/2024;15:30:00;JUIZ DE FORA;Velocidade Incompatível;Colisão com objeto;Com Vítimas Feridas;Pleno dia;Decrescente;Céu Claro;Dupla;Curva;-21.749.239;-43.444.893
21/04/2024;10:50:00;CACAPAVA;Velocidade Incompatível;Tombamento;Com Vítimas Feridas;Pleno dia;Crescente;Céu Claro;Simples;Interseção de Vias;-2.312.742.083;-4.573.636.609
21/04/2024;16:40:00;FEIRA DE SANTANA;Velocidade Incompatível;Capotamento;Com Vítimas Feridas;Pleno dia;Crescente;Chuva;Dupla;Curva;-1.232.818.491;-3.886.174.193
21/04/2024;16:30:00;DEMERVAL LOBAO;Chuva;Saída de leito carroçável;Com Vítimas Feridas;Pleno dia;Crescente;Chuva;Dupla;Declive;-530.731.981;-4.270.586.014
21/04/2024;14:45:00;CAMPOS NOVOS;Velocidade Incompatível;Saída de leito carroçável;Com Vítimas Feridas;Pleno dia;Crescente;Céu Claro;Simples;Reta;-27.408.455;-51.214.985
21/04/2024;16:20:00;ABADIA DE GOIAS;Frear bruscamente;Colisão com objeto;Sem Vítimas;Pleno dia;Decrescente;Sol;Simples;Reta;-167.848;-494.946
21/04/2024;18:00:00;GARANHUNS;Animais na Pista;Atropelamento de Animal;Com Vítimas Feridas;Plena Noite;Decrescente;Céu Claro;Simples;Curva;-889.138.375;-3.650.571.483
21/04/2024;17:50:00;JUIZ DE FORA;Velocidade Incompatível;Colisão com objeto;Sem Vítimas;Anoitecer;Crescente;Céu Claro;Dupla;Curva;-2.173.607.735;-4.344.262.787
21/04/2024;17:50:00;APARECIDA DO TABOADO;Animais na Pista;Atropelamento de Animal;Com Vítimas Feridas;Plena Noite;Decrescente;Céu Claro;Simples;Reta;-2.011.578.496;-5.117.867.303
21/04/2024;18:30:00;MORRETES;Acumulo de areia ou detritos sobre o pavimento;Queda de ocupante de veículo;Com Vítimas Feridas;Plena Noite;Decrescente;Céu Claro;Dupla;Interseção de Vias;-25.537.361;-48.767.217
21/04/2024;17:11:00;MATELANDIA;Acumulo de areia ou detritos sobre o pavimento;Saída de leito carroçável;Com Vítimas Fatais;Pleno dia;Decrescente;Céu Claro;Dupla;Curva;-2.525.136.237;-5.399.027.796
21/04/2024;17:28:00;ATIBAIA;Manobra de mudança de faixa;Colisão lateral mesmo sentido;Com Vítimas Feridas;Anoitecer;Crescente;Céu Claro;Múltipla;Reta;-2.302.679.312;-4.653.612.988
21/04/2024;17:30:00;LAGUNA;Velocidade Incompatível;Colisão com objeto;Com Vítimas Fatais;Anoitecer;Decrescente;Céu Claro;Múltipla;Reta;-284.296.376;-488.033.845
21/04/2024;18:05:00;SINOP;Desrespeitar a preferência no cruzamento;Colisão transversal;Com Vítimas Feridas;Plena Noite;Crescente;Céu Claro;Dupla;"Interseção de Vias;Retorno Regulamentado;Curva";-1.189.184.946;-5.550.311.208
21/04/2024;16:40:00;LAGES;Animais na Pista;Atropelamento de Animal;Com Vítimas Feridas;Pleno dia;Crescente;Céu Claro;Simples;"Reta;Declive";-27.795.521;-50.323.608
21/04/2024;18:30:00;PETROLINA;Animais na Pista;Atropelamento de Animal;Com Vítimas Feridas;Plena Noite;Decrescente;Céu Claro;Simples;Declive;-880.880.218;-4.083.531.009
21/04/2024;20:25:00;MOSSORO;Frear bruscamente;Tombamento;Com Vítimas Feridas;Plena Noite;Decrescente;Chuva;Simples;Interseção de Vias;-520.338.376;-3.732.563.418
21/04/2024;19:15:00;CACHOEIRA DO SUL;Deficiência do Sistema de Iluminação/Sinalização;Colisão traseira;Com Vítimas Fatais;Plena Noite;Decrescente;Céu Claro;Simples;"Reta;Aclive";-2.997.337.543;-5.293.384.552
21/04/2024;18:10:00;JATAI;Acumulo de água sobre o pavimento;Colisão com objeto;Com Vítimas Feridas;Anoitecer;Crescente;Céu Claro;Dupla;Reta;-17.920.603;-51.739.265
21/04/2024;18:20:00;MONTE CASTELO;Ultrapassagem Indevida;Colisão frontal;Com Vítimas Feridas;Plena Noite;Crescente;Céu Claro;Simples;Curva;-2.649.609.399;-5.023.312.331
21/04/2024;16:00:00;PORTO GRANDE;Manobra de mudança de faixa;Colisão frontal;Com Vítimas Feridas;Pleno dia;Crescente;Nublado;Simples;Reta;0.70564616;-5.141.271.608
21/04/2024;16:00:00;PORTO VELHO;Desrespeitar a preferência no cruzamento;Colisão transversal;Com Vítimas Feridas;Pleno dia;Crescente;Céu Claro;Simples;"Reta;Interseção de Vias";-965.936.598;-6.574.653.626
21/04/2024;21:50:00;ERECHIM;Desrespeitar a preferência no cruzamento;Colisão transversal;Com Vítimas Feridas;Plena Noite;Crescente;Céu Claro;Simples;"Reta;Rotatória";-2.765.623.359;-5.227.554.709
21/04/2024;20:05:00;INHAPIM;Animais na Pista;Atropelamento de Animal;Com Vítimas Feridas;Plena Noite;Decrescente;Céu Claro;Simples;Declive;-1.952.772.702;-4.212.719.586
21/04/2024;23:10:00;AQUIRAZ;Velocidade Incompatível;Capotamento;Sem Vítimas;Plena Noite;Decrescente;Garoa/Chuvisco;Dupla;Reta;-394.905.489;-3.851.212.845
21/04/2024;23:00:00;CASCAVEL;Velocidade Incompatível;Colisão traseira;Com Vítimas Feridas;Plena Noite;Crescente;Céu Claro;Simples;Reta;-2.498.120.697;-5.345.591.501
21/04/2024;23:09:00;PEIXE;Animais na Pista;Atropelamento de Animal;Com Vítimas Feridas;Plena Noite;Crescente;Céu Claro;Dupla;Reta;-1.208.683.602;-4.853.059.309
22/04/2024;00:30:00;GUARULHOS;Neblina;Colisão com objeto;Com Vítimas Feridas;Plena Noite;Crescente;Nublado;Múltipla;Declive;-2.345.770.641;-4.648.050.605
21/04/2024;22:25:00;DIVISA ALEGRE;Demais falhas na via;Saída de leito carroçável;Com Vítimas Fatais;Plena Noite;Decrescente;Garoa/Chuvisco;Simples;Interseção de Vias;-1.574.599.734;-4.133.605.957
22/04/2024;04:30:00;CANINDE;Animais na Pista;Atropelamento de Animal;Com Vítimas Feridas;Amanhecer;Crescente;Céu Claro;Simples;Reta;-440.629.748;-393.236.974
22/04/2024;05:40:00;TRES PASSOS;Desrespeitar a preferência no cruzamento;Colisão transversal;Com Vítimas Feridas;Amanhecer;Decrescente;Nublado;Simples;Interseção de Vias;-2.745.233.977;-5.394.666.764
22/04/2024;00:30:00;UBATUBA;Acumulo de areia ou detritos sobre o pavimento;Tombamento;Com Vítimas Feridas;Plena Noite;Decrescente;Céu Claro;Simples;Rotatória;-234.623.355;-4.506.476.561
01/04/2024;17:00:00;BALNEARIO CAMBORIU;Manobra de mudança de faixa;Colisão lateral mesmo sentido;Com Vítimas Feridas;Pleno dia;Crescente;Céu Claro;Múltipla;Curva;-2.702.982.303;-4.860.115.006
17/04/2024;21:32:00;NAVIRAI;Animais na Pista;Atropelamento de Animal;Sem Vítimas;Plena Noite;Crescente;Vento;Simples;Reta;-2.312.766.959;-5.420.287.267
22/04/2024;06:00:00;CAJAZEIRAS;Animais na Pista;Atropelamento de Animal;Com Vítimas Feridas;Amanhecer;Decrescente;Nublado;Simples;"Reta;Interseção de Vias";-68.944;-385.429
22/04/2024;02:10:00;BALNEARIO CAMBORIU;Velocidade Incompatível;Capotamento;Sem Vítimas;Plena Noite;Crescente;Céu Claro;Dupla;Reta;-2.699.654.133;-4.865.564.711
22/04/2024;07:20:00;SANTO ANTONIO DA PLATINA;Neblina;Queda de ocupante de veículo;Com Vítimas Feridas;Pleno dia;Decrescente;Nevoeiro/Neblina;Dupla;Reta;-23.302.118;-5.007.031
22/04/2024;08:00:00;GUARAMIRIM;Manobra de mudança de faixa;Colisão lateral mesmo sentido;Com Vítimas Feridas;Pleno dia;Decrescente;Céu Claro;Dupla;Reta;-2.647.947.677;-4.900.298.702
21/04/2024;03:00:00;ALPERCATA;Velocidade Incompatível;Tombamento;Com Vítimas Feridas;Plena Noite;Crescente;Céu Claro;Simples;Reta;-1.894.601.944;-4.195.023.848
21/04/2024;03:30:00;SENA MADUREIRA;Estacionar ou parar em local proibido;Colisão traseira;Com Vítimas Feridas;Plena Noite;Decrescente;Ignorado;Simples;"Aclive;Reta";-912.884.191;-6.859.844.188
22/04/2024;08:16:00;SAO JOSE;Manobra de mudança de faixa;Colisão lateral mesmo sentido;Com Vítimas Feridas;Pleno dia;Crescente;Céu Claro;Múltipla;Reta;-275.650.044;-4.861.460.082
22/04/2024;08:22:00;PENHA;Manobra de mudança de faixa;Colisão lateral mesmo sentido;Com Vítimas Feridas;Pleno dia;Crescente;Céu Claro;Dupla;Reta;-2.680.215.497;-4.867.891.041
21/04/2024;15:45:00;CANDEIAS;Chuva;Queda de ocupante de veículo;Com Vítimas Feridas;Pleno dia;Crescente;Chuva;Dupla;Reta;-1.259.913.862;-3.850.896.481
22/04/2024;06:00:00;JAGUARIBE;Conversão proibida;Colisão transversal;Com Vítimas Fatais;Pleno dia;Decrescente;Céu Claro;Simples;Reta;-5.802.092;-38.530.334
07/04/2024;06:20:00;LARANJEIRAS DO SUL;Velocidade Incompatível;Colisão com objeto;Com Vítimas Feridas;Amanhecer;Crescente;Céu Claro;Simples;Reta;-2.537.128.515;-5.231.179.997
16/02/2024;13:10:00;ARAGUAINA;Velocidade Incompatível;Colisão traseira;Com Vítimas Feridas;Pleno dia;Crescente;Nublado;Dupla;"Retorno Regulamentado;Reta";-714.630.299;-4.820.255.603
22/04/2024;12:28:00;NATAL;Manobra de mudança de faixa;Colisão transversal;Com Vítimas Feridas;Pleno dia;Crescente;Céu Claro;Dupla;Reta;-5.774.175;-352.578
22/04/2024;13:30:00;ANGRA DOS REIS;Conversão proibida;Colisão traseira;Com Vítimas Feridas;Pleno dia;Decrescente;Sol;Simples;Curva;-2.300.246.527;-4.427.270.594
22/04/2024;13:15:00;SAO GONCALO;Manobra de mudança de faixa;Colisão traseira;Com Vítimas Feridas;Pleno dia;Crescente;Céu Claro;Dupla;Reta;-2.281.049.093;-4.306.983.304
13/04/2024;19:45:00;NOVA SOURE;Ultrapassagem Indevida;Colisão frontal;Com Vítimas Feridas;Plena Noite;Decrescente;Céu Claro;Simples;Reta;-1.129.856.097;-3.841.511.398
22/04/2024;14:20:00;JOINVILLE;Desrespeitar a preferência no cruzamento;Colisão transversal;Com Vítimas Feridas;Pleno dia;Decrescente;Sol;Simples;Interseção de Vias;-2.629.643.241;-488.838.011
22/04/2024;12:49:00;LARANJAL;Manobra de mudança de faixa;Colisão lateral mesmo sentido;Com Vítimas Feridas;Pleno dia;Crescente;Sol;Múltipla;Reta;-2.127.874.453;-4.241.237.825
22/04/2024;16:18:00;SOORETAMA;Manobra de mudança de faixa;Colisão lateral mesmo sentido;Sem Vítimas;Pleno dia;Crescente;Nublado;Múltipla;Reta;-19.202.898;-40.095.524
22/04/2024;17:00:00;CAUCAIA;Frear bruscamente;Queda de ocupante de veículo;Com Vítimas Feridas;Pleno dia;Crescente;Céu Claro;Múltipla;Reta;-374.219.385;-3.860.896.111
21/04/2024;14:00:00;BALNEARIO CAMBORIU;Frear bruscamente;Colisão traseira;Com Vítimas Feridas;Pleno dia;Decrescente;Céu Claro;Dupla;Reta;-2.699.936;-4.864.609
22/04/2024;17:00:00;VITORIA DA CONQUISTA;Conversão proibida;Colisão lateral mesmo sentido;Sem Vítimas;Anoitecer;Decrescente;Céu Claro;Simples;Curva;-14.902.533;-40.848.517
22/04/2024;17:42:00;JOAO PESSOA;Manobra de mudança de faixa;Colisão lateral mesmo sentido;Com Vítimas Feridas;Anoitecer;Crescente;Céu Claro;Dupla;Reta;-715.118.983;-3.491.012.184
22/04/2024;07:55:00;GOVERNADOR VALADARES;Ultrapassagem Indevida;Colisão transversal;Com Vítimas Feridas;Pleno dia;Decrescente;Céu Claro;Dupla;Reta;-18.855.625;-41.975.623
22/04/2024;15:30:00;POUSO REDONDO;Desrespeitar a preferência no cruzamento;Colisão transversal;Com Vítimas Feridas;Pleno dia;Crescente;Céu Claro;Simples;"Viaduto;Interseção de Vias";-2.725.984;-49.919.285
22/04/2024;15:50:00;SAO FRANCISCO DO SUL;Conversão proibida;Colisão transversal;Com Vítimas Feridas;Pleno dia;Crescente;Céu Claro;Simples;Reta;-2.626.569.095;-4.863.361.804
22/04/2024;18:20:00;SAO JOSE DOS CAMPOS;Manobra de mudança de faixa;Colisão lateral mesmo sentido;Com Vítimas Feridas;Plena Noite;Decrescente;Céu Claro;Dupla;Reta;-2.319.542.994;-4.587.176.303
22/04/2024;18:45:00;SAO JOSE DOS PINHAIS;Iluminação deficiente;Colisão traseira;Com Vítimas Feridas;Plena Noite;Decrescente;Céu Claro;Dupla;"Curva;Interseção de Vias";-2.552.920.381;-4.908.862.791
22/04/2024;18:32:00;PONTES E LACERDA;Animais na Pista;Tombamento;Com Vítimas Feridas;Plena Noite;Decrescente;Nublado;Simples;"Declive;Reta";-1.520.638.339;-5.932.138.349
22/04/2024;20:10:00;TUBARAO;Acumulo de areia ou detritos sobre o pavimento;Tombamento;Com Vítimas Feridas;Plena Noite;Decrescente;Céu Claro;Dupla;"Interseção de Vias;Rotatória;Curva";-2.846.630.107;-4.899.653.096
22/01/2024;08:30:00;UBERLANDIA;Ultrapassagem Indevida;Colisão lateral sentido oposto;Com Vítimas Feridas;Pleno dia;Crescente;Ignorado;Simples;Viaduto;-1.890.496.664;-4.828.892.823
22/04/2024;21:30:00;JARAGUA;Animais na Pista;Atropelamento de Animal;Com Vítimas Feridas;Plena Noite;Crescente;Céu Claro;Simples;Reta;-1.575.830.583;-4.931.363.583
22/04/2024;05:45:00;PRESIDENTE FIGUEIREDO;Pista Escorregadia;Queda de ocupante de veículo;Com Vítimas Feridas;Amanhecer;Crescente;Garoa/Chuvisco;Simples;Curva;-210.232.632;-599.948.895
22/04/2024;22:00:00;FUNDAO;Iluminação deficiente;Atropelamento de Pedestre;Com Vítimas Feridas;Plena Noite;Crescente;Nublado;Simples;Reta;-19.909.845;-40.406.837
22/04/2024;19:30:00;URUACU;Acesso irregular;Saída de leito carroçável;Com Vítimas Feridas;Plena Noite;Decrescente;Céu Claro;Simples;Reta;-14.527.802;-49.159.687
22/04/2024;12:20:00;GOIANIA;Estacionar ou parar em local proibido;Colisão traseira;Com Vítimas Feridas;Pleno dia;Decrescente;Céu Claro;Dupla;Reta;-167.189;-492.382
23/04/2024;06:15:00;LINHARES;Conversão proibida;Colisão transversal;Com Vítimas Feridas;Pleno dia;Crescente;Céu Claro;Simples;Reta;-1.948.358.708;-4.011.977.894
23/04/2024;04:00:00;SEROPEDICA;Velocidade Incompatível;Tombamento;Sem Vítimas;Amanhecer;Crescente;Céu Claro;Simples;Reta;-22.767.147;-43.678.768
23/04/2024;07:20:00;VALPARAISO DE GOIAS;Manobra de mudança de faixa;Colisão lateral mesmo sentido;Com Vítimas Feridas;Pleno dia;Decrescente;Sol;Dupla;Reta;-1.608.099.097;-4.798.627.496
23/04/2024;07:20:00;MANHUACU;Desrespeitar a preferência no cruzamento;Colisão transversal;Com Vítimas Feridas;Pleno dia;Decrescente;Céu Claro;Simples;"Rotatória;Reta";-2.025.692.664;-4.201.099.203
23/04/2024;08:45:00;DUQUE DE CAXIAS;Manobra de mudança de faixa;Colisão lateral mesmo sentido;Com Vítimas Feridas;Pleno dia;Decrescente;Sol;Múltipla;Reta;-2.270.948.502;-4.329.040.354
23/04/2024;10:10:00;SANTO AMARO DA IMPERATRIZ;Conversão proibida;Colisão lateral mesmo sentido;Com Vítimas Feridas;Pleno dia;Crescente;Céu Claro;Simples;Reta;-27.687.958;-48.736.794
23/04/2024;10:00:00;ITAPECURU MIRIM;Ultrapassagem Indevida;Colisão transversal;Sem Vítimas;Pleno dia;Decrescente;Céu Claro;Simples;"Reta;Aclive";-323.619.446;-4.437.073.844
23/04/2024;13:00:00;BARRA VELHA;Manobra de mudança de faixa;Colisão transversal;Com Vítimas Feridas;Pleno dia;Decrescente;Sol;Múltipla;Reta;-2.670.876.413;-4.870.221.065
23/04/2024;14:40:00;AGUAS LINDAS DE GOIAS;Estacionar ou parar em local proibido;Colisão traseira;Com Vítimas Feridas;Pleno dia;Crescente;Nublado;Dupla;Curva;-1.574.375.533;-4.826.779.708
23/04/2024;15:25:00;TERESINA;Desrespeitar a preferência no cruzamento;Colisão transversal;Com Vítimas Feridas;Pleno dia;Decrescente;Nublado;Dupla;Interseção de Vias;-5.087.362;-42.757.851
23/04/2024;15:30:00;MAGE;Manobra de mudança de faixa;Colisão lateral mesmo sentido;Com Vítimas Feridas;Pleno dia;Crescente;Sol;Dupla;Reta;-2.264.655.224;-4.320.138.601
23/04/2024;17:00:00;TEIXEIRA DE FREITAS;Desrespeitar a preferência no cruzamento;Colisão transversal;Com Vítimas Feridas;Amanhecer;Crescente;Céu Claro;Simples;Reta;-1.754.362.062;-3.971.749.306
11/04/2024;07:30:00;VITORIA DA CONQUISTA;Manobra de mudança de faixa;Colisão lateral mesmo sentido;Com Vítimas Feridas;Pleno dia;Crescente;Céu Claro;Múltipla;Declive;-14.827.784;-4.082.813
23/04/2024;19:50:00;SANTA VITORIA DO PALMAR;Animais na Pista;Atropelamento de Animal;Com Vítimas Feridas;Plena Noite;Crescente;Céu Claro;Simples;Reta;-32.711.197;-52.627.316
23/04/2024;21:07:00;BRASILIA;Acumulo de água sobre o pavimento;Saída de leito carroçável;Com Vítimas Feridas;Plena Noite;Crescente;Chuva;Dupla;"Reta;Declive";-15.638.752;-47.749.599
23/04/2024;20:50:00;ITAPECERICA DA SERRA;Manobra de mudança de faixa;Colisão lateral mesmo sentido;Com Vítimas Feridas;Plena Noite;Crescente;Céu Claro;Dupla;Reta;-2.366.996.108;-4.685.590.758
23/04/2024;23:55:00;GURINHEM;Velocidade Incompatível;Saída de leito carroçável;Com Vítimas Feridas;Plena Noite;Crescente;Céu Claro;Dupla;"Retorno Regulamentado;Declive;Reta";-716.946.194;-3.537.741.423
24/04/2024;00:25:00;MOSSORO;Animais na Pista;Atropelamento de Animal;Com Vítimas Feridas;Plena Noite;Decrescente;Céu Claro;Simples;Reta;-533.915.992;-3.726.079.285
24/04/2024;01:30:00;CAPITAO LEONIDAS MARQUES;Pista Escorregadia;Saída de leito carroçável;Com Vítimas Feridas;Plena Noite;Decrescente;Chuva;Simples;Reta;-2.554.352.565;-5.359.336.853
24/04/2024;07:00:00;RIO VERDE;Acesso irregular;Queda de ocupante de veículo;Com Vítimas Feridas;Pleno dia;Crescente;Céu Claro;Simples;"Reta;Em Obras";-178.151;-509.343
24/04/2024;07:30:00;CAUCAIA;Afundamento ou ondulação no pavimento;Queda de ocupante de veículo;Com Vítimas Feridas;Pleno dia;Decrescente;Céu Claro;Múltipla;Interseção de Vias;-37.403.769;-3.859.569.202