data_inversa;horario;municipio;causa_acidente;tipo_acidente;classificacao_acidente;fase_dia;sentido_via;condicao_metereologica;tipo_pista;tracado_via;latitude;longitude
23/04/2024;13:00:00;POUSO REDONDO;Velocidade Incompatível;Saída de leito carroçável;Com Vítimas Feridas;Pleno dia;Crescente;Chuva;Simples;Curva;-27.251.818;-49.996.815
19/04/2024;07:30:00;APIUNA;Conversão proibida;Colisão lateral mesmo sentido;Com Vítimas Feridas;Pleno dia;Crescente;Céu Claro;Simples;Curva;-27.037.956;-49.393.417
24/04/2024;06:20:00;DUQUE DE CAXIAS;Manobra de mudança de faixa;Tombamento;Com Vítimas Feridas;Pleno dia;Crescente;Céu Claro;Múltipla;Reta;-2.276.375.592;-4.328.683.062
24/04/2024;07:30:00;CONTAGEM;Manobra de mudança de faixa;Colisão lateral mesmo sentido;Com Vítimas Feridas;Pleno dia;Crescente;Céu Claro;Dupla;Reta;-1.982.351.202;-4.408.438.913
13/04/2024;04:15:00;BIGUACU;Animais na Pista;Atropelamento de Animal;Sem Vítimas;Plena Noite;Crescente;Chuva;Dupla;Reta;-2.751.101.091;-4.864.322.292
04/04/2024;11:50:00;GUAPIMIRIM;Velocidade Incompatível;Colisão traseira;Com Vítimas Feridas;Pleno dia;Crescente;Céu Claro;Simples;Curva;-2.255.073.275;-4.298.968.744
24/04/2024;07:05:00;RIANAPOLIS;Manobra de mudança de faixa;Saída de leito carroçável;Com Vítimas Feridas;Pleno dia;Crescente;Céu Claro;Simples;Declive;-15.473.006;-49.496.449
24/04/2024;09:50:00;FEIRA DE SANTANA;Manobra de mudança de faixa;Colisão lateral mesmo sentido;Com Vítimas Feridas;Pleno dia;Crescente;Nublado;Dupla;Reta;-12.211.936;-3.896.567
24/04/2024;07:40:00;CURITIBANOS;Manobra de mudança de faixa;Colisão lateral mesmo sentido;Com Vítimas Feridas;Pleno dia;Decrescente;Nublado;Simples;Reta;-27.315.086;-50.532.715
24/04/2024;07:40:00;GUARULHOS;Ultrapassagem Indevida;Queda de ocupante de veículo;Com Vítimas Feridas;Pleno dia;Crescente;Céu Claro;Dupla;Reta;-2.349.479.479;-4.655.959.864
24/04/2024;12:10:00;UBATUBA;Ultrapassagem Indevida;Colisão frontal;Com Vítimas Feridas;Pleno dia;Crescente;Céu Claro;Simples;Reta;-2.344.410.908;-4.508.375.708
24/04/2024;12:32:00;NOVA IGUACU;Acesso irregular;Colisão lateral mesmo sentido;Com Vítimas Feridas;Pleno dia;Decrescente;Céu Claro;Múltipla;Reta;-2.273.765.712;-4.349.182.298
10/03/2024;07:00:00;LONDRINA;Manobra de mudança de faixa;Tombamento;Com Vítimas Feridas;Pleno dia;Crescente;Céu Claro;Dupla;Reta;-232.930.286;-510.988.543
24/04/2024;06:50:00;ANGRA DOS REIS;Velocidade Incompatível;Colisão frontal;Com Vítimas Feridas;Pleno dia;Decrescente;Sol;Simples;Reta;-2.295.640.053;-4.431.282.898
24/04/2024;12:00:00;CARANDAI;Conversão proibida;Colisão traseira;Com Vítimas Feridas;Pleno dia;Crescente;Céu Claro;Simples;Reta;-2.096.391.132;-4.378.759.146
24/04/2024;09:52:00;PRESIDENTE MEDICI;Pista esburacada;Saída de leito carroçável;Com Vítimas Feridas;Pleno dia;Crescente;Céu Claro;Simples;Reta;-11.235.692;-6.190.194.418
24/04/2024;12:30:00;RIO BRANCO;Pista Escorregadia;Queda de ocupante de veículo;Com Vítimas Feridas;Pleno dia;Crescente;Garoa/Chuvisco;Dupla;Declive;-9.977.578;-678.489
24/04/2024;11:15:00;MURICI;Demais Fenômenos da natureza;Colisão com objeto;Com Vítimas Feridas;Pleno dia;Decrescente;Céu Claro;Simples;Reta;-932.660.303;-3.592.126.901
20/04/2024;14:00:00;DUQUE DE CAXIAS;Ultrapassagem Indevida;Colisão frontal;Com Vítimas Feridas;Pleno dia;Decrescente;Céu Claro;Simples;Retorno Regulamentado;-2.276.375.592;-4.328.683.062
24/04/2024;16:45:00;ITAJAI;Manobra de mudança de faixa;Colisão traseira;Com Vítimas Feridas;Pleno dia;Decrescente;Céu Claro;Múltipla;Reta;-2.692.103.178;-4.870.856.446
24/04/2024;15:00:00;ALFREDO WAGNER;Velocidade Incompatível;Colisão frontal;Com Vítimas Feridas;Pleno dia;Decrescente;Nublado;Simples;Reta;-27.707.966;-49.272.182
24/04/2024;17:10:00;SAO LEOPOLDO;Demais falhas na via;Tombamento;Com Vítimas Feridas;Pleno dia;Crescente;Nublado;Múltipla;Reta;-29.758.751;-5.115.186.806
24/04/2024;17:28:00;CAMPO GRANDE;Conversão proibida;Colisão traseira;Com Vítimas Feridas;Anoitecer;Crescente;Céu Claro;Simples;"Interseção de Vias;Declive;Reta";-204.336.361;-5.454.376.745
24/04/2024;18:00:00;BRASILIA;Condutor usando celular;Colisão com objeto;Com Vítimas Feridas;Anoitecer;Decrescente;Céu Claro;Dupla;Reta;-15.985.532;-47.987.747
24/04/2024;18:45:00;SERRA;Animais na Pista;Colisão traseira;Com Vítimas Feridas;Plena Noite;Crescente;Céu Claro;Dupla;"Reta;Aclive";-2.016.554.736;-4.027.301.648
20/04/2024;15:00:00;OURO PRETO DO OESTE;Demais falhas na via;Queda de ocupante de veículo;Com Vítimas Feridas;Pleno dia;Decrescente;Céu Claro;Simples;Reta;-1.073.873.806;-6.222.637.307
24/04/2024;18:00:00;JAGUAQUARA;Demais falhas na via;Queda de ocupante de veículo;Com Vítimas Feridas;Plena Noite;Crescente;Céu Claro;Simples;Reta;-1.348.322.495;-4.004.338.512
24/04/2024;21:40:00;ITAPEMA;Manobra de mudança de faixa;Colisão lateral mesmo sentido;Com Vítimas Feridas;Plena Noite;Decrescente;Céu Claro;Dupla;Reta;-271.089.649;-4.861.277.586
24/04/2024;19:00:00;JARU;Iluminação deficiente;Colisão traseira;Com Vítimas Feridas;Plena Noite;Crescente;Nublado;Simples;Reta;-1.045.220.802;-6.246.072.003
25/04/2024;00:30:00;RIO NEGRINHO;Desrespeitar a preferência no cruzamento;Colisão lateral mesmo sentido;Com Vítimas Feridas;Plena Noite;Crescente;Garoa/Chuvisco;Simples;"Interseção de Vias;Aclive;Reta";-2.623.984.515;-4.950.631.499
24/04/2024;22:50:00;PORTO ALEGRE;Manobra de mudança de faixa;Colisão lateral mesmo sentido;Com Vítimas Feridas;Plena Noite;Decrescente;Céu Claro;Múltipla;Reta;-29.967.531;-51.137.264
25/04/2024;05:00:00;FORTALEZA;Desrespeitar a preferência no cruzamento;Colisão transversal;Com Vítimas Feridas;Pleno dia;Crescente;Céu Claro;Múltipla;"Interseção de Vias;Reta";-373.911.117;-3.858.687.498
25/04/2024;06:10:00;FORTALEZA;Velocidade Incompatível;Colisão traseira;Com Vítimas Feridas;Pleno dia;Crescente;Céu Claro;Múltipla;Reta;-384.394.724;-3.849.891.546
25/04/2024;06:30:00;CURITIBA;Manobra de mudança de faixa;Colisão lateral mesmo sentido;Com Vítimas Feridas;Amanhecer;Decrescente;Nublado;Dupla;Reta;-25.547.749;-4.932.095
25/04/2024;05:41:00;PONTA GROSSA;Acumulo de areia ou detritos sobre o pavimento;Queda de ocupante de veículo;Com Vítimas Feridas;Amanhecer;Crescente;Nublado;Dupla;Curva;-2.512.252.151;-5.018.399.797
20/04/2024;13:00:00;ALAGOINHAS;Acesso irregular;Colisão frontal;Com Vítimas Feridas;Pleno dia;Decrescente;Céu Claro;Simples;Reta;-1.215.963.868;-3.841.162.324
25/04/2024;07:20:00;PETROLINA;Velocidade Incompatível;Colisão lateral mesmo sentido;Com Vítimas Feridas;Pleno dia;Decrescente;Céu Claro;Dupla;"Declive;Curva;Viaduto";-93.755.638;-404.901.123
25/04/2024;08:04:00;UBATUBA;Animais na Pista;Tombamento;Com Vítimas Feridas;Pleno dia;Crescente;Chuva;Simples;Ponte;-2.344.410.908;-4.508.375.708
25/04/2024;07:55:00;BRASILIA;Manobra de mudança de faixa;Colisão lateral mesmo sentido;Com Vítimas Feridas;Amanhecer;Decrescente;Céu Claro;Múltipla;Reta;-15.792.352;-48.054.509
22/04/2024;00:30:00;ARATACA;Animais na Pista;Atropelamento de Animal;Com Vítimas Feridas;Plena Noite;Crescente;Chuva;Simples;Reta;-1.521.574.486;-3.944.515.228
25/04/2024;08:57:00;SAO MIGUEL DO IGUACU;Manobra de mudança de faixa;Colisão com objeto;Sem Vítimas;Pleno dia;Crescente;Nublado;Dupla;"Curva;Aclive";-2.535.059.002;-5.424.064.696
25/04/2024;09:30:00;FORTALEZA DO TABOCAO;Chuva;Saída de leito carroçável;Com Vítimas Feridas;Pleno dia;Crescente;Chuva;Simples;Reta;-893.568.917;-4.850.773.634
25/04/2024;08:20:00;SERRINHA;Desrespeitar a preferência no cruzamento;Colisão transversal;Com Vítimas Feridas;Pleno dia;Crescente;Céu Claro;Simples;"Declive;Reta;Interseção de Vias";-1.165.055.516;-3.899.116.516
25/04/2024;08:50:00;CRISTINAPOLIS;Acesso irregular;Colisão frontal;Com Vítimas Feridas;Pleno dia;Crescente;Chuva;Simples;Reta;-1.146.225.469;-3.774.281.194
25/04/2024;08:20:00;IMBITUVA;Animais na Pista;Saída de leito carroçável;Com Vítimas Feridas;Pleno dia;Crescente;Garoa/Chuvisco;Simples;Curva;-2.518.041.451;-5.071.545.996
25/04/2024;09:45:00;ALTOS;Ultrapassagem Indevida;Colisão frontal;Com Vítimas Feridas;Pleno dia;Decrescente;Céu Claro;Simples;Reta;-5.046.057;-42.509.869
25/04/2024;11:00:00;PIRAI;Curva acentuada;Tombamento;Com Vítimas Feridas;Pleno dia;Crescente;Céu Claro;Dupla;Curva;-2.257.811.624;-4.398.644.985
25/04/2024;12:22:00;PARNAIBA;Animais na Pista;Atropelamento de Animal;Com Vítimas Feridas;Pleno dia;Decrescente;Céu Claro;Simples;Reta;-2.900.722;-41.732.681
25/04/2024;12:15:00;ESTEIO;Manobra de mudança de faixa;Colisão lateral mesmo sentido;Com Vítimas Feridas;Pleno dia;Crescente;Céu Claro;Dupla;"Reta;Em Obras";-2.986.150.502;-5.118.091.535
02/01/2024;12:40:00;PIRIPIRI;Conversão proibida;Colisão transversal;Com Vítimas Feridas;Pleno dia;Decrescente;Céu Claro;Simples;Reta;-4.280.882;-41.763.885
25/04/2024;12:21:00;RECIFE;Frear bruscamente;Colisão traseira;Sem Vítimas;Pleno dia;Decrescente;Céu Claro;Dupla;Reta;-8.126.982;-3.494.386
25/04/2024;12:35:00;VITORIA DA CONQUISTA;Desrespeitar a preferência no cruzamento;Colisão transversal;Com Vítimas Feridas;Pleno dia;Decrescente;Sol;Simples;"Reta;Rotatória";-148.232.515;-408.178.997
25/04/2024;14:30:00;FORTALEZA;Manobra de mudança de faixa;Tombamento;Com Vítimas Feridas;Pleno dia;Crescente;Céu Claro;Dupla;"Viaduto;Interseção de Vias;Reta";-379.467.116;-3.850.772.734
17/04/2024;07:30:00;PELOTAS;Conversão proibida;Colisão transversal;Com Vítimas Feridas;Pleno dia;Crescente;Céu Claro;Dupla;Curva;-3.175.709.532;-5.239.980.728
28/03/2024;15:00:00;CAMANDUCAIA;Velocidade Incompatível;Saída de leito carroçável;Com Vítimas Feridas;Pleno dia;Crescente;Chuva;Dupla;"Curva;Aclive";-2.268.112.504;-4.610.116.479
25/04/2024;15:05:00;SEBERI;Acesso irregular;Colisão frontal;Com Vítimas Feridas;Anoitecer;Crescente;Céu Claro;Simples;Reta;-27.430.225;-53.420.662
25/04/2024;16:10:00;JABOATAO DOS GUARARAPES;Animais na Pista;Atropelamento de Animal;Com Vítimas Feridas;Pleno dia;Crescente;Céu Claro;Dupla;Reta;-809.822.484;-3.506.316.202
25/04/2024;14:30:00;PINDARE-MIRIM;Pista esburacada;Saída de leito carroçável;Com Vítimas Feridas;Pleno dia;Decrescente;Nublado;Simples;Reta;-3.656.834;-45.445.594
25/04/2024;18:10:00;TERESOPOLIS;Conversão proibida;Colisão transversal;Com Vítimas Feridas;Anoitecer;Crescente;Nublado;Simples;Reta;-224.065.491;-4.295.136.745
25/04/2024;15:10:00;COMODORO;Chuva;Saída de leito carroçável;Com Vítimas Feridas;Pleno dia;Decrescente;Chuva;Simples;Reta;-1.375.362.349;-5.968.768.543
22/04/2024;01:00:00;PIRAI;Fumaça;Incêndio;Sem Vítimas;Plena Noite;Crescente;Céu Claro;Dupla;"Curva;Aclive";-22.660.623;-4.382.667
25/04/2024;18:15:00;MANDAGUARI;Desrespeitar a preferência no cruzamento;Colisão frontal;Com Vítimas Feridas;Anoitecer;Decrescente;Céu Claro;Simples;Interseção de Vias;-2.353.405.075;-5.167.298.423
25/04/2024;19:40:00;FOZ DO IGUACU;Deficiência do Sistema de Iluminação/Sinalização;Saída de leito carroçável;Com Vítimas Feridas;Plena Noite;Crescente;Nublado;Dupla;Declive;-255.096.112;-5.457.123.756
25/04/2024;19:30:00;CEZARINA;Manobra de mudança de faixa;Colisão com objeto;Sem Vítimas;Plena Noite;Crescente;Céu Claro;Dupla;Reta;-170.148;-497.762
25/04/2024;18:15:00;BALSAS;Conversão proibida;Colisão frontal;Com Vítimas Feridas;Plena Noite;Decrescente;Céu Claro;Simples;Reta;-751.686.308;-4.603.524.183
25/04/2024;19:03:00;VILHENA;Velocidade Incompatível;Colisão traseira;Com Vítimas Feridas;Plena Noite;Decrescente;Céu Claro;Dupla;Reta;-1.274.140.004;-6.013.026.401
25/04/2024;18:15:00;GOVERNADOR VALADARES;Ultrapassagem Indevida;Colisão frontal;Com Vítimas Feridas;Plena Noite;Crescente;Céu Claro;Simples;Reta;-1.892.455.594;-4.201.932.801
25/04/2024;20:50:00;IJUI;Chuva;Colisão traseira;Com Vítimas Feridas;Plena Noite;Crescente;Chuva;Simples;Reta;-28.400.869;-53.898.464
20/03/2024;21:50:00;EXTREMA;Velocidade Incompatível;Tombamento;Com Vítimas Feridas;Plena Noite;Crescente;Céu Claro;Dupla;Curva;-2.281.707.486;-4.629.367.232
25/04/2024;20:20:00;VITORIA DA CONQUISTA;Manobra de mudança de faixa;Colisão lateral mesmo sentido;Com Vítimas Feridas;Plena Noite;Crescente;Nublado;Simples;Reta;-1.482.745.203;-4.082.617.164
25/04/2024;20:00:00;FLORIANO;Animais na Pista;Atropelamento de Animal;Com Vítimas Feridas;Plena Noite;Crescente;Céu Claro;Simples;Reta;-68.123.728;-4.294.586.038
25/04/2024;20:10:00;IBITIARA;Chuva;Capotamento;Com Vítimas Feridas;Plena Noite;Crescente;Chuva;Simples;Curva;-1.241.360.616;-4.236.805.991
26/04/2024;03:40:00;RIBEIRAO DAS NEVES;Velocidade Incompatível;Saída de leito carroçável;Com Vítimas Feridas;Plena Noite;Crescente;Céu Claro;Dupla;Curva;-197.970.544;-441.080.512
26/04/2024;02:40:00;ITAMARAJU;Velocidade Incompatível;Colisão frontal;Com Vítimas Fatais;Plena Noite;Crescente;Ignorado;Simples;Curva;-171.051.423;-3.956.008.047
26/04/2024;02:00:00;MANHUACU;Velocidade Incompatível;Saída de leito carroçável;Com Vítimas Feridas;Plena Noite;Decrescente;Céu Claro;Simples;"Curva;Aclive";-2.025.550.548;-4.200.465.315
26/04/2024;07:10:00;RESENDE;Manobra de mudança de faixa;Colisão lateral mesmo sentido;Com Vítimas Feridas;Pleno dia;Decrescente;Céu Claro;Dupla;Reta;-2.246.086.624;-4.444.296.321
25/03/2024;08:10:00;LAGES;Ultrapassagem Indevida;Colisão frontal;Com Vítimas Feridas;Pleno dia;Crescente;Céu Claro;Simples;"Declive;Reta";-27.776.926;-50.221.893
21/03/2024;17:10:00;BETIM;Manobra de mudança de faixa;Colisão lateral mesmo sentido;Com Vítimas Feridas;Pleno dia;Crescente;Céu Claro;Dupla;Reta;-2.001.172.662;-4.421.976.041
26/04/2024;07:20:00;CARIACICA;Velocidade Incompatível;Queda de ocupante de veículo;Sem Vítimas;Pleno dia;Crescente;Sol;Dupla;Reta;-2.030.650.512;-4.039.488.717
26/04/2024;06:15:00;RECIFE;Chuva;Engavetamento;Sem Vítimas;Pleno dia;Decrescente;Garoa/Chuvisco;Dupla;"Viaduto;Declive";-805.074.296;-3.494.580.619
26/04/2024;08:55:00;ESMERALDAS;Velocidade Incompatível;Saída de leito carroçável;Com Vítimas Feridas;Pleno dia;Crescente;Céu Claro;Dupla;"Aclive;Curva";-1.965.390.808;-4.419.841.023
26/04/2024;08:06:00;TERESINA;Velocidade Incompatível;Colisão lateral mesmo sentido;Com Vítimas Feridas;Pleno dia;Decrescente;Céu Claro;Múltipla;"Reta;Declive";-508.124.075;-4.279.211.283
26/04/2024;08:30:00;POUSO ALEGRE;Velocidade Incompatível;Saída de leito carroçável;Com Vítimas Feridas;Pleno dia;Crescente;Céu Claro;Simples;"Curva;Declive";-22.185.072;-45.989.583
26/04/2024;09:00:00;JUAZEIRO;Desrespeitar a preferência no cruzamento;Colisão transversal;Com Vítimas Feridas;Pleno dia;Crescente;Céu Claro;Simples;Reta;-943.779;-40.497.695
26/04/2024;08:40:00;NOVA IGUACU;Animais na Pista;Queda de ocupante de veículo;Com Vítimas Feridas;Pleno dia;Decrescente;Nublado;Simples;Reta;-22.831.354;-43.615.128
26/04/2024;08:30:00;PETROPOLIS;Chuva;Queda de ocupante de veículo;Com Vítimas Feridas;Pleno dia;Crescente;Chuva;Dupla;"Declive;Curva";-2.254.903.566;-4.324.229.724
26/04/2024;09:20:00;ESCADA;Pista Escorregadia;Tombamento;Com Vítimas Feridas;Pleno dia;Decrescente;Nublado;Dupla;Curva;-835.341.615;-3.517.830.299
26/04/2024;09:10:00;CARIACICA;Manobra de mudança de faixa;Colisão lateral mesmo sentido;Com Vítimas Feridas;Pleno dia;Decrescente;Sol;Múltipla;Reta;-2.032.824.912;-403.979.516
26/04/2024;07:50:00;CAXIAS DO SUL;Pista Escorregadia;Tombamento;Com Vítimas Feridas;Pleno dia;Decrescente;Chuva;Dupla;Curva;-2.915.444.539;-5.115.101.681
26/04/2024;09:30:00;MUNDO NOVO;Frear bruscamente;Colisão traseira;Sem Vítimas;Pleno dia;Crescente;Céu Claro;Simples;Reta;-2.400.094.566;-5.432.020.706
26/04/2024;10:25:00;BELO JARDIM;Chuva;Colisão traseira;Com Vítimas Feridas;Pleno dia;Decrescente;Chuva;Simples;"Ponte;Reta;Declive";-834.804.728;-3.644.664.994
26/04/2024;10:30:00;ITAPEMIRIM;Acumulo de água sobre o pavimento;Queda de ocupante de veículo;Com Vítimas Feridas;Pleno dia;Crescente;Chuva;Simples;Curva;-2.089.068.697;-4.103.879.708
26/04/2024;04:50:00;ITAMARAJU;Animais na Pista;Colisão com objeto;Com Vítimas Feridas;Amanhecer;Decrescente;Céu Claro;Simples;Reta;-17.047.811;-39.548.135
26/04/2024;10:10:00;RIO BRANCO;Pista esburacada;Queda de ocupante de veículo;Com Vítimas Feridas;Pleno dia;Crescente;Céu Claro;Dupla;Reta;-995.359.291;-6.786.119.892
26/04/2024;12:04:00;ARAGUAINA;Manobra de mudança de faixa;Colisão traseira;Sem Vítimas;Pleno dia;Crescente;Céu Claro;Múltipla;Reta;-7.169.616;-4.821.328
26/04/2024;13:20:00;VOLTA REDONDA;Acesso irregular;Tombamento;Sem Vítimas;Pleno dia;Decrescente;Céu Claro;Simples;Reta;-2.248.030.198;-4.406.296.492
26/04/2024;14:30:00;PARNAMIRIM;Manobra de mudança de faixa;Colisão lateral mesmo sentido;Com Vítimas Feridas;Pleno dia;Crescente;Nublado;Dupla;"Reta;Interseção de Vias";-592.825.102;-3.526.465.683
26/04/2024;14:15:00;SANTA MARIA;Desrespeitar a preferência no cruzamento;Colisão transversal;Com Vítimas Feridas;Pleno dia;Crescente;Céu Claro;Simples;Rotatória;-2.970.023.392;-5.384.096.861
10/04/2024;05:35:00;PETROLINA;Animais na Pista;Atropelamento de Animal;Com Vítimas Feridas;Amanhecer;Decrescente;Céu Claro;Simples;Reta;-933.026.316;-4.056.422.728
15/04/2024;09:00:00;SAO JOSE DOS CAMPOS;Acesso irregular;Colisão transversal;Com Vítimas Feridas;Pleno dia;Crescente;Céu Claro;Dupla;Reta;-2.325.558.031;-459.437.828
26/04/2024;16:15:00;SAO JOSE;Manobra de mudança de faixa;Colisão lateral mesmo sentido;Com Vítimas Feridas;Pleno dia;Decrescente;Céu Claro;Múltipla;Reta;-2.754.836.599;-4.861.977.975
26/04/2024;17:20:00;ARACATI;Acesso irregular;Colisão lateral mesmo sentido;Com Vítimas Feridas;Anoitecer;Crescente;Céu Claro;Dupla;"Interseção de Vias;Reta";-457.402.355;-3.773.636.121
26/04/2024;16:40:00;BETIM;Manobra de mudança de faixa;Colisão lateral mesmo sentido;Com Vítimas Feridas;Plena Noite;Decrescente;Céu Claro;Dupla;Reta;-2.001.943.379;-4.422.825.336
26/04/2024;17:27:00;TERENOS;Ultrapassagem Indevida;Colisão frontal;Com Vítimas Fatais;Anoitecer;Crescente;Céu Claro;Simples;Reta;-2.048.223.445;-5.477.540.604
26/04/2024;15:50:00;PORTO BELO;Manobra de mudança de faixa;Colisão lateral mesmo sentido;Com Vítimas Feridas;Pleno dia;Decrescente;Nublado;Múltipla;Reta;-27.181.625;-486.121.179
26/04/2024;18:30:00;SERRA;Chuva;Tombamento;Com Vítimas Feridas;Pleno dia;Decrescente;Chuva;Dupla;Reta;-2.020.842;-40.269.405
26/04/2024;18:25:00;PARNAIBA;Manobra de mudança de faixa;Queda de ocupante de veículo;Com Vítimas Feridas;Plena Noite;Decrescente;Nublado;Simples;Reta;-3.052.351;-4.177.544
26/04/2024;18:20:00;SOLEDADE;Manobra de mudança de faixa;Colisão frontal;Com Vítimas Feridas;Anoitecer;Decrescente;Céu Claro;Simples;Reta;-288.026.198;-5.250.902.653
26/04/2024;18:10:00;MAFRA;Conversão proibida;Colisão transversal;Com Vítimas Feridas;Plena Noite;Crescente;Céu Claro;Simples;Reta;-2.620.386.631;-4.979.088.509
26/04/2024;19:25:00;BRASILIA;Manobra de mudança de faixa;Colisão lateral mesmo sentido;Com Vítimas Feridas;Plena Noite;Crescente;Céu Claro;Dupla;Reta;-15.789.762;-48.148.727
26/04/2024;18:35:00;CRISTALINA;Ultrapassagem Indevida;Colisão frontal;Com Vítimas Fatais;Anoitecer;Crescente;Céu Claro;Simples;Reta;-16.942.453;-47.313.547
26/04/2024;19:00:00;CONTAGEM;Manobra de mudança de faixa;Colisão lateral mesmo sentido;Com Vítimas Feridas;Plena Noite;Decrescente;Céu Claro;Dupla;Reta;-198.754.469;-4.405.345.586
26/04/2024;19:40:00;RIO LARGO;Frear bruscamente;Tombamento;Com Vítimas Feridas;Plena Noite;Decrescente;Céu Claro;Dupla;Reta;-948.375.193;-3.581.815.581
26/04/2024;18:30:00;DOURADOS;Desrespeitar a preferência no cruzamento;Colisão transversal;Com Vítimas Feridas;Plena Noite;Decrescente;Céu Claro;Dupla;Rotatória;-222.316.424;-547.478.208
26/04/2024;19:45:00;MIMOSO DO SUL;Acesso irregular;Colisão frontal;Com Vítimas Feridas;Plena Noite;Crescente;Céu Claro;Simples;Curva;-2.107.264.705;-4.122.787.382
26/04/2024;17:05:00;RIO DE JANEIRO;Manobra de mudança de faixa;Colisão lateral mesmo sentido;Com Vítimas Feridas;Pleno dia;Crescente;Nublado;Múltipla;Reta;-2.286.939.305;-43.175.642
26/04/2024;17:50:00;BARRA DO RIBEIRO;Falta de elemento de contenção que evite a saída do leito carroçável;Saída de leito carroçável;Com Vítimas Feridas;Plena Noite;Crescente;Nublado;Dupla;"Retorno Regulamentado;Reta";-3.027.278.604;-5.140.935.988
26/04/2024;21:35:00;SANTAREM;Conversão proibida;Colisão transversal;Com Vítimas Feridas;Plena Noite;Decrescente;Nublado;Simples;"Reta;Em Obras";-260.947.104;-5.472.295.996
26/04/2024;18:29:00;DEODAPOLIS;Manobra de mudança de faixa;Colisão frontal;Com Vítimas Feridas;Plena Noite;Crescente;Céu Claro;Simples;Aclive;-2.233.554.509;-5.419.409.878
26/04/2024;18:00:00;MANGARATIBA;Desrespeitar a preferência no cruzamento;Colisão transversal;Com Vítimas Feridas;Plena Noite;Crescente;Céu Claro;Múltipla;Interseção de Vias;-2.289.720.365;-4.385.639.217
26/04/2024;20:30:00;BAIXO GUANDU;Velocidade Incompatível;Colisão lateral mesmo sentido;Com Vítimas Feridas;Plena Noite;Crescente;Céu Claro;Simples;"Reta;Aclive";-1.950.982.246;-4.087.770.788
26/04/2024;19:30:00;SENADOR GUIOMARD;Animais na Pista;Atropelamento de Animal;Com Vítimas Feridas;Plena Noite;Crescente;Céu Claro;Simples;Reta;-1.012.947.808;-6.769.748.898
26/04/2024;21:15:00;NOVA ANDRADINA;Animais na Pista;Atropelamento de Animal;Com Vítimas Fatais;Plena Noite;Crescente;Céu Claro;Simples;Reta;-2.231.130.481;-5.340.508.306
27/04/2024;00:50:00;LAGES;Velocidade Incompatível;Atropelamento de Animal;Sem Vítimas;Plena Noite;Crescente;Garoa/Chuvisco;Simples;"Reta;Aclive";-27.771.982;-50.192.139
26/04/2024;22:40:00;DOM CAVATI;Velocidade Incompatível;Colisão traseira;Com Vítimas Feridas;Plena Noite;Decrescente;Céu Claro;Simples;Reta;-1.939.396.202;-4.211.351.393
27/04/2024;00:40:00;CHAPECO;Animais na Pista;Atropelamento de Animal;Sem Vítimas;Plena Noite;Crescente;Céu Claro;Dupla;Reta;-27.020.083;-52.636.024
27/04/2024;00:20:00;RANCHO QUEIMADO;Velocidade Incompatível;Saída de leito carroçável;Com Vítimas Feridas;Plena Noite;Decrescente;Nevoeiro/Neblina;Simples;"Curva;Declive";-27.690.144;-49.083.813
27/04/2024;00:30:00;DILERMANDO DE AGUIAR;Animais na Pista;Atropelamento de Animal;Sem Vítimas;Plena Noite;Crescente;Céu Claro;Simples;Reta;-29.873.225;-54.261.354
27/04/2024;03:35:00;SETE LAGOAS;Animais na Pista;Atropelamento de Animal;Com Vítimas Feridas;Plena Noite;Crescente;Céu Claro;Dupla;"Reta;Declive";-1.942.224.803;-4.433.870.213
27/04/2024;01:30:00;ORTIGUEIRA;Velocidade Incompatível;Saída de leito carroçável;Com Vítimas Feridas;Plena Noite;Crescente;Céu Claro;Simples;Curva;-2.439.914.107;-5.078.383.753
27/04/2024;04:10:00;JABOATAO DOS GUARARAPES;Animais na Pista;Atropelamento de Animal;Com Vítimas Feridas;Amanhecer;Decrescente;Nublado;Dupla;Reta;-8.090.578;-35.025.322
27/04/2024;04:20:00;CURITIBA;Animais na Pista;Atropelamento de Animal;Com Vítimas Feridas;Plena Noite;Crescente;Nublado;Dupla;Reta;-25.554.628;-49.339.268
27/04/2024;09:00:00;CAMPO FLORIDO;Acostamento em desnível;Tombamento;Com Vítimas Feridas;Pleno dia;Crescente;Céu Claro;Dupla;Reta;-1.978.880.474;-4.841.294.808
27/04/2024;07:12:00;BRASILIA;Manobra de mudança de faixa;Colisão transversal;Com Vítimas Feridas;Pleno dia;Crescente;Céu Claro;Dupla;Reta;-15.787.601;-48.114.429
27/04/2024;09:20:00;PALHOCA;Manobra de mudança de faixa;Colisão lateral mesmo sentido;Com Vítimas Feridas;Pleno dia;Decrescente;Céu Claro;Simples;Reta;-27.658.611;-48.681.847
27/04/2024;08:48:00;PARNAMIRIM;Acesso irregular;Colisão lateral mesmo sentido;Com Vítimas Feridas;Pleno dia;Decrescente;Sol;Múltipla;"Reta;Interseção de Vias";-588.106.901;-3.522.542.396
22/02/2024;18:40:00;TRES LAGOAS;Pista esburacada;Tombamento;Com Vítimas Feridas;Plena Noite;Decrescente;Céu Claro;Dupla;Reta;-2.078.514.516;-5.167.434.454