data_inversa;horario;municipio;causa_acidente;tipo_acidente;classificacao_acidente;fase_dia;sentido_via;condicao_metereologica;tipo_pista;tracado_via;latitude;longitude
04/05/2024;15:20:00;APUCARANA;Velocidade Incompatível;Queda de ocupante de veículo;Com Vítimas Feridas;Pleno dia;Decrescente;Céu Claro;Simples;"Reta;Retorno Regulamentado;Aclive";-2.358.911.182;-5.141.214.337
04/05/2024;16:00:00;FOZ DO IGUACU;Velocidade Incompatível;Capotamento;Sem Vítimas;Pleno dia;Crescente;Céu Claro;Dupla;"Viaduto;Curva";-2.550.257.577;-5.453.868.311
04/05/2024;16:10:00;APARECIDA DE GOIANIA;Desrespeitar a preferência no cruzamento;Colisão transversal;Com Vítimas Feridas;Pleno dia;Decrescente;Sol;Dupla;"Retorno Regulamentado;Interseção de Vias";-168.315;-492.434
04/05/2024;14:30:00;PETROPOLIS;Velocidade Incompatível;Tombamento;Com Vítimas Fatais;Pleno dia;Crescente;Céu Claro;Dupla;Reta;-2.232.705.315;-4.313.253.559
04/05/2024;16:32:00;CAMPOS DOS GOYTACAZES;Velocidade Incompatível;Colisão transversal;Com Vítimas Feridas;Pleno dia;Crescente;Céu Claro;Simples;Interseção de Vias;-2.172.655.788;-4.132.133.519
04/05/2024;16:00:00;ARARANGUA;Chuva;Colisão com objeto;Sem Vítimas;Pleno dia;Crescente;Chuva;Dupla;Reta;-2.895.360.392;-4.950.985.011
04/05/2024;16:20:00;RIBEIRAO DAS NEVES;Manobra de mudança de faixa;Colisão lateral mesmo sentido;Com Vítimas Feridas;Pleno dia;Decrescente;Céu Claro;Dupla;Reta;-1.982.351.202;-4.408.438.913
04/05/2024;18:45:00;JUIZ DE FORA;Animais na Pista;Atropelamento de Animal;Com Vítimas Feridas;Plena Noite;Crescente;Céu Claro;Dupla;Reta;-2.167.939.981;-4.344.987.329
04/05/2024;19:00:00;SAO JOSE;Desrespeitar a preferência no cruzamento;Colisão transversal;Com Vítimas Feridas;Plena Noite;Decrescente;Céu Claro;Múltipla;Interseção de Vias;-2.759.193.546;-4.861.824.557
04/05/2024;19:00:00;BLUMENAU;Velocidade Incompatível;Colisão traseira;Com Vítimas Feridas;Plena Noite;Crescente;Nublado;Dupla;Curva;-2.685.977.331;-4.907.759.527
04/05/2024;19:00:00;DOURADOS;Ausência de sinalização;Tombamento;Com Vítimas Feridas;Plena Noite;Crescente;Céu Claro;Dupla;Reta;-2.225.859;-54.783.592
04/05/2024;18:50:00;PICOS;Animais na Pista;Atropelamento de Animal;Com Vítimas Feridas;Plena Noite;Decrescente;Céu Claro;Simples;Reta;-700.534.014;-4.160.370.207
04/05/2024;19:20:00;DUQUE DE CAXIAS;Conversão proibida;Colisão lateral sentido oposto;Com Vítimas Feridas;Plena Noite;Decrescente;Céu Claro;Simples;Reta;-2.260.246.485;-4.328.380.739
04/05/2024;17:30:00;CAMPOS NOVOS;Velocidade Incompatível;Saída de leito carroçável;Com Vítimas Feridas;Anoitecer;Crescente;Chuva;Simples;Reta;-27.399.858;-51.198.162
04/05/2024;19:45:00;DOURADOS;Animais na Pista;Atropelamento de Animal;Sem Vítimas;Plena Noite;Crescente;Céu Claro;Dupla;Reta;-2.217.808;-5.467.083
04/05/2024;20:45:00;IRATI;Conversão proibida;Colisão lateral mesmo sentido;Sem Vítimas;Plena Noite;Decrescente;Céu Claro;Simples;Reta;-2.538.037.508;-5.086.558.905
04/05/2024;20:50:00;NAVEGANTES;Conversão proibida;Colisão transversal;Com Vítimas Feridas;Plena Noite;Crescente;Céu Claro;Múltipla;Reta;-26.868.551;-48.674.831
04/05/2024;19:30:00;ITABAIANA;Demais falhas na via;Queda de ocupante de veículo;Com Vítimas Feridas;Plena Noite;Crescente;Chuva;Simples;"Reta;Declive";-10.746.924;-37.399.899
04/05/2024;21:00:00;ANAPOLIS;Animais na Pista;Atropelamento de Animal;Com Vítimas Feridas;Plena Noite;Crescente;Céu Claro;Simples;"Reta;Aclive";-1.627.247.393;-4.894.040.427
04/05/2024;19:10:00;SAO MIGUEL DO OESTE;Conversão proibida;Colisão lateral mesmo sentido;Com Vítimas Feridas;Plena Noite;Crescente;Nublado;Simples;"Reta;Aclive";-2.676.406.188;-5.349.663.734
04/05/2024;22:45:00;SAO JOSE;Manobra de mudança de faixa;Tombamento;Com Vítimas Feridas;Plena Noite;Decrescente;Céu Claro;Dupla;Reta;-2.761.000.542;-4.863.895.057
04/05/2024;20:45:00;RIO BRANCO;Demais falhas na via;Tombamento;Com Vítimas Feridas;Plena Noite;Crescente;Céu Claro;Dupla;Reta;-995.359.291;-6.786.119.892
04/05/2024;19:45:00;CAMACAN;Manobra de mudança de faixa;Colisão frontal;Com Vítimas Feridas;Anoitecer;Crescente;Nublado;Simples;Reta;-15.488.837;-39.432.544
04/05/2024;20:30:00;GUAJARA-MIRIM;Pista esburacada;Tombamento;Com Vítimas Feridas;Plena Noite;Crescente;Nublado;Simples;"Aclive;Reta;Em Obras";-10.540.277;-65.326.958
05/05/2024;00:50:00;ALIANCA;Animais na Pista;Atropelamento de Animal;Com Vítimas Feridas;Plena Noite;Crescente;Garoa/Chuvisco;Simples;Reta;-7.676.553;-3.525.179
04/05/2024;20:30:00;CANDOI;Ultrapassagem Indevida;Colisão frontal;Com Vítimas Fatais;Plena Noite;Crescente;Céu Claro;Simples;Reta;-255.234.934;-5.197.924.496
04/05/2024;20:15:00;VILHENA;Conversão proibida;Colisão frontal;Com Vítimas Feridas;Plena Noite;Crescente;Céu Claro;Simples;Reta;-1.271.452.302;-601.262.149
05/05/2024;02:50:00;ANAPOLIS;Animais na Pista;Queda de ocupante de veículo;Com Vítimas Feridas;Plena Noite;Crescente;Ignorado;Dupla;"Reta;Declive";-16.353;-489.178
05/05/2024;01:30:00;MANDAGUARI;Ultrapassagem Indevida;Colisão frontal;Com Vítimas Fatais;Plena Noite;Crescente;Céu Claro;Simples;Reta;-23.540.179;-51.670.697
05/05/2024;05:30:00;APUCARANA;Velocidade Incompatível;Saída de leito carroçável;Com Vítimas Feridas;Pleno dia;Crescente;Céu Claro;Dupla;Curva;-2.352.273.017;-5.144.299.865
04/05/2024;23:10:00;PIANCO;Animais na Pista;Atropelamento de Animal;Com Vítimas Feridas;Plena Noite;Crescente;Nublado;Simples;Reta;-726.918.302;-3.806.443.198
05/05/2024;06:35:00;FOZ DO IGUACU;Velocidade Incompatível;Saída de leito carroçável;Sem Vítimas;Amanhecer;Decrescente;Céu Claro;Dupla;Reta;-255.084.851;-5.454.645.932
05/05/2024;06:27:00;CURITIBA;Velocidade Incompatível;Colisão com objeto;Com Vítimas Feridas;Amanhecer;Crescente;Céu Claro;Dupla;Reta;-25.568.939;-49.181.978
05/05/2024;07:05:00;TERESINA;Conversão proibida;Colisão transversal;Com Vítimas Feridas;Pleno dia;Decrescente;Céu Claro;Simples;Interseção de Vias;-5.102.889;-42.766.506
05/05/2024;07:30:00;CANDEIAS;Manobra de mudança de faixa;Colisão traseira;Com Vítimas Feridas;Pleno dia;Decrescente;Nublado;Dupla;Reta;-1.269.021.804;-3.846.568.118
05/05/2024;09:25:00;BEZERROS;Chuva;Saída de leito carroçável;Com Vítimas Fatais;Pleno dia;Crescente;Chuva;Dupla;"Curva;Declive";-829.729.696;-3.583.146.101
05/05/2024;10:00:00;GUARULHOS;Velocidade Incompatível;Capotamento;Sem Vítimas;Pleno dia;Decrescente;Céu Claro;Múltipla;Reta;-2.344.333.014;-4.644.531.294
05/05/2024;09:10:00;SAO JOAO DO ARAGUAIA;Manobra de mudança de faixa;Colisão frontal;Com Vítimas Fatais;Pleno dia;Decrescente;Céu Claro;Simples;Reta;-541.297.822;-489.430.982
05/05/2024;11:50:00;FEIRA DE SANTANA;Conversão proibida;Tombamento;Com Vítimas Feridas;Pleno dia;Crescente;Nublado;Simples;Reta;-1.223.098.007;-3.896.101.401
05/05/2024;11:30:00;CONSELHEIRO LAFAIETE;Velocidade Incompatível;Colisão com objeto;Com Vítimas Feridas;Pleno dia;Decrescente;Sol;Simples;Curva;-2.068.058;-43.794.353
05/05/2024;10:30:00;ITATIAIUCU;Velocidade Incompatível;Queda de ocupante de veículo;Com Vítimas Feridas;Pleno dia;Crescente;Sol;Dupla;Curva;-2.018.182.886;-4.437.895.835
05/05/2024;13:30:00;CAMBUI;Velocidade Incompatível;Colisão com objeto;Com Vítimas Feridas;Pleno dia;Decrescente;Céu Claro;Dupla;"Curva;Declive";-2.268.041.431;-4.610.100.031
05/05/2024;14:00:00;TAUBATE;Manobra de mudança de faixa;Colisão lateral mesmo sentido;Com Vítimas Feridas;Pleno dia;Crescente;Céu Claro;Dupla;Reta;-230.233.097;-4.553.763.622
05/05/2024;15:00:00;SAO PAULO;Acumulo de areia ou detritos sobre o pavimento;Queda de ocupante de veículo;Com Vítimas Feridas;Pleno dia;Decrescente;Céu Claro;Múltipla;Reta;-2.352.251.783;-465.855.702
05/05/2024;15:42:00;RECIFE;Manobra de mudança de faixa;Colisão traseira;Com Vítimas Feridas;Pleno dia;Crescente;Céu Claro;Simples;Reta;-800.800.604;-3.493.756.535
05/05/2024;14:55:00;AGRONOMICA;Ultrapassagem Indevida;Colisão lateral mesmo sentido;Com Vítimas Feridas;Pleno dia;Decrescente;Céu Claro;Simples;Reta;-272.745.807;-4.974.668.384
05/05/2024;12:30:00;MAURILANDIA;Manobra de mudança de faixa;Saída de leito carroçável;Com Vítimas Feridas;Pleno dia;Decrescente;Céu Claro;Simples;Declive;-1.804.024.699;-50.275.592
05/05/2024;12:15:00;LEOPOLDINA;Ultrapassagem Indevida;Colisão transversal;Com Vítimas Feridas;Pleno dia;Crescente;Céu Claro;Simples;Reta;-2.149.227.013;-4.258.527.793
05/05/2024;15:50:00;CORREIA PINTO;Conversão proibida;Colisão transversal;Com Vítimas Feridas;Pleno dia;Decrescente;Céu Claro;Simples;Reta;-2.772.090.493;-5.033.607.643
05/05/2024;15:51:00;RIO BRANCO;Desrespeitar a preferência no cruzamento;Colisão transversal;Com Vítimas Feridas;Pleno dia;Decrescente;Céu Claro;Dupla;Rotatória;-998.588.117;-6.784.523.538
05/05/2024;16:50:00;TAUBATE;Velocidade Incompatível;Colisão lateral mesmo sentido;Com Vítimas Feridas;Anoitecer;Crescente;Céu Claro;Dupla;Reta;-230.233.097;-4.553.763.622
05/05/2024;17:30:00;BETIM;Manobra de mudança de faixa;Colisão traseira;Com Vítimas Feridas;Anoitecer;Decrescente;Céu Claro;Dupla;"Reta;Aclive";-1.996.216.513;-4.416.346.396
05/05/2024;17:40:00;AGUA BOA;Ultrapassagem Indevida;Queda de ocupante de veículo;Com Vítimas Feridas;Plena Noite;Crescente;Céu Claro;Simples;Reta;-140.112.489;-5.215.202.134
05/05/2024;17:40:00;BARRA VELHA;Manobra de mudança de faixa;Tombamento;Com Vítimas Feridas;Plena Noite;Crescente;Céu Claro;Dupla;Reta;-2.667.120.698;-4.869.011.814
05/05/2024;17:15:00;OCAUCU;Desrespeitar a preferência no cruzamento;Colisão lateral mesmo sentido;Com Vítimas Feridas;Anoitecer;Decrescente;Céu Claro;Simples;"Reta;Interseção de Vias";-22.395.594;-4.986.343.698
05/05/2024;19:40:00;DUQUE DE CAXIAS;Manobra de mudança de faixa;Colisão lateral mesmo sentido;Com Vítimas Feridas;Plena Noite;Crescente;Céu Claro;Simples;Reta;-2.267.374.628;-4.328.638.368
05/05/2024;18:30:00;JUIZ DE FORA;Ultrapassagem Indevida;Colisão lateral sentido oposto;Com Vítimas Feridas;Plena Noite;Decrescente;Céu Claro;Simples;Reta;-2.174.441.526;-4.356.555.478
05/05/2024;18:40:00;SAO LUIS;Chuva;Atropelamento de Pedestre;Com Vítimas Feridas;Plena Noite;Crescente;Chuva;Dupla;"Retorno Regulamentado;Declive;Reta";-268.053.538;-4.429.512.283
05/05/2024;17:45:00;JUIZ DE FORA;Velocidade Incompatível;Saída de leito carroçável;Com Vítimas Feridas;Anoitecer;Decrescente;Céu Claro;Dupla;Curva;-2.177.130.707;-4.343.618.608
05/05/2024;18:40:00;ULIANOPOLIS;Conversão proibida;Colisão transversal;Com Vítimas Fatais;Plena Noite;Decrescente;Céu Claro;Simples;"Reta;Declive";-376.491.806;-4.750.060.976
05/05/2024;22:00:00;VENDA NOVA DO IMIGRANTE;Ultrapassagem Indevida;Colisão frontal;Com Vítimas Feridas;Plena Noite;Decrescente;Nublado;Simples;"Curva;Declive";-2.033.171.889;-4.120.453.016
05/05/2024;22:35:00;TERESOPOLIS;Manobra de mudança de faixa;Colisão frontal;Com Vítimas Feridas;Plena Noite;Crescente;Nevoeiro/Neblina;Simples;"Reta;Declive";-2.213.943.547;-4.278.660.142
05/05/2024;22:50:00;CAMAQUA;Velocidade Incompatível;Colisão com objeto;Com Vítimas Feridas;Plena Noite;Crescente;Nublado;Dupla;Retorno Regulamentado;-3.091.755.638;-518.924.608
05/05/2024;16:55:00;GILBUES;Desrespeitar a preferência no cruzamento;Colisão lateral sentido oposto;Com Vítimas Feridas;Anoitecer;Decrescente;Céu Claro;Simples;"Interseção de Vias;Reta";-98.272.419;-453.356.242
05/05/2024;22:40:00;SAO MATEUS DO SUL;Iluminação deficiente;Colisão traseira;Com Vítimas Fatais;Plena Noite;Decrescente;Nublado;Simples;Reta;-25.894.484;-50.368.007
06/05/2024;05:40:00;ESMERALDAS;Manobra de mudança de faixa;Colisão lateral mesmo sentido;Com Vítimas Feridas;Amanhecer;Crescente;Céu Claro;Múltipla;Reta;-1.975.763;-4.413.892
06/05/2024;07:10:00;BRASILIA;Manobra de mudança de faixa;Colisão lateral mesmo sentido;Com Vítimas Feridas;Pleno dia;Decrescente;Céu Claro;Dupla;Reta;-15.788.868;-48.220.242
06/05/2024;07:00:00;BETIM;Manobra de mudança de faixa;Colisão lateral mesmo sentido;Com Vítimas Feridas;Pleno dia;Decrescente;Céu Claro;Dupla;Curva;-2.000.647.973;-4.421.517.491
06/05/2024;06:00:00;MATUPA;Ultrapassagem Indevida;Saída de leito carroçável;Com Vítimas Feridas;Amanhecer;Crescente;Céu Claro;Simples;Reta;-10.194.035;-54.952.123
14/04/2024;08:30:00;TEOTONIO VILELA;Manobra de mudança de faixa;Capotamento;Com Vítimas Feridas;Pleno dia;Crescente;Nublado;Dupla;"Curva;Declive";-989.373.101;-3.640.518.514
06/05/2024;08:50:00;ITABUNA;Ultrapassagem Indevida;Colisão frontal;Com Vítimas Feridas;Pleno dia;Crescente;Sol;Simples;Reta;-14.850.225;-39.353.175
06/05/2024;09:00:00;VITORIA DA CONQUISTA;Desrespeitar a preferência no cruzamento;Colisão transversal;Com Vítimas Feridas;Pleno dia;Decrescente;Nublado;Simples;"Interseção de Vias;Reta";-1.490.043.783;-4.085.348.792
06/05/2024;10:10:00;CEZARINA;Manobra de mudança de faixa;Colisão lateral mesmo sentido;Sem Vítimas;Pleno dia;Crescente;Céu Claro;Dupla;Reta;-169.809;-497.475
06/05/2024;10:45:00;GOVERNADOR VALADARES;Desrespeitar a preferência no cruzamento;Colisão transversal;Com Vítimas Feridas;Pleno dia;Decrescente;Céu Claro;Simples;Retorno Regulamentado;-1.888.401.297;-4.194.924.399
06/05/2024;07:40:00;CACERES;Animais na Pista;Atropelamento de Animal;Com Vítimas Feridas;Pleno dia;Decrescente;Céu Claro;Simples;Reta;-1.620.833.594;-5.757.476.078
06/05/2024;11:40:00;MAIRIPORA;Pista Escorregadia;Tombamento;Com Vítimas Feridas;Pleno dia;Decrescente;Céu Claro;Dupla;Curva;-2.328.957.673;-4.658.729.853
06/05/2024;12:15:00;VASSOURAS;Velocidade Incompatível;Colisão lateral sentido oposto;Sem Vítimas;Pleno dia;Decrescente;Céu Claro;Simples;Curva;-2.243.047.331;-4.369.980.995
06/05/2024;13:45:00;COLOMBO;Acesso irregular;Colisão traseira;Com Vítimas Feridas;Pleno dia;Crescente;Céu Claro;Simples;Reta;-253.874;-491.774
03/05/2024;06:45:00;DUQUE DE CAXIAS;Acumulo de areia ou detritos sobre o pavimento;Queda de ocupante de veículo;Com Vítimas Feridas;Pleno dia;Crescente;Céu Claro;Dupla;Reta;-22.691.868;-43.287.453
06/05/2024;15:15:00;GUARULHOS;Velocidade Incompatível;Colisão traseira;Com Vítimas Feridas;Pleno dia;Decrescente;Céu Claro;Múltipla;Reta;-2.346.802.395;-4.650.704.901
06/05/2024;11:20:00;ROSARIO;Velocidade Incompatível;Colisão transversal;Com Vítimas Fatais;Pleno dia;Decrescente;Céu Claro;Simples;Reta;-2.950.777;-4.428.315
06/05/2024;08:30:00;DOMINGOS MARTINS;Velocidade Incompatível;Saída de leito carroçável;Com Vítimas Feridas;Pleno dia;Crescente;Garoa/Chuvisco;Simples;Curva;-20.414.181;-40.907.342
06/05/2024;10:30:00;CAMPANARIO;Chuva;Saída de leito carroçável;Com Vítimas Feridas;Pleno dia;Decrescente;Chuva;Simples;Curva;-1.826.721;-4.173.622
06/05/2024;15:45:00;XANXERE;Desrespeitar a preferência no cruzamento;Colisão transversal;Com Vítimas Feridas;Pleno dia;Crescente;Sol;Dupla;"Reta;Interseção de Vias";-26.882.715;-52.381.729
06/05/2024;17:00:00;ARAPORA;Manobra de mudança de faixa;Colisão traseira;Com Vítimas Feridas;Anoitecer;Decrescente;Céu Claro;Dupla;"Reta;Retorno Regulamentado";-184.343.521;-4.919.082.831
06/05/2024;18:20:00;RECIFE;Chuva;Queda de ocupante de veículo;Com Vítimas Feridas;Plena Noite;Decrescente;Chuva;Dupla;Reta;-80.713;-34.939.033
06/05/2024;17:55:00;CAMPO GRANDE;Acesso irregular;Colisão transversal;Com Vítimas Feridas;Plena Noite;Crescente;Nublado;Simples;Reta;-2.045.104.898;-545.403.266
06/05/2024;18:25:00;VOLTA REDONDA;Desrespeitar a preferência no cruzamento;Colisão transversal;Com Vítimas Feridas;Plena Noite;Crescente;Céu Claro;Simples;Curva;-225.054.212;-440.729.781
06/05/2024;18:35:00;CHAPECO;Velocidade Incompatível;Colisão traseira;Com Vítimas Feridas;Plena Noite;Decrescente;Céu Claro;Dupla;Reta;-2.700.359.519;-5.264.391.044
06/05/2024;19:10:00;MURIAE;Desrespeitar a preferência no cruzamento;Colisão transversal;Com Vítimas Feridas;Plena Noite;Decrescente;Céu Claro;Simples;Interseção de Vias;-2.111.938.311;-4.238.006.362
06/05/2024;19:00:00;SEROPEDICA;Ultrapassagem Indevida;Colisão transversal;Com Vítimas Feridas;Plena Noite;Decrescente;Céu Claro;Simples;Reta;-22.804.979;-43.638.828
06/05/2024;19:00:00;CATU;Ultrapassagem Indevida;Saída de leito carroçável;Sem Vítimas;Plena Noite;Decrescente;Céu Claro;Simples;"Curva;Declive";-1.240.218.146;-3.838.093.209
06/05/2024;20:20:00;SERRA;Animais na Pista;Atropelamento de Animal;Com Vítimas Feridas;Plena Noite;Decrescente;Céu Claro;Dupla;Viaduto;-20.129.093;-40.308.125
06/05/2024;19:40:00;CABEDELO;Ultrapassagem Indevida;Colisão transversal;Com Vítimas Feridas;Plena Noite;Decrescente;Céu Claro;Simples;Reta;-697.697.157;-3.483.126.283
06/05/2024;19:45:00;SERRA;Desrespeitar a preferência no cruzamento;Colisão transversal;Com Vítimas Feridas;Plena Noite;Crescente;Nublado;Simples;Retorno Regulamentado;-2.011.487.935;-4.031.943.619
06/05/2024;20:20:00;RIO DE JANEIRO;Velocidade Incompatível;Colisão traseira;Com Vítimas Feridas;Plena Noite;Decrescente;Céu Claro;Dupla;Reta;-2.289.077.885;-4.366.684.705
06/05/2024;23:36:00;JABOATAO DOS GUARARAPES;Animais na Pista;Atropelamento de Animal;Com Vítimas Feridas;Plena Noite;Decrescente;Chuva;Dupla;Reta;-817.782;-34.950.985
07/05/2024;05:00:00;DUQUE DE CAXIAS;Animais na Pista;Atropelamento de Animal;Com Vítimas Feridas;Amanhecer;Crescente;Céu Claro;Dupla;Reta;-2.257.356.181;-4.327.802.893
07/05/2024;04:55:00;TERENOS;Animais na Pista;Atropelamento de Animal;Sem Vítimas;Amanhecer;Decrescente;Sol;Simples;"Reta;Declive";-20.434.107;-55.086.245
07/05/2024;07:30:00;SAO GONCALO;Manobra de mudança de faixa;Colisão traseira;Com Vítimas Feridas;Pleno dia;Crescente;Céu Claro;Dupla;Reta;-2.280.546.555;-4.306.156.967
07/05/2024;07:20:00;RIBEIRAO DAS NEVES;Manobra de mudança de faixa;Colisão traseira;Com Vítimas Feridas;Pleno dia;Crescente;Céu Claro;Dupla;Reta;-198.090.079;-4.409.493.479
07/05/2024;07:00:00;MAIRIPORA;Manobra de mudança de faixa;Colisão lateral mesmo sentido;Com Vítimas Feridas;Pleno dia;Crescente;Céu Claro;Simples;"Reta;Aclive";-232.449.074;-4.659.562.343
07/05/2024;07:40:00;PONTA GROSSA;Velocidade Incompatível;Engavetamento;Com Vítimas Feridas;Pleno dia;Decrescente;Céu Claro;Múltipla;Aclive;-2.514.692.309;-5.015.072.006
07/05/2024;08:50:00;RECIFE;Pista Escorregadia;Tombamento;Com Vítimas Feridas;Pleno dia;Crescente;Chuva;Dupla;"Reta;Em Obras";-8.076.783;-34.973.471
07/05/2024;09:30:00;CAMPO MAIOR;Ultrapassagem Indevida;Colisão lateral mesmo sentido;Com Vítimas Feridas;Pleno dia;Crescente;Céu Claro;Simples;Reta;-483.413.964;-4.216.526.985
07/05/2024;03:00:00;PRIMAVERA DO LESTE;Velocidade Incompatível;Saída de leito carroçável;Sem Vítimas;Plena Noite;Decrescente;Céu Claro;Dupla;Declive;-1.555.739.918;-5.427.981.896
07/05/2024;10:10:00;CANGUCU;Conversão proibida;Colisão transversal;Sem Vítimas;Pleno dia;Crescente;Garoa/Chuvisco;Simples;"Reta;Aclive";-315.163.521;-525.982.911
02/05/2024;23:10:00;VICENTINA;Animais na Pista;Atropelamento de Animal;Sem Vítimas;Plena Noite;Decrescente;Céu Claro;Simples;"Declive;Reta";-2.244.244.682;-5.434.902.191
07/05/2024;11:15:00;BETIM;Velocidade Incompatível;Colisão traseira;Com Vítimas Feridas;Pleno dia;Crescente;Céu Claro;Múltipla;Reta;-199.751.997;-441.943.678
29/02/2024;10:30:00;UBERABA;Pista esburacada;Queda de ocupante de veículo;Com Vítimas Feridas;Pleno dia;Crescente;Céu Claro;Dupla;Reta;-1.977.848.216;-4.792.194.709
07/05/2024;06:30:00;FREI PAULO;Chuva;Saída de leito carroçável;Com Vítimas Feridas;Pleno dia;Decrescente;Chuva;Simples;Reta;-10.554.296;-37.633.732
07/05/2024;11:00:00;BRASILIA;Velocidade Incompatível;Colisão traseira;Com Vítimas Feridas;Pleno dia;Crescente;Céu Claro;Dupla;"Declive;Reta";-15.892.721;-48.095.741
29/04/2024;09:30:00;ITABUNA;Acumulo de areia ou detritos sobre o pavimento;Queda de ocupante de veículo;Com Vítimas Feridas;Pleno dia;Decrescente;Nublado;Simples;Reta;-1.481.574.494;-3.929.612.388
07/05/2024;13:30:00;QUEIMADOS;Conversão proibida;Colisão transversal;Com Vítimas Feridas;Pleno dia;Decrescente;Céu Claro;Dupla;Reta;-2.272.898.648;-4.358.452.101
07/05/2024;15:00:00;VARGEM;Velocidade Incompatível;Colisão com objeto;Sem Vítimas;Pleno dia;Decrescente;Céu Claro;Dupla;"Curva;Declive";-2.292.855.105;-4.646.168.398
07/05/2024;15:10:00;MOSSORO;Manobra de mudança de faixa;Colisão transversal;Com Vítimas Feridas;Pleno dia;Decrescente;Céu Claro;Dupla;"Reta;Retorno Regulamentado";-521.776.977;-3.732.851.744
07/05/2024;14:30:00;JARDIM;Ultrapassagem Indevida;Colisão lateral mesmo sentido;Com Vítimas Feridas;Pleno dia;Crescente;Sol;Simples;Reta;-2.148.542.331;-5.615.040.947
07/05/2024;15:45:00;SANGAO;Ultrapassagem Indevida;Colisão transversal;Com Vítimas Feridas;Pleno dia;Crescente;Céu Claro;Múltipla;Reta;-2.865.823.109;-4.910.991.486
07/05/2024;16:30:00;PETROLINA;Desrespeitar a preferência no cruzamento;Colisão transversal;Com Vítimas Feridas;Pleno dia;Crescente;Céu Claro;Dupla;Interseção de Vias;-939.387.565;-4.051.133.888
07/05/2024;17:30:00;PASSO FUNDO;Desrespeitar a preferência no cruzamento;Colisão transversal;Com Vítimas Feridas;Anoitecer;Crescente;Céu Claro;Simples;Interseção de Vias;-28.236.414;-52.423.466
07/05/2024;16:30:00;DUQUE DE CAXIAS;Ultrapassagem Indevida;Colisão frontal;Com Vítimas Feridas;Pleno dia;Crescente;Céu Claro;Simples;Reta;-2.264.679;-43.283.726
07/05/2024;17:15:00;ARARANGUA;Desrespeitar a preferência no cruzamento;Colisão lateral mesmo sentido;Com Vítimas Feridas;Pleno dia;Crescente;Céu Claro;Simples;Rotatória;-2.895.798.592;-4.951.427.579
07/05/2024;15:00:00;CANUTAMA;Animais na Pista;Colisão com objeto;Com Vítimas Feridas;Pleno dia;Decrescente;Céu Claro;Simples;Reta;-866.914.203;-6.399.500.728
07/05/2024;18:55:00;INHAMBUPE;Iluminação deficiente;Queda de ocupante de veículo;Com Vítimas Fatais;Plena Noite;Crescente;Céu Claro;Simples;Reta;-1.194.270.591;-3.836.817.053
07/05/2024;19:10:00;INHAPIM;Velocidade Incompatível;Queda de ocupante de veículo;Com Vítimas Feridas;Plena Noite;Decrescente;Nublado;Simples;Reta;-1.955.247.801;-4.212.429.712
07/05/2024;18:30:00;PETROPOLIS;Velocidade Incompatível;Colisão com objeto;Com Vítimas Feridas;Plena Noite;Crescente;Céu Claro;Simples;Reta;-22.385.458;-43.129.604
07/05/2024;19:30:00;SANTA INES;Animais na Pista;Atropelamento de Animal;Com Vítimas Feridas;Plena Noite;Crescente;Céu Claro;Simples;Reta;-3.673.308;-45.362.946
07/05/2024;18:55:00;LAGES;Animais na Pista;Atropelamento de Animal;Com Vítimas Feridas;Plena Noite;Decrescente;Céu Claro;Simples;"Reta;Declive";-27.778.582;-50.231.815
07/05/2024;21:20:00;TIMON;Manobra de mudança de faixa;Colisão frontal;Com Vítimas Feridas;Plena Noite;Decrescente;Céu Claro;Simples;Reta;-5.094.195;-42.832.569
07/05/2024;22:00:00;BRUMADINHO;Velocidade Incompatível;Saída de leito carroçável;Com Vítimas Feridas;Plena Noite;Decrescente;Céu Claro;Dupla;"Curva;Declive";-2.012.834.104;-4.430.330.781
07/05/2024;22:30:00;BETIM;Ultrapassagem Indevida;Colisão lateral mesmo sentido;Com Vítimas Feridas;Plena Noite;Decrescente;Céu Claro;Dupla;Reta;-199.720.852;-441.625.544
07/05/2024;19:19:00;VILHENA;Acostamento em desnível;Tombamento;Com Vítimas Feridas;Plena Noite;Crescente;Céu Claro;Simples;"Reta;Em Obras";-12.830.607;-60.075.202
08/05/2024;01:35:00;FORTALEZA;Velocidade Incompatível;Colisão com objeto;Sem Vítimas;Plena Noite;Decrescente;Céu Claro;Dupla;Curva;-377.866.493;-3.851.490.171
08/05/2024;01:58:00;UPANEMA;Animais na Pista;Atropelamento de Animal;Com Vítimas Feridas;Plena Noite;Decrescente;Céu Claro;Simples;Reta;-565.522.693;-3.725.966.329
08/05/2024;06:10:00;SAO GONCALO DO AMARANTE;Manobra de mudança de faixa;Colisão lateral mesmo sentido;Com Vítimas Feridas;Pleno dia;Crescente;Nublado;Dupla;Viaduto;-5.777.664;-3.524.937
08/05/2024;06:40:00;BRASILIA;Manobra de mudança de faixa;Colisão lateral mesmo sentido;Com Vítimas Feridas;Pleno dia;Decrescente;Céu Claro;Dupla;Reta;-15.641.503;-47.755.561