data_inversa;horario;municipio;causa_acidente;tipo_acidente;classificacao_acidente;fase_dia;sentido_via;condicao_metereologica;tipo_pista;tracado_via;latitude;longitude
08/05/2024;06:50:00;LORENA;Desrespeitar a preferência no cruzamento;Colisão transversal;Com Vítimas Feridas;Pleno dia;Decrescente;Sol;Simples;Interseção de Vias;-2.274.708.138;-4.509.973.038
08/05/2024;06:59:00;BARRA DO GARCAS;Ultrapassagem Indevida;Colisão traseira;Com Vítimas Feridas;Pleno dia;Crescente;Céu Claro;Dupla;"Declive;Reta";-15.878.268;-52.306.705
08/05/2024;08:10:00;TRES RIOS;Demais Fenômenos da natureza;Colisão transversal;Com Vítimas Feridas;Pleno dia;Crescente;Sol;Simples;Reta;-2.212.586.166;-4.321.215.519
08/05/2024;08:30:00;SANTO AMARO DA IMPERATRIZ;Ultrapassagem Indevida;Colisão lateral mesmo sentido;Com Vítimas Feridas;Pleno dia;Decrescente;Céu Claro;Simples;Curva;-2.770.389.849;-488.045.054
08/05/2024;08:50:00;RIO VERDE;Acesso irregular;Colisão transversal;Com Vítimas Feridas;Pleno dia;Crescente;Sol;Dupla;Reta;-17.819;-50.943
08/05/2024;07:45:00;ROLANDIA;Manobra de mudança de faixa;Colisão lateral mesmo sentido;Com Vítimas Feridas;Pleno dia;Decrescente;Céu Claro;Dupla;"Reta;Retorno Regulamentado";-2.330.056.794;-5.132.736.862
08/05/2024;10:00:00;APARECIDA DE GOIANIA;Afundamento ou ondulação no pavimento;Queda de ocupante de veículo;Com Vítimas Feridas;Pleno dia;Decrescente;Sol;Simples;Viaduto;-167.715;-492.387
08/05/2024;10:05:00;PIMENTA BUENO;Ultrapassagem Indevida;Colisão lateral mesmo sentido;Sem Vítimas;Pleno dia;Decrescente;Céu Claro;Simples;Curva;-11.679.745;-61.187.815
30/04/2024;17:35:00;PORTO VELHO;Manobra de mudança de faixa;Colisão lateral mesmo sentido;Com Vítimas Feridas;Pleno dia;Decrescente;Céu Claro;Dupla;Reta;-874.006.569;-6.389.151.692
08/05/2024;11:20:00;BLUMENAU;Ultrapassagem Indevida;Colisão lateral mesmo sentido;Com Vítimas Feridas;Pleno dia;Crescente;Céu Claro;Simples;"Reta;Interseção de Vias;Retorno Regulamentado;Rotatória";-26.871.065;-49.110.374
08/05/2024;11:58:00;ITAPEMA;Manobra de mudança de faixa;Colisão lateral mesmo sentido;Com Vítimas Feridas;Pleno dia;Crescente;Céu Claro;Múltipla;Reta;-2.710.123.686;-4.861.807.962
08/05/2024;11:30:00;RIO VERDE DE MATO GROSSO;Acesso irregular;Tombamento;Com Vítimas Feridas;Pleno dia;Decrescente;Céu Claro;Simples;Interseção de Vias;-1.894.110.596;-5.482.984.864
08/05/2024;12:34:00;ACREUNA;Estacionar ou parar em local proibido;Colisão traseira;Com Vítimas Feridas;Pleno dia;Crescente;Céu Claro;Dupla;Reta;-174.888;-504.535
08/05/2024;13:30:00;SAO JOSE;Manobra de mudança de faixa;Colisão lateral mesmo sentido;Com Vítimas Feridas;Pleno dia;Crescente;Céu Claro;Múltipla;"Reta;Aclive";-2.754.836.599;-4.861.977.975
08/05/2024;13:15:00;DEMERVAL LOBAO;Acesso irregular;Colisão transversal;Com Vítimas Feridas;Pleno dia;Decrescente;Sol;Múltipla;Reta;-536.600.695;-4.267.359.985
08/05/2024;15:10:00;MANDIRITUBA;Pista Escorregadia;Colisão com objeto;Com Vítimas Feridas;Pleno dia;Crescente;Céu Claro;Simples;Curva;-2.565.733.698;-4.931.212.612
08/05/2024;14:50:00;PAULISTA;Acesso irregular;Colisão transversal;Com Vítimas Feridas;Pleno dia;Decrescente;Céu Claro;Múltipla;Reta;-792.174.641;-3.489.339.352
08/05/2024;12:30:00;SAO FRANCISCO DO SUL;Desrespeitar a preferência no cruzamento;Colisão frontal;Com Vítimas Feridas;Pleno dia;Decrescente;Céu Claro;Simples;Reta;-2.626.011.706;-4.862.571.995
08/05/2024;14:50:00;SANTO AMARO;Chuva;Tombamento;Com Vítimas Fatais;Pleno dia;Decrescente;Chuva;Dupla;Reta;-12.370.378;-38.811.837
08/05/2024;13:57:00;LAGES;Desrespeitar a preferência no cruzamento;Colisão lateral mesmo sentido;Com Vítimas Feridas;Pleno dia;Crescente;Céu Claro;Simples;Reta;-27.797.916;-50.302.944
08/05/2024;17:20:00;CASCAVEL;Acesso irregular;Colisão transversal;Com Vítimas Feridas;Pleno dia;Crescente;Céu Claro;Simples;Curva;-2.501.450.282;-5.329.128.792
08/05/2024;16:10:00;VOLTA REDONDA;Ultrapassagem Indevida;Colisão lateral mesmo sentido;Com Vítimas Feridas;Pleno dia;Decrescente;Céu Claro;Simples;Interseção de Vias;-2.249.600.417;-4.407.017.469
08/05/2024;18:05:00;CARATINGA;Acesso irregular;Colisão frontal;Com Vítimas Feridas;Anoitecer;Decrescente;Nublado;Simples;Reta;-197.341.039;-4.213.264.957
08/05/2024;13:27:00;PORTO VELHO;Manobra de mudança de faixa;Colisão lateral mesmo sentido;Com Vítimas Feridas;Pleno dia;Crescente;Sol;Simples;Interseção de Vias;-877.331.583;-6.387.969.248
08/05/2024;18:00:00;EUNAPOLIS;Desrespeitar a preferência no cruzamento;Colisão transversal;Com Vítimas Feridas;Anoitecer;Decrescente;Nublado;Simples;Reta;-1.651.577.516;-3.957.427.325
08/05/2024;18:40:00;TAUBATE;Manobra de mudança de faixa;Colisão lateral mesmo sentido;Com Vítimas Feridas;Plena Noite;Decrescente;Céu Claro;Dupla;Reta;-2.304.654.177;-4.559.018.006
08/05/2024;18:00:00;SAO JOSE;Velocidade Incompatível;Engavetamento;Com Vítimas Feridas;Anoitecer;Decrescente;Nublado;Múltipla;Reta;-276.167.305;-486.457.265
08/05/2024;18:40:00;ROSARIO DO SUL;Manobra de mudança de faixa;Colisão lateral mesmo sentido;Com Vítimas Feridas;Plena Noite;Decrescente;Nublado;Simples;Declive;-30.242.779;-54.919.838
08/05/2024;17:50:00;UNIAO DOS PALMARES;Iluminação deficiente;Atropelamento de Animal;Com Vítimas Feridas;Plena Noite;Decrescente;Céu Claro;Simples;Reta;-913.743.588;-3.601.981.091
08/05/2024;13:30:00;ITAPEMA;Desrespeitar a preferência no cruzamento;Colisão transversal;Com Vítimas Feridas;Pleno dia;Crescente;Céu Claro;Dupla;"Interseção de Vias;Retorno Regulamentado;Túnel";-2.708.666.525;-4.860.955.587
01/05/2024;18:30:00;SAO JOSE DOS CAMPOS;Acumulo de areia ou detritos sobre o pavimento;Queda de ocupante de veículo;Com Vítimas Feridas;Plena Noite;Crescente;Céu Claro;Múltipla;Reta;-2.319.122.919;-4.586.327.591
08/05/2024;21:20:00;CAETE;Velocidade Incompatível;Colisão traseira;Com Vítimas Feridas;Plena Noite;Crescente;Nublado;Dupla;"Curva;Declive";-1.978.973.406;-4.367.222.724
08/05/2024;19:00:00;JAPERI;Fumaça;Saída de leito carroçável;Sem Vítimas;Anoitecer;Crescente;Céu Claro;Dupla;"Interseção de Vias;Curva";-226.628.847;-43.625.074
08/05/2024;22:40:00;ITABUNA;Animais na Pista;Tombamento;Com Vítimas Feridas;Plena Noite;Decrescente;Nublado;Simples;Reta;-1.496.379.924;-3.931.343.385
08/05/2024;23:30:00;BIGUACU;Velocidade Incompatível;Saída de leito carroçável;Sem Vítimas;Plena Noite;Decrescente;Céu Claro;Simples;Curva;-27.489.574;-48.655.914
08/05/2024;20:30:00;UBERABA;Animais na Pista;Atropelamento de Animal;Sem Vítimas;Plena Noite;Decrescente;Céu Claro;Simples;Reta;-1.977.864.246;-4.793.629.597
09/05/2024;03:10:00;BETIM;Animais na Pista;Atropelamento de Animal;Com Vítimas Feridas;Plena Noite;Crescente;Céu Claro;Dupla;Reta;-1.998.040.409;-4.422.696.054
09/05/2024;00:40:00;IMPERATRIZ;Demais falhas na via;Tombamento;Com Vítimas Feridas;Plena Noite;Crescente;Céu Claro;Simples;"Reta;Em Obras";-5.526.911;-47.471.455
09/05/2024;02:40:00;SANTA VITORIA;Animais na Pista;Atropelamento de Animal;Com Vítimas Feridas;Plena Noite;Crescente;Céu Claro;Simples;"Reta;Declive";-1.890.190.394;-5.019.473.002
09/05/2024;06:56:00;BRASILIA;Manobra de mudança de faixa;Colisão lateral mesmo sentido;Com Vítimas Feridas;Pleno dia;Decrescente;Céu Claro;Múltipla;"Aclive;Reta";-15.625.675;-47.725.159
09/05/2024;07:20:00;SANTA TEREZINHA DE ITAIPU;Animais na Pista;Atropelamento de Animal;Com Vítimas Feridas;Amanhecer;Decrescente;Garoa/Chuvisco;Dupla;Reta;-2.545.408.037;-5.442.224.885
09/05/2024;06:10:00;PALHOCA;Desrespeitar a preferência no cruzamento;Colisão transversal;Com Vítimas Feridas;Pleno dia;Crescente;Nublado;Simples;"Reta;Interseção de Vias;Rotatória";-27.683.958;-4.871.006
09/05/2024;07:15:00;TEIXEIRA DE FREITAS;Animais na Pista;Atropelamento de Animal;Com Vítimas Feridas;Amanhecer;Crescente;Céu Claro;Simples;Reta;-1.758.718;-3.974.202
09/05/2024;07:30:00;CARIACICA;Velocidade Incompatível;Queda de ocupante de veículo;Com Vítimas Fatais;Pleno dia;Crescente;Sol;Dupla;"Declive;Viaduto;Curva";-2.034.029.997;-4.040.405.712
09/05/2024;06:40:00;RESENDE;Ultrapassagem Indevida;Colisão traseira;Com Vítimas Feridas;Pleno dia;Decrescente;Céu Claro;Dupla;Reta;-2.245.554.499;-4.439.170.333
09/05/2024;07:20:00;SAO LUIS;Ultrapassagem Indevida;Colisão transversal;Com Vítimas Feridas;Pleno dia;Decrescente;Céu Claro;Dupla;"Aclive;Rotatória;Retorno Regulamentado;Reta";-263.608.835;-4.426.848.552
09/05/2024;09:10:00;UBERLANDIA;Manobra de mudança de faixa;Colisão lateral mesmo sentido;Com Vítimas Feridas;Pleno dia;Crescente;Sol;Múltipla;"Reta;Aclive";-1.890.349.687;-4.828.130.603
09/05/2024;09:50:00;PAULISTA;Manobra de mudança de faixa;Colisão lateral mesmo sentido;Com Vítimas Feridas;Pleno dia;Decrescente;Céu Claro;Múltipla;Reta;-7.922.531;-34.892.404
09/05/2024;09:00:00;MARILANDIA DO SUL;Velocidade Incompatível;Saída de leito carroçável;Com Vítimas Feridas;Pleno dia;Decrescente;Céu Claro;Dupla;Reta;-2.383.779.925;-5.126.186.371
09/05/2024;09:50:00;CACAPAVA;Falta de acostamento;Tombamento;Com Vítimas Feridas;Pleno dia;Crescente;Céu Claro;Dupla;Ponte;-2.308.754.228;-4.566.969.781
09/05/2024;11:50:00;VIANA;Manobra de mudança de faixa;Colisão lateral mesmo sentido;Sem Vítimas;Pleno dia;Crescente;Céu Claro;Dupla;Reta;-20.443.811;-40.460.402
09/05/2024;12:45:00;FORTALEZA;Manobra de mudança de faixa;Colisão traseira;Com Vítimas Feridas;Pleno dia;Crescente;Céu Claro;Dupla;Reta;-381.173.382;-3.850.075.191
09/05/2024;12:50:00;BRASILIA;Manobra de mudança de faixa;Saída de leito carroçável;Com Vítimas Feridas;Pleno dia;Crescente;Sol;Múltipla;Reta;-1.579.685.797;-4.806.994.915
09/05/2024;11:40:00;PORTO SEGURO;Velocidade Incompatível;Colisão lateral mesmo sentido;Com Vítimas Feridas;Pleno dia;Decrescente;Céu Claro;Simples;Reta;-1.641.415.489;-3.916.220.395
09/05/2024;13:30:00;INDIARA;Velocidade Incompatível;Colisão com objeto;Com Vítimas Fatais;Pleno dia;Crescente;Céu Claro;Dupla;Declive;-171.062;-499.276
09/05/2024;10:50:00;JARU;Ultrapassagem Indevida;Colisão lateral mesmo sentido;Sem Vítimas;Pleno dia;Decrescente;Céu Claro;Simples;"Aclive;Interseção de Vias";-1.045.220.802;-6.246.072.003
09/05/2024;13:30:00;LINHARES;Desrespeitar a preferência no cruzamento;Colisão lateral mesmo sentido;Com Vítimas Feridas;Pleno dia;Crescente;Chuva;Múltipla;Retorno Regulamentado;-1.937.887.202;-4.006.657.892
23/04/2024;22:40:00;BRASILIA;Manobra de mudança de faixa;Colisão lateral mesmo sentido;Com Vítimas Feridas;Pleno dia;Crescente;Nublado;Dupla;Reta;-15.784.966;-48.122.108
25/04/2024;07:00:00;BRASILIA;Manobra de mudança de faixa;Colisão lateral mesmo sentido;Com Vítimas Feridas;Pleno dia;Crescente;Céu Claro;Dupla;"Reta;Declive";-15.792.352;-48.054.509
25/04/2024;10:40:00;ARAPONGAS;Ultrapassagem Indevida;Colisão lateral mesmo sentido;Com Vítimas Feridas;Pleno dia;Crescente;Céu Claro;Simples;Reta;-2.341.434;-51.427.108
09/05/2024;11:45:00;RECIFE;Manobra de mudança de faixa;Colisão lateral mesmo sentido;Com Vítimas Feridas;Pleno dia;Crescente;Céu Claro;Múltipla;Interseção de Vias;-805.951.606;-3.494.581.024
09/05/2024;17:30:00;SAO JOSE;Chuva;Queda de ocupante de veículo;Com Vítimas Feridas;Anoitecer;Decrescente;Garoa/Chuvisco;Múltipla;Reta;-2.757.531.887;-4.861.321.449
09/05/2024;17:10:00;MAMANGUAPE;Desrespeitar a preferência no cruzamento;Colisão frontal;Com Vítimas Feridas;Anoitecer;Crescente;Chuva;Dupla;"Reta;Declive";-682.975.098;-3.513.756.194
09/05/2024;17:30:00;CAARAPO;Animais na Pista;Atropelamento de Animal;Sem Vítimas;Anoitecer;Crescente;Céu Claro;Dupla;Reta;-2.274.809.491;-5.478.913.886
09/05/2024;18:10:00;PORTO ALEGRE;Animais na Pista;Atropelamento de Animal;Com Vítimas Feridas;Plena Noite;Decrescente;Nublado;Múltipla;Reta;-29.992.107;-51.204.525
18/04/2024;10:15:00;FLEXEIRAS;Chuva;Saída de leito carroçável;Com Vítimas Feridas;Pleno dia;Decrescente;Chuva;Dupla;Curva;-919.437.805;-3.578.723.641
09/05/2024;18:50:00;PARAISO DO TOCANTINS;Desrespeitar a preferência no cruzamento;Colisão frontal;Com Vítimas Feridas;Plena Noite;Decrescente;Céu Claro;Simples;"Reta;Declive";-1.016.527.794;-4.888.094.578
09/05/2024;19:00:00;RECIFE;Acostamento em desnível;Colisão com objeto;Com Vítimas Feridas;Plena Noite;Crescente;Nublado;Dupla;"Reta;Interseção de Vias";-811.813.811;-3.494.329.214
09/05/2024;18:00:00;TANGUA;Iluminação deficiente;Colisão traseira;Com Vítimas Feridas;Plena Noite;Crescente;Céu Claro;Dupla;Reta;-2.274.024.136;-4.275.799.897
09/05/2024;19:40:00;CANAPOLIS;Velocidade Incompatível;Saída de leito carroçável;Com Vítimas Feridas;Plena Noite;Decrescente;Céu Claro;Múltipla;Reta;-1.868.082.528;-4.915.506.363
09/05/2024;19:00:00;SAIRE;Modificação proibida;Colisão com objeto;Com Vítimas Fatais;Plena Noite;Crescente;Céu Claro;Simples;"Reta;Declive";-8.228.844;-35.702.419
09/05/2024;20:00:00;SAO JOSE;Pista Escorregadia;Tombamento;Com Vítimas Feridas;Plena Noite;Decrescente;Chuva;Múltipla;Reta;-2.757.413.014;-4.861.363.083
09/05/2024;20:30:00;BRASILIA;Manobra de mudança de faixa;Colisão lateral mesmo sentido;Com Vítimas Feridas;Plena Noite;Decrescente;Céu Claro;Dupla;"Aclive;Reta";-15.787.601;-48.114.429
09/05/2024;20:25:00;BRASILIA;Conversão proibida;Colisão transversal;Com Vítimas Feridas;Plena Noite;Decrescente;Céu Claro;Simples;Reta;-1.594.761.125;-4.784.275.337
09/05/2024;19:45:00;CAPANEMA;Desrespeitar a preferência no cruzamento;Colisão traseira;Com Vítimas Feridas;Plena Noite;Crescente;Garoa/Chuvisco;Simples;Reta;-2.572.429.696;-5.377.992.115
09/05/2024;21:50:00;CUITE;Conversão proibida;Colisão frontal;Com Vítimas Feridas;Plena Noite;Decrescente;Chuva;Simples;Curva;-64.848.007;-3.614.867.075
09/05/2024;20:30:00;SAO PEDRO DO SUL;Ausência de sinalização;Colisão com objeto;Sem Vítimas;Plena Noite;Decrescente;Céu Claro;Simples;Reta;-2.965.763.669;-5.444.440.716
09/05/2024;22:00:00;BOA VISTA;Deficiência do Sistema de Iluminação/Sinalização;Colisão traseira;Com Vítimas Feridas;Plena Noite;Decrescente;Chuva;Simples;Reta;309.745;-60.818.604
09/05/2024;21:30:00;VILHENA;Desrespeitar a preferência no cruzamento;Colisão transversal;Com Vítimas Feridas;Plena Noite;Crescente;Céu Claro;Dupla;"Reta;Interseção de Vias";-1.273.306.632;-6.012.981.255
10/05/2024;01:30:00;LEOPOLDINA;Acesso irregular;Colisão transversal;Com Vítimas Fatais;Plena Noite;Crescente;Nevoeiro/Neblina;Simples;"Reta;Interseção de Vias";-2.142.227.206;-4.250.880.191
10/05/2024;05:30:00;ANAPOLIS;Animais na Pista;Atropelamento de Animal;Com Vítimas Feridas;Plena Noite;Decrescente;Céu Claro;Múltipla;Reta;-163.846;-489.541
10/05/2024;05:50:00;OSORIO;Acumulo de areia ou detritos sobre o pavimento;Saída de leito carroçável;Sem Vítimas;Amanhecer;Crescente;Céu Claro;Simples;Curva;-2.975.769.666;-5.021.720.951
10/05/2024;06:50:00;BETIM;Manobra de mudança de faixa;Colisão lateral mesmo sentido;Com Vítimas Feridas;Pleno dia;Crescente;Céu Claro;Dupla;Reta;-1.998.025.969;-4.422.672.112
09/05/2024;23:35:00;IMPERATRIZ;Manobra de mudança de faixa;Colisão lateral mesmo sentido;Sem Vítimas;Plena Noite;Crescente;Céu Claro;Simples;Reta;-5.543.249;-47.464.447
10/05/2024;07:55:00;AGUAS LINDAS DE GOIAS;Animais na Pista;Queda de ocupante de veículo;Com Vítimas Feridas;Pleno dia;Decrescente;Céu Claro;Dupla;Reta;-1.577.579.351;-4.823.259.001
10/05/2024;07:25:00;VITORIA DA CONQUISTA;Manobra de mudança de faixa;Colisão lateral mesmo sentido;Com Vítimas Feridas;Amanhecer;Crescente;Garoa/Chuvisco;Simples;"Reta;Declive";-14.851;-408.485
10/05/2024;07:35:00;CORUPA;Pista Escorregadia;Colisão com objeto;Com Vítimas Feridas;Amanhecer;Decrescente;Nevoeiro/Neblina;Simples;"Curva;Declive";-2.640.198.057;-4.929.053.774
10/05/2024;08:30:00;CURITIBA;Velocidade Incompatível;Colisão com objeto;Com Vítimas Feridas;Pleno dia;Decrescente;Céu Claro;Dupla;Reta;-25.469.067;-4.921.361
10/05/2024;09:10:00;SAO JOAO DE MERITI;Manobra de mudança de faixa;Colisão lateral mesmo sentido;Com Vítimas Feridas;Pleno dia;Crescente;Sol;Múltipla;Reta;-2.280.188.151;-4.335.043.673
10/05/2024;08:10:00;GOVERNADOR VALADARES;Conversão proibida;Colisão transversal;Com Vítimas Feridas;Pleno dia;Crescente;Nublado;Simples;Reta;-1.890.130.308;-4.194.492.414
02/05/2024;21:00:00;AGRESTINA;Manobra de mudança de faixa;Colisão lateral sentido oposto;Com Vítimas Feridas;Plena Noite;Decrescente;Céu Claro;Simples;Reta;-8.505.129;-35.945.644
10/05/2024;08:36:00;SAO GONCALO DO AMARANTE;Acesso irregular;Colisão transversal;Com Vítimas Feridas;Pleno dia;Crescente;Céu Claro;Dupla;Reta;-575.269.453;-3.531.535.484
10/05/2024;08:50:00;SERRA;Manobra de mudança de faixa;Capotamento;Com Vítimas Feridas;Pleno dia;Crescente;Céu Claro;Dupla;Declive;-2.013.059.888;-402.961.019
10/05/2024;11:10:00;SETE LAGOAS;Condutor usando celular;Saída de leito carroçável;Com Vítimas Feridas;Pleno dia;Decrescente;Sol;Dupla;Reta;-1.963.737.896;-4.420.372.986
08/05/2024;06:18:00;PORTO ALEGRE;Pista esburacada;Tombamento;Com Vítimas Feridas;Amanhecer;Decrescente;Ignorado;Dupla;Curva;-29.967.936;-51.106.873
10/05/2024;14:03:00;NATAL;Velocidade Incompatível;Colisão lateral mesmo sentido;Com Vítimas Feridas;Pleno dia;Decrescente;Sol;Dupla;"Interseção de Vias;Viaduto";-577.504.241;-3.525.551.504
10/05/2024;13:00:00;CAMPO VERDE;Conversão proibida;Colisão transversal;Com Vítimas Feridas;Pleno dia;Crescente;Sol;Simples;Reta;-1.549.768.472;-5.509.730.092
10/05/2024;15:15:00;FORTALEZA;Manobra de mudança de faixa;Colisão traseira;Com Vítimas Feridas;Pleno dia;Decrescente;Céu Claro;Múltipla;Reta;-373.714.999;-3.857.276.555
10/05/2024;15:30:00;PELOTAS;Desrespeitar a preferência no cruzamento;Colisão transversal;Com Vítimas Feridas;Pleno dia;Decrescente;Chuva;Múltipla;"Rotatória;Viaduto;Interseção de Vias";-317.359.522;-5.239.349.776
10/05/2024;16:05:00;SERRA;Acesso irregular;Colisão transversal;Com Vítimas Feridas;Pleno dia;Decrescente;Céu Claro;Dupla;Declive;-201.572.331;-4.027.678.329
10/05/2024;16:40:00;BRASILIA;Manobra de mudança de faixa;Colisão lateral mesmo sentido;Com Vítimas Feridas;Pleno dia;Crescente;Céu Claro;Dupla;Reta;-1.599.435;-47.985.947
10/05/2024;17:30:00;ITAJAI;Acumulo de areia ou detritos sobre o pavimento;Tombamento;Com Vítimas Feridas;Anoitecer;Crescente;Nublado;Dupla;Reta;-2.692.103.178;-4.870.856.446
10/05/2024;15:20:00;COMODORO;Acesso irregular;Colisão lateral mesmo sentido;Com Vítimas Feridas;Pleno dia;Decrescente;Céu Claro;Simples;Reta;-1.370.885.684;-5.978.274.157
10/05/2024;15:30:00;COLORADO DO OESTE;Sinalização mal posicionada;Colisão transversal;Com Vítimas Feridas;Pleno dia;Decrescente;Céu Claro;Simples;Rotatória;-1.312.026.846;-6.054.055.407
10/05/2024;17:30:00;DOMINGOS MARTINS;Animais na Pista;Atropelamento de Animal;Com Vítimas Feridas;Anoitecer;Decrescente;Chuva;Simples;Rotatória;-203.659.225;-4.106.040.133
10/05/2024;18:35:00;CRISTINAPOLIS;Manobra de mudança de faixa;Colisão frontal;Com Vítimas Feridas;Pleno dia;Crescente;Céu Claro;Simples;Reta;-1.148.067.309;-3.776.331.995
20/04/2024;09:20:00;SAO LOURENCO DA MATA;Acumulo de água sobre o pavimento;Saída de leito carroçável;Com Vítimas Feridas;Pleno dia;Crescente;Chuva;Dupla;"Reta;Declive";-804.710.272;-3.500.887.967
10/05/2024;18:43:00;SEROPEDICA;Deficiência do Sistema de Iluminação/Sinalização;Atropelamento de Pedestre;Com Vítimas Feridas;Plena Noite;Decrescente;Céu Claro;Simples;Reta;-22.719.835;-43.725.739
10/05/2024;19:00:00;REMIGIO;Velocidade Incompatível;Tombamento;Com Vítimas Feridas;Plena Noite;Crescente;Céu Claro;Simples;"Aclive;Reta";-69.732.572;-3.580.905.795
10/05/2024;12:00:00;VILHENA;Desrespeitar a preferência no cruzamento;Colisão transversal;Com Vítimas Feridas;Pleno dia;Crescente;Céu Claro;Simples;Interseção de Vias;-1.273.898.138;-6.013.911.417
10/05/2024;19:30:00;MARABA;Ultrapassagem Indevida;Colisão frontal;Com Vítimas Feridas;Plena Noite;Crescente;Céu Claro;Simples;Reta;-536.957.395;-4.907.796.968
10/05/2024;21:00:00;PALHOCA;Conversão proibida;Colisão frontal;Sem Vítimas;Plena Noite;Crescente;Céu Claro;Simples;Reta;-27.658.611;-48.681.847
10/05/2024;16:20:00;JAGUARUNA;Condutor usando celular;Saída de leito carroçável;Com Vítimas Feridas;Anoitecer;Decrescente;Céu Claro;Dupla;Reta;-285.977.641;-4.904.943.589
10/05/2024;19:50:00;FEIRA DE SANTANA;Acumulo de areia ou detritos sobre o pavimento;Tombamento;Com Vítimas Feridas;Plena Noite;Decrescente;Garoa/Chuvisco;Dupla;"Retorno Regulamentado;Declive";-1.215.729;-3.896.412
10/05/2024;23:10:00;MORRETES;Manobra de mudança de faixa;Colisão com objeto;Sem Vítimas;Plena Noite;Crescente;Céu Claro;Dupla;"Retorno Regulamentado;Reta";-255.343.724;-4.870.654.307
10/05/2024;21:20:00;ITABORAI;Manobra de mudança de faixa;Colisão traseira;Com Vítimas Feridas;Plena Noite;Decrescente;Céu Claro;Dupla;Reta;-2.276.365.068;-4.290.223.623
10/05/2024;22:10:00;SANTA TEREZA DE GOIAS;Velocidade Incompatível;Queda de ocupante de veículo;Com Vítimas Feridas;Plena Noite;Decrescente;Céu Claro;Simples;Reta;-13.587.679;-49.041.557
11/05/2024;01:40:00;BALNEARIO CAMBORIU;Velocidade Incompatível;Saída de leito carroçável;Sem Vítimas;Plena Noite;Crescente;Nublado;Múltipla;Reta;-2.699.064.209;-4.866.310.912
11/05/2024;02:35:00;REGISTRO;Manobra de mudança de faixa;Colisão com objeto;Com Vítimas Feridas;Plena Noite;Decrescente;Céu Claro;Dupla;Reta;-2.451.895.508;-4.785.246.491
11/05/2024;02:30:00;PORTO VELHO;Manobra de mudança de faixa;Colisão lateral mesmo sentido;Com Vítimas Feridas;Plena Noite;Crescente;Céu Claro;Dupla;Reta;-8.766.685;-63.884.052
11/05/2024;05:20:00;MUCURI;Ultrapassagem Indevida;Colisão frontal;Com Vítimas Feridas;Amanhecer;Crescente;Céu Claro;Simples;Aclive;-1.816.840.196;-3.991.873.914
11/05/2024;04:50:00;OURO PRETO;Velocidade Incompatível;Colisão frontal;Com Vítimas Fatais;Plena Noite;Crescente;Céu Claro;Simples;"Curva;Declive";-20.398.458;-43.902.303
11/05/2024;04:00:00;ARARANGUA;Animais na Pista;Atropelamento de Animal;Sem Vítimas;Plena Noite;Decrescente;Chuva;Dupla;Curva;-2.895.017.525;-4.953.117.371
10/05/2024;19:40:00;NAZARE DO PIAUI;Manobra de mudança de faixa;Colisão transversal;Com Vítimas Fatais;Plena Noite;Decrescente;Céu Claro;Simples;Reta;-692.178.978;-4.278.108.092
11/05/2024;03:50:00;GUARULHOS;Velocidade Incompatível;Colisão com objeto;Sem Vítimas;Plena Noite;Decrescente;Nublado;Múltipla;Reta;-234.324.306;-464.194.352
11/05/2024;06:30:00;JACAREI;Conversão proibida;Colisão lateral sentido oposto;Com Vítimas Feridas;Amanhecer;Decrescente;Nublado;Simples;Reta;-2.327.617.003;-4.597.592.098
11/05/2024;07:10:00;PARACATU;Desrespeitar a preferência no cruzamento;Colisão transversal;Com Vítimas Feridas;Pleno dia;Decrescente;Céu Claro;Simples;"Reta;Rotatória";-172.188.441;-468.666.753
11/05/2024;05:40:00;ALAGOINHAS;Desrespeitar a preferência no cruzamento;Colisão transversal;Com Vítimas Feridas;Pleno dia;Decrescente;Chuva;Simples;"Reta;Interseção de Vias";-1.216.688.324;-3.841.369.629
11/05/2024;04:20:00;ITAPERUNA;Velocidade Incompatível;Colisão com objeto;Sem Vítimas;Plena Noite;Crescente;Céu Claro;Simples;Curva;-2.117.187.501;-4.207.344.102
11/05/2024;08:40:00;BARBACENA;Manobra de mudança de faixa;Colisão lateral mesmo sentido;Com Vítimas Feridas;Pleno dia;Crescente;Céu Claro;Simples;Reta;-2.114.688.299;-4.376.443.098
11/05/2024;09:30:00;ARAGUAINA;Desrespeitar a preferência no cruzamento;Colisão transversal;Com Vítimas Feridas;Pleno dia;Decrescente;Céu Claro;Múltipla;Retorno Regulamentado;-7.175.959;-48.219.548
11/05/2024;09:40:00;NOSSA SENHORA DO SOCORRO;Manobra de mudança de faixa;Queda de ocupante de veículo;Com Vítimas Feridas;Pleno dia;Decrescente;Chuva;Dupla;Aclive;-1.086.174.498;-3.713.526.579
11/05/2024;10:12:00;JOAO PESSOA;Ultrapassagem Indevida;Colisão traseira;Sem Vítimas;Pleno dia;Não Informado;Céu Claro;Simples;Reta;-706.715.607;-3.484.062.196
11/05/2024;10:00:00;APARECIDA DE GOIANIA;Desrespeitar a preferência no cruzamento;Colisão transversal;Com Vítimas Feridas;Pleno dia;Crescente;Céu Claro;Dupla;"Declive;Retorno Regulamentado;Reta";-168.315;-492.434