data_inversa;horario;municipio;causa_acidente;tipo_acidente;classificacao_acidente;fase_dia;sentido_via;condicao_metereologica;tipo_pista;tracado_via;latitude;longitude
14/05/2024;18:15:00;BOM RETIRO;Conversão proibida;Colisão transversal;Com Vítimas Fatais;Plena Noite;Crescente;Nublado;Simples;Reta;-2.774.986.064;-4.971.132.159
15/05/2024;00:05:00;CABEDELO;Acesso irregular;Colisão transversal;Com Vítimas Feridas;Plena Noite;Decrescente;Céu Claro;Dupla;Retorno Regulamentado;-708.977.215;-3.484.831.839
15/05/2024;02:40:00;ARAPORA;Neblina;Saída de leito carroçável;Com Vítimas Feridas;Plena Noite;Crescente;Nevoeiro/Neblina;Dupla;"Interseção de Vias;Viaduto";-1.845.132.998;-4.918.791.489
15/05/2024;05:50:00;IGARASSU;Manobra de mudança de faixa;Colisão lateral mesmo sentido;Com Vítimas Feridas;Pleno dia;Crescente;Céu Claro;Múltipla;Reta;-786.521.297;-3.490.715.176
15/05/2024;07:45:00;BETIM;Velocidade Incompatível;Colisão traseira;Com Vítimas Feridas;Pleno dia;Crescente;Céu Claro;Múltipla;Reta;-199.587.906;-440.696.712
15/05/2024;05:15:00;PICADA CAFE;Desvio temporário;Saída de leito carroçável;Com Vítimas Feridas;Amanhecer;Decrescente;Céu Claro;Simples;"Desvio Temporário;Reta;Em Obras;Aclive";-2.943.001.301;-5.113.412.787
15/05/2024;07:00:00;ANGRA DOS REIS;Pista Escorregadia;Colisão frontal;Com Vítimas Feridas;Pleno dia;Crescente;Chuva;Simples;Curva;-2.299.003.851;-4.444.379.439
15/05/2024;07:40:00;UBERLANDIA;Pista esburacada;Colisão traseira;Com Vítimas Feridas;Amanhecer;Crescente;Céu Claro;Dupla;Reta;-1.885.140.204;-4.825.345.932
15/05/2024;08:45:00;CASTANHAL;Manobra de mudança de faixa;Colisão lateral mesmo sentido;Com Vítimas Feridas;Pleno dia;Decrescente;Céu Claro;Dupla;Reta;-129.686.015;-4.794.639.002
15/05/2024;08:38:00;CAMPINA GRANDE DO SUL;Chuva;Capotamento;Com Vítimas Feridas;Pleno dia;Decrescente;Garoa/Chuvisco;Dupla;"Curva;Declive";-2.510.003.092;-4.882.089.801
15/05/2024;09:45:00;SERRA;Manobra de mudança de faixa;Colisão lateral mesmo sentido;Com Vítimas Feridas;Pleno dia;Crescente;Céu Claro;Múltipla;"Reta;Interseção de Vias";-2.021.740.496;-4.026.990.578
15/05/2024;09:05:00;PICOS;Desrespeitar a preferência no cruzamento;Colisão transversal;Sem Vítimas;Pleno dia;Crescente;Céu Claro;Dupla;Retorno Regulamentado;-707.639.186;-4.147.475.001
15/05/2024;09:55:00;PETROPOLIS;Chuva;Queda de ocupante de veículo;Com Vítimas Feridas;Pleno dia;Decrescente;Garoa/Chuvisco;Simples;Curva;-2.252.850.694;-432.349.802
15/05/2024;07:00:00;UBAITABA;Acostamento em desnível;Saída de leito carroçável;Com Vítimas Fatais;Pleno dia;Crescente;Nublado;Simples;Reta;-14.257.334;-39.323.378
15/05/2024;13:00:00;ANAPOLIS;Desrespeitar a preferência no cruzamento;Colisão lateral mesmo sentido;Com Vítimas Feridas;Pleno dia;Crescente;Céu Claro;Simples;"Interseção de Vias;Reta";-1.625.482.505;-489.361.188
15/05/2024;13:50:00;PONTA GROSSA;Demais falhas na via;Colisão com objeto;Com Vítimas Feridas;Pleno dia;Crescente;Chuva;Dupla;Curva;-250.593.281;-5.022.092.206
15/05/2024;15:30:00;SANTA MARGARIDA DO SUL;Demais Fenômenos da natureza;Colisão com objeto;Com Vítimas Feridas;Pleno dia;Crescente;Céu Claro;Simples;"Reta;Declive";-30.343.506;-54.045.925
08/05/2024;06:00:00;ILHEUS;Animais na Pista;Atropelamento de Animal;Com Vítimas Feridas;Pleno dia;Decrescente;Garoa/Chuvisco;Dupla;Reta;-148.482;-39.281.986
15/05/2024;15:45:00;FEIRA DE SANTANA;Animais na Pista;Atropelamento de Animal;Com Vítimas Feridas;Pleno dia;Decrescente;Sol;Dupla;Declive;-12.168.362;-38.964.993
15/05/2024;17:20:00;ITABAIANA;Desrespeitar a preferência no cruzamento;Colisão transversal;Com Vítimas Feridas;Pleno dia;Crescente;Céu Claro;Simples;"Reta;Interseção de Vias";-10.604.629;-37.478.199
15/05/2024;10:50:00;ANGRA DOS REIS;Chuva;Colisão com objeto;Com Vítimas Feridas;Pleno dia;Crescente;Chuva;Simples;Curva;-230.232.454;-4.451.684.972
15/05/2024;18:30:00;JOINVILLE;Manobra de mudança de faixa;Colisão lateral mesmo sentido;Com Vítimas Feridas;Plena Noite;Crescente;Céu Claro;Dupla;Reta;-26.226.987;-4.891.657
15/05/2024;18:15:00;UBERLANDIA;Manobra de mudança de faixa;Colisão lateral mesmo sentido;Com Vítimas Feridas;Anoitecer;Decrescente;Céu Claro;Dupla;"Reta;Interseção de Vias";-1.884.248.402;-4.825.258.395
15/05/2024;18:40:00;CURITIBA;Acesso irregular;Atropelamento de Pedestre;Com Vítimas Feridas;Plena Noite;Crescente;Nublado;Dupla;Reta;-2.550.194.708;-493.415.524
15/05/2024;18:50:00;CARUARU;Frear bruscamente;Colisão traseira;Sem Vítimas;Plena Noite;Decrescente;Céu Claro;Dupla;Reta;-830.193.507;-3.598.092.002
15/05/2024;18:30:00;ANAPOLIS;Desrespeitar a preferência no cruzamento;Colisão lateral mesmo sentido;Com Vítimas Feridas;Anoitecer;Decrescente;Céu Claro;Simples;"Interseção de Vias;Reta";-1.625.482.505;-489.361.188
15/05/2024;17:25:00;VILHENA;Manobra de mudança de faixa;Colisão lateral mesmo sentido;Com Vítimas Feridas;Anoitecer;Decrescente;Sol;Múltipla;Rotatória;-1.274.077.712;-6.013.315.201
15/05/2024;19:00:00;CAMPO MOURAO;Manobra de mudança de faixa;Colisão lateral mesmo sentido;Sem Vítimas;Plena Noite;Crescente;Nublado;Dupla;Reta;-2.405.475.193;-5.241.061.403
15/05/2024;13:20:00;PIRAI;Acumulo de água sobre o pavimento;Colisão com objeto;Com Vítimas Feridas;Pleno dia;Decrescente;Nevoeiro/Neblina;Dupla;Curva;-2.266.355.363;-4.384.062.168
15/05/2024;18:00:00;NOVA ERA;Ultrapassagem Indevida;Colisão frontal;Com Vítimas Feridas;Anoitecer;Decrescente;Céu Claro;Simples;Curva;-1.971.356.908;-4.300.011.599
15/05/2024;19:25:00;DUQUE DE CAXIAS;Manobra de mudança de faixa;Colisão traseira;Com Vítimas Feridas;Plena Noite;Crescente;Nublado;Dupla;Reta;-2.270.948.502;-4.329.040.354
15/05/2024;18:10:00;AGRONOMICA;Ultrapassagem Indevida;Colisão frontal;Com Vítimas Fatais;Plena Noite;Decrescente;Céu Claro;Simples;Reta;-272.744.136;-497.367.438
07/05/2024;18:00:00;POXOREO;Velocidade Incompatível;Colisão traseira;Com Vítimas Feridas;Anoitecer;Decrescente;Céu Claro;Simples;Reta;-1.557.659.144;-5.449.750.504
15/05/2024;19:20:00;GARIBALDI;Desrespeitar a preferência no cruzamento;Colisão transversal;Com Vítimas Feridas;Plena Noite;Crescente;Céu Claro;Simples;"Retorno Regulamentado;Reta";-2.921.454.003;-5.151.762.617
15/05/2024;20:50:00;ALIANCA DO TOCANTINS;Ultrapassagem Indevida;Colisão lateral sentido oposto;Com Vítimas Feridas;Plena Noite;Crescente;Céu Claro;Simples;Aclive;-1.136.120.913;-4.896.096.165
15/05/2024;19:30:00;PAUDALHO;Sinalização mal posicionada;Colisão com objeto;Com Vítimas Fatais;Plena Noite;Decrescente;Céu Claro;Dupla;"Desvio Temporário;Em Obras;Curva";-7.876.285;-35.184.548
15/05/2024;21:30:00;CONTAGEM;Manobra de mudança de faixa;Colisão transversal;Com Vítimas Feridas;Plena Noite;Crescente;Céu Claro;Múltipla;"Reta;Aclive";-199.583.687;-440.604.472
15/05/2024;22:17:00;CAMPINA GRANDE DO SUL;Acumulo de água sobre o pavimento;Capotamento;Com Vítimas Feridas;Plena Noite;Crescente;Chuva;Dupla;"Curva;Declive";-2.508.123.277;-4.862.449.108
15/05/2024;19:40:00;ANGRA DOS REIS;Velocidade Incompatível;Queda de ocupante de veículo;Com Vítimas Feridas;Plena Noite;Decrescente;Céu Claro;Simples;Reta;-230.053.835;-4.427.651.536
15/05/2024;18:00:00;CARATINGA;Velocidade Incompatível;Colisão traseira;Com Vítimas Feridas;Plena Noite;Decrescente;Céu Claro;Simples;Curva;-1.976.833.785;-4.213.105.238
15/05/2024;22:55:00;ARARANGUA;Animais na Pista;Atropelamento de Animal;Com Vítimas Feridas;Plena Noite;Crescente;Céu Claro;Simples;Reta;-289.356;-494.864
16/05/2024;04:20:00;CARIRI DO TOCANTINS;Acesso irregular;Colisão lateral mesmo sentido;Sem Vítimas;Plena Noite;Crescente;Céu Claro;Simples;Reta;-1.198.176.516;-4.920.236.414
16/05/2024;04:39:00;SILVA JARDIM;Animais na Pista;Atropelamento de Animal;Sem Vítimas;Plena Noite;Decrescente;Céu Claro;Dupla;Reta;-2.258.542.006;-423.846.588
16/05/2024;05:40:00;PORTO VELHO;Animais na Pista;Tombamento;Com Vítimas Feridas;Amanhecer;Crescente;Nublado;Dupla;Reta;-880.298.977;-6.375.179.291
16/05/2024;08:30:00;FORTALEZA;Manobra de mudança de faixa;Colisão lateral mesmo sentido;Com Vítimas Feridas;Pleno dia;Decrescente;Sol;Múltipla;"Reta;Ponte";-378.367.529;-3.851.269.662
16/05/2024;06:20:00;TIMOTEO;Velocidade Incompatível;Saída de leito carroçável;Com Vítimas Feridas;Amanhecer;Crescente;Céu Claro;Simples;Reta;-1.952.941.773;-4.261.502.266
16/05/2024;08:05:00;NAVEGANTES;Pista Escorregadia;Tombamento;Com Vítimas Feridas;Pleno dia;Crescente;Céu Claro;Múltipla;Reta;-26.868.551;-48.674.831
13/02/2024;01:07:00;XAXIM;Falta de elemento de contenção que evite a saída do leito carroçável;Saída de leito carroçável;Com Vítimas Feridas;Plena Noite;Crescente;Nublado;Simples;Reta;-2.698.046;-5.259.069
16/05/2024;10:30:00;CANOAS;Conversão proibida;Colisão lateral mesmo sentido;Com Vítimas Feridas;Pleno dia;Não Informado;Chuva;Múltipla;"Declive;Reta";-299.040.521;-511.757.479
16/05/2024;10:20:00;JABOATAO DOS GUARARAPES;Manobra de mudança de faixa;Colisão lateral mesmo sentido;Com Vítimas Feridas;Pleno dia;Decrescente;Sol;Dupla;Reta;-8.168.383;-349.376
16/05/2024;10:50:00;JARAGUA DO SUL;Desrespeitar a preferência no cruzamento;Colisão transversal;Com Vítimas Feridas;Pleno dia;Decrescente;Nublado;Simples;Rotatória;-264.775.146;-4.910.363.575
16/05/2024;10:50:00;GOVERNADOR VALADARES;Acumulo de areia ou detritos sobre o pavimento;Tombamento;Com Vítimas Feridas;Pleno dia;Decrescente;Céu Claro;Dupla;Retorno Regulamentado;-18.855.625;-41.975.623
14/05/2024;00:20:00;IBIRAMA;Velocidade Incompatível;Saída de leito carroçável;Sem Vítimas;Plena Noite;Crescente;Chuva;Simples;Curva;-27.106.783;-49.522.049
16/05/2024;14:20:00;SAO GONCALO DO RIO ABAIXO;Manobra de mudança de faixa;Colisão lateral mesmo sentido;Com Vítimas Fatais;Pleno dia;Decrescente;Sol;Simples;Reta;-1.979.575.004;-4.342.574.708
16/05/2024;15:35:00;UBATUBA;Conversão proibida;Colisão transversal;Com Vítimas Feridas;Pleno dia;Decrescente;Nublado;Simples;Curva;-2.343.696.329;-4.508.768.768
16/05/2024;16:00:00;BRASILIA;Manobra de mudança de faixa;Colisão lateral mesmo sentido;Com Vítimas Feridas;Pleno dia;Crescente;Céu Claro;Dupla;"Reta;Interseção de Vias";-15.976.897;-47.990.129
16/05/2024;15:45:00;CAMPOS NOVOS;Desrespeitar a preferência no cruzamento;Colisão transversal;Sem Vítimas;Pleno dia;Decrescente;Nublado;Simples;Interseção de Vias;-2.739.345.965;-5.119.214.773
16/05/2024;16:30:00;PARATY;Acumulo de areia ou detritos sobre o pavimento;Queda de ocupante de veículo;Com Vítimas Feridas;Pleno dia;Decrescente;Nublado;Simples;Rotatória;-2.321.978.585;-4.473.466.957
16/05/2024;18:00:00;NOVA LIMA;Manobra de mudança de faixa;Colisão lateral mesmo sentido;Com Vítimas Feridas;Plena Noite;Decrescente;Céu Claro;Dupla;"Reta;Declive";-2.003.136.499;-4.396.967.792
16/05/2024;18:00:00;SOUSA;Deficiência do Sistema de Iluminação/Sinalização;Colisão traseira;Com Vítimas Feridas;Plena Noite;Crescente;Céu Claro;Simples;Reta;-67.817;-382.695
16/05/2024;18:30:00;LONDRINA;Frear bruscamente;Colisão traseira;Com Vítimas Feridas;Plena Noite;Decrescente;Céu Claro;Dupla;Reta;-2.329.297.043;-5.115.341.127
16/05/2024;17:40:00;VOLTA REDONDA;Ultrapassagem Indevida;Colisão com objeto;Com Vítimas Feridas;Anoitecer;Crescente;Céu Claro;Simples;Reta;-2.248.025.569;-4.402.974.901
16/05/2024;19:00:00;IGARASSU;Afundamento ou ondulação no pavimento;Queda de ocupante de veículo;Com Vítimas Feridas;Plena Noite;Crescente;Céu Claro;Múltipla;"Declive;Reta";-787.406.004;-3.490.588.126
27/04/2024;03:34:00;CRUZ DO ESPIRITO SANTO;Animais na Pista;Queda de ocupante de veículo;Com Vítimas Feridas;Plena Noite;Crescente;Chuva;Dupla;Reta;-7.198.272;-35.166.105
16/05/2024;20:30:00;TIANGUA;Acumulo de água sobre o pavimento;Colisão lateral sentido oposto;Com Vítimas Feridas;Plena Noite;Crescente;Garoa/Chuvisco;Simples;"Curva;Declive";-366.341.744;-4.095.009.697
16/05/2024;20:00:00;CRISTALINA;Conversão proibida;Colisão traseira;Com Vítimas Feridas;Plena Noite;Decrescente;Céu Claro;Simples;Reta;-1.610.610.344;-4.749.477.642
16/05/2024;16:30:00;CARATINGA;Conversão proibida;Colisão transversal;Com Vítimas Feridas;Pleno dia;Decrescente;Nublado;Simples;Reta;-19.794.033;-4.213.731.414
17/05/2024;03:00:00;CASIMIRO DE ABREU;Animais na Pista;Atropelamento de Animal;Com Vítimas Feridas;Plena Noite;Crescente;Céu Claro;Dupla;Curva;-2.248.771.193;-4.213.561.096
17/05/2024;03:55:00;CRICIUMA;Pista Escorregadia;Colisão com objeto;Com Vítimas Feridas;Plena Noite;Decrescente;Chuva;Múltipla;"Reta;Aclive";-2.879.513.029;-4.935.435.084
17/05/2024;05:40:00;MACAIBA;Acumulo de água sobre o pavimento;Tombamento;Com Vítimas Feridas;Amanhecer;Crescente;Chuva;Simples;"Declive;Reta;Em Obras";-586.605.927;-3.535.822.096
17/05/2024;07:40:00;CURITIBA;Animais na Pista;Atropelamento de Animal;Com Vítimas Feridas;Pleno dia;Decrescente;Sol;Dupla;Reta;-255.599.323;-4.930.743.945
05/03/2024;20:00:00;DUQUE DE CAXIAS;Acumulo de água sobre o pavimento;Eventos atípicos;Sem Vítimas;Plena Noite;Não Informado;Chuva;Simples;"Reta;Aclive";-2.267.686.685;-432.826.674
17/05/2024;07:00:00;JOINVILLE;Manobra de mudança de faixa;Colisão lateral mesmo sentido;Com Vítimas Feridas;Pleno dia;Decrescente;Nublado;Dupla;Reta;-2.627.176.094;-4.889.468.382
17/05/2024;05:30:00;CARAVELAS;Ultrapassagem Indevida;Colisão frontal;Com Vítimas Fatais;Amanhecer;Decrescente;Céu Claro;Simples;Reta;-1.764.533.071;-397.718.811
17/05/2024;07:50:00;SAO JOSE DOS PINHAIS;Manobra de mudança de faixa;Colisão lateral mesmo sentido;Com Vítimas Feridas;Amanhecer;Decrescente;Céu Claro;Dupla;Reta;-2.556.960.908;-4.922.396.421
05/05/2024;02:30:00;JUSSARA;Ultrapassagem Indevida;Colisão com objeto;Sem Vítimas;Plena Noite;Crescente;Céu Claro;Simples;Reta;-158.748.277;-5.082.241.058
17/05/2024;08:30:00;CHAPECO;Desrespeitar a preferência no cruzamento;Colisão transversal;Com Vítimas Feridas;Pleno dia;Crescente;Chuva;Dupla;"Reta;Interseção de Vias;Retorno Regulamentado";-27.027.733;-52.634.153
17/05/2024;08:45:00;SOBRADO;Velocidade Incompatível;Colisão com objeto;Sem Vítimas;Pleno dia;Crescente;Chuva;Dupla;Curva;-71.873;-352.065
14/05/2024;11:50:00;MURIAE;Conversão proibida;Colisão lateral mesmo sentido;Com Vítimas Feridas;Pleno dia;Decrescente;Sol;Simples;Interseção de Vias;-2.111.938.311;-4.238.006.362
17/05/2024;09:48:00;SANTA RITA;Chuva;Colisão com objeto;Sem Vítimas;Pleno dia;Decrescente;Chuva;Dupla;Curva;-698.564.991;-3.507.334.684
17/05/2024;09:00:00;ITABUNA;Conversão proibida;Colisão transversal;Com Vítimas Feridas;Pleno dia;Crescente;Céu Claro;Simples;Reta;-14.829.398;-39.317.289
08/04/2024;06:00:00;SAO JOSE;Pista Escorregadia;Colisão com objeto;Com Vítimas Feridas;Pleno dia;Crescente;Garoa/Chuvisco;Dupla;Curva;-27.588.425;-48.612.919
17/05/2024;11:35:00;GUARANIACU;Conversão proibida;Colisão lateral mesmo sentido;Com Vítimas Feridas;Pleno dia;Decrescente;Sol;Simples;"Reta;Aclive";-2.511.018.112;-5.285.167.802
19/02/2024;20:45:00;VIANA;Velocidade Incompatível;Colisão com objeto;Com Vítimas Fatais;Plena Noite;Decrescente;Nublado;Dupla;"Viaduto;Reta";-2.035.374.444;-404.156.433
17/05/2024;12:10:00;ROLANDIA;Desrespeitar a preferência no cruzamento;Saída de leito carroçável;Com Vítimas Feridas;Pleno dia;Decrescente;Céu Claro;Dupla;"Retorno Regulamentado;Interseção de Vias;Rotatória";-233.029.062;-5.133.381.128
17/05/2024;12:45:00;MATIAS BARBOSA;Manobra de mudança de faixa;Colisão traseira;Com Vítimas Feridas;Pleno dia;Crescente;Céu Claro;Dupla;"Reta;Aclive";-2.186.313.979;-4.337.348.589
17/05/2024;12:50:00;JUIZ DE FORA;Ultrapassagem Indevida;Colisão frontal;Com Vítimas Feridas;Pleno dia;Decrescente;Céu Claro;Simples;Curva;-2.175.070.613;-4.315.938.495
17/05/2024;13:50:00;CAMBE;Manobra de mudança de faixa;Colisão lateral mesmo sentido;Com Vítimas Feridas;Pleno dia;Crescente;Céu Claro;Dupla;Reta;-232.892;-512.624
17/05/2024;11:30:00;MASSARANDUBA;Velocidade Incompatível;Saída de leito carroçável;Sem Vítimas;Pleno dia;Crescente;Nublado;Dupla;Curva;-7.272.461;-35.751.719
17/05/2024;13:20:00;ARAPONGAS;Ultrapassagem Indevida;Colisão transversal;Com Vítimas Feridas;Pleno dia;Crescente;Céu Claro;Simples;"Reta;Interseção de Vias";-23.42;-51.42
17/05/2024;14:17:00;MURIAE;Desrespeitar a preferência no cruzamento;Colisão transversal;Com Vítimas Feridas;Pleno dia;Decrescente;Sol;Simples;"Reta;Interseção de Vias";-2.112.166.312;-4.237.983.677
17/05/2024;15:35:00;ITABAIANA;Desrespeitar a preferência no cruzamento;Colisão transversal;Com Vítimas Feridas;Pleno dia;Crescente;Nublado;Simples;"Aclive;Interseção de Vias;Reta";-1.069.721.333;-374.348.402
17/05/2024;15:30:00;BELO JARDIM;Chuva;Saída de leito carroçável;Com Vítimas Feridas;Pleno dia;Crescente;Chuva;Dupla;Curva;-834.074.526;-3.634.337.092
07/04/2024;10:20:00;JABOATAO DOS GUARARAPES;Manobra de mudança de faixa;Colisão traseira;Com Vítimas Feridas;Pleno dia;Decrescente;Sol;Múltipla;"Reta;Retorno Regulamentado";-807.333.497;-3.496.184.301
17/05/2024;14:55:00;PORTO VELHO;Manobra de mudança de faixa;Colisão transversal;Com Vítimas Feridas;Pleno dia;Decrescente;Céu Claro;Dupla;Reta;-8.766.685;-63.884.052
17/05/2024;13:35:00;SAO GONCALO;Ultrapassagem Indevida;Colisão lateral mesmo sentido;Sem Vítimas;Pleno dia;Decrescente;Céu Claro;Dupla;Reta;-2.280.546.555;-4.306.156.967
17/05/2024;14:15:00;INHAMBUPE;Acesso irregular;Colisão lateral mesmo sentido;Com Vítimas Feridas;Pleno dia;Crescente;Céu Claro;Simples;Reta;-1.186.295.817;-3.837.319.551
17/05/2024;13:30:00;NOVA VICOSA;Conversão proibida;Colisão lateral mesmo sentido;Sem Vítimas;Pleno dia;Crescente;Céu Claro;Simples;Reta;-1.788.422;-39.870.975
17/05/2024;15:15:00;FEIRA DE SANTANA;Ultrapassagem Indevida;Colisão transversal;Com Vítimas Feridas;Pleno dia;Crescente;Nublado;Simples;Interseção de Vias;-1.224.953.308;-3.893.362.525
17/05/2024;16:00:00;RIO DE JANEIRO;Manobra de mudança de faixa;Colisão lateral mesmo sentido;Com Vítimas Feridas;Pleno dia;Crescente;Céu Claro;Múltipla;Reta;-228.765.463;-4.361.463.385
17/05/2024;15:20:00;RECIFE;Acostamento em desnível;Queda de ocupante de veículo;Com Vítimas Feridas;Pleno dia;Decrescente;Chuva;Dupla;Curva;-8.119.775;-34.942.773
17/05/2024;18:05:00;MURIAE;Conversão proibida;Colisão transversal;Com Vítimas Feridas;Plena Noite;Crescente;Nublado;Simples;"Reta;Aclive;Interseção de Vias;Viaduto";-2.112.682.309;-423.832.189
17/05/2024;18:39:00;FIGUEIROPOLIS;Acesso irregular;Colisão transversal;Com Vítimas Feridas;Plena Noite;Decrescente;Céu Claro;Simples;Reta;-1.211.278.686;-4.917.999.978
17/05/2024;19:20:00;MORRO REDONDO;Manobra de mudança de faixa;Colisão lateral mesmo sentido;Com Vítimas Feridas;Plena Noite;Crescente;Céu Claro;Simples;"Reta;Aclive";-3.154.130.208;-5.256.823.006
17/05/2024;19:30:00;CURITIBA;Manobra de mudança de faixa;Colisão lateral mesmo sentido;Com Vítimas Feridas;Plena Noite;Decrescente;Céu Claro;Dupla;Reta;-2.544.771.454;-4.923.040.085
15/04/2024;06:00:00;RECIFE;Velocidade Incompatível;Eventos atípicos;Sem Vítimas;Pleno dia;Crescente;Chuva;Simples;Curva;-8.064.473;-34.936.928
17/05/2024;19:30:00;MAGE;Iluminação deficiente;Colisão traseira;Sem Vítimas;Plena Noite;Crescente;Céu Claro;Dupla;Reta;-226.663.848;-4.302.770.248
17/05/2024;20:15:00;CAMPO MAIOR;Animais na Pista;Atropelamento de Animal;Com Vítimas Feridas;Plena Noite;Crescente;Nublado;Simples;Reta;-4.849.445;-42.193.741
17/05/2024;19:40:00;QUEIMADAS;Iluminação deficiente;Colisão traseira;Com Vítimas Feridas;Plena Noite;Crescente;Chuva;Simples;Reta;-7.352.277;-3.590.094
17/05/2024;19:00:00;CACOAL;Falta de elemento de contenção que evite a saída do leito carroçável;Saída de leito carroçável;Com Vítimas Feridas;Plena Noite;Decrescente;Ignorado;Simples;Reta;-11.437.847;-6.155.893
17/05/2024;21:40:00;ITAPORANGA DAJUDA;Animais na Pista;Atropelamento de Animal;Com Vítimas Feridas;Plena Noite;Decrescente;Céu Claro;Dupla;Declive;-1.101.146.389;-3.731.286.103
17/05/2024;22:10:00;SANTA RITA;Velocidade Incompatível;Saída de leito carroçável;Sem Vítimas;Plena Noite;Crescente;Céu Claro;Dupla;Curva;-695.396.379;-3.509.058.058
17/05/2024;18:40:00;ACREUNA;Animais na Pista;Atropelamento de Animal;Sem Vítimas;Anoitecer;Crescente;Céu Claro;Dupla;Reta;-17.331;-503.055
17/05/2024;19:30:00;GAVIAO;Ultrapassagem Indevida;Colisão frontal;Com Vítimas Fatais;Plena Noite;Crescente;Céu Claro;Simples;Reta;-1.151.234.936;-3.973.008.433
17/05/2024;18:30:00;RIO BRANCO;Afundamento ou ondulação no pavimento;Queda de ocupante de veículo;Com Vítimas Feridas;Plena Noite;Decrescente;Céu Claro;Simples;Reta;-1.002.644.375;-678.206.882
18/05/2024;02:50:00;ALVORADA DO NORTE;Animais na Pista;Atropelamento de Animal;Com Vítimas Fatais;Plena Noite;Crescente;Céu Claro;Simples;Reta;-14.512.442;-46.522.091
18/05/2024;05:15:00;CURITIBA;Velocidade Incompatível;Saída de leito carroçável;Com Vítimas Feridas;Plena Noite;Decrescente;Chuva;Dupla;Reta;-25.568.939;-49.181.978
18/05/2024;02:00:00;GUARACIABA;Neblina;Saída de leito carroçável;Sem Vítimas;Plena Noite;Crescente;Nevoeiro/Neblina;Simples;"Curva;Em Obras";-2.657.474.691;-5.351.220.012
18/05/2024;06:20:00;GUARULHOS;Manobra de mudança de faixa;Colisão lateral mesmo sentido;Com Vítimas Feridas;Amanhecer;Crescente;Céu Claro;Dupla;Reta;-2.346.143.954;-4.648.885.316
18/05/2024;06:00:00;FORTALEZA;Acesso irregular;Queda de ocupante de veículo;Com Vítimas Feridas;Pleno dia;Decrescente;Céu Claro;Múltipla;Reta;-374.164.754;-3.860.449.792
18/05/2024;06:10:00;QUEIMADAS;Animais na Pista;Atropelamento de Animal;Com Vítimas Feridas;Pleno dia;Decrescente;Céu Claro;Simples;Reta;-731.674.795;-3.589.500.926
18/05/2024;07:15:00;CURITIBA;Frear bruscamente;Colisão frontal;Com Vítimas Feridas;Pleno dia;Crescente;Garoa/Chuvisco;Dupla;Reta;-25.537.161;-49.301.632
08/04/2024;22:50:00;SERRA;Manobra de mudança de faixa;Colisão lateral mesmo sentido;Com Vítimas Feridas;Plena Noite;Decrescente;Céu Claro;Múltipla;Reta;-20.190.199;-4.026.828.891
18/05/2024;08:20:00;SAO JOSE DOS PINHAIS;Velocidade Incompatível;Colisão traseira;Com Vítimas Feridas;Pleno dia;Crescente;Chuva;Dupla;Reta;-2.552.292.447;-4.910.476.685
18/05/2024;07:50:00;IMPERATRIZ;Manobra de mudança de faixa;Colisão lateral mesmo sentido;Com Vítimas Feridas;Pleno dia;Crescente;Céu Claro;Múltipla;Reta;-5.566.143;-47.449.028
18/05/2024;09:00:00;FATIMA;Conversão proibida;Colisão transversal;Com Vítimas Feridas;Pleno dia;Crescente;Céu Claro;Dupla;"Reta;Aclive";-1.075.419;-4.890.256
19/03/2024;16:20:00;SERRA;Manobra de mudança de faixa;Colisão lateral mesmo sentido;Com Vítimas Feridas;Pleno dia;Decrescente;Céu Claro;Múltipla;Reta;-2.017.292.791;-4.026.736.384
20/02/2024;09:36:00;MARINGA;Manobra de mudança de faixa;Colisão lateral mesmo sentido;Com Vítimas Feridas;Pleno dia;Decrescente;Ignorado;Dupla;Reta;-2.342.244.278;-5.190.360.392
18/05/2024;08:00:00;SAO GONCALO;Manobra de mudança de faixa;Colisão lateral mesmo sentido;Com Vítimas Feridas;Pleno dia;Crescente;Céu Claro;Dupla;Reta;-2.281.648.739;-4.307.728.467
18/05/2024;08:40:00;TIJUCAS;Acumulo de água sobre o pavimento;Tombamento;Com Vítimas Feridas;Pleno dia;Crescente;Chuva;Dupla;Curva;-27.252.663;-4.863.154.894
18/05/2024;09:40:00;ANAPOLIS;Conversão proibida;Colisão transversal;Com Vítimas Feridas;Pleno dia;Crescente;Céu Claro;Simples;Reta;-1.628.128.823;-4.894.258.908
18/05/2024;09:40:00;TIJUCAS;Velocidade Incompatível;Saída de leito carroçável;Com Vítimas Feridas;Pleno dia;Crescente;Chuva;Dupla;Reta;-27.252.663;-4.863.154.894
18/05/2024;10:15:00;MATIAS BARBOSA;Desrespeitar a preferência no cruzamento;Colisão transversal;Com Vítimas Feridas;Pleno dia;Crescente;Céu Claro;Simples;"Interseção de Vias;Viaduto";-2.188.125.263;-4.332.913.399
18/05/2024;11:15:00;ITABIRITO;Conversão proibida;Colisão transversal;Com Vítimas Fatais;Pleno dia;Crescente;Céu Claro;Simples;Reta;-2.023.058.501;-4.396.905.104