data_inversa;horario;municipio;causa_acidente;tipo_acidente;classificacao_acidente;fase_dia;sentido_via;condicao_metereologica;tipo_pista;tracado_via;latitude;longitude
18/05/2024;11:50:00;TIBAGI;Chuva;Saída de leito carroçável;Sem Vítimas;Pleno dia;Crescente;Chuva;Dupla;Curva;-2.484.593.393;-5.047.413.272
05/05/2024;20:23:00;CAARAPO;Animais na Pista;Atropelamento de Animal;Sem Vítimas;Plena Noite;Crescente;Céu Claro;Simples;Reta;-224.077.448;-5.479.636.528
18/05/2024;12:15:00;RIO VERDE;Manobra de mudança de faixa;Colisão traseira;Com Vítimas Fatais;Pleno dia;Crescente;Céu Claro;Dupla;Reta;-1.779.126.493;-5.089.368.296
18/05/2024;12:25:00;CAMPINA GRANDE DO SUL;Velocidade Incompatível;Saída de leito carroçável;Sem Vítimas;Pleno dia;Crescente;Chuva;Simples;Curva;-2.518.101.149;-4.888.196.442
18/05/2024;05:00:00;ITABORAI;Iluminação deficiente;Atropelamento de Animal;Com Vítimas Feridas;Plena Noite;Crescente;Céu Claro;Dupla;Reta;-2.273.998.606;-4.295.374.823
18/05/2024;12:30:00;SAO DOMINGOS DO PRATA;Velocidade Incompatível;Colisão traseira;Sem Vítimas;Pleno dia;Crescente;Sol;Simples;Reta;-1.994.277.757;-4.294.306.607
18/05/2024;13:20:00;BRASILIA;Manobra de mudança de faixa;Colisão traseira;Com Vítimas Feridas;Pleno dia;Crescente;Céu Claro;Dupla;Reta;-16.020.903;-47.980.541
18/05/2024;12:20:00;NAVEGANTES;Velocidade Incompatível;Saída de leito carroçável;Com Vítimas Feridas;Pleno dia;Decrescente;Chuva;Dupla;Curva;-2.687.064.015;-4.872.954.134
18/05/2024;15:20:00;ITABIRITO;Afundamento ou ondulação no pavimento;Capotamento;Com Vítimas Feridas;Pleno dia;Crescente;Céu Claro;Dupla;Curva;-2.027.946.105;-4.394.661.237
18/05/2024;15:20:00;VIANA;Manobra de mudança de faixa;Colisão lateral mesmo sentido;Com Vítimas Feridas;Pleno dia;Crescente;Céu Claro;Dupla;"Reta;Aclive";-20.358.635;-40.432.167
18/05/2024;15:38:00;SAO JOSE DOS CAMPOS;Manobra de mudança de faixa;Colisão lateral mesmo sentido;Com Vítimas Feridas;Pleno dia;Decrescente;Céu Claro;Dupla;Reta;-2.317.849.879;-4.583.787.411
18/05/2024;15:06:00;RONDONOPOLIS;Pista Escorregadia;Tombamento;Com Vítimas Feridas;Pleno dia;Decrescente;Céu Claro;Dupla;Reta;-1.647.555.256;-5.465.344.724
18/05/2024;16:15:00;TIJUCAS DO SUL;Velocidade Incompatível;Saída de leito carroçável;Com Vítimas Feridas;Pleno dia;Decrescente;Chuva;Dupla;"Declive;Curva";-2.585.304.449;-489.921.999
18/05/2024;15:00:00;BALNEARIO CAMBORIU;Velocidade Incompatível;Colisão com objeto;Com Vítimas Feridas;Pleno dia;Crescente;Chuva;Dupla;"Curva;Aclive";-2.702.397.426;-4.860.761.649
18/05/2024;18:00:00;SANTA MARIA;Desrespeitar a preferência no cruzamento;Colisão transversal;Com Vítimas Feridas;Plena Noite;Crescente;Céu Claro;Múltipla;Rotatória;-2.970.702.476;-5.385.237.521
18/05/2024;19:00:00;BARRA VELHA;Desrespeitar a preferência no cruzamento;Colisão transversal;Com Vítimas Feridas;Plena Noite;Crescente;Chuva;Múltipla;"Interseção de Vias;Viaduto";-2.663.277.317;-4.870.232.513
18/05/2024;18:45:00;PELOTAS;Manobra de mudança de faixa;Colisão transversal;Com Vítimas Feridas;Plena Noite;Decrescente;Céu Claro;Dupla;Viaduto;-317.359.522;-5.239.349.776
18/05/2024;17:00:00;DOM CAVATI;Velocidade Incompatível;Saída de leito carroçável;Com Vítimas Feridas;Plena Noite;Decrescente;Céu Claro;Simples;Curva;-1.935.549.992;-4.209.254.119
18/05/2024;18:40:00;MARACAJU;Velocidade Incompatível;Tombamento;Com Vítimas Feridas;Plena Noite;Crescente;Céu Claro;Simples;Reta;-2.164.836;-55.095.505
18/05/2024;18:45:00;IMPERATRIZ;Acesso irregular;Atropelamento de Pedestre;Com Vítimas Fatais;Anoitecer;Crescente;Céu Claro;Dupla;"Em Obras;Reta";-555.884.859;-4.745.395.303
18/05/2024;21:00:00;CAMPINA GRANDE DO SUL;Velocidade Incompatível;Saída de leito carroçável;Com Vítimas Feridas;Plena Noite;Crescente;Garoa/Chuvisco;Dupla;Curva;-25.156.168;-488.613.401
18/05/2024;17:21:00;CUIABA;Acesso irregular;Queda de ocupante de veículo;Com Vítimas Feridas;Anoitecer;Decrescente;Céu Claro;Simples;Reta;-1.566.785.604;-559.564.296
18/05/2024;18:15:00;PRIMAVERA DO LESTE;Frear bruscamente;Colisão traseira;Com Vítimas Feridas;Plena Noite;Não Informado;Céu Claro;Simples;Reta;-1.556.328.451;-5.429.845.476
18/05/2024;21:45:00;MOSSORO;Animais na Pista;Atropelamento de Animal;Sem Vítimas;Plena Noite;Decrescente;Nublado;Simples;Reta;-516.906.849;-3.724.406.004
18/05/2024;21:20:00;ITAPEMA;Velocidade Incompatível;Capotamento;Com Vítimas Feridas;Pleno dia;Decrescente;Chuva;Dupla;Curva;-2.702.397.426;-4.860.761.649
18/05/2024;22:15:00;MOSSORO;Condutor usando celular;Colisão frontal;Com Vítimas Fatais;Plena Noite;Crescente;Céu Claro;Simples;Reta;-505.709.057;-3.733.749.036
18/05/2024;19:20:00;DUQUE DE CAXIAS;Manobra de mudança de faixa;Colisão lateral mesmo sentido;Com Vítimas Feridas;Plena Noite;Decrescente;Céu Claro;Múltipla;"Viaduto;Declive;Reta";-227.004.454;-4.329.014.851
18/05/2024;22:10:00;JACAREZINHO;Animais na Pista;Atropelamento de Animal;Com Vítimas Feridas;Plena Noite;Decrescente;Céu Claro;Simples;Reta;-2.308.444.598;-4.993.636.609
18/05/2024;21:20:00;GUARULHOS;Ultrapassagem Indevida;Colisão lateral mesmo sentido;Sem Vítimas;Plena Noite;Decrescente;Céu Claro;Múltipla;Reta;-2.347.559.815;-465.246.609
19/05/2024;00:05:00;OIAPOQUE;Acumulo de água sobre o pavimento;Colisão lateral sentido oposto;Com Vítimas Feridas;Plena Noite;Crescente;Chuva;Simples;Reta;383.710.771;-5.181.349.754
19/05/2024;02:00:00;CACHOEIRINHA;Manobra de mudança de faixa;Colisão transversal;Com Vítimas Feridas;Plena Noite;Crescente;Chuva;Simples;Curva;-850.232.809;-3.624.737.263
18/05/2024;23:40:00;CAMPINA GRANDE;Redutor de velocidade em desacordo;Tombamento;Com Vítimas Feridas;Plena Noite;Decrescente;Nublado;Simples;"Declive;Curva";-72.277;-359.439
19/05/2024;02:50:00;NOVA IGUACU;Iluminação deficiente;Atropelamento de Pedestre;Com Vítimas Fatais;Plena Noite;Decrescente;Céu Claro;Dupla;Reta;-2.274.647.215;-4.344.594.311
19/05/2024;04:30:00;NOVA IGUACU;Iluminação deficiente;Queda de ocupante de veículo;Com Vítimas Fatais;Plena Noite;Crescente;Céu Claro;Dupla;Reta;-227.504.637;-434.402.505
19/05/2024;05:00:00;ANGRA DOS REIS;Velocidade Incompatível;Saída de leito carroçável;Com Vítimas Fatais;Plena Noite;Decrescente;Nublado;Simples;Curva;-2.299.719.001;-4.430.136.205
19/05/2024;05:10:00;PETROLINA;Velocidade Incompatível;Capotamento;Com Vítimas Feridas;Pleno dia;Crescente;Nublado;Dupla;Interseção de Vias;-935.083.184;-4.047.563.553
19/05/2024;06:50:00;BRASILIA;Velocidade Incompatível;Colisão com objeto;Com Vítimas Feridas;Amanhecer;Crescente;Céu Claro;Dupla;"Curva;Em Obras";-15.988.208;-48.223.787
19/05/2024;09:25:00;ESMERALDAS;Velocidade Incompatível;Queda de ocupante de veículo;Com Vítimas Feridas;Pleno dia;Decrescente;Céu Claro;Dupla;"Declive;Reta";-1.970.735.708;-4.416.736.508
19/05/2024;07:00:00;MIRADOURO;Velocidade Incompatível;Saída de leito carroçável;Com Vítimas Feridas;Pleno dia;Crescente;Céu Claro;Simples;"Aclive;Curva";-2.091.146.677;-4.234.913.374
19/05/2024;08:55:00;SANTA ROSA DO SUL;Velocidade Incompatível;Saída de leito carroçável;Com Vítimas Feridas;Pleno dia;Decrescente;Chuva;Múltipla;Reta;-2.917.041;-49.747.415
19/05/2024;10:40:00;TERESOPOLIS;Conversão proibida;Colisão transversal;Com Vítimas Feridas;Pleno dia;Decrescente;Céu Claro;Simples;"Reta;Declive";-22.380.528;-42.953.723
19/05/2024;10:15:00;FEIRA DE SANTANA;Acesso irregular;Colisão transversal;Com Vítimas Feridas;Pleno dia;Decrescente;Sol;Dupla;Reta;-12.211.936;-3.896.567
19/05/2024;10:05:00;DUQUE DE CAXIAS;Manobra de mudança de faixa;Colisão traseira;Com Vítimas Feridas;Pleno dia;Crescente;Céu Claro;Dupla;Reta;-22.745.676;-432.881
19/05/2024;11:20:00;VITORIA DA CONQUISTA;Desrespeitar a preferência no cruzamento;Colisão transversal;Com Vítimas Feridas;Pleno dia;Decrescente;Sol;Simples;"Reta;Rotatória";-1.482.354;-4.081.847
19/05/2024;12:30:00;ARAGUAINA;Ultrapassagem Indevida;Saída de leito carroçável;Com Vítimas Feridas;Pleno dia;Crescente;Céu Claro;Simples;Reta;-736.366.727;-48.341.483
19/05/2024;13:00:00;UBERABA;Manobra de mudança de faixa;Queda de ocupante de veículo;Com Vítimas Feridas;Pleno dia;Crescente;Céu Claro;Dupla;Reta;-1.987.965.993;-4.785.365.089
19/05/2024;12:40:00;MAUA DA SERRA;Velocidade Incompatível;Saída de leito carroçável;Com Vítimas Feridas;Pleno dia;Crescente;Chuva;Dupla;"Curva;Declive";-2.397.857.518;-5.109.540.715
19/05/2024;13:20:00;BEZERROS;Acumulo de água sobre o pavimento;Saída de leito carroçável;Sem Vítimas;Pleno dia;Decrescente;Chuva;Dupla;Reta;-825.830.415;-3.578.275.595
19/05/2024;13:40:00;GOIANIA;Manobra de mudança de faixa;Colisão lateral mesmo sentido;Com Vítimas Feridas;Pleno dia;Crescente;Céu Claro;Múltipla;Reta;-167.036;-49.342
19/05/2024;15:25:00;BRASILIA;Ultrapassagem Indevida;Colisão lateral mesmo sentido;Sem Vítimas;Pleno dia;Decrescente;Céu Claro;Dupla;Reta;-15.794.558;-48.166.584
19/05/2024;15:30:00;FORMOSO DO ARAGUAIA;Manobra de mudança de faixa;Saída de leito carroçável;Sem Vítimas;Pleno dia;Crescente;Céu Claro;Simples;Reta;-1.189.503.108;-4.934.302.618
19/05/2024;15:40:00;MOSSORO;Manobra de mudança de faixa;Colisão lateral mesmo sentido;Com Vítimas Feridas;Pleno dia;Decrescente;Céu Claro;Dupla;Curva;-518.846.685;-3.737.410.298
19/05/2024;16:47:00;MOGEIRO;Velocidade Incompatível;Saída de leito carroçável;Com Vítimas Feridas;Anoitecer;Decrescente;Chuva;Dupla;"Curva;Retorno Regulamentado";-720.465.279;-3.553.729.534
19/05/2024;16:45:00;IBIPORA;Chuva;Saída de leito carroçável;Com Vítimas Feridas;Pleno dia;Decrescente;Chuva;Simples;Curva;-23.262.163;-51.022.314
19/05/2024;17:00:00;SAO GONCALO DO AMARANTE;Manobra de mudança de faixa;Colisão lateral mesmo sentido;Sem Vítimas;Anoitecer;Crescente;Céu Claro;Dupla;Declive;-575.570.118;-3.530.728.507
19/05/2024;17:20:00;LINHARES;Manobra de mudança de faixa;Colisão lateral mesmo sentido;Com Vítimas Feridas;Pleno dia;Decrescente;Céu Claro;Dupla;Reta;-1.936.089.598;-4.006.464.018
19/05/2024;17:20:00;SAO SEBASTIAO DA BELA VISTA;Velocidade Incompatível;Colisão lateral mesmo sentido;Com Vítimas Feridas;Anoitecer;Decrescente;Céu Claro;Dupla;Reta;-2.221.565.425;-4.586.960.261
19/05/2024;14:00:00;RANCHO QUEIMADO;Pista Escorregadia;Colisão frontal;Com Vítimas Fatais;Pleno dia;Crescente;Chuva;Simples;"Aclive;Curva";-276.941.128;-490.894.815
19/05/2024;18:00:00;ITABUNA;Velocidade Incompatível;Colisão frontal;Com Vítimas Feridas;Plena Noite;Decrescente;Céu Claro;Simples;Curva;-1.481.574.494;-3.929.612.388
19/05/2024;19:15:00;RIO GRANDE;Animais na Pista;Atropelamento de Animal;Com Vítimas Feridas;Plena Noite;Decrescente;Chuva;Dupla;"Viaduto;Reta;Declive";-3.208.904.192;-5.221.737.499
19/05/2024;18:30:00;JOAO MONLEVADE;Sinalização mal posicionada;Queda de ocupante de veículo;Com Vítimas Feridas;Plena Noite;Decrescente;Céu Claro;Simples;Curva;-1.986.091;-4.311.725
19/05/2024;17:15:00;AGUAS MORNAS;Pista Escorregadia;Colisão traseira;Com Vítimas Feridas;Anoitecer;Decrescente;Chuva;Simples;Curva;-27.691.511;-48.970.215
19/05/2024;18:00:00;VILHENA;Manobra de mudança de faixa;Queda de ocupante de veículo;Com Vítimas Feridas;Anoitecer;Decrescente;Nublado;Simples;Reta;-127.863.749;-600.898.697
19/05/2024;19:03:00;ALTOS;Animais na Pista;Atropelamento de Animal;Com Vítimas Feridas;Plena Noite;Decrescente;Céu Claro;Simples;Reta;-5.047.249;-42.527.164
19/05/2024;20:15:00;NATAL;Manobra de mudança de faixa;Colisão lateral mesmo sentido;Com Vítimas Feridas;Plena Noite;Decrescente;Céu Claro;Dupla;Reta;-584.076.841;-3.521.035.949
19/05/2024;17:25:00;CAXIAS DO SUL;Neblina;Colisão frontal;Com Vítimas Feridas;Anoitecer;Crescente;Nevoeiro/Neblina;Dupla;Reta;-2.920.053.556;-511.762.476
19/05/2024;21:40:00;BARREIRAS;Acesso irregular;Colisão frontal;Com Vítimas Feridas;Plena Noite;Crescente;Céu Claro;Simples;Reta;-1.207.296.299;-4.496.722.177
19/05/2024;20:55:00;ARARANGUA;Desrespeitar a preferência no cruzamento;Colisão traseira;Com Vítimas Feridas;Plena Noite;Decrescente;Garoa/Chuvisco;Simples;Rotatória;-2.895.828.632;-4.951.400.757
19/05/2024;22:15:00;UBARANA;Animais na Pista;Atropelamento de Animal;Com Vítimas Fatais;Plena Noite;Crescente;Céu Claro;Simples;Reta;-211.538.981;-4.970.707.078
19/05/2024;22:30:00;BARRA DO TURVO;Pista Escorregadia;Saída de leito carroçável;Sem Vítimas;Plena Noite;Crescente;Garoa/Chuvisco;Múltipla;"Curva;Declive";-249.470.862;-4.843.042.095
20/05/2024;05:30:00;SAO GONCALO DO AMARANTE;Manobra de mudança de faixa;Colisão lateral mesmo sentido;Com Vítimas Fatais;Amanhecer;Crescente;Céu Claro;Dupla;Reta;-574.851.911;-3.532.688.141
20/05/2024;07:09:00;PALHOCA;Ultrapassagem Indevida;Colisão lateral mesmo sentido;Com Vítimas Feridas;Pleno dia;Decrescente;Céu Claro;Múltipla;Reta;-2.762.996.929;-4.865.903.871
20/05/2024;07:30:00;BLUMENAU;Manobra de mudança de faixa;Colisão lateral mesmo sentido;Com Vítimas Feridas;Pleno dia;Crescente;Céu Claro;Dupla;Curva;-2.686.143.729;-490.697.372
20/05/2024;07:30:00;CURITIBA;Manobra de mudança de faixa;Colisão lateral mesmo sentido;Com Vítimas Feridas;Pleno dia;Decrescente;Céu Claro;Dupla;"Reta;Viaduto";-25.553.693;-49.305.372
20/05/2024;06:55:00;RIO GRANDE;Desrespeitar a preferência no cruzamento;Colisão transversal;Com Vítimas Feridas;Amanhecer;Crescente;Nevoeiro/Neblina;Simples;Reta;-32.096.139;-521.094
20/05/2024;07:40:00;CURITIBA;Manobra de mudança de faixa;Colisão lateral mesmo sentido;Com Vítimas Feridas;Pleno dia;Decrescente;Céu Claro;Dupla;Reta;-2.554.738.511;-4.930.396.378
20/05/2024;08:00:00;IMBITUBA;Desrespeitar a preferência no cruzamento;Colisão transversal;Com Vítimas Feridas;Pleno dia;Crescente;Céu Claro;Múltipla;"Reta;Interseção de Vias";-2.826.869;-4.870.137
20/05/2024;07:50:00;FORTALEZA;Manobra de mudança de faixa;Colisão traseira;Com Vítimas Feridas;Pleno dia;Decrescente;Céu Claro;Dupla;Reta;-386.088.501;-3.849.715.296
30/04/2024;09:30:00;GASPAR;Condutor usando celular;Capotamento;Com Vítimas Feridas;Pleno dia;Decrescente;Nublado;Dupla;Reta;-26.870.665;-49.021.896
29/04/2024;18:20:00;RIO DE JANEIRO;Manobra de mudança de faixa;Colisão lateral mesmo sentido;Com Vítimas Feridas;Plena Noite;Decrescente;Céu Claro;Múltipla;"Ponte;Reta";-2.286.939.305;-43.175.642
24/03/2024;06:00:00;ROSARIO;Pista Escorregadia;Saída de leito carroçável;Com Vítimas Feridas;Pleno dia;Crescente;Céu Claro;Simples;"Declive;Reta";-2.946.087;-44.267.559
20/05/2024;11:00:00;FREDERICO WESTPHALEN;Desrespeitar a preferência no cruzamento;Colisão transversal;Com Vítimas Feridas;Pleno dia;Crescente;Sol;Simples;Reta;-27.358.442;-53.388.298
20/05/2024;12:30:00;GUAIRA;Frear bruscamente;Colisão traseira;Sem Vítimas;Pleno dia;Não Informado;Céu Claro;Simples;Interseção de Vias;-2.407.852.462;-542.534.548
10/03/2024;09:30:00;ITATIAIUCU;Chuva;Saída de leito carroçável;Com Vítimas Feridas;Pleno dia;Decrescente;Chuva;Dupla;"Curva;Aclive";-201.904.316;-4.438.268.793
20/05/2024;14:50:00;BARRA DO GARCAS;Velocidade Incompatível;Colisão transversal;Com Vítimas Feridas;Pleno dia;Crescente;Céu Claro;Dupla;"Interseção de Vias;Reta;Declive";-1.587.800.613;-5.231.173.396
20/05/2024;13:35:00;RECIFE;Manobra de mudança de faixa;Tombamento;Com Vítimas Feridas;Pleno dia;Crescente;Céu Claro;Dupla;"Curva;Declive";-8.141.655;-34.946.623
20/05/2024;15:50:00;BETIM;Manobra de mudança de faixa;Colisão traseira;Com Vítimas Feridas;Pleno dia;Decrescente;Céu Claro;Dupla;Reta;-19.955.532;-44.097.209
20/05/2024;18:15:00;NOVA VICOSA;Manobra de mudança de faixa;Colisão traseira;Com Vítimas Feridas;Plena Noite;Crescente;Céu Claro;Simples;Reta;-17.960.543;-3.986.051
20/05/2024;15:30:00;IMBITUBA;Acumulo de areia ou detritos sobre o pavimento;Tombamento;Com Vítimas Feridas;Pleno dia;Crescente;Céu Claro;Dupla;Reta;-28.138.086;-4.869.218.292
20/05/2024;17:45:00;LINHARES;Animais na Pista;Atropelamento de Animal;Com Vítimas Feridas;Anoitecer;Decrescente;Céu Claro;Múltipla;Reta;-1.931.969.892;-4.007.471.323
20/05/2024;18:50:00;BRAGANCA PAULISTA;Ausência de sinalização;Tombamento;Com Vítimas Feridas;Plena Noite;Decrescente;Céu Claro;Múltipla;Aclive;-2.299.697.186;-465.163.051
20/05/2024;19:10:00;JACI;Acumulo de areia ou detritos sobre o pavimento;Tombamento;Com Vítimas Feridas;Plena Noite;Crescente;Céu Claro;Simples;"Curva;Desvio Temporário";-2.096.277.956;-4.956.805.716
20/05/2024;20:18:00;FOZ DO IGUACU;Afundamento ou ondulação no pavimento;Colisão lateral mesmo sentido;Com Vítimas Feridas;Plena Noite;Decrescente;Nevoeiro/Neblina;Dupla;Reta;-255.754;-545.489
09/02/2024;20:50:00;ARARANGUA;Desrespeitar a preferência no cruzamento;Colisão transversal;Com Vítimas Feridas;Plena Noite;Crescente;Nublado;Múltipla;Reta;-2.901.601.155;-4.958.269.226
20/05/2024;20:55:00;SAO GONCALO DO AMARANTE;Pista Escorregadia;Tombamento;Com Vítimas Feridas;Plena Noite;Crescente;Céu Claro;Dupla;"Reta;Interseção de Vias";-575.794.929;-3.530.152.917
20/05/2024;21:38:00;CAJAZEIRAS;Animais na Pista;Atropelamento de Animal;Com Vítimas Feridas;Plena Noite;Decrescente;Céu Claro;Simples;Reta;-69.024;-385.643
21/05/2024;04:10:00;ITAMBACURI;Animais na Pista;Atropelamento de Animal;Com Vítimas Feridas;Plena Noite;Decrescente;Ignorado;Simples;Reta;-1.801.809.416;-4.163.418.999
21/05/2024;06:57:00;RECIFE;Manobra de mudança de faixa;Colisão lateral mesmo sentido;Com Vítimas Feridas;Pleno dia;Decrescente;Sol;Múltipla;Interseção de Vias;-803.368.534;-3.494.184.125
21/05/2024;06:50:00;GUARAMIRIM;Falta de elemento de contenção que evite a saída do leito carroçável;Colisão com objeto;Com Vítimas Feridas;Pleno dia;Crescente;Céu Claro;Simples;"Em Obras;Reta";-2.645.118.786;-4.887.789.901
21/05/2024;08:15:00;CURITIBA;Manobra de mudança de faixa;Colisão lateral mesmo sentido;Com Vítimas Feridas;Pleno dia;Decrescente;Nublado;Dupla;Reta;-2.555.468.195;-4.927.402.397
21/05/2024;08:40:00;APARECIDA DE GOIANIA;Animais na Pista;Atropelamento de Animal;Com Vítimas Feridas;Pleno dia;Decrescente;Sol;Dupla;Reta;-167.888;-492.379
21/05/2024;09:10:00;DUQUE DE CAXIAS;Chuva;Colisão com objeto;Com Vítimas Feridas;Pleno dia;Decrescente;Chuva;Simples;Curva;-2.267.095.038;-4.328.398.085
21/05/2024;06:40:00;VILHENA;Deficiência do Sistema de Iluminação/Sinalização;Colisão traseira;Com Vítimas Feridas;Amanhecer;Decrescente;Céu Claro;Dupla;Reta;-1.277.528.271;-6.009.343.457
21/05/2024;07:45:00;JOINVILLE;Velocidade Incompatível;Capotamento;Com Vítimas Feridas;Pleno dia;Crescente;Nublado;Dupla;Reta;-2.629.251.598;-4.888.474.385
21/05/2024;09:40:00;ITAPORANGA DAJUDA;Acumulo de água sobre o pavimento;Colisão com objeto;Sem Vítimas;Pleno dia;Crescente;Chuva;Dupla;Declive;-1.103.730.971;-373.646.369
21/05/2024;10:17:00;MORENO;Manobra de mudança de faixa;Colisão lateral mesmo sentido;Com Vítimas Feridas;Pleno dia;Crescente;Sol;Dupla;Declive;-8.111.269;-35.143.135
10/02/2024;11:00:00;CORRENTINA;Acumulo de água sobre o pavimento;Capotamento;Com Vítimas Feridas;Pleno dia;Decrescente;Chuva;Simples;Reta;-1.334.775.335;-4.463.734.466
21/05/2024;10:00:00;MOSSORO;Desrespeitar a preferência no cruzamento;Colisão transversal;Com Vítimas Feridas;Pleno dia;Crescente;Sol;Dupla;Interseção de Vias;-522.597.224;-3.733.086.797
13/05/2024;06:50:00;FREI PAULO;Pista esburacada;Queda de ocupante de veículo;Com Vítimas Feridas;Pleno dia;Decrescente;Nublado;Simples;Reta;-10.543.113;-37.554.947
21/05/2024;10:00:00;SAO JOSE DO CERRITO;Manobra de mudança de faixa;Colisão lateral mesmo sentido;Com Vítimas Feridas;Pleno dia;Crescente;Céu Claro;Dupla;"Reta;Rotatória";-276.740.935;-505.738.771
21/05/2024;14:00:00;PELOTAS;Acesso irregular;Colisão frontal;Com Vítimas Feridas;Pleno dia;Decrescente;Nublado;Simples;"Reta;Interseção de Vias";-31.750.426;-5.235.999.499
29/04/2024;14:00:00;RORAINOPOLIS;Pista esburacada;Saída de leito carroçável;Sem Vítimas;Pleno dia;Crescente;Chuva;Simples;"Ponte;Reta";0.19246;-60.534.973
21/05/2024;14:21:00;PRESIDENTE KENNEDY;Acesso irregular;Colisão transversal;Com Vítimas Feridas;Pleno dia;Decrescente;Céu Claro;Simples;"Reta;Interseção de Vias";-848.869.625;-4.849.024.793
21/05/2024;14:40:00;ROLANDIA;Velocidade Incompatível;Saída de leito carroçável;Com Vítimas Feridas;Pleno dia;Decrescente;Céu Claro;Simples;Curva;-2.334.930.292;-5.138.547.063
11/05/2024;13:50:00;SAO GONCALO;Pista esburacada;Queda de ocupante de veículo;Com Vítimas Feridas;Pleno dia;Decrescente;Céu Claro;Simples;Reta;-2.281.049.093;-4.306.983.304
21/05/2024;14:45:00;APARECIDA DE GOIANIA;Manobra de mudança de faixa;Colisão lateral mesmo sentido;Com Vítimas Feridas;Pleno dia;Decrescente;Céu Claro;Múltipla;"Retorno Regulamentado;Reta";-168.413;-492.454
21/05/2024;15:40:00;SAO JOSE;Frear bruscamente;Colisão traseira;Com Vítimas Feridas;Pleno dia;Decrescente;Céu Claro;Múltipla;Reta;-27.592.646;-48.604.034
21/05/2024;16:30:00;PALMEIRA DOS INDIOS;Conversão proibida;Colisão transversal;Com Vítimas Feridas;Pleno dia;Decrescente;Céu Claro;Simples;Reta;-942.623.278;-3.663.304.512
21/05/2024;17:50:00;JABOATAO DOS GUARARAPES;Velocidade Incompatível;Queda de ocupante de veículo;Com Vítimas Feridas;Plena Noite;Decrescente;Nublado;Múltipla;Interseção de Vias;-8.081.192;-34.993.863
21/05/2024;19:10:00;CAXIAS DO SUL;Pista Escorregadia;Tombamento;Com Vítimas Feridas;Plena Noite;Decrescente;Garoa/Chuvisco;Dupla;Curva;-2.920.731.013;-5.117.757.864
21/05/2024;18:20:00;ARAPONGAS;Velocidade Incompatível;Colisão traseira;Sem Vítimas;Anoitecer;Decrescente;Céu Claro;Dupla;Reta;-23.450.458;-51.423.272
21/05/2024;18:30:00;CAMPO LARGO;Manobra de mudança de faixa;Colisão lateral mesmo sentido;Com Vítimas Feridas;Plena Noite;Decrescente;Nublado;Dupla;"Reta;Declive";-25.433.102;-49.417.492
21/05/2024;17:30:00;SANTA CECILIA;Acesso irregular;Colisão transversal;Com Vítimas Feridas;Anoitecer;Crescente;Céu Claro;Simples;Reta;-2.696.625.517;-5.040.928.315
21/05/2024;19:40:00;PORTO ALEGRE;Manobra de mudança de faixa;Colisão com objeto;Com Vítimas Feridas;Plena Noite;Crescente;Céu Claro;Dupla;Reta;-29.967.892;-51.147.331
21/05/2024;19:30:00;JANDAIA;Manobra de mudança de faixa;Saída de leito carroçável;Com Vítimas Feridas;Anoitecer;Decrescente;Céu Claro;Dupla;Curva;-172.723;-502.372
21/05/2024;18:00:00;CASIMIRO DE ABREU;Animais na Pista;Atropelamento de Animal;Com Vítimas Feridas;Plena Noite;Decrescente;Céu Claro;Dupla;Reta;-2.248.294.819;-4.214.400.217
21/05/2024;20:40:00;SATUBA;Animais na Pista;Atropelamento de Animal;Sem Vítimas;Plena Noite;Decrescente;Céu Claro;Simples;Curva;-958.021.969;-3.583.876.014
21/05/2024;19:00:00;ARAPORA;Manobra de mudança de faixa;Colisão lateral mesmo sentido;Com Vítimas Feridas;Plena Noite;Decrescente;Céu Claro;Dupla;Retorno Regulamentado;-1.849.690.399;-4.918.880.024
21/05/2024;21:50:00;MANDIRITUBA;Ultrapassagem Indevida;Colisão frontal;Com Vítimas Feridas;Plena Noite;Crescente;Nublado;Dupla;Reta;-2.580.786.497;-4.932.658.092
21/05/2024;20:50:00;PAULO LOPES;Condutor usando celular;Saída de leito carroçável;Com Vítimas Feridas;Plena Noite;Decrescente;Céu Claro;Dupla;Reta;-2.794.186.028;-4.866.644.267
21/05/2024;21:00:00;JI-PARANA;Animais na Pista;Atropelamento de Animal;Com Vítimas Feridas;Plena Noite;Crescente;Céu Claro;Simples;Reta;-1.076.957.336;-621.102.211
21/05/2024;22:40:00;CURITIBA;Manobra de mudança de faixa;Colisão lateral mesmo sentido;Com Vítimas Feridas;Plena Noite;Crescente;Nublado;Dupla;"Reta;Aclive";-2.559.956.758;-4.931.737.483
21/05/2024;22:00:00;CAPAO BONITO DO SUL;Deficiência do Sistema de Iluminação/Sinalização;Colisão traseira;Com Vítimas Feridas;Plena Noite;Crescente;Céu Claro;Simples;Reta;-28.203.287;-51.525.436
21/05/2024;23:30:00;SANTO ANTONIO DA PLATINA;Animais na Pista;Atropelamento de Animal;Sem Vítimas;Plena Noite;Crescente;Céu Claro;Simples;Curva;-2.326.665.491;-5.006.410.039
21/05/2024;18:38:00;PORTO VELHO;Manobra de mudança de faixa;Colisão lateral sentido oposto;Com Vítimas Feridas;Plena Noite;Crescente;Céu Claro;Simples;"Reta;Declive";-925.776.124;-6.441.284.701