data_inversa;horario;municipio;causa_acidente;tipo_acidente;classificacao_acidente;fase_dia;sentido_via;condicao_metereologica;tipo_pista;tracado_via;latitude;longitude
22/05/2024;06:40:00;GUARULHOS;Manobra de mudança de faixa;Colisão lateral mesmo sentido;Com Vítimas Feridas;Pleno dia;Crescente;Nublado;Múltipla;Reta;-2.346.143.954;-4.648.885.316
22/05/2024;06:45:00;SANTOS DUMONT;Conversão proibida;Colisão transversal;Com Vítimas Feridas;Pleno dia;Crescente;Céu Claro;Simples;Curva;-2.138.296.999;-4.357.033.542
22/05/2024;07:00:00;CARMOPOLIS DE MINAS;Neblina;Colisão com objeto;Com Vítimas Feridas;Amanhecer;Crescente;Nevoeiro/Neblina;Dupla;Reta;-20.497.895;-44.607.872
22/05/2024;05:20:00;PAPANDUVA;Animais na Pista;Atropelamento de Animal;Com Vítimas Feridas;Plena Noite;Decrescente;Nevoeiro/Neblina;Simples;Reta;-2.636.355.729;-5.011.956.966
22/05/2024;09:00:00;CURITIBA;Ultrapassagem Indevida;Colisão traseira;Com Vítimas Feridas;Pleno dia;Crescente;Céu Claro;Dupla;Reta;-25.462.817;-49.218.271
22/05/2024;07:45:00;SANTO ANTONIO DA PLATINA;Animais na Pista;Atropelamento de Animal;Com Vítimas Feridas;Pleno dia;Decrescente;Sol;Dupla;Reta;-23.302.118;-5.007.031
22/05/2024;09:00:00;CASCAVEL;Manobra de mudança de faixa;Colisão lateral mesmo sentido;Com Vítimas Feridas;Pleno dia;Crescente;Sol;Dupla;Reta;-248.999;-535.272
21/05/2024;23:30:00;IBIRAPITANGA;Chuva;Colisão com objeto;Com Vítimas Feridas;Plena Noite;Decrescente;Chuva;Simples;"Reta;Declive";-14.116.805;-39.364.075
22/05/2024;09:05:00;PARAIBA DO SUL;Ultrapassagem Indevida;Colisão lateral sentido oposto;Sem Vítimas;Pleno dia;Crescente;Sol;Simples;"Curva;Declive";-2.212.695.355;-4.323.512.967
16/04/2024;16:01:00;RECIFE;Manobra de mudança de faixa;Colisão frontal;Com Vítimas Feridas;Pleno dia;Crescente;Céu Claro;Simples;"Curva;Aclive";-807.663.102;-3.494.277.871
08/04/2024;15:50:00;MORENO;Condutor usando celular;Queda de ocupante de veículo;Com Vítimas Feridas;Pleno dia;Crescente;Céu Claro;Dupla;Reta;-810.702.537;-3.518.394.691
22/05/2024;10:55:00;CURITIBA;Manobra de mudança de faixa;Colisão lateral mesmo sentido;Com Vítimas Feridas;Pleno dia;Decrescente;Céu Claro;Dupla;"Reta;Aclive;Viaduto";-2.545.155.592;-4.936.237.578
22/05/2024;10:50:00;IGARAPE-ACU;Manobra de mudança de faixa;Colisão transversal;Sem Vítimas;Pleno dia;Crescente;Céu Claro;Simples;Reta;-132.412.974;-4.766.551.295
22/05/2024;12:00:00;PATO BRANCO;Desrespeitar a preferência no cruzamento;Colisão transversal;Com Vítimas Feridas;Pleno dia;Crescente;Céu Claro;Simples;Rotatória;-2.624.774.787;-5.270.513.312
22/05/2024;10:35:00;VALE DE SAO DOMINGOS;Ultrapassagem Indevida;Colisão frontal;Com Vítimas Feridas;Pleno dia;Decrescente;Céu Claro;Simples;"Reta;Declive";-15.424.473;-5.912.436
22/05/2024;14:20:00;PALHOCA;Manobra de mudança de faixa;Colisão lateral mesmo sentido;Com Vítimas Feridas;Pleno dia;Crescente;Céu Claro;Dupla;Reta;-2.764.443;-4.867.057
22/05/2024;14:30:00;DOMINGOS MARTINS;Conversão proibida;Colisão transversal;Com Vítimas Feridas;Pleno dia;Crescente;Céu Claro;Simples;Reta;-2.038.395.807;-4.063.664.401
22/05/2024;15:30:00;SANTA VITORIA DO PALMAR;Pista Escorregadia;Colisão lateral sentido oposto;Sem Vítimas;Pleno dia;Crescente;Chuva;Simples;Reta;-33.412.094;-53.230.541
22/05/2024;17:20:00;IBAITI;Ultrapassagem Indevida;Engavetamento;Com Vítimas Feridas;Anoitecer;Crescente;Céu Claro;Dupla;Reta;-23.817.414;-50.180.962
22/05/2024;16:20:00;ITAPEMA;Manobra de mudança de faixa;Colisão traseira;Com Vítimas Feridas;Pleno dia;Crescente;Nublado;Múltipla;Reta;-271.089.649;-4.861.277.586
22/05/2024;19:45:00;RIO DO SUL;Desrespeitar a preferência no cruzamento;Colisão transversal;Com Vítimas Feridas;Plena Noite;Decrescente;Céu Claro;Simples;Retorno Regulamentado;-27.222.485;-49.662.827
22/05/2024;20:45:00;JOAO MONLEVADE;Velocidade Incompatível;Saída de leito carroçável;Com Vítimas Feridas;Plena Noite;Crescente;Céu Claro;Simples;Curva;-19.854.651;-43.261.071
22/05/2024;19:30:00;GENERAL CARNEIRO;Acostamento em desnível;Saída de leito carroçável;Com Vítimas Feridas;Plena Noite;Crescente;Céu Claro;Simples;Reta;-1.560.209.893;-5.307.297.204
22/05/2024;20:05:00;ITAJAI;Velocidade Incompatível;Colisão lateral mesmo sentido;Com Vítimas Fatais;Plena Noite;Crescente;Nublado;Múltipla;"Reta;Retorno Regulamentado";-26.854.183;-48.727.047
22/05/2024;22:00:00;FORMOSA;Velocidade Incompatível;Saída de leito carroçável;Com Vítimas Fatais;Plena Noite;Decrescente;Céu Claro;Simples;"Curva;Aclive";-15.551.025;-47.302.346
22/05/2024;21:40:00;TACAIMBO;Acumulo de areia ou detritos sobre o pavimento;Queda de ocupante de veículo;Com Vítimas Feridas;Plena Noite;Decrescente;Céu Claro;Simples;"Reta;Declive";-8.331.632;-36.251.773
22/05/2024;18:10:00;SAO LUIS;Ultrapassagem Indevida;Colisão lateral mesmo sentido;Com Vítimas Feridas;Plena Noite;Crescente;Céu Claro;Simples;Reta;-253.073;-443.068
22/05/2024;23:20:00;LAGOA DO PIAUI;Animais na Pista;Atropelamento de Animal;Com Vítimas Feridas;Plena Noite;Crescente;Céu Claro;Simples;Reta;-545.121.666;-4.263.413
23/05/2024;06:50:00;PETROLINA;Manobra de mudança de faixa;Colisão frontal;Com Vítimas Feridas;Pleno dia;Decrescente;Céu Claro;Simples;"Reta;Em Obras";-933.807.091;-4.055.965.785
23/05/2024;06:50:00;CONTAGEM;Manobra de mudança de faixa;Colisão lateral mesmo sentido;Com Vítimas Feridas;Pleno dia;Crescente;Céu Claro;Dupla;"Reta;Declive";-1.980.151.928;-4.410.000.333
23/05/2024;07:40:00;BRASILIA;Manobra de mudança de faixa;Colisão traseira;Com Vítimas Feridas;Pleno dia;Decrescente;Céu Claro;Dupla;Reta;-15.802.453;-48.080.387
23/05/2024;04:00:00;ACAILANDIA;Animais na Pista;Atropelamento de Animal;Com Vítimas Feridas;Plena Noite;Crescente;Nublado;Simples;"Reta;Declive";-49.115.858;-4.741.511.612
23/05/2024;08:11:00;NATAL;Chuva;Tombamento;Com Vítimas Feridas;Pleno dia;Decrescente;Chuva;Múltipla;"Reta;Viaduto";-585.758.898;-3.521.271.205
23/05/2024;09:00:00;ATIBAIA;Manobra de mudança de faixa;Colisão lateral mesmo sentido;Com Vítimas Feridas;Pleno dia;Decrescente;Céu Claro;Múltipla;Reta;-2.303.325.858;-4.654.275.266
23/05/2024;08:55:00;ARAQUARI;Velocidade Incompatível;Colisão com objeto;Com Vítimas Feridas;Pleno dia;Crescente;Céu Claro;Dupla;Reta;-2.643.207.484;-4.882.263.984
23/05/2024;09:15:00;SALVADOR DAS MISSOES;Velocidade Incompatível;Saída de leito carroçável;Com Vítimas Feridas;Pleno dia;Decrescente;Chuva;Simples;"Reta;Interseção de Vias";-2.811.996.557;-5.484.593.868
21/02/2024;17:00:00;GURUPI;Manobra de mudança de faixa;Colisão transversal;Com Vítimas Feridas;Pleno dia;Crescente;Céu Claro;Simples;Reta;-1.172.898.201;-4.906.737.999
23/05/2024;08:42:00;FOZ DO IGUACU;Frear bruscamente;Colisão lateral mesmo sentido;Sem Vítimas;Pleno dia;Crescente;Céu Claro;Simples;Curva;-2.550.826.305;-5.459.238.593
23/05/2024;09:50:00;GRAVATAI;Acumulo de água sobre o pavimento;Saída de leito carroçável;Sem Vítimas;Pleno dia;Decrescente;Chuva;Múltipla;Reta;-29.944.933;-50.946.438
23/05/2024;11:00:00;CAUCAIA;Acesso irregular;Colisão lateral mesmo sentido;Sem Vítimas;Pleno dia;Decrescente;Céu Claro;Simples;"Reta;Em Obras;Desvio Temporário";-373.715.313;-3.874.293.507
23/05/2024;11:00:00;PORTO VELHO;Velocidade Incompatível;Saída de leito carroçável;Sem Vítimas;Pleno dia;Decrescente;Céu Claro;Simples;Reta;-903.612.012;-6.400.845.631
23/05/2024;13:15:00;ROLANDIA;Conversão proibida;Colisão frontal;Com Vítimas Feridas;Pleno dia;Crescente;Céu Claro;Dupla;"Reta;Interseção de Vias";-2.333.689.401;-513.883.763
08/05/2024;20:00:00;IRACEMA;Animais na Pista;Atropelamento de Animal;Sem Vítimas;Plena Noite;Crescente;Céu Claro;Simples;Reta;2.129.588;-61.087.746
23/05/2024;15:40:00;SANTAREM;Conversão proibida;Colisão transversal;Com Vítimas Feridas;Pleno dia;Crescente;Céu Claro;Simples;Reta;-2.538.837;-54.722.717
23/05/2024;15:20:00;MEDIANEIRA;Restrição de visibilidade em curvas verticais;Colisão traseira;Com Vítimas Feridas;Pleno dia;Decrescente;Chuva;Dupla;Reta;-2.530.758.578;-5.414.057.014
23/05/2024;17:20:00;SERRA;Conversão proibida;Colisão transversal;Com Vítimas Feridas;Anoitecer;Decrescente;Céu Claro;Múltipla;"Interseção de Vias;Reta;Retorno Regulamentado";-2.017.292.791;-4.026.736.384
23/05/2024;16:19:00;JAGUARIBE;Pista esburacada;Saída de leito carroçável;Com Vítimas Feridas;Anoitecer;Decrescente;Céu Claro;Simples;Reta;-604.962.505;-386.479.769
23/05/2024;17:30:00;JUIZ DE FORA;Ultrapassagem Indevida;Colisão lateral sentido oposto;Com Vítimas Feridas;Pleno dia;Crescente;Céu Claro;Simples;Reta;-2.174.441.526;-4.356.555.478
23/05/2024;17:30:00;RIO DO SUL;Ultrapassagem Indevida;Colisão transversal;Com Vítimas Feridas;Anoitecer;Crescente;Sol;Simples;Curva;-27.194.323;-49.624.554
23/05/2024;18:10:00;CONTAGEM;Manobra de mudança de faixa;Colisão lateral mesmo sentido;Com Vítimas Feridas;Anoitecer;Decrescente;Céu Claro;Dupla;"Reta;Declive";-1.990.149.502;-4.404.938.939
23/05/2024;17:45:00;UBERABA;Manobra de mudança de faixa;Colisão traseira;Com Vítimas Feridas;Anoitecer;Decrescente;Céu Claro;Dupla;Reta;-1.976.527.861;-4.811.638.905
23/05/2024;18:28:00;SEABRA;Velocidade Incompatível;Atropelamento de Pedestre;Com Vítimas Feridas;Plena Noite;Decrescente;Céu Claro;Simples;Reta;-1.245.770.117;-4.164.262.399
23/05/2024;19:28:00;NATAL;Ausência de sinalização;Colisão com objeto;Com Vítimas Feridas;Plena Noite;Decrescente;Chuva;Dupla;"Reta;Em Obras";-580.642.132;-3.524.167.278
23/05/2024;16:40:00;BALSAS;Desrespeitar a preferência no cruzamento;Colisão transversal;Com Vítimas Feridas;Pleno dia;Crescente;Céu Claro;Simples;Interseção de Vias;-752.201.623;-4.604.801.321
23/05/2024;18:50:00;SAO LEOPOLDO;Afundamento ou ondulação no pavimento;Tombamento;Com Vítimas Feridas;Plena Noite;Decrescente;Chuva;Dupla;"Reta;Declive";-2.976.733.091;-511.535.296
23/05/2024;18:50:00;AUGUSTO SEVERO;Deficiência do Sistema de Iluminação/Sinalização;Saída de leito carroçável;Com Vítimas Feridas;Plena Noite;Decrescente;Céu Claro;Simples;Reta;-587.585.487;-3.731.979.022
23/05/2024;19:30:00;CURITIBA;Velocidade Incompatível;Tombamento;Com Vítimas Feridas;Plena Noite;Decrescente;Nublado;Dupla;"Declive;Reta";-2.557.580.863;-4.931.201.577
23/05/2024;21:00:00;MAMANGUAPE;Manobra de mudança de faixa;Colisão transversal;Com Vítimas Feridas;Plena Noite;Crescente;Céu Claro;Dupla;Reta;-6.815.853;-35.139.147
23/05/2024;20:00:00;CACERES;Velocidade Incompatível;Colisão transversal;Com Vítimas Feridas;Plena Noite;Decrescente;Céu Claro;Simples;Reta;-1.614.718.607;-57.643.994
23/05/2024;21:20:00;MIRADOURO;Animais na Pista;Atropelamento de Animal;Com Vítimas Feridas;Plena Noite;Crescente;Céu Claro;Simples;"Aclive;Curva";-2.091.146.677;-4.234.913.374
23/05/2024;23:30:00;PARA DE MINAS;Manobra de mudança de faixa;Tombamento;Com Vítimas Feridas;Plena Noite;Crescente;Céu Claro;Múltipla;"Aclive;Reta";-1.990.311.456;-44.534
04/05/2024;19:15:00;JABOATAO DOS GUARARAPES;Acumulo de areia ou detritos sobre o pavimento;Tombamento;Com Vítimas Feridas;Plena Noite;Decrescente;Céu Claro;Dupla;Curva;-8.093.549;-35.031.644
23/05/2024;22:40:00;CONCEICAO DA BARRA;Frear bruscamente;Colisão traseira;Com Vítimas Feridas;Plena Noite;Crescente;Céu Claro;Simples;Reta;-1.840.842.097;-3.993.732.567
24/05/2024;05:50:00;CAMPO GRANDE;Chuva;Eventos atípicos;Com Vítimas Feridas;Amanhecer;Crescente;Chuva;Simples;Reta;-2.049.629.699;-5.455.916.871
24/05/2024;05:20:00;DOM PEDRITO;Chuva;Saída de leito carroçável;Sem Vítimas;Plena Noite;Decrescente;Chuva;Simples;Reta;-30.875.085;-54.901.815
24/05/2024;07:05:00;MURIAE;Conversão proibida;Colisão transversal;Com Vítimas Feridas;Pleno dia;Decrescente;Céu Claro;Simples;Interseção de Vias;-2.112.482.711;-4.238.143.444
05/05/2024;02:00:00;VENDA NOVA DO IMIGRANTE;Velocidade Incompatível;Saída de leito carroçável;Com Vítimas Feridas;Plena Noite;Decrescente;Céu Claro;Simples;"Interseção de Vias;Reta";-2.032.624.656;-4.113.598.921
14/05/2024;08:45:00;FLORIANOPOLIS;Manobra de mudança de faixa;Colisão lateral mesmo sentido;Com Vítimas Feridas;Pleno dia;Decrescente;Chuva;Múltipla;Aclive;-27.592.646;-48.604.034
24/05/2024;08:50:00;CURITIBA;Manobra de mudança de faixa;Colisão lateral mesmo sentido;Com Vítimas Feridas;Pleno dia;Crescente;Chuva;Dupla;Reta;-25.481.674;-49.194.852
24/05/2024;09:00:00;JUIZ DE FORA;Conversão proibida;Colisão transversal;Com Vítimas Feridas;Pleno dia;Decrescente;Céu Claro;Simples;Reta;-2.172.381.566;-4.353.970.826
24/05/2024;07:20:00;RIBEIRAO DAS NEVES;Manobra de mudança de faixa;Colisão lateral mesmo sentido;Com Vítimas Feridas;Pleno dia;Crescente;Céu Claro;Dupla;Reta;-1.981.628.624;-4.408.960.124
20/05/2024;16:30:00;UBERLANDIA;Desrespeitar a preferência no cruzamento;Colisão transversal;Com Vítimas Feridas;Pleno dia;Decrescente;Céu Claro;Dupla;"Reta;Interseção de Vias";-1.885.138.623;-4.825.401.306
24/05/2024;07:50:00;PRESIDENTE CASTELO BRANCO;Pista Escorregadia;Saída de leito carroçável;Sem Vítimas;Pleno dia;Crescente;Garoa/Chuvisco;Dupla;Reta;-2.330.300.223;-5.211.227.146
24/05/2024;08:45:00;EUNAPOLIS;Velocidade Incompatível;Saída de leito carroçável;Com Vítimas Feridas;Pleno dia;Crescente;Sol;Simples;"Interseção de Vias;Reta";-16.299.356;-39.592.078
24/05/2024;10:50:00;UBATUBA;Ultrapassagem Indevida;Colisão lateral sentido oposto;Com Vítimas Feridas;Pleno dia;Crescente;Sol;Simples;"Reta;Interseção de Vias";-2.341.495.528;-4.503.516.778
24/05/2024;06:30:00;PENHA;Manobra de mudança de faixa;Colisão traseira;Com Vítimas Feridas;Amanhecer;Crescente;Chuva;Dupla;"Aclive;Reta";-2.681.930.608;-4.868.390.282
24/05/2024;11:20:00;SAO JOSE DO RIO PRETO;Acumulo de areia ou detritos sobre o pavimento;Tombamento;Com Vítimas Feridas;Pleno dia;Crescente;Céu Claro;Simples;"Curva;Aclive";-208.355.877;-4.936.570.039
02/04/2024;22:45:00;TERESINA;Demais falhas na via;Colisão com objeto;Sem Vítimas;Plena Noite;Crescente;Chuva;Dupla;"Aclive;Em Obras";-50.567.678;-4.268.413.782
24/05/2024;11:00:00;GOIANINHA;Acumulo de água sobre o pavimento;Saída de leito carroçável;Com Vítimas Feridas;Pleno dia;Crescente;Chuva;Dupla;Reta;-633.270.015;-3.517.448.225
24/05/2024;11:30:00;FEIRA DE SANTANA;Acesso irregular;Colisão transversal;Com Vítimas Feridas;Pleno dia;Crescente;Nublado;Simples;Reta;-12.258.195;-38.932.182
24/05/2024;10:40:00;ALFREDO WAGNER;Velocidade Incompatível;Saída de leito carroçável;Com Vítimas Feridas;Pleno dia;Crescente;Nublado;Simples;Reta;-27.694.868;-49.324.345
24/05/2024;12:15:00;TIBAGI;Chuva;Colisão com objeto;Com Vítimas Feridas;Pleno dia;Crescente;Chuva;Dupla;"Curva;Declive";-24.850.151;-50.471.222
24/05/2024;13:51:00;SAO JOSE DE MIPIBU;Animais na Pista;Colisão traseira;Com Vítimas Feridas;Pleno dia;Decrescente;Céu Claro;Dupla;Reta;-596.429;-35.264.877
24/05/2024;13:10:00;ORTIGUEIRA;Chuva;Colisão transversal;Com Vítimas Feridas;Pleno dia;Crescente;Chuva;Simples;Curva;-24.408.135;-5.078.447.205
24/05/2024;13:20:00;CAMPINA GRANDE DO SUL;Chuva;Saída de leito carroçável;Com Vítimas Feridas;Pleno dia;Crescente;Chuva;Dupla;Curva;-2.510.427.672;-4.873.857.029
24/05/2024;14:36:00;PARATY;Demais falhas na via;Colisão com objeto;Com Vítimas Feridas;Pleno dia;Decrescente;Céu Claro;Simples;Reta;-2.320.276.908;-4.472.989.482
24/05/2024;13:45:00;IMBAU;Velocidade Incompatível;Saída de leito carroçável;Com Vítimas Feridas;Pleno dia;Crescente;Chuva;Dupla;Reta;-2.457.847.704;-5.068.117.439
24/05/2024;16:20:00;RECIFE;Manobra de mudança de faixa;Engavetamento;Com Vítimas Feridas;Anoitecer;Decrescente;Garoa/Chuvisco;Dupla;Reta;-806.776.119;-3.494.265.074
24/05/2024;16:18:00;ABREU E LIMA;Chuva;Colisão lateral mesmo sentido;Com Vítimas Feridas;Pleno dia;Crescente;Céu Claro;Múltipla;Aclive;-789.174.705;-349.033.493
24/05/2024;16:30:00;CAMBUI;Velocidade Incompatível;Saída de leito carroçável;Sem Vítimas;Pleno dia;Crescente;Céu Claro;Múltipla;Curva;-2.271.022.398;-4.612.178.305
24/05/2024;16:30:00;PONTA GROSSA;Manobra de mudança de faixa;Colisão lateral mesmo sentido;Com Vítimas Feridas;Pleno dia;Crescente;Céu Claro;Dupla;Reta;-2.508.139.932;-5.019.200.981
24/05/2024;16:40:00;BETIM;Acesso irregular;Colisão transversal;Com Vítimas Feridas;Pleno dia;Decrescente;Sol;Dupla;"Retorno Regulamentado;Reta";-19.979.627;-44.252.256
24/05/2024;16:59:00;BRASILIA;Manobra de mudança de faixa;Colisão transversal;Com Vítimas Feridas;Anoitecer;Crescente;Céu Claro;Dupla;"Reta;Aclive";-15.791.093;-4.821.096
24/05/2024;17:15:00;PETROLINA;Ausência de sinalização;Colisão transversal;Com Vítimas Feridas;Pleno dia;Decrescente;Céu Claro;Simples;Reta;-939.371.434;-4.051.173.979
24/05/2024;18:00:00;APUCARANA;Condutor usando celular;Colisão traseira;Com Vítimas Feridas;Plena Noite;Crescente;Garoa/Chuvisco;Simples;Reta;-235.308.846;-514.523.525
24/05/2024;17:15:00;OSORIO;Chuva;Saída de leito carroçável;Sem Vítimas;Pleno dia;Decrescente;Chuva;Dupla;Reta;-29.898.134;-5.031.419
24/05/2024;08:30:00;CACERES;Chuva;Saída de leito carroçável;Sem Vítimas;Pleno dia;Decrescente;Chuva;Simples;Curva;-1.614.563.984;-5.764.984.086
24/05/2024;12:15:00;MARIALVA;Acumulo de água sobre o pavimento;Saída de leito carroçável;Com Vítimas Feridas;Pleno dia;Decrescente;Chuva;Múltipla;Reta;-2.350.719.669;-5.173.201.193
24/05/2024;17:00:00;CAMPO GRANDE;Animais na Pista;Atropelamento de Animal;Com Vítimas Feridas;Pleno dia;Decrescente;Nublado;Simples;Reta;-20.631.533;-54.571.339
24/05/2024;17:46:00;SAO GONCALO;Manobra de mudança de faixa;Colisão lateral mesmo sentido;Com Vítimas Feridas;Anoitecer;Crescente;Céu Claro;Dupla;Reta;-2.276.365.068;-4.290.223.623
24/05/2024;18:40:00;DUQUE DE CAXIAS;Manobra de mudança de faixa;Colisão lateral mesmo sentido;Com Vítimas Feridas;Plena Noite;Crescente;Céu Claro;Múltipla;Reta;-2.270.948.502;-4.329.040.354
24/05/2024;18:15:00;TERESINA;Manobra de mudança de faixa;Colisão lateral mesmo sentido;Com Vítimas Feridas;Plena Noite;Crescente;Céu Claro;Múltipla;Curva;-5.074.137;-4.273.629
24/05/2024;18:30:00;LINHARES;Desrespeitar a preferência no cruzamento;Colisão transversal;Com Vítimas Feridas;Plena Noite;Crescente;Céu Claro;Simples;Rotatória;-1.950.607.582;-4.013.470.026
24/05/2024;19:00:00;DUQUE DE CAXIAS;Manobra de mudança de faixa;Colisão lateral mesmo sentido;Com Vítimas Feridas;Plena Noite;Decrescente;Nublado;Dupla;Reta;-2.270.948.502;-4.329.040.354
24/05/2024;18:50:00;IMBITUBA;Desrespeitar a preferência no cruzamento;Colisão transversal;Com Vítimas Feridas;Plena Noite;Decrescente;Chuva;Múltipla;Interseção de Vias;-2.816.300.604;-486.939.345
24/05/2024;18:10:00;APUCARANA;Demais falhas na via;Tombamento;Com Vítimas Feridas;Plena Noite;Crescente;Garoa/Chuvisco;Simples;Interseção de Vias;-2.356.295.161;-5.148.864.448
24/05/2024;20:20:00;QUITANDINHA;Velocidade Incompatível;Colisão com objeto;Com Vítimas Feridas;Plena Noite;Crescente;Nublado;Simples;Curva;-2.586.569.317;-4.938.243.407
24/05/2024;20:10:00;BARRA DO CORDA;Manobra de mudança de faixa;Colisão lateral sentido oposto;Sem Vítimas;Plena Noite;Decrescente;Céu Claro;Simples;"Curva;Declive";-549.724.558;-4.524.112.701
24/05/2024;19:20:00;JOINVILLE;Manobra de mudança de faixa;Colisão lateral mesmo sentido;Com Vítimas Feridas;Plena Noite;Decrescente;Nublado;Dupla;"Reta;Interseção de Vias";-262.628.107;-4.890.192.257
24/05/2024;21:00:00;DUQUE DE CAXIAS;Manobra de mudança de faixa;Queda de ocupante de veículo;Com Vítimas Feridas;Plena Noite;Decrescente;Céu Claro;Dupla;Reta;-2.272.756.999;-432.891.609
24/05/2024;20:30:00;CORRENTINA;Manobra de mudança de faixa;Colisão frontal;Com Vítimas Fatais;Plena Noite;Crescente;Céu Claro;Simples;Curva;-1.320.981;-44.646.156
24/05/2024;21:00:00;ITABORAI;Acumulo de areia ou detritos sobre o pavimento;Queda de ocupante de veículo;Com Vítimas Feridas;Plena Noite;Crescente;Céu Claro;Múltipla;Reta;-2.277.062;-4.292.223
24/05/2024;21:49:00;AGUAS LINDAS DE GOIAS;Manobra de mudança de faixa;Colisão transversal;Com Vítimas Feridas;Plena Noite;Decrescente;Céu Claro;Dupla;Reta;-1.575.049.381;-482.612.381
24/05/2024;18:00:00;NOVA VICOSA;Manobra de mudança de faixa;Colisão lateral mesmo sentido;Com Vítimas Feridas;Amanhecer;Crescente;Céu Claro;Simples;Reta;-1.789.011.822;-4.007.227.203
24/05/2024;21:30:00;SERRA;Velocidade Incompatível;Atropelamento de Pedestre;Com Vítimas Feridas;Plena Noite;Crescente;Céu Claro;Múltipla;Reta;-201.816.849;-4.026.536.036
24/05/2024;22:20:00;JARAGUARI;Animais na Pista;Atropelamento de Animal;Com Vítimas Feridas;Plena Noite;Decrescente;Céu Claro;Simples;"Reta;Declive";-2.031.813.699;-5.451.434.503
25/05/2024;00:00:00;GUARULHOS;Manobra de mudança de faixa;Colisão traseira;Sem Vítimas;Plena Noite;Decrescente;Nublado;Múltipla;Reta;-2.343.608.315;-4.642.805.094
24/05/2024;21:15:00;ROSARIO;Conversão proibida;Colisão frontal;Com Vítimas Feridas;Plena Noite;Crescente;Céu Claro;Simples;Reta;-2.941.254;-44.245.796
24/05/2024;20:45:00;AGUAS MORNAS;Ultrapassagem Indevida;Colisão frontal;Sem Vítimas;Plena Noite;Crescente;Nublado;Simples;"Declive;Curva";-27.714.352;-48.938.072
25/05/2024;02:13:00;FORMOSA;Velocidade Incompatível;Tombamento;Sem Vítimas;Plena Noite;Crescente;Céu Claro;Dupla;Reta;-15.581.744;-47.343.241
25/05/2024;03:15:00;POUSO REDONDO;Velocidade Incompatível;Colisão lateral sentido oposto;Sem Vítimas;Plena Noite;Crescente;Nublado;Simples;"Curva;Aclive";-27.257.526;-49.909.592
25/05/2024;03:00:00;GOIANIA;Acesso irregular;Colisão lateral mesmo sentido;Com Vítimas Feridas;Plena Noite;Decrescente;Céu Claro;Múltipla;Interseção de Vias;-167.002;-493.335
24/05/2024;18:50:00;CUIABA;Ultrapassagem Indevida;Saída de leito carroçável;Com Vítimas Feridas;Plena Noite;Decrescente;Nublado;Simples;Reta;-1.568.206.569;-5.592.335.686
25/05/2024;07:00:00;SOORETAMA;Desrespeitar a preferência no cruzamento;Colisão transversal;Com Vítimas Fatais;Pleno dia;Decrescente;Céu Claro;Simples;"Reta;Rotatória";-1.922.580.667;-4.018.445.587
25/05/2024;08:00:00;RECIFE;Manobra de mudança de faixa;Colisão lateral mesmo sentido;Com Vítimas Feridas;Pleno dia;Decrescente;Sol;Dupla;Rotatória;-805.074.296;-3.494.580.619
25/05/2024;08:00:00;PARNAMIRIM;Manobra de mudança de faixa;Colisão traseira;Com Vítimas Feridas;Pleno dia;Decrescente;Céu Claro;Dupla;Reta;-589.527.098;-3.525.798.979
19/04/2024;22:30:00;ABADIA DE GOIAS;Animais na Pista;Atropelamento de Animal;Com Vítimas Feridas;Plena Noite;Crescente;Chuva;Dupla;"Declive;Reta";-167.333;-493.996
05/05/2024;11:30:00;BETIM;Manobra de mudança de faixa;Colisão lateral mesmo sentido;Com Vítimas Feridas;Pleno dia;Crescente;Céu Claro;Dupla;Reta;-1.996.245.618;-4.416.455.495
25/05/2024;03:10:00;CODO;Animais na Pista;Atropelamento de Animal;Com Vítimas Feridas;Plena Noite;Decrescente;Ignorado;Simples;Reta;-4.550.416;-4.400.243
25/05/2024;09:00:00;JACAREI;Manobra de mudança de faixa;Colisão lateral mesmo sentido;Com Vítimas Feridas;Pleno dia;Decrescente;Céu Claro;Dupla;Reta;-2.327.101.606;-4.596.787.896
25/05/2024;09:00:00;CARIACICA;Velocidade Incompatível;Capotamento;Sem Vítimas;Pleno dia;Decrescente;Sol;Dupla;Reta;-2.031.526.144;-4.039.567.044
25/05/2024;10:00:00;NATAL;Manobra de mudança de faixa;Colisão lateral mesmo sentido;Com Vítimas Feridas;Pleno dia;Crescente;Nublado;Dupla;"Rotatória;Reta";-576.365.589;-3.528.636.932
25/05/2024;10:50:00;JUIZ DE FORA;Velocidade Incompatível;Saída de leito carroçável;Com Vítimas Fatais;Pleno dia;Crescente;Céu Claro;Simples;Curva;-2.170.442.007;-4.346.667.202
25/05/2024;13:20:00;SETE LAGOAS;Manobra de mudança de faixa;Colisão lateral mesmo sentido;Sem Vítimas;Pleno dia;Crescente;Céu Claro;Dupla;Reta;-1.945.630.182;-4.430.941.888
25/05/2024;14:45:00;MATIAS BARBOSA;Velocidade Incompatível;Tombamento;Com Vítimas Feridas;Pleno dia;Crescente;Céu Claro;Simples;"Retorno Regulamentado;Declive;Curva";-2.187.077.676;-4.334.388.381