data_inversa;horario;municipio;causa_acidente;tipo_acidente;classificacao_acidente;fase_dia;sentido_via;condicao_metereologica;tipo_pista;tracado_via;latitude;longitude
25/05/2024;15:00:00;MIRACATU;Chuva;Colisão com objeto;Com Vítimas Feridas;Pleno dia;Crescente;Chuva;Dupla;Curva;-240.516.146;-4.720.352.238
25/05/2024;15:50:00;RECIFE;Manobra de mudança de faixa;Colisão traseira;Com Vítimas Feridas;Pleno dia;Crescente;Sol;Múltipla;Reta;-800.800.604;-3.493.756.535
25/05/2024;16:20:00;SETE LAGOAS;Manobra de mudança de faixa;Saída de leito carroçável;Com Vítimas Feridas;Pleno dia;Decrescente;Céu Claro;Dupla;"Reta;Declive";-1.946.099.279;-4.430.121.988
25/05/2024;15:30:00;PRATA;Velocidade Incompatível;Saída de leito carroçável;Com Vítimas Feridas;Pleno dia;Crescente;Céu Claro;Dupla;Reta;-1.946.960.475;-4.887.246.865
25/05/2024;15:50:00;GUAPO;Velocidade Incompatível;Saída de leito carroçável;Com Vítimas Feridas;Pleno dia;Crescente;Céu Claro;Dupla;Reta;-168.815;-496.179
25/05/2024;16:25:00;MAMANGUAPE;Velocidade Incompatível;Tombamento;Com Vítimas Feridas;Pleno dia;Decrescente;Sol;Dupla;"Reta;Ponte";-6.856.615;-3.513.444.297
07/04/2024;13:30:00;CONSELHEIRO LAFAIETE;Conversão proibida;Colisão transversal;Com Vítimas Feridas;Pleno dia;Decrescente;Céu Claro;Simples;Aclive;-2.065.824.152;-4.380.259.134
25/05/2024;16:00:00;LAGES;Velocidade Incompatível;Saída de leito carroçável;Sem Vítimas;Pleno dia;Crescente;Nublado;Simples;Rotatória;-2.779.544.281;-5.036.187.437
25/05/2024;16:00:00;CUSTODIA;Frear bruscamente;Colisão traseira;Com Vítimas Feridas;Pleno dia;Crescente;Céu Claro;Simples;Reta;-808.036.265;-3.767.555.593
25/05/2024;18:00:00;MURICI;Animais na Pista;Atropelamento de Animal;Com Vítimas Feridas;Plena Noite;Decrescente;Céu Claro;Simples;Reta;-930.324.621;-3.594.820.361
25/05/2024;19:45:00;RIO BONITO;Animais na Pista;Atropelamento de Animal;Com Vítimas Feridas;Plena Noite;Decrescente;Chuva;Dupla;Reta;-227.015.937;-4.258.693.809
25/05/2024;18:55:00;DOM PEDRITO;Animais na Pista;Atropelamento de Animal;Sem Vítimas;Plena Noite;Crescente;Nublado;Simples;Reta;-3.110.180.901;-54.440.435
25/05/2024;19:05:00;JURANDA;Ultrapassagem Indevida;Colisão lateral mesmo sentido;Com Vítimas Feridas;Pleno dia;Crescente;Garoa/Chuvisco;Simples;"Aclive;Reta";-2.435.383.517;-5.274.208.903
25/05/2024;20:30:00;ERVAL VELHO;Velocidade Incompatível;Saída de leito carroçável;Sem Vítimas;Plena Noite;Decrescente;Céu Claro;Dupla;Reta;-27.291.018;-51.416.611
25/05/2024;21:50:00;SAO JOSE DOS PINHAIS;Velocidade Incompatível;Colisão lateral mesmo sentido;Com Vítimas Feridas;Plena Noite;Crescente;Nublado;Dupla;"Reta;Declive";-2.552.522.628;-4.909.755.612
25/05/2024;23:45:00;CURITIBA;Velocidade Incompatível;Colisão lateral mesmo sentido;Com Vítimas Feridas;Plena Noite;Decrescente;Chuva;Dupla;Reta;-25.542.501;-49.313.011
25/05/2024;23:50:00;SALVADOR;Manobra de mudança de faixa;Colisão lateral mesmo sentido;Com Vítimas Feridas;Plena Noite;Crescente;Céu Claro;Múltipla;Reta;-1.291.233.708;-3.845.956.983
26/05/2024;01:10:00;SAO PAULO;Chuva;Colisão com objeto;Sem Vítimas;Plena Noite;Crescente;Chuva;Simples;"Curva;Declive";-2.336.553.404;-4.655.253.934
26/05/2024;01:39:00;BOM RETIRO;Animais na Pista;Atropelamento de Animal;Com Vítimas Feridas;Plena Noite;Decrescente;Nevoeiro/Neblina;Simples;Reta;-27.802.912;-49.632.038
26/05/2024;02:30:00;JOINVILLE;Velocidade Incompatível;Capotamento;Sem Vítimas;Plena Noite;Decrescente;Nublado;Dupla;Curva;-26.140.675;-48.902.995
26/05/2024;02:30:00;SALVADOR;Acesso irregular;Colisão frontal;Com Vítimas Feridas;Plena Noite;Decrescente;Céu Claro;Dupla;Reta;-12.891.109;-38.445.374
26/05/2024;03:50:00;LAVRAS DA MANGABEIRA;Manobra de mudança de faixa;Colisão frontal;Com Vítimas Fatais;Plena Noite;Crescente;Céu Claro;Simples;"Reta;Declive";-675.476.182;-3.890.844.997
26/05/2024;03:50:00;BRASILIA;Velocidade Incompatível;Capotamento;Com Vítimas Feridas;Plena Noite;Decrescente;Céu Claro;Múltipla;Reta;-15.795.264;-48.063.801
26/05/2024;03:00:00;SANTA INES;Animais na Pista;Atropelamento de Animal;Com Vítimas Fatais;Plena Noite;Crescente;Céu Claro;Simples;"Declive;Reta";-368.441.807;-4.539.679.991
26/05/2024;05:30:00;ATIBAIA;Velocidade Incompatível;Saída de leito carroçável;Sem Vítimas;Plena Noite;Decrescente;Garoa/Chuvisco;Dupla;"Reta;Aclive";-2.310.506.237;-4.656.881.577
26/05/2024;05:00:00;BANDEIRA DO SUL;Desrespeitar a preferência no cruzamento;Colisão transversal;Com Vítimas Feridas;Plena Noite;Decrescente;Céu Claro;Simples;Rotatória;-2.174.533.449;-4.640.408.396
26/05/2024;07:40:00;DUQUE DE CAXIAS;Animais na Pista;Colisão traseira;Com Vítimas Feridas;Pleno dia;Crescente;Chuva;Dupla;Reta;-22.745.676;-432.881
26/05/2024;03:50:00;PONTA GROSSA;Velocidade Incompatível;Capotamento;Com Vítimas Feridas;Plena Noite;Crescente;Chuva;Dupla;"Aclive;Viaduto";-2.510.310.047;-501.963.594
19/03/2024;17:03:00;MATELANDIA;Desrespeitar a preferência no cruzamento;Colisão transversal;Com Vítimas Feridas;Pleno dia;Crescente;Céu Claro;Simples;"Rotatória;Reta";-2.519.459.268;-5.394.103.646
26/05/2024;06:00:00;IMBITUVA;Chuva;Tombamento;Com Vítimas Feridas;Amanhecer;Decrescente;Chuva;Simples;"Aclive;Interseção de Vias";-2.518.111.978;-5.059.648.061
26/05/2024;09:30:00;ITAGUARA;Velocidade Incompatível;Saída de leito carroçável;Com Vítimas Feridas;Pleno dia;Crescente;Céu Claro;Dupla;Curva;-2.042.649.228;-4.454.458.383
26/05/2024;09:30:00;RANCHO QUEIMADO;Velocidade Incompatível;Saída de leito carroçável;Com Vítimas Feridas;Pleno dia;Decrescente;Nublado;Simples;Curva;-27.690.144;-49.083.813
26/05/2024;10:30:00;BARBACENA;Velocidade Incompatível;Colisão com objeto;Com Vítimas Feridas;Pleno dia;Decrescente;Chuva;Dupla;Curva;-2.128.705.355;-436.420.819
26/05/2024;09:30:00;ARAQUARI;Desrespeitar a preferência no cruzamento;Colisão transversal;Com Vítimas Feridas;Pleno dia;Crescente;Nublado;Múltipla;Retorno Regulamentado;-2.658.559.601;-4.872.192.112
14/04/2024;23:00:00;PIRAPORA;Animais na Pista;Atropelamento de Animal;Com Vítimas Feridas;Plena Noite;Crescente;Céu Claro;Simples;Reta;-1.736.147.194;-4.491.972.105
26/05/2024;10:30:00;CAMPOS DOS GOYTACAZES;Desrespeitar a preferência no cruzamento;Colisão transversal;Com Vítimas Feridas;Pleno dia;Crescente;Nublado;Simples;Reta;-2.161.625.895;-4.131.535.762
26/05/2024;12:45:00;BARRA DO TURVO;Chuva;Saída de leito carroçável;Com Vítimas Feridas;Pleno dia;Decrescente;Chuva;Dupla;Curva;-250.475.499;-4.855.355.172
26/05/2024;12:30:00;ITAPEVA;Chuva;Colisão com objeto;Com Vítimas Feridas;Pleno dia;Crescente;Chuva;Dupla;"Reta;Declive";-227.680.939;-4.620.854.399
26/05/2024;13:00:00;SAO PAULO;Frear bruscamente;Colisão com objeto;Com Vítimas Feridas;Pleno dia;Decrescente;Chuva;Múltipla;Curva;-23.449.343;-4.656.983.501
26/05/2024;12:48:00;JUIZ DE FORA;Velocidade Incompatível;Capotamento;Com Vítimas Feridas;Pleno dia;Crescente;Chuva;Dupla;Reta;-2.162.581.762;-4.345.044.987
26/05/2024;12:20:00;SAO GONCALO DO SAPUCAI;Velocidade Incompatível;Saída de leito carroçável;Com Vítimas Feridas;Pleno dia;Decrescente;Chuva;Dupla;Curva;-2.192.449.455;-4.561.240.196
26/05/2024;13:10:00;ANGRA DOS REIS;Pista Escorregadia;Colisão frontal;Com Vítimas Feridas;Pleno dia;Crescente;Chuva;Simples;Curva;-230.055.431;-4.426.195.833
26/05/2024;13:40:00;SAPUCAIA;Chuva;Tombamento;Com Vítimas Feridas;Pleno dia;Decrescente;Chuva;Simples;Curva;-2.196.535.716;-4.286.837.098
26/05/2024;13:30:00;PALHOCA;Velocidade Incompatível;Capotamento;Com Vítimas Feridas;Pleno dia;Decrescente;Nublado;Dupla;Curva;-277.688.932;-4.863.205.379
26/05/2024;12:00:00;BARRA MANSA;Acumulo de água sobre o pavimento;Capotamento;Com Vítimas Feridas;Pleno dia;Decrescente;Chuva;Dupla;Curva;-2.252.405.173;-4.420.072.574
26/05/2024;09:10:00;COLORADO DO OESTE;Desrespeitar a preferência no cruzamento;Colisão transversal;Com Vítimas Feridas;Pleno dia;Crescente;Chuva;Dupla;Rotatória;-1.311.884.911;-6.053.173.398
26/05/2024;15:00:00;UBATUBA;Manobra de mudança de faixa;Colisão transversal;Com Vítimas Feridas;Pleno dia;Crescente;Chuva;Simples;Reta;-2.344.410.908;-4.508.375.708
26/05/2024;15:10:00;TIBAGI;Velocidade Incompatível;Colisão com objeto;Sem Vítimas;Pleno dia;Crescente;Chuva;Dupla;Curva;-2.484.975.558;-5.046.706.404
26/05/2024;15:25:00;ITAGUAI;Chuva;Colisão com objeto;Sem Vítimas;Pleno dia;Crescente;Chuva;Dupla;Reta;-2.285.921.896;-4.375.891.497
26/05/2024;15:30:00;RIO GRANDE;Desrespeitar a preferência no cruzamento;Colisão transversal;Com Vítimas Feridas;Pleno dia;Decrescente;Céu Claro;Simples;"Rotatória;Interseção de Vias";-3.194.614.994;-5.230.982.265
26/05/2024;16:14:00;PETROPOLIS;Velocidade Incompatível;Colisão com objeto;Com Vítimas Feridas;Pleno dia;Crescente;Chuva;Dupla;Curva;-2.250.560.003;-4.323.186.384
26/05/2024;16:30:00;FOZ DO IGUACU;Desrespeitar a preferência no cruzamento;Colisão transversal;Com Vítimas Feridas;Pleno dia;Decrescente;Garoa/Chuvisco;Simples;"Reta;Desvio Temporário;Em Obras";-255.958;-545.111
26/05/2024;17:17:00;SERRA;Pista Escorregadia;Saída de leito carroçável;Com Vítimas Feridas;Plena Noite;Crescente;Chuva;Simples;Curva;-2.014.616.415;-4.028.836.206
26/05/2024;16:00:00;LAVRAS;Pista Escorregadia;Colisão com objeto;Sem Vítimas;Pleno dia;Crescente;Chuva;Dupla;Curva;-2.120.030.689;-4.511.944.438
26/05/2024;17:55:00;JOAO PESSOA;Manobra de mudança de faixa;Colisão lateral mesmo sentido;Com Vítimas Feridas;Plena Noite;Crescente;Céu Claro;Múltipla;"Curva;Desvio Temporário;Em Obras";-71.707;-348.684
26/05/2024;18:10:00;PARA DE MINAS;Manobra de mudança de faixa;Colisão transversal;Com Vítimas Feridas;Plena Noite;Crescente;Céu Claro;Dupla;"Reta;Retorno Regulamentado;Aclive";-1.988.345.893;-4.474.782.944
26/05/2024;16:10:00;PIRAI;Acumulo de água sobre o pavimento;Colisão com objeto;Com Vítimas Feridas;Anoitecer;Crescente;Chuva;Dupla;Reta;-2.258.294.737;-4.396.879.302
26/05/2024;18:45:00;TRES RIOS;Desrespeitar a preferência no cruzamento;Colisão lateral mesmo sentido;Com Vítimas Feridas;Plena Noite;Decrescente;Chuva;Simples;Rotatória;-2.212.309.905;-4.320.363.803
26/05/2024;19:40:00;FEIRA DE SANTANA;Desrespeitar a preferência no cruzamento;Colisão traseira;Com Vítimas Feridas;Plena Noite;Decrescente;Céu Claro;Múltipla;Reta;-1.223.667.065;-3.897.869.825
26/05/2024;18:35:00;MATELANDIA;Manobra de mudança de faixa;Colisão frontal;Com Vítimas Fatais;Plena Noite;Decrescente;Chuva;Simples;Reta;-251.974.441;-5.394.341.989
26/05/2024;18:00:00;SANTO ANTONIO DO DESCOBERTO;Animais na Pista;Atropelamento de Animal;Com Vítimas Feridas;Anoitecer;Crescente;Céu Claro;Dupla;Declive;-1.611.441;-4.833.431
26/05/2024;19:30:00;CARIACICA;Acumulo de água sobre o pavimento;Saída de leito carroçável;Com Vítimas Feridas;Plena Noite;Crescente;Chuva;Dupla;"Curva;Declive";-2.025.148.171;-4.037.270.066
26/05/2024;20:15:00;CHAPECO;Ultrapassagem Indevida;Colisão frontal;Com Vítimas Feridas;Plena Noite;Crescente;Garoa/Chuvisco;Simples;Reta;-26.994.461;-52.690.178
26/05/2024;17:00:00;CANTA;Ultrapassagem Indevida;Colisão lateral mesmo sentido;Com Vítimas Feridas;Pleno dia;Crescente;Chuva;Simples;Reta;205.963.556;-606.478.849
26/05/2024;14:30:00;RIACHAO;Ultrapassagem Indevida;Capotamento;Com Vítimas Feridas;Pleno dia;Crescente;Céu Claro;Simples;Reta;-735.340.117;-4.655.151.844
26/05/2024;21:35:00;FORTALEZA DO TABOCAO;Velocidade Incompatível;Colisão traseira;Com Vítimas Feridas;Plena Noite;Crescente;Céu Claro;Simples;Reta;-905.540.165;-4.851.836.964
26/05/2024;22:25:00;NOSSA SENHORA DO SOCORRO;Desvio temporário;Colisão com objeto;Com Vítimas Feridas;Plena Noite;Decrescente;Nublado;Dupla;"Reta;Em Obras;Aclive";-1.087.113.297;-371.344.637
26/05/2024;17:00:00;MACAE;Chuva;Colisão lateral sentido oposto;Com Vítimas Feridas;Anoitecer;Crescente;Chuva;Simples;Reta;-2.235.125.958;-419.221.205
26/05/2024;23:15:00;ALTOS;Animais na Pista;Saída de leito carroçável;Com Vítimas Feridas;Plena Noite;Decrescente;Céu Claro;Simples;Curva;-4.969.937;-42.373.695
27/05/2024;01:30:00;MARINGA;Velocidade Incompatível;Colisão traseira;Com Vítimas Feridas;Plena Noite;Crescente;Garoa/Chuvisco;Dupla;"Interseção de Vias;Reta";-2.341.241.386;-5.193.314.552
27/05/2024;02:40:00;DUQUE DE CAXIAS;Iluminação deficiente;Colisão com objeto;Com Vítimas Feridas;Plena Noite;Decrescente;Nublado;Dupla;Reta;-226.723.488;-4.328.215.398
27/05/2024;04:20:00;ATIBAIA;Pista Escorregadia;Capotamento;Com Vítimas Feridas;Plena Noite;Decrescente;Chuva;Dupla;"Reta;Declive";-23.088.586;-46.571.798
27/05/2024;04:50:00;MOSSORO;Animais na Pista;Atropelamento de Animal;Com Vítimas Feridas;Amanhecer;Decrescente;Céu Claro;Simples;Reta;-518.223.639;-3.729.640.087
27/05/2024;05:30:00;BRASILIA;Animais na Pista;Atropelamento de Animal;Sem Vítimas;Amanhecer;Decrescente;Céu Claro;Dupla;"Reta;Declive;Ponte";-15.607.905;-47.692.791
27/05/2024;06:00:00;RIO VERDE;Acumulo de areia ou detritos sobre o pavimento;Queda de ocupante de veículo;Com Vítimas Feridas;Amanhecer;Crescente;Nevoeiro/Neblina;Dupla;Retorno Regulamentado;-17.786.345;-50.901.516
27/05/2024;06:15:00;ITAPEVA;Velocidade Incompatível;Saída de leito carroçável;Com Vítimas Feridas;Pleno dia;Decrescente;Chuva;Dupla;Curva;-22.777.207;-4.623.911.301
27/05/2024;06:40:00;BRASILIA;Ultrapassagem Indevida;Colisão lateral mesmo sentido;Com Vítimas Feridas;Amanhecer;Decrescente;Céu Claro;Dupla;Reta;-15.788.868;-48.220.242
27/05/2024;06:25:00;CONGONHAS;Desrespeitar a preferência no cruzamento;Colisão transversal;Com Vítimas Feridas;Pleno dia;Crescente;Céu Claro;Simples;"Reta;Retorno Regulamentado";-2.046.834.617;-4.384.095.284
26/05/2024;23:15:00;PARAGOMINAS;Manobra de mudança de faixa;Colisão transversal;Com Vítimas Feridas;Plena Noite;Decrescente;Nublado;Simples;Reta;-30.272.761;-4.746.507.953
27/05/2024;06:00:00;JARU;Desrespeitar a preferência no cruzamento;Colisão transversal;Com Vítimas Feridas;Pleno dia;Decrescente;Céu Claro;Simples;"Reta;Interseção de Vias";-1.044.457.274;-6.246.568.412
27/05/2024;07:25:00;SOMBRIO;Desrespeitar a preferência no cruzamento;Colisão transversal;Com Vítimas Feridas;Pleno dia;Decrescente;Chuva;Múltipla;"Reta;Interseção de Vias";-2.909.976.135;-496.345.675
27/05/2024;06:30:00;APARECIDA DO RIO DOCE;Velocidade Incompatível;Saída de leito carroçável;Com Vítimas Feridas;Pleno dia;Crescente;Nublado;Simples;Reta;-18.170.782;-51.402.691
27/05/2024;08:55:00;BACABEIRA;Demais falhas na via;Queda de ocupante de veículo;Com Vítimas Feridas;Pleno dia;Decrescente;Céu Claro;Dupla;Reta;-286.246.359;-4.437.480.927
27/05/2024;08:05:00;ARAQUARI;Velocidade Incompatível;Saída de leito carroçável;Com Vítimas Feridas;Pleno dia;Decrescente;Chuva;Dupla;Curva;-2.643.787.615;-4.880.431.652
27/05/2024;08:50:00;PONTA GROSSA;Velocidade Incompatível;Capotamento;Com Vítimas Feridas;Pleno dia;Decrescente;Chuva;Dupla;Curva;-250.409.359;-5.027.017.496
11/02/2024;06:50:00;ARAGUAINA;Velocidade Incompatível;Saída de leito carroçável;Com Vítimas Feridas;Amanhecer;Crescente;Chuva;Simples;Rotatória;-710.742.769;-4.818.194.237
27/05/2024;10:00:00;ESTIVA;Velocidade Incompatível;Saída de leito carroçável;Com Vítimas Feridas;Pleno dia;Decrescente;Chuva;Dupla;Curva;-2.243.905.542;-4.598.453.701
26/05/2024;23:30:00;CONGONHAL;Acumulo de água sobre o pavimento;Colisão com objeto;Com Vítimas Feridas;Plena Noite;Crescente;Chuva;Simples;Curva;-22.189.781;-45.983.028
27/05/2024;11:10:00;ILHOTA;Acumulo de água sobre o pavimento;Colisão lateral mesmo sentido;Com Vítimas Feridas;Pleno dia;Decrescente;Chuva;Dupla;Reta;-26.862.995;-48.814.396
27/05/2024;11:30:00;CAREACU;Velocidade Incompatível;Saída de leito carroçável;Com Vítimas Feridas;Pleno dia;Crescente;Garoa/Chuvisco;Dupla;"Curva;Declive";-2.206.199.504;-4.570.068.392
27/05/2024;11:00:00;GRAVATAI;Acumulo de água sobre o pavimento;Colisão com objeto;Sem Vítimas;Pleno dia;Decrescente;Chuva;Múltipla;Reta;-29.955.027;-51.027.363
27/05/2024;06:30:00;ITUMBIARA;Neblina;Saída de leito carroçável;Com Vítimas Feridas;Amanhecer;Crescente;Nevoeiro/Neblina;Dupla;Reta;-1.824.039.131;-4.925.656.211
27/05/2024;15:30:00;CAJATI;Pista Escorregadia;Saída de leito carroçável;Sem Vítimas;Pleno dia;Crescente;Chuva;Múltipla;Curva;-2.483.558.399;-482.223.738
27/05/2024;11:45:00;CHAPECO;Acumulo de água sobre o pavimento;Saída de leito carroçável;Com Vítimas Feridas;Pleno dia;Crescente;Chuva;Dupla;"Curva;Declive";-2.704.656.607;-5.263.577.131
27/05/2024;12:50:00;SAO GONCALO DO SAPUCAI;Velocidade Incompatível;Capotamento;Com Vítimas Feridas;Pleno dia;Decrescente;Nublado;Dupla;Curva;-2.189.526.028;-4.554.945.911
27/05/2024;10:40:00;SALVADOR;Manobra de mudança de faixa;Queda de ocupante de veículo;Com Vítimas Feridas;Pleno dia;Crescente;Nublado;Dupla;Reta;-128.639.793;-3.842.370.126
27/05/2024;13:50:00;OLIVEIRA;Pista Escorregadia;Colisão com objeto;Com Vítimas Feridas;Pleno dia;Decrescente;Nublado;Dupla;"Curva;Declive";-2.075.304.819;-4.477.475.634
27/05/2024;14:31:00;FORTALEZA;Manobra de mudança de faixa;Colisão lateral mesmo sentido;Com Vítimas Feridas;Pleno dia;Crescente;Céu Claro;Múltipla;Reta;-3.852.077;-38.495.525
27/05/2024;14:24:00;BALSA NOVA;Frear bruscamente;Saída de leito carroçável;Sem Vítimas;Pleno dia;Decrescente;Garoa/Chuvisco;Simples;"Curva;Declive";-2.547.298.775;-4.963.385.516
27/05/2024;08:30:00;SAO GONCALO;Manobra de mudança de faixa;Colisão lateral mesmo sentido;Com Vítimas Feridas;Pleno dia;Crescente;Nublado;Dupla;Reta;-2.285.411.774;-431.018.014
27/05/2024;14:35:00;DUQUE DE CAXIAS;Manobra de mudança de faixa;Colisão lateral mesmo sentido;Com Vítimas Feridas;Pleno dia;Crescente;Garoa/Chuvisco;Dupla;Reta;-2.279.083.113;-4.328.611.569
27/05/2024;15:42:00;TIJUCAS DO SUL;Velocidade Incompatível;Saída de leito carroçável;Com Vítimas Feridas;Pleno dia;Crescente;Chuva;Simples;Curva;-258.497.383;-4.901.288.607
27/05/2024;15:00:00;RIBEIRAO;Velocidade Incompatível;Colisão com objeto;Com Vítimas Feridas;Pleno dia;Decrescente;Chuva;Dupla;Reta;-855.179.162;-354.051.441
27/05/2024;17:15:00;CAMPINA GRANDE DO SUL;Velocidade Incompatível;Saída de leito carroçável;Com Vítimas Feridas;Anoitecer;Crescente;Chuva;Dupla;Curva;-2.512.294.607;-4.885.610.579
27/05/2024;17:44:00;VALPARAISO DE GOIAS;Manobra de mudança de faixa;Colisão lateral mesmo sentido;Com Vítimas Feridas;Anoitecer;Crescente;Céu Claro;Dupla;Reta;-16.093.134;-47.982.236
27/05/2024;17:28:00;ITAJAI;Pista Escorregadia;Saída de leito carroçável;Com Vítimas Feridas;Anoitecer;Decrescente;Chuva;Múltipla;Curva;-2.698.064.277;-486.790.679
27/05/2024;16:00:00;CAMPO GRANDE;Pista Escorregadia;Tombamento;Com Vítimas Feridas;Pleno dia;Decrescente;Garoa/Chuvisco;Simples;Rotatória;-2.055.262.671;-5.466.947.898
27/05/2024;17:30:00;GUARAMIRIM;Velocidade Incompatível;Colisão traseira;Com Vítimas Feridas;Anoitecer;Decrescente;Chuva;Dupla;Reta;-2.647.811.421;-4.901.259.213
27/05/2024;16:10:00;CUNHA PORA;Demais falhas na via;Colisão lateral sentido oposto;Com Vítimas Feridas;Pleno dia;Crescente;Garoa/Chuvisco;Simples;Curva;-26.816.374;-53.163.918
27/05/2024;18:30:00;SAO JOSE;Chuva;Tombamento;Com Vítimas Feridas;Plena Noite;Crescente;Chuva;Múltipla;Reta;-2.758.313.237;-4.861.532.885
27/05/2024;18:45:00;PALHOCA;Pista esburacada;Tombamento;Com Vítimas Feridas;Plena Noite;Crescente;Garoa/Chuvisco;Simples;Rotatória;-2.765.184.843;-4.867.604.941
27/05/2024;17:30:00;MANGARATIBA;Pista Escorregadia;Saída de leito carroçável;Com Vítimas Feridas;Anoitecer;Decrescente;Chuva;Simples;Curva;-2.299.332.083;-4.409.244.699
27/05/2024;19:00:00;MURIAE;Desrespeitar a preferência no cruzamento;Colisão transversal;Sem Vítimas;Plena Noite;Crescente;Céu Claro;Simples;Interseção de Vias;-2.112.823.134;-4.235.802.453
27/05/2024;18:30:00;SAO JOSE;Manobra de mudança de faixa;Colisão traseira;Com Vítimas Feridas;Plena Noite;Crescente;Chuva;Múltipla;Reta;-2.759.193.546;-4.861.824.557
27/05/2024;18:30:00;CAMPINA GRANDE;Acostamento em desnível;Saída de leito carroçável;Com Vítimas Feridas;Plena Noite;Crescente;Nublado;Simples;"Em Obras;Reta";-7.188;-359.687
16/05/2024;11:00:00;ITABUNA;Velocidade Incompatível;Capotamento;Com Vítimas Feridas;Pleno dia;Decrescente;Céu Claro;Simples;Curva;-1.481.574.494;-3.929.612.388
27/05/2024;19:15:00;SAO BORJA;Animais na Pista;Atropelamento de Animal;Sem Vítimas;Plena Noite;Crescente;Garoa/Chuvisco;Simples;Reta;-2.884.708.113;-5.570.202.014
27/05/2024;17:20:00;SAO MIGUEL DOS CAMPOS;Acumulo de água sobre o pavimento;Saída de leito carroçável;Com Vítimas Feridas;Plena Noite;Decrescente;Chuva;Dupla;Reta;-987.382.885;-3.613.882.162
27/05/2024;14:40:00;GUAPIMIRIM;Pista Escorregadia;Tombamento;Com Vítimas Feridas;Pleno dia;Crescente;Garoa/Chuvisco;Simples;Curva;-2.249.374.115;-4.300.365.418
19/05/2024;17:00:00;BETIM;Manobra de mudança de faixa;Colisão lateral mesmo sentido;Com Vítimas Feridas;Pleno dia;Decrescente;Céu Claro;Múltipla;Reta;-2.001.270.991;-442.199.707
27/05/2024;22:35:00;CABEDELO;Desrespeitar a preferência no cruzamento;Colisão transversal;Com Vítimas Feridas;Plena Noite;Crescente;Chuva;Dupla;"Reta;Retorno Regulamentado;Rotatória";-698.446.868;-3.482.932.091
27/05/2024;19:20:00;MURITIBA;Conversão proibida;Colisão transversal;Com Vítimas Feridas;Plena Noite;Decrescente;Céu Claro;Simples;"Reta;Retorno Regulamentado;Interseção de Vias";-1.265.351.724;-3.912.236.761
27/05/2024;22:00:00;ORTIGUEIRA;Chuva;Atropelamento de Pedestre;Com Vítimas Fatais;Plena Noite;Crescente;Chuva;Simples;Reta;-2.423.074.593;-5.092.419.293
27/05/2024;19:40:00;AFRANIO;Manobra de mudança de faixa;Colisão traseira;Com Vítimas Fatais;Plena Noite;Decrescente;Céu Claro;Simples;Aclive;-856.128.192;-4.099.442.519
28/05/2024;05:30:00;RIO GRANDE;Desvio temporário;Colisão com objeto;Com Vítimas Feridas;Plena Noite;Decrescente;Garoa/Chuvisco;Dupla;Reta;-321.024.397;-5.216.347.437
28/05/2024;06:05:00;CACAPAVA;Animais na Pista;Atropelamento de Animal;Com Vítimas Feridas;Amanhecer;Crescente;Nublado;Dupla;"Reta;Interseção de Vias";-2.312.742.083;-4.573.636.609
28/05/2024;06:43:00;ATALAIA;Velocidade Incompatível;Colisão transversal;Com Vítimas Feridas;Pleno dia;Decrescente;Nublado;Dupla;Reta;-951.787.134;-3.599.989.354
28/05/2024;06:49:00;PAULISTA;Velocidade Incompatível;Saída de leito carroçável;Com Vítimas Feridas;Pleno dia;Decrescente;Chuva;Múltipla;Curva;-793.124.094;-3.490.068.606
28/05/2024;07:50:00;ITAGUAI;Demais falhas na via;Queda de ocupante de veículo;Com Vítimas Feridas;Pleno dia;Decrescente;Céu Claro;Múltipla;Reta;-228.589.023;-437.591.166
28/05/2024;08:10:00;CAETANOPOLIS;Afundamento ou ondulação no pavimento;Tombamento;Com Vítimas Feridas;Pleno dia;Decrescente;Céu Claro;Dupla;Curva;-19.388.919;-44.335.457
28/05/2024;07:30:00;SALVADOR;Manobra de mudança de faixa;Colisão lateral mesmo sentido;Com Vítimas Feridas;Pleno dia;Crescente;Céu Claro;Múltipla;Reta;-1.289.820.999;-3.845.012.202
28/05/2024;09:00:00;PETROPOLIS;Manobra de mudança de faixa;Saída de leito carroçável;Com Vítimas Feridas;Pleno dia;Crescente;Céu Claro;Dupla;"Retorno Regulamentado;Curva";-2.244.906.429;-4.319.987.784
28/05/2024;11:05:00;PALHOCA;Acumulo de areia ou detritos sobre o pavimento;Colisão lateral mesmo sentido;Com Vítimas Feridas;Pleno dia;Crescente;Céu Claro;Dupla;Reta;-2.765.184.843;-4.867.604.941
28/05/2024;12:15:00;SAO JOSE;Acesso irregular;Queda de ocupante de veículo;Com Vítimas Feridas;Pleno dia;Crescente;Céu Claro;Múltipla;Reta;-2.754.018.513;-4.862.287.714
23/05/2024;11:28:00;TAUBATE;Velocidade Incompatível;Saída de leito carroçável;Com Vítimas Feridas;Pleno dia;Não Informado;Céu Claro;Simples;Aclive;-2.305.472.826;-455.967.375
28/05/2024;12:30:00;NOVA IGUACU;Manobra de mudança de faixa;Colisão traseira;Com Vítimas Feridas;Pleno dia;Crescente;Céu Claro;Dupla;Reta;-227.516.014;-4.343.849.831
28/05/2024;12:30:00;PAULO LOPES;Demais falhas na via;Colisão com objeto;Com Vítimas Feridas;Pleno dia;Crescente;Céu Claro;Dupla;Reta;-2.806.274.991;-4.871.632.934