data_inversa;horario;municipio;causa_acidente;tipo_acidente;classificacao_acidente;fase_dia;sentido_via;condicao_metereologica;tipo_pista;tracado_via;latitude;longitude
28/05/2024;10:00:00;BARRA DO CORDA;Ultrapassagem Indevida;Saída de leito carroçável;Com Vítimas Feridas;Pleno dia;Crescente;Céu Claro;Simples;"Declive;Reta";-54.282.218;-4.540.157.108
28/05/2024;13:55:00;PALHOCA;Manobra de mudança de faixa;Colisão lateral mesmo sentido;Com Vítimas Feridas;Pleno dia;Crescente;Sol;Múltipla;Reta;-2.763.697.369;-4.866.514.142
28/05/2024;10:50:00;PAULO AFONSO;Velocidade Incompatível;Colisão transversal;Com Vítimas Feridas;Pleno dia;Não Informado;Sol;Dupla;Rotatória;-9.433.406;-38.226.731
29/04/2024;21:30:00;RORAINOPOLIS;Manobra de mudança de faixa;Colisão frontal;Com Vítimas Feridas;Plena Noite;Crescente;Céu Claro;Simples;"Aclive;Reta";0.75889;-60.455.593
28/05/2024;16:30:00;PAULISTA;Frear bruscamente;Tombamento;Com Vítimas Feridas;Pleno dia;Decrescente;Céu Claro;Múltipla;Reta;-7.920.005;-34.895.118
28/05/2024;16:00:00;UBERLANDIA;Estacionar ou parar em local proibido;Atropelamento de Pedestre;Com Vítimas Feridas;Pleno dia;Crescente;Sol;Dupla;"Curva;Declive";-189.048.022;-4.829.052.803
28/05/2024;17:00:00;VALPARAISO DE GOIAS;Velocidade Incompatível;Colisão traseira;Com Vítimas Feridas;Pleno dia;Crescente;Céu Claro;Dupla;"Reta;Declive";-16.100.814;-47.977.351
28/05/2024;17:50:00;ARAPONGAS;Ultrapassagem Indevida;Colisão lateral mesmo sentido;Com Vítimas Feridas;Anoitecer;Crescente;Céu Claro;Simples;Reta;-234.107;-51.427.632
28/05/2024;18:00:00;SAO JOSE DOS CAMPOS;Manobra de mudança de faixa;Colisão lateral mesmo sentido;Com Vítimas Feridas;Anoitecer;Crescente;Céu Claro;Múltipla;Reta;-231.402.216;-457.617.252
28/05/2024;17:40:00;PARNAMIRIM;Manobra de mudança de faixa;Queda de ocupante de veículo;Com Vítimas Feridas;Anoitecer;Crescente;Céu Claro;Dupla;Reta;-589.034.022;-3.524.894.996
28/05/2024;18:30:00;TIMON;Velocidade Incompatível;Colisão traseira;Com Vítimas Fatais;Plena Noite;Decrescente;Céu Claro;Simples;Reta;-51.311.846;-42.815.704
28/05/2024;18:45:00;CARIACICA;Desrespeitar a preferência no cruzamento;Colisão transversal;Com Vítimas Feridas;Plena Noite;Crescente;Ignorado;Dupla;Retorno Regulamentado;-2.030.650.512;-4.039.488.717
28/05/2024;17:40:00;SALTO GRANDE;Afundamento ou ondulação no pavimento;Queda de ocupante de veículo;Com Vítimas Feridas;Anoitecer;Decrescente;Nublado;Simples;Reta;-2.289.976.601;-498.895.705
28/05/2024;18:30:00;CALDAS;Ultrapassagem Indevida;Colisão lateral mesmo sentido;Sem Vítimas;Plena Noite;Decrescente;Céu Claro;Simples;Reta;-21.831.066;-46.448.425
28/05/2024;20:05:00;RIO NEGRINHO;Animais na Pista;Colisão lateral mesmo sentido;Com Vítimas Feridas;Plena Noite;Decrescente;Céu Claro;Simples;"Reta;Declive";-2.624.586.437;-4.952.284.615
28/05/2024;17:55:00;SEROPEDICA;Iluminação deficiente;Atropelamento de Pedestre;Com Vítimas Feridas;Plena Noite;Decrescente;Ignorado;Simples;Reta;-22.727.266;-43.718.712
28/05/2024;19:40:00;SAO LEOPOLDO;Falta de elemento de contenção que evite a saída do leito carroçável;Saída de leito carroçável;Sem Vítimas;Plena Noite;Crescente;Nublado;Dupla;Reta;-29.710.231;-51.147.508
19/05/2024;20:40:00;SIMOES FILHO;Velocidade Incompatível;Colisão traseira;Com Vítimas Feridas;Plena Noite;Crescente;Céu Claro;Dupla;"Declive;Reta";-1.283.798.396;-3.841.427.011
28/05/2024;21:15:00;CAUCAIA;Animais na Pista;Atropelamento de Animal;Com Vítimas Feridas;Plena Noite;Crescente;Céu Claro;Dupla;"Declive;Reta";-374.130.191;-3.860.282.354
28/05/2024;21:56:00;MARINGA;Manobra de mudança de faixa;Colisão lateral mesmo sentido;Com Vítimas Feridas;Plena Noite;Crescente;Céu Claro;Múltipla;Reta;-2.341.269.173;-5.193.158.327
29/05/2024;00:52:00;ARAUCARIA;Manobra de mudança de faixa;Tombamento;Sem Vítimas;Plena Noite;Crescente;Nublado;Dupla;Reta;-25.570.036;-49.384.193
29/05/2024;00:40:00;CAMPINA GRANDE;Animais na Pista;Atropelamento de Animal;Com Vítimas Feridas;Plena Noite;Crescente;Nublado;Simples;"Reta;Em Obras";-72.777;-358.985
29/05/2024;06:50:00;CARATINGA;Velocidade Incompatível;Atropelamento de Pedestre;Com Vítimas Feridas;Pleno dia;Decrescente;Céu Claro;Simples;Reta;-1.974.300.101;-4.213.231.969
29/05/2024;00:30:00;PETROLANDIA;Acumulo de água sobre o pavimento;Colisão com objeto;Sem Vítimas;Plena Noite;Decrescente;Nublado;Simples;Reta;-900.341.169;-3.821.749.439
29/05/2024;07:14:00;CAXIAS;Desrespeitar a preferência no cruzamento;Colisão transversal;Com Vítimas Feridas;Pleno dia;Decrescente;Sol;Dupla;Rotatória;-4.877.648;-43.338.158
29/05/2024;07:30:00;PETROPOLIS;Velocidade Incompatível;Saída de leito carroçável;Com Vítimas Feridas;Pleno dia;Crescente;Chuva;Dupla;Curva;-22.550.738;-43.236.397
29/05/2024;07:35:00;PALHOCA;Condutor usando celular;Colisão traseira;Com Vítimas Feridas;Pleno dia;Crescente;Céu Claro;Simples;Reta;-2.762.996.929;-4.865.903.871
29/05/2024;06:45:00;JOINVILLE;Manobra de mudança de faixa;Colisão lateral mesmo sentido;Com Vítimas Feridas;Pleno dia;Crescente;Sol;Dupla;"Reta;Interseção de Vias";-2.643.207.484;-4.882.263.984
29/05/2024;08:10:00;MARUIM;Acumulo de água sobre o pavimento;Saída de leito carroçável;Com Vítimas Feridas;Pleno dia;Decrescente;Chuva;Dupla;Interseção de Vias;-1.076.273.662;-3.711.145.231
29/05/2024;10:15:00;BRASILIA;Falta de elemento de contenção que evite a saída do leito carroçável;Saída de leito carroçável;Com Vítimas Feridas;Pleno dia;Crescente;Céu Claro;Dupla;"Reta;Declive";-15.616.901;-47.708.927
29/05/2024;12:20:00;SAO JOSE;Manobra de mudança de faixa;Colisão lateral mesmo sentido;Com Vítimas Feridas;Pleno dia;Crescente;Céu Claro;Múltipla;Reta;-2.759.193.546;-4.861.824.557
29/05/2024;12:30:00;SENADOR JOSE BENTO;Velocidade Incompatível;Saída de leito carroçável;Com Vítimas Feridas;Pleno dia;Crescente;Céu Claro;Simples;"Curva;Declive";-22.131.567;-46.175.579
29/05/2024;11:50:00;SAO PAULO;Velocidade Incompatível;Queda de ocupante de veículo;Com Vítimas Feridas;Pleno dia;Decrescente;Sol;Dupla;Reta;-2.340.319.901;-4.657.564.699
29/05/2024;13:33:00;BETIM;Animais na Pista;Atropelamento de Animal;Com Vítimas Feridas;Pleno dia;Crescente;Sol;Dupla;Reta;-1.997.670.801;-4.419.962.698
29/05/2024;12:20:00;GUARULHOS;Manobra de mudança de faixa;Colisão com objeto;Com Vítimas Feridas;Pleno dia;Decrescente;Céu Claro;Múltipla;Reta;-2.345.056.589;-4.646.258.105
29/05/2024;12:35:00;PIMENTA BUENO;Ultrapassagem Indevida;Colisão lateral mesmo sentido;Com Vítimas Feridas;Pleno dia;Decrescente;Sol;Simples;Reta;-1.169.979.812;-6.117.114.216
29/05/2024;13:42:00;JARU;Estacionar ou parar em local proibido;Colisão traseira;Com Vítimas Feridas;Pleno dia;Crescente;Céu Claro;Simples;"Reta;Aclive";-1.044.457.274;-6.246.568.412
29/05/2024;13:50:00;PIRAI;Velocidade Incompatível;Saída de leito carroçável;Com Vítimas Feridas;Pleno dia;Crescente;Nublado;Dupla;Interseção de Vias;-2.264.242.197;-4.389.766.093
29/05/2024;17:10:00;PARNAMIRIM;Manobra de mudança de faixa;Colisão lateral mesmo sentido;Com Vítimas Feridas;Plena Noite;Decrescente;Céu Claro;Múltipla;Reta;-5.937.378;-3.526.483
29/05/2024;16:30:00;BELO HORIZONTE;Acesso irregular;Colisão traseira;Com Vítimas Feridas;Pleno dia;Decrescente;Céu Claro;Dupla;"Retorno Regulamentado;Reta;Declive";-19.845.024;-43.886.547
29/05/2024;18:00:00;PELOTAS;Animais na Pista;Colisão com objeto;Com Vítimas Feridas;Plena Noite;Crescente;Nublado;Dupla;Reta;-3.169.369.368;-5.235.458.934
29/05/2024;18:50:00;PORTO ALEGRE;Condutor usando celular;Colisão traseira;Com Vítimas Feridas;Anoitecer;Crescente;Nublado;Dupla;Reta;-29.970.839;-51.187.725
29/05/2024;17:50:00;BOM RETIRO;Animais na Pista;Atropelamento de Animal;Com Vítimas Feridas;Pleno dia;Crescente;Céu Claro;Simples;Curva;-27.806.391;-49.622.917
29/05/2024;18:38:00;APARECIDA DE GOIANIA;Velocidade Incompatível;Engavetamento;Com Vítimas Feridas;Plena Noite;Decrescente;Céu Claro;Múltipla;"Reta;Declive";-167.633;-49.24
25/05/2024;18:05:00;BATAGUASSU;Iluminação deficiente;Saída de leito carroçável;Sem Vítimas;Plena Noite;Crescente;Céu Claro;Simples;Reta;-2.172.718.453;-5.235.493.602
29/05/2024;18:40:00;PIRIPIRI;Acesso irregular;Colisão lateral mesmo sentido;Com Vítimas Feridas;Plena Noite;Decrescente;Céu Claro;Simples;Reta;-4.244.155;-41.772.171
29/05/2024;18:45:00;BETIM;Falta de elemento de contenção que evite a saída do leito carroçável;Saída de leito carroçável;Com Vítimas Feridas;Plena Noite;Crescente;Céu Claro;Dupla;"Curva;Declive";-199.895.564;-441.936.007
29/05/2024;18:30:00;BALNEARIO CAMBORIU;Manobra de mudança de faixa;Colisão lateral mesmo sentido;Com Vítimas Feridas;Plena Noite;Decrescente;Céu Claro;Dupla;Reta;-27.034.795;-486.044
29/05/2024;19:15:00;FEIRA DE SANTANA;Pista Escorregadia;Tombamento;Com Vítimas Feridas;Plena Noite;Crescente;Nublado;Dupla;Reta;-1.227.985.189;-3.897.941.351
29/05/2024;18:50:00;ITAJAI;Manobra de mudança de faixa;Colisão lateral mesmo sentido;Com Vítimas Feridas;Plena Noite;Crescente;Céu Claro;Múltipla;Reta;-2.687.905.605;-4.872.603.512
29/05/2024;17:30:00;ARACATI;Ultrapassagem Indevida;Colisão lateral sentido oposto;Com Vítimas Feridas;Anoitecer;Decrescente;Céu Claro;Simples;Reta;-485.109.972;-3.746.579.657
29/05/2024;20:40:00;ITAJAI;Manobra de mudança de faixa;Colisão traseira;Com Vítimas Feridas;Plena Noite;Crescente;Nublado;Dupla;Reta;-26.912.758;-48.711.998
24/05/2024;18:50:00;NOVA PRATA;Manobra de mudança de faixa;Colisão frontal;Com Vítimas Feridas;Plena Noite;Crescente;Garoa/Chuvisco;Simples;"Declive;Reta";-2.881.066.741;-5.160.061.401
29/05/2024;15:00:00;CACERES;Acostamento em desnível;Saída de leito carroçável;Com Vítimas Feridas;Pleno dia;Crescente;Céu Claro;Simples;Reta;-1.581.920.776;-5.795.101.994
29/05/2024;19:00:00;PAULO AFONSO;Animais na Pista;Atropelamento de Animal;Com Vítimas Feridas;Plena Noite;Crescente;Céu Claro;Simples;Declive;-95.409.718;-382.205.516
29/05/2024;21:20:00;GOIANINHA;Frear bruscamente;Queda de ocupante de veículo;Sem Vítimas;Plena Noite;Crescente;Céu Claro;Simples;Reta;-627.949.119;-3.520.490.033
29/05/2024;18:30:00;DUQUE DE CAXIAS;Conversão proibida;Colisão transversal;Com Vítimas Feridas;Plena Noite;Decrescente;Ignorado;Simples;Reta;-2.261.089.297;-4.328.656.077
29/05/2024;22:20:00;CASCAVEL;Desrespeitar a preferência no cruzamento;Colisão transversal;Com Vítimas Feridas;Plena Noite;Crescente;Céu Claro;Simples;Rotatória;-249.649.472;-534.210.459
29/05/2024;20:30:00;COXIM;Animais na Pista;Atropelamento de Animal;Com Vítimas Feridas;Plena Noite;Decrescente;Céu Claro;Simples;"Aclive;Reta";-18.392.058;-54.669.467
29/05/2024;21:30:00;CANOINHAS;Deficiência do Sistema de Iluminação/Sinalização;Colisão frontal;Com Vítimas Feridas;Plena Noite;Decrescente;Céu Claro;Simples;"Reta;Rotatória";-2.618.756.479;-5.036.192.211
29/05/2024;23:34:00;APUCARANA;Desrespeitar a preferência no cruzamento;Colisão transversal;Com Vítimas Feridas;Plena Noite;Decrescente;Céu Claro;Simples;"Interseção de Vias;Reta";-2.354.935.302;-5.144.999.385
30/05/2024;02:00:00;NOVA ESPERANCA;Acesso irregular;Saída de leito carroçável;Sem Vítimas;Plena Noite;Crescente;Céu Claro;Dupla;Reta;-2.322.308.103;-5.217.896.705
30/05/2024;01:45:00;ORTIGUEIRA;Velocidade Incompatível;Tombamento;Com Vítimas Feridas;Plena Noite;Crescente;Céu Claro;Simples;Curva;-2.401.071.301;-5.109.287.371
30/05/2024;05:25:00;XANXERE;Ultrapassagem Indevida;Colisão lateral sentido oposto;Com Vítimas Feridas;Plena Noite;Decrescente;Céu Claro;Simples;"Reta;Declive";-26.886.171;-5.243.911
30/05/2024;06:15:00;BETIM;Velocidade Incompatível;Saída de leito carroçável;Com Vítimas Feridas;Pleno dia;Decrescente;Sol;Dupla;"Reta;Declive";-1.996.866.997;-4.416.040.421
30/05/2024;02:40:00;FREDERICO WESTPHALEN;Velocidade Incompatível;Capotamento;Com Vítimas Feridas;Plena Noite;Decrescente;Nevoeiro/Neblina;Simples;Curva;-27.257.132;-53.349.857
30/05/2024;08:00:00;ESTANCIA;Acumulo de água sobre o pavimento;Saída de leito carroçável;Com Vítimas Feridas;Pleno dia;Decrescente;Chuva;Dupla;"Retorno Regulamentado;Reta";-1.120.665.403;-3.741.238.793
20/04/2024;13:30:00;COLOMBO;Manobra de mudança de faixa;Colisão lateral mesmo sentido;Com Vítimas Feridas;Pleno dia;Crescente;Ignorado;Dupla;Reta;-2.535.634;-49.180.828
30/05/2024;08:42:00;SINOP;Manobra de mudança de faixa;Colisão traseira;Com Vítimas Feridas;Pleno dia;Decrescente;Céu Claro;Dupla;Rotatória;-1.189.433.006;-5.550.397.468
30/05/2024;10:00:00;MURIBECA;Acumulo de água sobre o pavimento;Tombamento;Com Vítimas Feridas;Pleno dia;Crescente;Chuva;Dupla;Curva;-1.039.607.118;-3.691.721.184
30/05/2024;11:39:00;NITEROI;Manobra de mudança de faixa;Colisão lateral mesmo sentido;Com Vítimas Feridas;Pleno dia;Decrescente;Céu Claro;Simples;"Reta;Ponte";-22.878.923;-43.110.676
30/05/2024;09:00:00;SANTO ANTONIO DO SUDOESTE;Declive acentuado;Saída de leito carroçável;Sem Vítimas;Pleno dia;Crescente;Céu Claro;Simples;"Reta;Declive";-26.141.317;-53.684.083
30/05/2024;12:50:00;MOSSORO;Manobra de mudança de faixa;Colisão lateral mesmo sentido;Com Vítimas Feridas;Pleno dia;Crescente;Nublado;Dupla;Reta;-52.258.578;-3.733.985.782
30/05/2024;10:00:00;PONTE SERRADA;Conversão proibida;Colisão transversal;Com Vítimas Feridas;Pleno dia;Crescente;Céu Claro;Simples;Reta;-26.855.036;-52.059.551
30/05/2024;13:55:00;ITAJAI;Manobra de mudança de faixa;Colisão traseira;Com Vítimas Feridas;Pleno dia;Crescente;Céu Claro;Múltipla;Viaduto;-2.693.668.609;-4.869.876.905
08/04/2024;14:35:00;PALHOCA;Manobra de mudança de faixa;Colisão lateral mesmo sentido;Com Vítimas Feridas;Pleno dia;Crescente;Céu Claro;Múltipla;Reta;-2.765.553.194;-4.867.805.958
30/05/2024;12:30:00;LAJEADO;Pista Escorregadia;Tombamento;Com Vítimas Feridas;Pleno dia;Crescente;Céu Claro;Simples;Curva;-29.446.793;-51.974.564
30/05/2024;13:20:00;PICADA CAFE;Velocidade Incompatível;Queda de ocupante de veículo;Com Vítimas Feridas;Pleno dia;Crescente;Céu Claro;Simples;Curva;-2.948.890.588;-5.113.828.706
30/05/2024;14:50:00;ALEXANIA;Manobra de mudança de faixa;Colisão lateral mesmo sentido;Com Vítimas Feridas;Pleno dia;Crescente;Céu Claro;Dupla;Reta;-160.963;-485.202
30/05/2024;14:45:00;DOIS IRMAOS;Conversão proibida;Colisão traseira;Com Vítimas Feridas;Pleno dia;Decrescente;Céu Claro;Simples;Reta;-2.955.121.993;-5.108.906.202
30/05/2024;14:50:00;CAXAMBU;Velocidade Incompatível;Saída de leito carroçável;Com Vítimas Feridas;Pleno dia;Crescente;Sol;Simples;Curva;-2.197.540.939;-4.492.323.124
30/05/2024;14:50:00;ANGRA DOS REIS;Conversão proibida;Colisão lateral mesmo sentido;Com Vítimas Feridas;Pleno dia;Decrescente;Céu Claro;Simples;Reta;-22.988.676;-4.423.305.893
30/05/2024;16:35:00;MIRADOURO;Velocidade Incompatível;Tombamento;Com Vítimas Feridas;Pleno dia;Crescente;Céu Claro;Simples;Curva;-2.088.742.235;-4.234.036.446
30/05/2024;18:10:00;GUAPIMIRIM;Ultrapassagem Indevida;Tombamento;Com Vítimas Feridas;Plena Noite;Crescente;Céu Claro;Simples;Reta;-2.252.826.187;-4.299.737.551
30/05/2024;18:25:00;FATIMA DO SUL;Ausência de sinalização;Queda de ocupante de veículo;Com Vítimas Feridas;Plena Noite;Decrescente;Céu Claro;Simples;Reta;-2.232.317.207;-5.457.823.408
30/05/2024;19:18:00;IGARASSU;Demais falhas na via;Queda de ocupante de veículo;Com Vítimas Feridas;Plena Noite;Decrescente;Nublado;Múltipla;"Em Obras;Reta;Declive";-783.887.431;-3.491.196.739
30/05/2024;18:30:00;SANTA TEREZA DO OESTE;Ultrapassagem Indevida;Colisão frontal;Com Vítimas Feridas;Plena Noite;Decrescente;Céu Claro;Simples;Reta;-2.503.813.917;-535.965.319
30/05/2024;19:47:00;CASIMIRO DE ABREU;Velocidade Incompatível;Colisão com objeto;Sem Vítimas;Plena Noite;Crescente;Nublado;Dupla;Reta;-2.247.557.761;-4.217.219.006
30/05/2024;19:00:00;IRATI;Velocidade Incompatível;Colisão transversal;Com Vítimas Feridas;Plena Noite;Decrescente;Céu Claro;Simples;Reta;-2.547.271.703;-5.063.775.197
30/05/2024;17:30:00;NOVA LACERDA;Ultrapassagem Indevida;Saída de leito carroçável;Com Vítimas Feridas;Anoitecer;Decrescente;Céu Claro;Simples;Reta;-1.421.055.201;-5.968.968.449
30/05/2024;20:51:00;ITAPEMA;Manobra de mudança de faixa;Colisão lateral mesmo sentido;Com Vítimas Feridas;Plena Noite;Crescente;Nublado;Dupla;Reta;-27.056.089;-48.599.449
30/05/2024;21:30:00;BRASILIA;Velocidade Incompatível;Colisão traseira;Com Vítimas Feridas;Plena Noite;Decrescente;Céu Claro;Dupla;Reta;-15.789.762;-48.148.727
30/05/2024;23:00:00;TUBARAO;Animais na Pista;Atropelamento de Animal;Com Vítimas Feridas;Plena Noite;Decrescente;Céu Claro;Dupla;Curva;-2.846.927.473;-4.901.557.908
30/05/2024;21:30:00;RIO NEGRO;Velocidade Incompatível;Colisão com objeto;Sem Vítimas;Plena Noite;Decrescente;Céu Claro;Simples;Reta;-261.042.903;-4.978.062.987
31/05/2024;01:00:00;JABOATAO DOS GUARARAPES;Velocidade Incompatível;Colisão com objeto;Com Vítimas Feridas;Plena Noite;Crescente;Céu Claro;Dupla;"Reta;Declive;Em Obras";-807.764.447;-3.497.863.609
31/05/2024;05:20:00;LONDRINA;Conversão proibida;Colisão transversal;Com Vítimas Feridas;Plena Noite;Decrescente;Céu Claro;Dupla;"Interseção de Vias;Reta";-2.329.287.189;-51.161.533
30/05/2024;22:00:00;BARRA DO GARCAS;Animais na Pista;Atropelamento de Animal;Sem Vítimas;Plena Noite;Crescente;Céu Claro;Simples;Reta;-1.520.838.002;-5.218.051.464
31/05/2024;01:30:00;HERVAL DOESTE;Neblina;Capotamento;Com Vítimas Feridas;Plena Noite;Crescente;Nevoeiro/Neblina;Simples;"Rotatória;Interseção de Vias";-2.721.430.632;-5.148.537.755
31/05/2024;06:50:00;CANOAS;Demais falhas na via;Colisão com objeto;Com Vítimas Feridas;Amanhecer;Decrescente;Nevoeiro/Neblina;Dupla;Reta;-2.994.142.398;-5.117.697.062
31/05/2024;07:50:00;SANTA RITA DE CALDAS;Curva acentuada;Tombamento;Com Vítimas Feridas;Pleno dia;Decrescente;Céu Claro;Simples;Curva;-22.017.216;-46.311.958
31/05/2024;07:00:00;BLUMENAU;Manobra de mudança de faixa;Colisão traseira;Com Vítimas Feridas;Pleno dia;Crescente;Nublado;Múltipla;"Em Obras;Desvio Temporário;Curva;Declive;Interseção de Vias";-2.688.019.957;-491.364.983
31/05/2024;07:50:00;CAMPOS DOS GOYTACAZES;Velocidade Incompatível;Colisão transversal;Com Vítimas Fatais;Pleno dia;Crescente;Céu Claro;Dupla;Reta;-2.176.090.387;-4.134.788.959
31/05/2024;08:30:00;SAO JOSE;Manobra de mudança de faixa;Colisão traseira;Com Vítimas Feridas;Pleno dia;Crescente;Céu Claro;Múltipla;"Reta;Viaduto";-2.754.836.599;-4.861.977.975
31/05/2024;07:59:00;LINHARES;Conversão proibida;Colisão transversal;Com Vítimas Feridas;Pleno dia;Decrescente;Céu Claro;Simples;Reta;-19.202.898;-40.095.524
31/05/2024;06:50:00;ITAJAI;Desrespeitar a preferência no cruzamento;Colisão transversal;Com Vítimas Feridas;Pleno dia;Crescente;Céu Claro;Múltipla;"Viaduto;Interseção de Vias";-2.693.668.609;-4.869.876.905
31/05/2024;05:30:00;SAO LOURENCO DO SUL;Neblina;Atropelamento de Pedestre;Com Vítimas Fatais;Plena Noite;Decrescente;Nevoeiro/Neblina;Dupla;Reta;-3.133.942.229;-5.205.354.777
31/05/2024;09:12:00;IRATI;Velocidade Incompatível;Saída de leito carroçável;Sem Vítimas;Pleno dia;Decrescente;Céu Claro;Simples;Reta;-2.546.419.687;-5.056.581.801
30/04/2024;07:15:00;PONTA GROSSA;Manobra de mudança de faixa;Colisão lateral mesmo sentido;Com Vítimas Feridas;Pleno dia;Crescente;Céu Claro;Dupla;"Declive;Reta";-2.513.510.082;-5.016.497.282
29/05/2024;19:00:00;TERRA NOVA DO NORTE;Animais na Pista;Atropelamento de Animal;Com Vítimas Feridas;Plena Noite;Crescente;Céu Claro;Simples;"Reta;Declive";-1.042.214.799;-5.505.698.507
31/05/2024;08:30:00;JARDIM;Desrespeitar a preferência no cruzamento;Colisão transversal;Sem Vítimas;Pleno dia;Crescente;Céu Claro;Simples;"Rotatória;Retorno Regulamentado;Reta;Interseção de Vias";-214.975.219;-5.645.312.905
31/05/2024;07:50:00;BONFIM;Restrição de visibilidade em curvas verticais;Saída de leito carroçável;Com Vítimas Feridas;Pleno dia;Crescente;Céu Claro;Simples;"Rotatória;Reta";331.053.754;-5.994.705.146
31/05/2024;13:20:00;QUATRO BARRAS;Manobra de mudança de faixa;Colisão lateral mesmo sentido;Sem Vítimas;Pleno dia;Decrescente;Céu Claro;Dupla;Reta;-253.683;-491.074
31/05/2024;14:00:00;GUARULHOS;Ausência de sinalização;Colisão traseira;Com Vítimas Feridas;Pleno dia;Decrescente;Sol;Múltipla;Reta;-2.346.143.954;-4.648.885.316
31/05/2024;14:00:00;BOM JESUS;Manobra de mudança de faixa;Colisão lateral mesmo sentido;Com Vítimas Feridas;Pleno dia;Crescente;Céu Claro;Dupla;"Retorno Regulamentado;Curva;Aclive";-907.531.116;-4.435.476.699
31/05/2024;13:25:00;CAMANDUCAIA;Velocidade Incompatível;Colisão com objeto;Com Vítimas Feridas;Pleno dia;Decrescente;Sol;Dupla;Curva;-227.671.484;-4.622.667.493
31/05/2024;15:00:00;BETIM;Ultrapassagem Indevida;Colisão lateral mesmo sentido;Com Vítimas Feridas;Pleno dia;Crescente;Sol;Múltipla;Reta;-1.995.878.752;-4.406.393.051
30/04/2024;06:49:00;LINHARES;Desrespeitar a preferência no cruzamento;Colisão transversal;Com Vítimas Feridas;Pleno dia;Decrescente;Céu Claro;Simples;"Interseção de Vias;Reta";-1.937.887.202;-4.006.657.892
31/05/2024;15:30:00;RIACHAO DAS NEVES;Conversão proibida;Colisão lateral mesmo sentido;Com Vítimas Feridas;Pleno dia;Decrescente;Sol;Simples;Reta;-1.183.905.986;-4.485.448.068
31/05/2024;15:50:00;NOVA SERRANA;Manobra de mudança de faixa;Colisão traseira;Com Vítimas Feridas;Pleno dia;Crescente;Céu Claro;Dupla;Reta;-19.881.131;-44.931.502
31/05/2024;17:10:00;CAXIAS DO SUL;Afundamento ou ondulação no pavimento;Colisão lateral mesmo sentido;Com Vítimas Feridas;Amanhecer;Crescente;Céu Claro;Dupla;Curva;-2.918.579.758;-5.117.713.005
31/05/2024;18:00:00;SAO JOSE;Manobra de mudança de faixa;Colisão lateral mesmo sentido;Com Vítimas Feridas;Anoitecer;Crescente;Céu Claro;Múltipla;"Reta;Viaduto";-2.759.193.546;-4.861.824.557
31/05/2024;16:00:00;TRES CORACOES;Velocidade Incompatível;Colisão traseira;Com Vítimas Feridas;Pleno dia;Decrescente;Céu Claro;Dupla;Reta;-2.169.306.291;-4.535.229.106
31/05/2024;16:20:00;ITAPIPOCA;Manobra de mudança de faixa;Colisão lateral mesmo sentido;Com Vítimas Feridas;Pleno dia;Crescente;Céu Claro;Simples;Reta;-35.609.519;-3.946.741.984
31/05/2024;12:50:00;XANXERE;Velocidade Incompatível;Saída de leito carroçável;Sem Vítimas;Pleno dia;Crescente;Sol;Simples;Reta;-26.910.799;-52.472.099
31/05/2024;18:15:00;TACAIMBO;Ultrapassagem Indevida;Colisão frontal;Com Vítimas Fatais;Plena Noite;Crescente;Nublado;Simples;Declive;-833.986.354;-3.632.534.101
31/05/2024;16:50:00;SAO MIGUEL DO OESTE;Manobra de mudança de faixa;Colisão lateral mesmo sentido;Com Vítimas Feridas;Pleno dia;Crescente;Céu Claro;Dupla;"Reta;Aclive";-2.672.558.434;-5.351.311.332
31/05/2024;19:43:00;CABEDELO;Manobra de mudança de faixa;Colisão traseira;Com Vítimas Feridas;Anoitecer;Crescente;Céu Claro;Dupla;Reta;-70.004;-348.284
31/05/2024;20:55:00;CABEDELO;Manobra de mudança de faixa;Colisão traseira;Com Vítimas Feridas;Plena Noite;Decrescente;Céu Claro;Dupla;Reta;-70.514;-348.499
31/05/2024;21:05:00;JUAZEIRO;Conversão proibida;Colisão transversal;Com Vítimas Feridas;Plena Noite;Crescente;Céu Claro;Simples;Reta;-943.314.423;-4.050.453.186
31/05/2024;22:20:00;COLATINA;Velocidade Incompatível;Tombamento;Com Vítimas Feridas;Plena Noite;Crescente;Céu Claro;Simples;"Declive;Curva";-1.950.865.703;-4.065.581.416
31/05/2024;22:53:00;PALHOCA;Desrespeitar a preferência no cruzamento;Colisão transversal;Com Vítimas Feridas;Plena Noite;Decrescente;Céu Claro;Simples;Interseção de Vias;-27.665.707;-48.688.065
31/05/2024;22:05:00;CAMPO MAIOR;Animais na Pista;Atropelamento de Animal;Sem Vítimas;Plena Noite;Decrescente;Céu Claro;Simples;Reta;-4.879.998;-42.226.444
31/05/2024;22:35:00;SANTA BARBARA DO LESTE;Velocidade Incompatível;Saída de leito carroçável;Com Vítimas Feridas;Plena Noite;Crescente;Céu Claro;Simples;Reta;-1.997.728.983;-4.213.901.923