data_inversa;horario;municipio;causa_acidente;tipo_acidente;classificacao_acidente;fase_dia;sentido_via;condicao_metereologica;tipo_pista;tracado_via;latitude;longitude
21/04/2024;19:20:00;ANGRA DOS REIS;Conversão proibida;Colisão transversal;Com Vítimas Feridas;Plena Noite;Decrescente;Nublado;Simples;Reta;-2.299.096.308;-4.430.429.882
31/05/2024;23:30:00;SAO PAULO;Manobra de mudança de faixa;Colisão lateral mesmo sentido;Com Vítimas Feridas;Plena Noite;Crescente;Nublado;Múltipla;Reta;-2.345.930.499;-4.657.161.179
01/06/2024;01:00:00;VITORIA DA CONQUISTA;Animais na Pista;Atropelamento de Animal;Com Vítimas Feridas;Plena Noite;Crescente;Nublado;Simples;Reta;-1.489.642;-40.860.275
01/06/2024;08:10:00;TRES CACHOEIRAS;Velocidade Incompatível;Saída de leito carroçável;Sem Vítimas;Pleno dia;Crescente;Sol;Múltipla;Curva;-29.490.625;-49.975.465
01/06/2024;07:10:00;NITEROI;Curva acentuada;Queda de ocupante de veículo;Com Vítimas Feridas;Pleno dia;Decrescente;Nublado;Múltipla;Curva;-22.878.923;-43.110.676
01/06/2024;08:44:00;SEROPEDICA;Frear bruscamente;Colisão traseira;Com Vítimas Feridas;Pleno dia;Decrescente;Sol;Dupla;Reta;-2.271.844.298;-43.700.897
01/06/2024;08:00:00;ANGRA DOS REIS;Ultrapassagem Indevida;Colisão lateral mesmo sentido;Com Vítimas Feridas;Pleno dia;Crescente;Céu Claro;Simples;Curva;-2.299.498.627;-4.424.919.963
01/06/2024;09:00:00;ITATIM;Pista esburacada;Tombamento;Com Vítimas Feridas;Pleno dia;Crescente;Nublado;Simples;Reta;-1.272.182.285;-3.976.161.404
01/06/2024;11:10:00;SAO JOSE DOS PINHAIS;Ultrapassagem Indevida;Colisão lateral mesmo sentido;Com Vítimas Feridas;Pleno dia;Crescente;Céu Claro;Dupla;Reta;-255.530.337;-4.903.504.085
01/06/2024;12:50:00;JOAO MONLEVADE;Conversão proibida;Colisão traseira;Com Vítimas Feridas;Pleno dia;Crescente;Céu Claro;Simples;"Interseção de Vias;Reta";-1.986.139.725;-4.311.701.775
01/06/2024;13:25:00;ITAJAI;Manobra de mudança de faixa;Colisão lateral mesmo sentido;Com Vítimas Feridas;Pleno dia;Crescente;Céu Claro;Dupla;Retorno Regulamentado;-2.688.747.187;-4.872.252.969
01/06/2024;14:33:00;JABOATAO DOS GUARARAPES;Manobra de mudança de faixa;Colisão lateral mesmo sentido;Com Vítimas Feridas;Pleno dia;Crescente;Céu Claro;Dupla;Reta;-8.079.112;-34.986.327
01/06/2024;15:00:00;VALPARAISO DE GOIAS;Velocidade Incompatível;Queda de ocupante de veículo;Com Vítimas Feridas;Pleno dia;Decrescente;Céu Claro;Dupla;Reta;-16.067.129;-47.984.235
01/06/2024;14:30:00;RIO NEGRO;Desrespeitar a preferência no cruzamento;Colisão transversal;Com Vítimas Feridas;Pleno dia;Decrescente;Céu Claro;Simples;Reta;-2.607.620.916;-4.975.230.908
01/06/2024;14:50:00;JOINVILLE;Velocidade Incompatível;Colisão traseira;Com Vítimas Feridas;Pleno dia;Crescente;Céu Claro;Dupla;Reta;-2.623.200.799;-4.891.678.053
01/06/2024;16:20:00;SANTA BARBARA;Pista Escorregadia;Tombamento;Com Vítimas Feridas;Pleno dia;Decrescente;Chuva;Dupla;Reta;-11.917.381;-38.983.985
01/06/2024;16:00:00;BARAO;Acesso irregular;Colisão transversal;Com Vítimas Feridas;Pleno dia;Crescente;Céu Claro;Simples;"Curva;Interseção de Vias";-2.936.751.735;-5.151.081.606
01/06/2024;16:40:00;FOZ DO IGUACU;Velocidade Incompatível;Capotamento;Com Vítimas Feridas;Pleno dia;Crescente;Céu Claro;Dupla;Reta;-2.551.017.487;-5.456.454.899
01/06/2024;18:20:00;BRASILIA;Velocidade Incompatível;Colisão traseira;Com Vítimas Feridas;Anoitecer;Decrescente;Céu Claro;Dupla;Reta;-1.564.654;-47.766.422
01/06/2024;14:54:00;NOVA MAMORE;Acesso irregular;Colisão frontal;Com Vítimas Feridas;Pleno dia;Decrescente;Céu Claro;Simples;Interseção de Vias;-104.166.889;-6.533.312.917
01/06/2024;20:20:00;FREDERICO WESTPHALEN;Acesso irregular;Colisão com objeto;Sem Vítimas;Plena Noite;Decrescente;Céu Claro;Dupla;"Reta;Aclive";-27.373.381;-5.339.772
01/06/2024;19:00:00;ROSARIO DO SUL;Desrespeitar a preferência no cruzamento;Colisão transversal;Com Vítimas Feridas;Plena Noite;Decrescente;Céu Claro;Simples;Interseção de Vias;-30.241.375;-54.950.855
01/06/2024;19:30:00;TERESOPOLIS;Velocidade Incompatível;Colisão traseira;Com Vítimas Feridas;Plena Noite;Crescente;Céu Claro;Simples;Curva;-2.231.879.876;-429.375.874
01/06/2024;21:00:00;CAMPO MAIOR;Conversão proibida;Colisão frontal;Com Vítimas Feridas;Plena Noite;Crescente;Céu Claro;Simples;Curva;-4.836.484;-42.181.347
01/06/2024;19:25:00;UBERABA;Acumulo de areia ou detritos sobre o pavimento;Queda de ocupante de veículo;Com Vítimas Feridas;Plena Noite;Crescente;Céu Claro;Dupla;"Viaduto;Curva";-1.977.848.216;-4.792.194.709
01/06/2024;21:10:00;TRES CACHOEIRAS;Animais na Pista;Atropelamento de Animal;Com Vítimas Feridas;Plena Noite;Decrescente;Céu Claro;Dupla;Reta;-2.945.530.462;-4.992.587.608
01/06/2024;16:25:00;PONTE ALTA;Velocidade Incompatível;Atropelamento de Pedestre;Com Vítimas Feridas;Pleno dia;Decrescente;Céu Claro;Simples;Reta;-27.309.647;-50.128.212
01/06/2024;22:00:00;OURO PRETO DO OESTE;Velocidade Incompatível;Saída de leito carroçável;Com Vítimas Fatais;Plena Noite;Crescente;Céu Claro;Simples;Reta;-1.074.874.182;-6.217.001.286
01/06/2024;21:00:00;VASSOURAS;Ultrapassagem Indevida;Colisão frontal;Com Vítimas Fatais;Pleno dia;Crescente;Céu Claro;Simples;Curva;-2.241.456.264;-4.367.661.632
02/06/2024;01:50:00;RIO VERDE;Acesso irregular;Queda de ocupante de veículo;Com Vítimas Feridas;Plena Noite;Decrescente;Céu Claro;Dupla;Reta;-1.779.595.391;-5.088.555.295
02/06/2024;01:55:00;SOLEDADE;Animais na Pista;Atropelamento de Animal;Com Vítimas Feridas;Plena Noite;Decrescente;Nublado;Simples;Reta;-28.808.382;-52.502.323
02/06/2024;03:52:00;VALPARAISO DE GOIAS;Manobra de mudança de faixa;Colisão lateral mesmo sentido;Com Vítimas Feridas;Plena Noite;Crescente;Céu Claro;Dupla;Reta;-16.058.245;-47.982.825
02/06/2024;03:25:00;VARZEA GRANDE;Animais na Pista;Atropelamento de Animal;Com Vítimas Feridas;Plena Noite;Crescente;Céu Claro;Múltipla;Reta;-1.562.766.572;-5.620.536.804
02/06/2024;02:45:00;TUBARAO;Desrespeitar a preferência no cruzamento;Colisão transversal;Com Vítimas Feridas;Plena Noite;Decrescente;Céu Claro;Múltipla;"Rotatória;Viaduto;Interseção de Vias";-284.696.816;-4.901.496.649
02/06/2024;04:40:00;GUARAPUAVA;Velocidade Incompatível;Colisão com objeto;Sem Vítimas;Plena Noite;Decrescente;Céu Claro;Dupla;"Viaduto;Reta";-2.533.928.412;-5.142.880.296
02/06/2024;04:00:00;TIMON;Velocidade Incompatível;Colisão transversal;Com Vítimas Fatais;Plena Noite;Crescente;Céu Claro;Dupla;"Reta;Retorno Regulamentado";-51.311.846;-42.815.704
02/06/2024;06:00:00;MACAPA;Velocidade Incompatível;Colisão com objeto;Sem Vítimas;Amanhecer;Decrescente;Céu Claro;Dupla;Interseção de Vias;0.07780012;-5.106.097
01/06/2024;23:30:00;PONTAL DO ARAGUAIA;Deficiência do Sistema de Iluminação/Sinalização;Colisão transversal;Com Vítimas Feridas;Pleno dia;Crescente;Céu Claro;Simples;"Interseção de Vias;Reta";-1.589.242.614;-5.226.065.766
02/06/2024;02:00:00;LONDRINA;Velocidade Incompatível;Colisão transversal;Com Vítimas Feridas;Plena Noite;Decrescente;Céu Claro;Dupla;"Retorno Regulamentado;Declive";-2.329.320.693;-5.112.259.805
02/06/2024;05:30:00;CEZARINA;Afundamento ou ondulação no pavimento;Saída de leito carroçável;Com Vítimas Feridas;Amanhecer;Decrescente;Céu Claro;Dupla;Aclive;-170.484;-497.858
02/06/2024;06:30:00;BALNEARIO CAMBORIU;Velocidade Incompatível;Saída de leito carroçável;Com Vítimas Feridas;Pleno dia;Crescente;Céu Claro;Múltipla;Reta;-2.699.654.133;-4.865.564.711
02/06/2024;06:45:00;TERESINA;Acesso irregular;Colisão transversal;Com Vítimas Feridas;Pleno dia;Decrescente;Nublado;Dupla;Reta;-52.096.314;-4.275.526.995
02/06/2024;06:40:00;SAO GONCALO;Estacionar ou parar em local proibido;Colisão traseira;Com Vítimas Feridas;Pleno dia;Decrescente;Céu Claro;Dupla;Reta;-2.280.062.246;-4.305.318.779
02/06/2024;08:40:00;PORTO ALEGRE;Demais Fenômenos da natureza;Colisão traseira;Com Vítimas Feridas;Pleno dia;Decrescente;Sol;Múltipla;Reta;-29.973.856;-51.197.853
02/06/2024;10:15:00;JOAO PESSOA;Velocidade Incompatível;Colisão com objeto;Com Vítimas Feridas;Pleno dia;Crescente;Céu Claro;Simples;Curva;-716.470.016;-3.489.993.643
02/06/2024;10:40:00;CRICIUMA;Desrespeitar a preferência no cruzamento;Colisão transversal;Com Vítimas Feridas;Pleno dia;Decrescente;Céu Claro;Simples;"Curva;Aclive;Interseção de Vias";-2.880.226.254;-4.936.560.631
02/06/2024;11:10:00;VILA VELHA;Velocidade Incompatível;Colisão traseira;Com Vítimas Feridas;Pleno dia;Decrescente;Céu Claro;Dupla;Curva;-204.778.484;-4.047.105.789
02/06/2024;10:00:00;ITAPERUNA;Ultrapassagem Indevida;Colisão frontal;Com Vítimas Fatais;Pleno dia;Decrescente;Céu Claro;Simples;Curva;-2.117.557.977;-4.201.087.805
02/06/2024;12:05:00;MARABA;Ultrapassagem Indevida;Colisão frontal;Com Vítimas Fatais;Pleno dia;Decrescente;Céu Claro;Simples;Reta;-536.957.395;-4.907.796.968
02/06/2024;13:00:00;JOINVILLE;Manobra de mudança de faixa;Colisão lateral mesmo sentido;Com Vítimas Feridas;Pleno dia;Crescente;Céu Claro;Dupla;Reta;-2.623.200.799;-4.891.678.053
02/06/2024;13:00:00;PETROLINA;Desrespeitar a preferência no cruzamento;Colisão transversal;Com Vítimas Feridas;Pleno dia;Decrescente;Céu Claro;Dupla;Rotatória;-9.375.325;-40.537.675
02/06/2024;12:50:00;ITAGUARA;Velocidade Incompatível;Queda de ocupante de veículo;Com Vítimas Feridas;Pleno dia;Crescente;Céu Claro;Dupla;"Declive;Curva";-20.361.202;-44.466.692
02/06/2024;13:55:00;SENADOR JOSE BENTO;Velocidade Incompatível;Saída de leito carroçável;Com Vítimas Feridas;Pleno dia;Crescente;Sol;Simples;"Declive;Curva";-22.131.567;-46.175.579
02/06/2024;12:00:00;UAUA;Demais falhas na via;Saída de leito carroçável;Com Vítimas Feridas;Pleno dia;Crescente;Chuva;Simples;Reta;-993.470.863;-3.930.860.593
02/06/2024;15:04:00;RECIFE;Velocidade Incompatível;Saída de leito carroçável;Sem Vítimas;Pleno dia;Crescente;Céu Claro;Simples;Curva;-8.069.686;-34.942.907
02/06/2024;16:10:00;GUAPIMIRIM;Velocidade Incompatível;Saída de leito carroçável;Com Vítimas Feridas;Pleno dia;Crescente;Céu Claro;Simples;"Curva;Declive";-22.521.951;-4.300.070.097
02/06/2024;15:45:00;JARAGUARI;Desrespeitar a preferência no cruzamento;Colisão transversal;Com Vítimas Feridas;Pleno dia;Crescente;Céu Claro;Simples;"Interseção de Vias;Reta;Aclive";-2.008.519.991;-5.443.235.422
02/06/2024;17:30:00;RECIFE;Animais na Pista;Atropelamento de Animal;Com Vítimas Feridas;Anoitecer;Crescente;Nublado;Dupla;Reta;-811.813.811;-3.494.329.214
02/06/2024;16:30:00;JUATUBA;Manobra de mudança de faixa;Colisão lateral mesmo sentido;Com Vítimas Feridas;Pleno dia;Decrescente;Céu Claro;Dupla;Reta;-1.997.239.513;-4.428.042.402
02/06/2024;17:30:00;FLORIANOPOLIS;Manobra de mudança de faixa;Colisão lateral mesmo sentido;Com Vítimas Feridas;Anoitecer;Crescente;Céu Claro;Múltipla;"Interseção de Vias;Reta";-27.603.289;-48.590.416
02/06/2024;16:30:00;JACIARA;Desrespeitar a preferência no cruzamento;Saída de leito carroçável;Com Vítimas Feridas;Pleno dia;Crescente;Sol;Simples;Reta;-159.689.785;-5.494.463.002
02/06/2024;17:20:00;TRES RIOS;Velocidade Incompatível;Colisão traseira;Com Vítimas Feridas;Pleno dia;Crescente;Céu Claro;Simples;Reta;-2.212.634.272;-4.322.811.953
02/06/2024;18:10:00;SOLEDADE;Desrespeitar a preferência no cruzamento;Colisão transversal;Com Vítimas Feridas;Anoitecer;Decrescente;Céu Claro;Simples;"Reta;Interseção de Vias";-2.880.345.653;-5.250.810.737
02/06/2024;16:30:00;ITAPEMA;Ultrapassagem Indevida;Colisão transversal;Com Vítimas Feridas;Pleno dia;Decrescente;Céu Claro;Simples;Reta;-271.089.649;-4.861.277.586
02/06/2024;18:00:00;RIO GRANDE;Animais na Pista;Atropelamento de Animal;Com Vítimas Feridas;Plena Noite;Crescente;Céu Claro;Dupla;Reta;-3.198.906.088;-522.924.407
02/06/2024;17:00:00;CRISTIANO OTONI;Conversão proibida;Colisão transversal;Com Vítimas Feridas;Pleno dia;Decrescente;Céu Claro;Simples;Reta;-2.084.928.454;-4.379.881.818
02/06/2024;12:00:00;PIRATINI;Velocidade Incompatível;Saída de leito carroçável;Sem Vítimas;Pleno dia;Crescente;Céu Claro;Simples;Aclive;-3.168.088.282;-5.305.529.098
02/06/2024;19:45:00;PIRACANJUBA;Manobra de mudança de faixa;Colisão lateral mesmo sentido;Com Vítimas Feridas;Plena Noite;Decrescente;Céu Claro;Dupla;"Reta;Declive";-171.147;-492.132
02/06/2024;19:20:00;ARROIO DOS RATOS;Iluminação deficiente;Atropelamento de Pedestre;Com Vítimas Feridas;Plena Noite;Crescente;Céu Claro;Simples;Reta;-30.105.392;-51.717.197
02/06/2024;18:50:00;RIBEIRA DO POMBAL;Conversão proibida;Colisão transversal;Com Vítimas Feridas;Anoitecer;Crescente;Céu Claro;Simples;Reta;-10.844.361;-38.531.008
02/06/2024;20:30:00;PARANAGUA;Acumulo de areia ou detritos sobre o pavimento;Tombamento;Com Vítimas Feridas;Plena Noite;Crescente;Nublado;Simples;Curva;-2.555.993.924;-4.858.247.101
02/06/2024;21:00:00;CANGUARETAMA;Demais falhas na via;Colisão com objeto;Com Vítimas Feridas;Plena Noite;Decrescente;Nublado;Dupla;Reta;-640.913.892;-3.513.083.887
02/06/2024;16:00:00;PRESIDENTE FIGUEIREDO;Pista esburacada;Capotamento;Com Vítimas Feridas;Pleno dia;Decrescente;Céu Claro;Simples;"Reta;Declive";-158.162.692;-6.021.535.585
02/06/2024;15:15:00;DUQUE DE CAXIAS;Manobra de mudança de faixa;Colisão traseira;Sem Vítimas;Pleno dia;Crescente;Céu Claro;Dupla;Reta;-2.271.853.604;-4.328.993.324
02/06/2024;20:15:00;LENCOIS;Neblina;Queda de ocupante de veículo;Com Vítimas Feridas;Plena Noite;Crescente;Nevoeiro/Neblina;Simples;Reta;-124.725.314;-4.138.627.052
02/06/2024;21:15:00;CONGONHAS;Manobra de mudança de faixa;Colisão lateral mesmo sentido;Sem Vítimas;Plena Noite;Decrescente;Nublado;Simples;Curva;-20.574.761;-43.813.024
02/06/2024;20:00:00;FLORIANO;Animais na Pista;Atropelamento de Animal;Com Vítimas Feridas;Plena Noite;Decrescente;Céu Claro;Simples;Reta;-6.781.913;-43.038.273
02/06/2024;18:30:00;TIMON;Conversão proibida;Colisão transversal;Com Vítimas Feridas;Amanhecer;Crescente;Céu Claro;Simples;Reta;-5.111.158;-42.826.832
02/06/2024;15:30:00;QUEIMADOS;Condutor usando celular;Colisão traseira;Com Vítimas Feridas;Pleno dia;Decrescente;Céu Claro;Múltipla;Reta;-2.274.421.443;-43.509.822
02/06/2024;23:33:00;SIMOES FILHO;Velocidade Incompatível;Colisão com objeto;Com Vítimas Feridas;Plena Noite;Decrescente;Céu Claro;Dupla;Reta;-1.279.340.512;-3.840.485.325
02/06/2024;16:10:00;IBIRAMA;Velocidade Incompatível;Colisão traseira;Com Vítimas Feridas;Pleno dia;Crescente;Céu Claro;Simples;Reta;-2.709.701;-49.462.887
02/06/2024;22:07:00;PORTO VELHO;Ultrapassagem Indevida;Colisão frontal;Com Vítimas Fatais;Plena Noite;Crescente;Céu Claro;Simples;Reta;-926.005.255;-6.443.983.489
03/06/2024;05:10:00;BETIM;Manobra de mudança de faixa;Colisão lateral mesmo sentido;Com Vítimas Feridas;Amanhecer;Decrescente;Céu Claro;Dupla;Reta;-19.985.563;-4.420.318
03/06/2024;05:30:00;INDIANOPOLIS;Animais na Pista;Atropelamento de Animal;Com Vítimas Feridas;Amanhecer;Crescente;Nevoeiro/Neblina;Simples;Reta;-1.887.258.568;-4.807.953.688
03/06/2024;05:10:00;CARATINGA;Animais na Pista;Atropelamento de Animal;Com Vítimas Feridas;Amanhecer;Decrescente;Céu Claro;Simples;Reta;-1.980.209.596;-4.213.678.193
03/06/2024;05:10:00;CAMPOS DOS GOYTACAZES;Velocidade Incompatível;Colisão frontal;Com Vítimas Feridas;Amanhecer;Crescente;Céu Claro;Simples;Reta;-2.177.241.727;-4.128.125.956
03/06/2024;07:00:00;SAO LEOPOLDO;Pista Escorregadia;Tombamento;Com Vítimas Feridas;Amanhecer;Decrescente;Chuva;Dupla;Reta;-2.973.196.199;-5.114.952.004
03/06/2024;07:30:00;SAO LEOPOLDO;Pista Escorregadia;Tombamento;Com Vítimas Feridas;Pleno dia;Decrescente;Chuva;Dupla;Reta;-2.974.088.003;-5.115.039.566
03/06/2024;06:40:00;RIANAPOLIS;Animais na Pista;Atropelamento de Animal;Com Vítimas Feridas;Amanhecer;Crescente;Céu Claro;Dupla;Reta;-1.543.866;-49.509.186
03/06/2024;07:10:00;RIO BONITO;Demais Fenômenos da natureza;Queda de ocupante de veículo;Com Vítimas Feridas;Amanhecer;Crescente;Céu Claro;Dupla;Reta;-227.015.937;-4.258.693.809
03/06/2024;07:50:00;PARNAMIRIM;Pista Escorregadia;Colisão traseira;Com Vítimas Feridas;Pleno dia;Decrescente;Nublado;Dupla;Reta;-589.034.022;-3.524.894.996
03/06/2024;07:40:00;JUAZEIRO;Acesso irregular;Colisão transversal;Com Vítimas Feridas;Pleno dia;Crescente;Nublado;Simples;Reta;-943.994.951;-4.049.558.401
02/06/2024;16:15:00;ANTONIO OLINTO;Demais falhas na via;Colisão frontal;Sem Vítimas;Pleno dia;Decrescente;Céu Claro;Simples;Curva;-258.903.843;-5.020.121.098
03/06/2024;07:45:00;FEIRA DE SANTANA;Chuva;Queda de ocupante de veículo;Com Vítimas Feridas;Pleno dia;Decrescente;Chuva;Dupla;"Reta;Declive";-1.234.449.694;-3.884.017.496
03/06/2024;06:21:00;DUQUE DE CAXIAS;Manobra de mudança de faixa;Colisão traseira;Com Vítimas Feridas;Amanhecer;Crescente;Céu Claro;Dupla;Reta;-2.278.185.499;-4.328.571.273
03/06/2024;08:40:00;CAAPORA;Acumulo de água sobre o pavimento;Saída de leito carroçável;Com Vítimas Feridas;Pleno dia;Decrescente;Chuva;Dupla;"Retorno Regulamentado;Reta;Aclive";-7.453.037;-3.498.015.717
01/06/2024;13:40:00;PORTO ALEGRE;Acesso irregular;Colisão frontal;Com Vítimas Feridas;Pleno dia;Decrescente;Céu Claro;Dupla;Reta;-2.996.839.095;-5.117.623.895
03/06/2024;08:55:00;BENTO GONCALVES;Pista Escorregadia;Saída de leito carroçável;Sem Vítimas;Pleno dia;Decrescente;Garoa/Chuvisco;Simples;"Curva;Declive";-29.150.635;-51.530.241
03/06/2024;10:30:00;PARNAMIRIM;Velocidade Incompatível;Colisão traseira;Com Vítimas Feridas;Pleno dia;Decrescente;Céu Claro;Dupla;Reta;-589.034.022;-3.524.894.996
03/06/2024;09:29:00;CORNELIO PROCOPIO;Acesso irregular;Colisão com objeto;Com Vítimas Feridas;Pleno dia;Decrescente;Céu Claro;Dupla;"Aclive;Reta";-2.319.084.285;-5.064.732.671
03/06/2024;10:45:00;BRASILIA;Manobra de mudança de faixa;Colisão transversal;Com Vítimas Feridas;Pleno dia;Crescente;Céu Claro;Dupla;Reta;-1.589.709;-48.110.398
02/06/2024;23:15:00;TRES PASSOS;Velocidade Incompatível;Saída de leito carroçável;Com Vítimas Fatais;Plena Noite;Decrescente;Nublado;Simples;Reta;-2.752.147;-5.387.527
03/06/2024;10:45:00;CONGONHAS;Desrespeitar a preferência no cruzamento;Colisão transversal;Com Vítimas Feridas;Pleno dia;Decrescente;Sol;Simples;Interseção de Vias;-2.047.573.167;-4.384.277.143
03/06/2024;12:00:00;PARNAMIRIM;Manobra de mudança de faixa;Colisão lateral mesmo sentido;Com Vítimas Feridas;Pleno dia;Decrescente;Chuva;Dupla;Reta;-591.920.796;-3.526.412.409
03/06/2024;11:20:00;BRASILIA;Manobra de mudança de faixa;Colisão lateral mesmo sentido;Com Vítimas Feridas;Pleno dia;Decrescente;Sol;Dupla;Reta;-15.885.093;-48.068.954
03/06/2024;12:30:00;ATIBAIA;Acesso irregular;Atropelamento de Pedestre;Com Vítimas Feridas;Pleno dia;Decrescente;Céu Claro;Dupla;Reta;-2.304.177.622;-4.655.896.672
03/06/2024;12:22:00;CARIACICA;Curva acentuada;Tombamento;Com Vítimas Feridas;Pleno dia;Decrescente;Chuva;Dupla;Curva;-2.022.694;-4.036.458
03/06/2024;13:20:00;SAO JOSE;Manobra de mudança de faixa;Colisão lateral mesmo sentido;Com Vítimas Feridas;Pleno dia;Decrescente;Céu Claro;Dupla;"Reta;Interseção de Vias";-2.760.327.979;-4.863.201.818
03/06/2024;14:00:00;CAMPO MAIOR;Conversão proibida;Colisão transversal;Com Vítimas Feridas;Pleno dia;Crescente;Céu Claro;Simples;Reta;-4.836.484;-42.181.347
03/06/2024;14:20:00;JACAREI;Manobra de mudança de faixa;Colisão transversal;Com Vítimas Feridas;Pleno dia;Crescente;Céu Claro;Múltipla;Reta;-2.329.691.791;-4.600.798.704
03/06/2024;14:00:00;LINHARES;Conversão proibida;Colisão transversal;Com Vítimas Feridas;Pleno dia;Decrescente;Céu Claro;Simples;Curva;-194.684.012;-401.102.557
03/06/2024;13:00:00;JARU;Manobra de mudança de faixa;Colisão lateral mesmo sentido;Sem Vítimas;Pleno dia;Decrescente;Céu Claro;Simples;"Reta;Interseção de Vias;Rotatória";-10.432.443;-62.479.584
03/06/2024;09:35:00;SANTAREM;Acesso irregular;Colisão lateral mesmo sentido;Com Vítimas Feridas;Pleno dia;Crescente;Céu Claro;Simples;Reta;-26.226.074;-5.473.532.058
03/06/2024;10:00:00;SAO MATEUS DO SUL;Desrespeitar a preferência no cruzamento;Colisão transversal;Com Vítimas Feridas;Pleno dia;Decrescente;Céu Claro;Simples;Rotatória;-25.868.753;-50.396.477
03/06/2024;17:15:00;SAO JOSE DOS PINHAIS;Manobra de mudança de faixa;Colisão lateral mesmo sentido;Com Vítimas Feridas;Anoitecer;Decrescente;Garoa/Chuvisco;Dupla;Reta;-25.566.771;-49.169.453
03/06/2024;17:00:00;ARACATI;Desrespeitar a preferência no cruzamento;Colisão transversal;Com Vítimas Feridas;Pleno dia;Decrescente;Céu Claro;Simples;Retorno Regulamentado;-457.510.003;-3.779.823.699
28/05/2024;14:35:00;PETROPOLIS;Manobra de mudança de faixa;Colisão lateral mesmo sentido;Com Vítimas Feridas;Pleno dia;Decrescente;Céu Claro;Dupla;Reta;-2.227.821.816;-4.311.580.971
03/06/2024;18:10:00;VITORIA DA CONQUISTA;Deficiência do Sistema de Iluminação/Sinalização;Colisão traseira;Com Vítimas Feridas;Plena Noite;Crescente;Nublado;Simples;Reta;-14.886.092;-40.811.898
03/06/2024;18:00:00;RECIFE;Manobra de mudança de faixa;Colisão lateral mesmo sentido;Com Vítimas Feridas;Plena Noite;Decrescente;Chuva;Dupla;"Reta;Em Obras";-8.077.045;-34.973.429
03/06/2024;19:30:00;ANAPOLIS;Deficiência do Sistema de Iluminação/Sinalização;Colisão traseira;Sem Vítimas;Plena Noite;Crescente;Céu Claro;Dupla;Reta;-16.197.029;-49.025.223
03/06/2024;18:00:00;XANXERE;Desrespeitar a preferência no cruzamento;Colisão frontal;Com Vítimas Feridas;Plena Noite;Crescente;Céu Claro;Simples;"Interseção de Vias;Reta";-26.882.715;-52.381.729
03/06/2024;19:30:00;CARIACICA;Animais na Pista;Atropelamento de Animal;Com Vítimas Feridas;Plena Noite;Decrescente;Céu Claro;Dupla;Reta;-2.028.029.304;-4.039.302.931
03/06/2024;20:00:00;ITUMBIARA;Restrição de visibilidade em curvas horizontais;Colisão frontal;Com Vítimas Feridas;Plena Noite;Decrescente;Céu Claro;Múltipla;Curva;-183.862;-492.076
03/06/2024;17:42:00;PETROLINA;Conversão proibida;Colisão transversal;Com Vítimas Feridas;Anoitecer;Decrescente;Céu Claro;Dupla;Reta;-938.067.769;-4.051.113.714
03/06/2024;19:45:00;PARANAGUA;Chuva;Tombamento;Com Vítimas Feridas;Plena Noite;Crescente;Chuva;Dupla;Curva;-2.556.060.027;-4.858.288.407
03/06/2024;19:00:00;PONTO NOVO;Deficiência do Sistema de Iluminação/Sinalização;Colisão traseira;Com Vítimas Feridas;Plena Noite;Decrescente;Céu Claro;Simples;Reta;-1.104.432.089;-4.009.288.788
03/06/2024;19:00:00;CORUPA;Velocidade Incompatível;Colisão frontal;Com Vítimas Feridas;Plena Noite;Decrescente;Nevoeiro/Neblina;Simples;"Aclive;Curva";-2.637.792.983;-4.931.646.824
03/06/2024;21:50:00;FEIRA DE SANTANA;Pista esburacada;Queda de ocupante de veículo;Com Vítimas Feridas;Plena Noite;Crescente;Nublado;Simples;Curva;-123.537.525;-3.885.623.932
03/06/2024;22:20:00;ARACAJU;Chuva;Queda de ocupante de veículo;Com Vítimas Feridas;Plena Noite;Crescente;Chuva;Dupla;Reta;-109.062;-371.034
03/04/2024;14:00:00;ALEXANIA;Acumulo de água sobre o pavimento;Saída de leito carroçável;Com Vítimas Feridas;Pleno dia;Crescente;Ignorado;Dupla;"Declive;Reta";-16.108.251;-4.844.892
04/06/2024;04:20:00;FEIRA DE SANTANA;Animais na Pista;Atropelamento de Animal;Com Vítimas Feridas;Amanhecer;Decrescente;Céu Claro;Dupla;"Curva;Declive";-1.214.937;-3.896.519
04/06/2024;06:40:00;BRASILIA;Manobra de mudança de faixa;Colisão traseira;Com Vítimas Feridas;Pleno dia;Decrescente;Céu Claro;Dupla;Reta;-16.020.903;-47.980.541
13/05/2024;13:00:00;FEIRA DE SANTANA;Conversão proibida;Colisão transversal;Com Vítimas Feridas;Pleno dia;Crescente;Céu Claro;Dupla;Reta;-122.637.019;-389.326.937
04/06/2024;06:00:00;CAMPOS DOS GOYTACAZES;Ultrapassagem Indevida;Colisão frontal;Com Vítimas Fatais;Pleno dia;Crescente;Céu Claro;Simples;Reta;-217.369.326;-4.120.072.511
04/06/2024;07:35:00;PORTO ALEGRE;Animais na Pista;Atropelamento de Animal;Com Vítimas Feridas;Pleno dia;Decrescente;Céu Claro;Dupla;Reta;-29.991.756;-5.122.699
03/06/2024;16:20:00;MAGE;Ultrapassagem Indevida;Colisão frontal;Com Vítimas Feridas;Pleno dia;Crescente;Céu Claro;Simples;Reta;-2.265.705.297;-43.061.742