data_inversa;horario;municipio;causa_acidente;tipo_acidente;classificacao_acidente;fase_dia;sentido_via;condicao_metereologica;tipo_pista;tracado_via;latitude;longitude
04/06/2024;07:20:00;MACAIBA;Acumulo de água sobre o pavimento;Saída de leito carroçável;Com Vítimas Feridas;Pleno dia;Crescente;Chuva;Simples;Reta;-5.884.043;-35.517.425
01/06/2024;23:20:00;CARIDADE;Deficiência do Sistema de Iluminação/Sinalização;Atropelamento de Pedestre;Com Vítimas Fatais;Plena Noite;Crescente;Céu Claro;Simples;"Reta;Declive";-41.919.981;-3.917.945.881
04/06/2024;07:30:00;MURIAE;Desrespeitar a preferência no cruzamento;Colisão transversal;Com Vítimas Feridas;Pleno dia;Decrescente;Céu Claro;Simples;"Interseção de Vias;Reta";-2.112.725.696;-4.235.052.695
13/04/2024;19:30:00;MATHIAS LOBATO;Acesso irregular;Colisão lateral mesmo sentido;Com Vítimas Feridas;Plena Noite;Decrescente;Céu Claro;Simples;Reta;-18.586.299;-4.192.426.908
04/06/2024;10:00:00;MOSSORO;Conversão proibida;Tombamento;Com Vítimas Feridas;Pleno dia;Crescente;Céu Claro;Simples;"Reta;Declive";-519.386.547;-3.738.052.995
04/06/2024;09:10:00;SINOP;Manobra de mudança de faixa;Colisão lateral mesmo sentido;Sem Vítimas;Pleno dia;Decrescente;Céu Claro;Simples;Reta;-116.754.365;-554.473.114
23/05/2024;21:00:00;FEIRA DE SANTANA;Velocidade Incompatível;Colisão traseira;Com Vítimas Feridas;Plena Noite;Decrescente;Céu Claro;Dupla;"Reta;Viaduto;Declive";-12.231.526;-38.969.585
04/06/2024;10:30:00;RIBEIRA DO POMBAL;Ultrapassagem Indevida;Saída de leito carroçável;Com Vítimas Feridas;Pleno dia;Decrescente;Céu Claro;Simples;Aclive;-10.932.129;-3.851.860.209
04/06/2024;13:15:00;LEOPOLDINA;Desrespeitar a preferência no cruzamento;Colisão transversal;Com Vítimas Feridas;Pleno dia;Decrescente;Céu Claro;Simples;"Retorno Regulamentado;Reta";-2.152.207.278;-4.261.775.334
04/06/2024;13:40:00;TAUBATE;Condutor usando celular;Colisão traseira;Com Vítimas Feridas;Pleno dia;Crescente;Nublado;Dupla;Reta;-2.302.871.304;-4.554.517.097
04/06/2024;14:30:00;NOVA UNIAO;Ultrapassagem Indevida;Colisão lateral mesmo sentido;Com Vítimas Feridas;Pleno dia;Crescente;Céu Claro;Dupla;Reta;-1.973.472;-4.355.882
04/06/2024;14:30:00;BRASILIA;Manobra de mudança de faixa;Colisão traseira;Com Vítimas Feridas;Pleno dia;Decrescente;Céu Claro;Dupla;Reta;-15.883.795;-48.064.212
04/06/2024;16:05:00;GRAVATAI;Conversão proibida;Colisão lateral mesmo sentido;Com Vítimas Fatais;Pleno dia;Decrescente;Sol;Dupla;Reta;-29.948.053;-50.956.192
04/06/2024;15:10:00;CABEDELO;Velocidade Incompatível;Colisão com objeto;Com Vítimas Fatais;Pleno dia;Decrescente;Céu Claro;Simples;"Viaduto;Reta";-70.433;-348.466
29/03/2024;19:15:00;CAMPO LARGO;Velocidade Incompatível;Capotamento;Com Vítimas Feridas;Plena Noite;Crescente;Nublado;Dupla;Curva;-2.547.157.895;-4.935.341.791
04/06/2024;14:40:00;SEROPEDICA;Estacionar ou parar em local proibido;Eventos atípicos;Sem Vítimas;Pleno dia;Decrescente;Nublado;Simples;Reta;-22.719.835;-43.725.739
04/06/2024;17:09:00;SAO JOSE;Acumulo de areia ou detritos sobre o pavimento;Queda de ocupante de veículo;Com Vítimas Feridas;Anoitecer;Crescente;Nublado;Simples;Reta;-2.762.329.313;-4.865.245.588
04/06/2024;18:00:00;SAO JOSE;Manobra de mudança de faixa;Colisão lateral mesmo sentido;Com Vítimas Feridas;Plena Noite;Crescente;Céu Claro;Múltipla;Reta;-2.754.836.599;-4.861.977.975
04/06/2024;17:40:00;BELO HORIZONTE;Ultrapassagem Indevida;Colisão lateral mesmo sentido;Com Vítimas Feridas;Anoitecer;Decrescente;Céu Claro;Dupla;"Aclive;Reta";-1.992.372.561;-4.401.700.789
04/06/2024;17:30:00;IBIPORA;Ultrapassagem Indevida;Colisão lateral mesmo sentido;Com Vítimas Feridas;Pleno dia;Decrescente;Céu Claro;Simples;"Interseção de Vias;Reta";-2.326.300.974;-5.103.270.834
04/06/2024;19:25:00;JOAO PESSOA;Acostamento em desnível;Tombamento;Com Vítimas Feridas;Plena Noite;Crescente;Chuva;Dupla;Reta;-71.495;-348.517
04/06/2024;16:20:00;SANTA MARIA;Frear bruscamente;Colisão traseira;Sem Vítimas;Pleno dia;Não Informado;Nublado;Múltipla;Reta;-2.967.365.575;-5.382.694.066
04/06/2024;20:15:00;LARANJEIRAS DO SUL;Desrespeitar a preferência no cruzamento;Colisão transversal;Com Vítimas Feridas;Plena Noite;Decrescente;Céu Claro;Simples;Interseção de Vias;-2.536.888.683;-523.599.691
04/06/2024;20:57:00;IGARATINGA;Velocidade Incompatível;Colisão traseira;Com Vítimas Feridas;Plena Noite;Decrescente;Céu Claro;Dupla;Rotatória;-1.988.744.145;-4.464.074.377
04/06/2024;20:40:00;SANTO ANTONIO DA PLATINA;Demais falhas na via;Queda de ocupante de veículo;Com Vítimas Feridas;Plena Noite;Decrescente;Céu Claro;Simples;Reta;-2.323.550.499;-5.003.814.169
04/06/2024;18:30:00;ZE DOCA;Pista esburacada;Colisão lateral sentido oposto;Com Vítimas Feridas;Anoitecer;Crescente;Céu Claro;Simples;Reta;-3.268.695;-45.655.586
05/06/2024;04:00:00;CAMBUI;Velocidade Incompatível;Capotamento;Com Vítimas Feridas;Plena Noite;Decrescente;Céu Claro;Dupla;Curva;-2.270.254.777;-4.611.752.735
05/06/2024;05:54:00;JOAO PESSOA;Manobra de mudança de faixa;Colisão lateral mesmo sentido;Com Vítimas Feridas;Pleno dia;Crescente;Nublado;Dupla;"Em Obras;Reta";-717.059.031;-3.486.832.023
05/06/2024;06:50:00;BRASILIA;Afundamento ou ondulação no pavimento;Tombamento;Com Vítimas Feridas;Pleno dia;Decrescente;Céu Claro;Simples;"Em Obras;Reta";-15.728.034;-48.193.768
05/06/2024;07:00:00;PALHOCA;Ultrapassagem Indevida;Colisão transversal;Com Vítimas Feridas;Amanhecer;Decrescente;Céu Claro;Simples;"Reta;Retorno Regulamentado";-27.665.707;-48.688.065
05/06/2024;06:00:00;MATIAS BARBOSA;Velocidade Incompatível;Queda de ocupante de veículo;Com Vítimas Feridas;Amanhecer;Crescente;Nevoeiro/Neblina;Dupla;"Declive;Reta";-2.186.756.732;-4.334.916.905
05/06/2024;08:15:00;UBAPORANGA;Velocidade Incompatível;Colisão com objeto;Com Vítimas Feridas;Pleno dia;Decrescente;Céu Claro;Simples;Reta;-1.961.953.715;-4.210.872.923
05/06/2024;07:50:00;FORTALEZA;Demais falhas na via;Colisão lateral mesmo sentido;Com Vítimas Feridas;Pleno dia;Crescente;Sol;Dupla;Reta;-386.088.501;-3.849.715.296
05/06/2024;08:20:00;PARNAMIRIM;Acumulo de água sobre o pavimento;Colisão traseira;Com Vítimas Feridas;Pleno dia;Decrescente;Garoa/Chuvisco;Múltipla;Reta;-589.034.022;-3.524.894.996
05/06/2024;08:00:00;IBIPORA;Velocidade Incompatível;Atropelamento de Pedestre;Com Vítimas Feridas;Pleno dia;Crescente;Céu Claro;Dupla;Reta;-2.328.465.307;-5.107.328.832
17/02/2024;18:50:00;TOUROS;Animais na Pista;Atropelamento de Animal;Com Vítimas Feridas;Plena Noite;Crescente;Nublado;Simples;Reta;-5.250.035;-35.480.935
05/06/2024;07:50:00;ANAPOLIS;Manobra de mudança de faixa;Colisão lateral mesmo sentido;Com Vítimas Feridas;Pleno dia;Crescente;Céu Claro;Dupla;"Aclive;Reta";-16.350.904;-48.928.161
05/06/2024;08:00:00;JAGUARAO;Desrespeitar a preferência no cruzamento;Colisão transversal;Com Vítimas Feridas;Pleno dia;Crescente;Chuva;Simples;Reta;-3.256.003.438;-5.338.490.725
05/06/2024;09:45:00;CARIRA;Velocidade Incompatível;Saída de leito carroçável;Com Vítimas Fatais;Pleno dia;Decrescente;Chuva;Simples;"Curva;Declive";-1.045.779.526;-3.767.411.739
05/06/2024;09:15:00;ITABERABA;Conversão proibida;Colisão lateral mesmo sentido;Com Vítimas Feridas;Pleno dia;Decrescente;Chuva;Simples;"Reta;Aclive";-1.251.259.728;-4.029.557.913
05/06/2024;11:15:00;RIO GRANDE;Frear bruscamente;Tombamento;Com Vítimas Feridas;Pleno dia;Crescente;Chuva;Simples;"Reta;Ponte";-3.206.221.202;-5.208.949.696
19/04/2024;17:25:00;MATIAS BARBOSA;Conversão proibida;Colisão transversal;Com Vítimas Feridas;Pleno dia;Crescente;Nublado;Dupla;Reta;-2.186.659.197;-43.361.643
28/03/2024;15:00:00;POCONE;Acumulo de água sobre o pavimento;Saída de leito carroçável;Com Vítimas Feridas;Pleno dia;Crescente;Chuva;Simples;Curva;-1.588.530.548;-5.688.772.716
10/04/2024;12:30:00;VILA VELHA;Ultrapassagem Indevida;Colisão lateral mesmo sentido;Com Vítimas Feridas;Pleno dia;Crescente;Sol;Dupla;Reta;-2.035.784.325;-403.328.294
05/06/2024;18:00:00;JOAO PESSOA;Manobra de mudança de faixa;Colisão lateral mesmo sentido;Com Vítimas Feridas;Plena Noite;Crescente;Nublado;Dupla;Reta;-71.710.694;-3.489.765.372
05/06/2024;18:10:00;RECIFE;Ultrapassagem Indevida;Colisão com objeto;Com Vítimas Feridas;Plena Noite;Decrescente;Céu Claro;Simples;"Aclive;Reta";-8.093.529;-3.494.729
05/06/2024;18:00:00;ITAGUAI;Estacionar ou parar em local proibido;Colisão traseira;Sem Vítimas;Plena Noite;Decrescente;Céu Claro;Dupla;Reta;-22.867.606;-43.802.743
05/06/2024;16:50:00;NOSSA SENHORA DO LIVRAMENTO;Acesso irregular;Colisão frontal;Com Vítimas Feridas;Pleno dia;Decrescente;Céu Claro;Simples;Reta;-15.679.344;-5.629.518
05/06/2024;18:20:00;MANHUACU;Acumulo de areia ou detritos sobre o pavimento;Tombamento;Com Vítimas Feridas;Plena Noite;Crescente;Céu Claro;Simples;Reta;-2.026.145.201;-4.209.686.296
05/06/2024;17:13:00;SAO GONCALO;Manobra de mudança de faixa;Colisão traseira;Com Vítimas Feridas;Plena Noite;Decrescente;Céu Claro;Dupla;Reta;-2.284.562.994;-4.309.841.211
05/06/2024;17:30:00;SINOP;Desrespeitar a preferência no cruzamento;Colisão transversal;Com Vítimas Feridas;Anoitecer;Crescente;Céu Claro;Simples;Reta;-1.198.593.501;-5.551.700.776
05/06/2024;18:00:00;VALPARAISO DE GOIAS;Manobra de mudança de faixa;Colisão lateral mesmo sentido;Com Vítimas Feridas;Anoitecer;Decrescente;Céu Claro;Dupla;Reta;-16.076.081;-47.985.671
05/06/2024;17:45:00;SALGUEIRO;Acesso irregular;Colisão transversal;Com Vítimas Feridas;Anoitecer;Crescente;Céu Claro;Simples;Reta;-806.449.154;-391.298.447
05/06/2024;19:05:00;SAO JOSE;Manobra de mudança de faixa;Queda de ocupante de veículo;Com Vítimas Feridas;Plena Noite;Crescente;Céu Claro;Dupla;Reta;-27.588.425;-48.612.919
01/06/2024;18:40:00;TUBARAO;Condutor usando celular;Atropelamento de Pedestre;Com Vítimas Feridas;Plena Noite;Crescente;Céu Claro;Dupla;Reta;-2.847.159.615;-4.902.212.262
05/06/2024;18:05:00;JARU;Desrespeitar a preferência no cruzamento;Colisão transversal;Com Vítimas Feridas;Anoitecer;Crescente;Céu Claro;Simples;Interseção de Vias;-1.043.823.536;-624.704.504
05/06/2024;20:40:00;VALPARAISO DE GOIAS;Manobra de mudança de faixa;Colisão lateral mesmo sentido;Com Vítimas Feridas;Plena Noite;Crescente;Céu Claro;Dupla;"Reta;Declive";-16.058.245;-47.982.825
05/06/2024;16:00:00;PERITORO;Ultrapassagem Indevida;Colisão frontal;Com Vítimas Fatais;Anoitecer;Crescente;Céu Claro;Simples;Reta;-450.357.399;-4.435.651.449
05/06/2024;22:00:00;BARRA MANSA;Ultrapassagem Indevida;Colisão frontal;Com Vítimas Feridas;Plena Noite;Crescente;Nublado;Simples;Reta;-2.255.905.501;-4.417.284.006
05/06/2024;19:50:00;CUIABA;Animais na Pista;Atropelamento de Animal;Com Vítimas Feridas;Plena Noite;Decrescente;Céu Claro;Dupla;Reta;-1.566.158.612;-5.597.144.205
12/05/2024;17:59:00;NATAL;Ultrapassagem Indevida;Atropelamento de Pedestre;Com Vítimas Feridas;Plena Noite;Decrescente;Nublado;Simples;Reta;-580.642.132;-3.524.167.278
05/06/2024;22:40:00;NATAL;Conversão proibida;Colisão transversal;Com Vítimas Feridas;Plena Noite;Crescente;Céu Claro;Simples;Reta;-581.364.934;-352.466.547
05/06/2024;23:15:00;UBATUBA;Conversão proibida;Colisão traseira;Com Vítimas Feridas;Plena Noite;Crescente;Céu Claro;Simples;Interseção de Vias;-2.345.691.503;-4.507.043.665
06/06/2024;01:50:00;BACABEIRA;Animais na Pista;Atropelamento de Animal;Sem Vítimas;Plena Noite;Crescente;Chuva;Dupla;Reta;-2.849.089;-44.374.672
06/06/2024;05:25:00;LINHARES;Conversão proibida;Colisão frontal;Com Vítimas Feridas;Amanhecer;Decrescente;Céu Claro;Simples;Interseção de Vias;-1.936.990.998;-4.006.560.718
06/06/2024;05:30:00;CONCEICAO DO CASTELO;Acumulo de areia ou detritos sobre o pavimento;Queda de ocupante de veículo;Com Vítimas Feridas;Amanhecer;Crescente;Nevoeiro/Neblina;Simples;Reta;-2.030.782.485;-4.123.182.431
25/05/2024;21:05:00;ITAMBACURI;Animais na Pista;Atropelamento de Animal;Com Vítimas Feridas;Pleno dia;Crescente;Céu Claro;Simples;Reta;-1.803.188.584;-4.165.290.534
27/04/2024;23:45:00;PINHALZINHO;Manobra de mudança de faixa;Colisão frontal;Com Vítimas Fatais;Plena Noite;Decrescente;Céu Claro;Simples;Curva;-268.862.443;-529.359.628
06/06/2024;05:00:00;LAJES;Velocidade Incompatível;Colisão traseira;Com Vítimas Feridas;Amanhecer;Crescente;Céu Claro;Simples;"Desvio Temporário;Reta";-5.733.745;-36.138.072
06/06/2024;06:50:00;SAO LEOPOLDO;Afundamento ou ondulação no pavimento;Tombamento;Com Vítimas Feridas;Pleno dia;Decrescente;Chuva;Múltipla;Reta;-2.973.196.199;-5.114.952.004
06/06/2024;07:50:00;BALNEARIO CAMBORIU;Desrespeitar a preferência no cruzamento;Colisão transversal;Com Vítimas Feridas;Pleno dia;Crescente;Céu Claro;Dupla;Reta;-2.700.218;-48.636.433
06/06/2024;05:00:00;BACABAL;Ultrapassagem Indevida;Colisão traseira;Com Vítimas Feridas;Amanhecer;Decrescente;Ignorado;Simples;Reta;-4.221.019;-44.742.756
06/06/2024;09:00:00;CARATINGA;Desrespeitar a preferência no cruzamento;Colisão transversal;Com Vítimas Feridas;Pleno dia;Decrescente;Céu Claro;Simples;Reta;-1.974.300.101;-4.213.231.969
06/06/2024;09:50:00;IMPERATRIZ;Acesso irregular;Colisão transversal;Com Vítimas Feridas;Pleno dia;Crescente;Céu Claro;Simples;Reta;-5.508.798;-47.471.718
06/06/2024;07:40:00;NOVA ITARANA;Pista Escorregadia;Colisão com objeto;Com Vítimas Feridas;Pleno dia;Crescente;Garoa/Chuvisco;Simples;"Curva;Declive";-131.582.696;-399.986.211
06/06/2024;12:20:00;LINHARES;Acesso irregular;Colisão transversal;Com Vítimas Feridas;Pleno dia;Crescente;Nublado;Simples;Reta;-194.684.012;-401.102.557
06/06/2024;11:45:00;GRAVATA;Animais na Pista;Atropelamento de Animal;Sem Vítimas;Pleno dia;Crescente;Sol;Dupla;Reta;-819.579.864;-3.556.962.305
06/06/2024;09:15:00;JI-PARANA;Manobra de mudança de faixa;Colisão lateral mesmo sentido;Com Vítimas Feridas;Pleno dia;Decrescente;Sol;Dupla;Reta;-1.088.987.987;-6.193.126.772
15/05/2024;18:30:00;IMPERATRIZ;Afundamento ou ondulação no pavimento;Tombamento;Com Vítimas Feridas;Anoitecer;Crescente;Céu Claro;Simples;Reta;-5.543.249;-47.464.447
06/06/2024;13:00:00;GARANHUNS;Acostamento em desnível;Tombamento;Com Vítimas Feridas;Pleno dia;Decrescente;Garoa/Chuvisco;Dupla;Reta;-886.972.012;-3.646.323.792
06/06/2024;15:20:00;ALTOS;Desrespeitar a preferência no cruzamento;Colisão transversal;Com Vítimas Feridas;Pleno dia;Decrescente;Céu Claro;Simples;Interseção de Vias;-5.038.756;-42.450.893
06/06/2024;11:45:00;JI-PARANA;Ultrapassagem Indevida;Capotamento;Com Vítimas Feridas;Pleno dia;Decrescente;Céu Claro;Simples;Reta;-1.077.878.493;-6.206.544.299
06/06/2024;17:15:00;CAUCAIA;Desrespeitar a preferência no cruzamento;Colisão transversal;Com Vítimas Feridas;Pleno dia;Crescente;Céu Claro;Simples;"Em Obras;Interseção de Vias;Reta";-373.715.313;-3.874.293.507
06/06/2024;15:45:00;CARUARU;Manobra de mudança de faixa;Colisão lateral mesmo sentido;Sem Vítimas;Pleno dia;Crescente;Nublado;Dupla;Interseção de Vias;-826.308.391;-3.597.657.681
06/06/2024;18:15:00;APARECIDA DE GOIANIA;Manobra de mudança de faixa;Colisão lateral mesmo sentido;Com Vítimas Feridas;Anoitecer;Crescente;Céu Claro;Múltipla;Retorno Regulamentado;-168.413;-492.454
06/06/2024;18:30:00;IJUI;Manobra de mudança de faixa;Colisão lateral sentido oposto;Com Vítimas Feridas;Plena Noite;Crescente;Céu Claro;Simples;Reta;-2.837.364.354;-5.385.277.033
06/06/2024;18:00:00;ESCADA;Animais na Pista;Atropelamento de Animal;Com Vítimas Feridas;Plena Noite;Decrescente;Nublado;Dupla;Reta;-836.501.587;-3.522.142.966
06/06/2024;18:10:00;MARAVILHA;Desrespeitar a preferência no cruzamento;Colisão transversal;Com Vítimas Feridas;Anoitecer;Crescente;Céu Claro;Simples;"Reta;Rotatória";-2.678.243.376;-5.319.683.075
06/06/2024;15:40:00;JUNCO DO SERIDO;Estacionar ou parar em local proibido;Colisão lateral mesmo sentido;Sem Vítimas;Pleno dia;Crescente;Céu Claro;Simples;Reta;-70.085;-36.697
06/06/2024;19:10:00;NOVA SANTA RITA;Desrespeitar a preferência no cruzamento;Colisão transversal;Com Vítimas Feridas;Plena Noite;Crescente;Céu Claro;Dupla;Reta;-29.850.487;-51.266.758
06/06/2024;20:35:00;GUARULHOS;Manobra de mudança de faixa;Queda de ocupante de veículo;Com Vítimas Feridas;Plena Noite;Decrescente;Céu Claro;Múltipla;Reta;-2.344.695.693;-4.645.394.103
06/06/2024;18:20:00;PICOS;Manobra de mudança de faixa;Colisão traseira;Com Vítimas Feridas;Plena Noite;Crescente;Céu Claro;Simples;Reta;-708.133.721;-4.142.347.604
07/04/2024;08:30:00;DOMINGOS MARTINS;Velocidade Incompatível;Colisão transversal;Com Vítimas Feridas;Pleno dia;Crescente;Céu Claro;Simples;Curva;-2.041.279.327;-4.090.834.307
06/06/2024;20:15:00;CAXIAS DO SUL;Acesso irregular;Colisão transversal;Sem Vítimas;Plena Noite;Decrescente;Céu Claro;Dupla;Interseção de Vias;-2.911.727;-51.115.208
06/06/2024;21:50:00;CURITIBA;Manobra de mudança de faixa;Colisão traseira;Com Vítimas Feridas;Plena Noite;Decrescente;Nublado;Dupla;Reta;-2.545.999.605;-4.935.895.013
16/05/2024;12:40:00;GENERAL CARNEIRO;Ultrapassagem Indevida;Colisão lateral sentido oposto;Com Vítimas Feridas;Pleno dia;Decrescente;Céu Claro;Simples;Reta;-15.697.538;-53.833.377
06/06/2024;19:45:00;CAMPINORTE;Deficiência do Sistema de Iluminação/Sinalização;Colisão traseira;Com Vítimas Feridas;Plena Noite;Decrescente;Céu Claro;Simples;Reta;-1.403.600.993;-4.908.811.569
06/06/2024;23:14:00;SAO JOSE DOS CAMPOS;Manobra de mudança de faixa;Colisão lateral mesmo sentido;Com Vítimas Feridas;Plena Noite;Crescente;Céu Claro;Dupla;Reta;-2.322.620.401;-4.590.682.999
03/06/2024;17:14:00;UBERLANDIA;Afundamento ou ondulação no pavimento;Tombamento;Com Vítimas Feridas;Pleno dia;Crescente;Céu Claro;Dupla;"Declive;Reta";-189.100.325;-4.830.694.985
06/06/2024;18:30:00;ITABERABA;Velocidade Incompatível;Tombamento;Com Vítimas Feridas;Plena Noite;Crescente;Céu Claro;Simples;Curva;-1.250.004.044;-4.041.835.121
07/06/2024;04:40:00;GRAO MOGOL;Iluminação deficiente;Atropelamento de Pedestre;Com Vítimas Feridas;Plena Noite;Crescente;Céu Claro;Simples;Reta;-162.987.657;-4.273.773.199
07/06/2024;00:10:00;NOSSA SENHORA DO LIVRAMENTO;Animais na Pista;Atropelamento de Animal;Sem Vítimas;Anoitecer;Crescente;Céu Claro;Simples;Reta;-1.569.830.702;-5.646.160.899
07/06/2024;07:20:00;DOIS IRMAOS;Conversão proibida;Colisão transversal;Com Vítimas Feridas;Pleno dia;Crescente;Céu Claro;Simples;"Reta;Interseção de Vias;Em Obras";-2.958.096.695;-5.109.515.511
07/06/2024;07:45:00;JABOATAO DOS GUARARAPES;Manobra de mudança de faixa;Colisão lateral mesmo sentido;Com Vítimas Feridas;Pleno dia;Crescente;Céu Claro;Simples;Interseção de Vias;-8.141.167;-34.946.688
07/06/2024;07:05:00;ITABAIANA;Acostamento em desnível;Colisão traseira;Com Vítimas Feridas;Pleno dia;Crescente;Nublado;Simples;Reta;-10.731.889;-37.411.335
07/06/2024;07:56:00;SERRA;Manobra de mudança de faixa;Colisão lateral mesmo sentido;Com Vítimas Feridas;Pleno dia;Crescente;Céu Claro;Simples;Reta;-20.190.199;-4.026.828.891
07/06/2024;09:45:00;SERRA;Demais falhas na via;Tombamento;Com Vítimas Feridas;Pleno dia;Crescente;Céu Claro;Dupla;"Curva;Viaduto";-2.022.662.056;-4.027.075.088
07/06/2024;08:37:00;CAMPO MOURAO;Desrespeitar a preferência no cruzamento;Colisão transversal;Com Vítimas Feridas;Pleno dia;Crescente;Céu Claro;Dupla;"Reta;Interseção de Vias";-2.405.475.193;-5.241.061.403
07/06/2024;10:55:00;VITORIA DA CONQUISTA;Desrespeitar a preferência no cruzamento;Colisão transversal;Com Vítimas Feridas;Pleno dia;Crescente;Céu Claro;Simples;"Rotatória;Reta";-1.487.324.497;-4.087.135.261
07/06/2024;10:00:00;SINOP;Manobra de mudança de faixa;Colisão lateral mesmo sentido;Com Vítimas Feridas;Pleno dia;Decrescente;Céu Claro;Dupla;"Retorno Regulamentado;Reta";-119.223.471;-5.551.122.844
07/06/2024;08:50:00;SAO FRANCISCO;Acumulo de água sobre o pavimento;Saída de leito carroçável;Sem Vítimas;Pleno dia;Crescente;Chuva;Dupla;Reta;-10.329.305;-3.689.429
07/06/2024;11:50:00;ARES;Demais falhas na via;Colisão lateral mesmo sentido;Com Vítimas Feridas;Pleno dia;Decrescente;Sol;Dupla;Reta;-617.193.583;-3.521.976.075
07/04/2024;18:40:00;TERESINA;Ultrapassagem Indevida;Colisão lateral mesmo sentido;Com Vítimas Feridas;Plena Noite;Decrescente;Céu Claro;Múltipla;Reta;-515.584.638;-4.277.173.332
07/06/2024;14:45:00;DIVISA ALEGRE;Velocidade Incompatível;Saída de leito carroçável;Com Vítimas Feridas;Pleno dia;Decrescente;Céu Claro;Simples;Reta;-1.575.827.513;-413.319.115
07/06/2024;15:50:00;NOVA IGUACU;Frear bruscamente;Colisão traseira;Com Vítimas Feridas;Pleno dia;Decrescente;Céu Claro;Dupla;Reta;-22.761.312;-43.423.492
07/06/2024;16:40:00;SOBRADO;Chuva;Saída de leito carroçável;Com Vítimas Feridas;Pleno dia;Decrescente;Chuva;Dupla;Curva;-71.894;-352.596
07/06/2024;13:20:00;GUAPIMIRIM;Desrespeitar a preferência no cruzamento;Colisão transversal;Com Vítimas Feridas;Pleno dia;Decrescente;Sol;Dupla;"Reta;Retorno Regulamentado;Interseção de Vias";-22.535.843;-4.299.125
07/06/2024;16:00:00;AGUAS LINDAS DE GOIAS;Velocidade Incompatível;Saída de leito carroçável;Com Vítimas Fatais;Pleno dia;Crescente;Céu Claro;Dupla;Curva;-15.767.021;-48.229.945
07/06/2024;15:35:00;EXTREMA;Velocidade Incompatível;Tombamento;Com Vítimas Feridas;Pleno dia;Decrescente;Céu Claro;Dupla;Reta;-2.286.021.873;-4.634.260.711
07/06/2024;18:35:00;JARAGUA;Ultrapassagem Indevida;Colisão frontal;Com Vítimas Fatais;Anoitecer;Crescente;Céu Claro;Simples;"Aclive;Reta";-1.561.825.648;-4.939.446.243
07/06/2024;19:00:00;GUARULHOS;Iluminação deficiente;Atropelamento de Animal;Com Vítimas Feridas;Plena Noite;Decrescente;Nublado;Múltipla;"Reta;Aclive";-2.343.608.315;-4.642.805.094
07/06/2024;16:10:00;RIO BRILHANTE;Animais na Pista;Atropelamento de Animal;Com Vítimas Feridas;Pleno dia;Crescente;Céu Claro;Simples;Reta;-2.167.253.181;-5.446.311.412
07/06/2024;19:30:00;CABEDELO;Manobra de mudança de faixa;Colisão lateral mesmo sentido;Com Vítimas Feridas;Plena Noite;Decrescente;Nublado;Dupla;Reta;-70.596;-348.506
07/06/2024;19:30:00;RECIFE;Manobra de mudança de faixa;Colisão lateral mesmo sentido;Com Vítimas Feridas;Plena Noite;Decrescente;Nublado;Dupla;Reta;-8.132.563;-34.946.192
07/06/2024;18:10:00;IBIA;Deficiência do Sistema de Iluminação/Sinalização;Colisão traseira;Com Vítimas Fatais;Anoitecer;Decrescente;Céu Claro;Simples;"Declive;Reta";-1.956.146.244;-4.675.136.089
07/06/2024;19:00:00;JABOATAO DOS GUARARAPES;Acumulo de água sobre o pavimento;Saída de leito carroçável;Sem Vítimas;Plena Noite;Decrescente;Chuva;Dupla;Curva;-8.093.707;-35.031.785
07/06/2024;18:50:00;JOINVILLE;Manobra de mudança de faixa;Colisão lateral mesmo sentido;Com Vítimas Feridas;Plena Noite;Crescente;Céu Claro;Dupla;Reta;-2.628.215.489;-4.888.973.081
07/06/2024;18:00:00;ITAMBACURI;Iluminação deficiente;Colisão traseira;Com Vítimas Fatais;Plena Noite;Decrescente;Céu Claro;Simples;Reta;-18.039.639;-41.657.013
07/06/2024;20:07:00;GUARANIACU;Ultrapassagem Indevida;Colisão frontal;Com Vítimas Feridas;Plena Noite;Crescente;Nublado;Simples;Reta;-25.091.649;-52.949.265
07/06/2024;21:15:00;ITAMONTE;Conversão proibida;Colisão frontal;Com Vítimas Feridas;Plena Noite;Crescente;Céu Claro;Simples;Reta;-2.230.074.263;-4.486.208.652
07/06/2024;20:30:00;NOVA IGUACU;Frear bruscamente;Colisão traseira;Com Vítimas Feridas;Plena Noite;Decrescente;Céu Claro;Simples;Reta;-22.839.184;-43.610.451
07/06/2024;20:10:00;CANOINHAS;Acesso irregular;Queda de ocupante de veículo;Com Vítimas Feridas;Plena Noite;Decrescente;Céu Claro;Simples;Reta;-2.619.014.736;-5.038.186.997
07/06/2024;22:15:00;BETIM;Velocidade Incompatível;Saída de leito carroçável;Com Vítimas Feridas;Plena Noite;Decrescente;Céu Claro;Dupla;"Interseção de Vias;Reta";-199.781.888;-4.425.533.295
07/06/2024;19:15:00;MUCAJAI;Ultrapassagem Indevida;Colisão lateral sentido oposto;Com Vítimas Feridas;Pleno dia;Decrescente;Nublado;Simples;Reta;2.288.826;-60.948.849