data_inversa;horario;municipio;causa_acidente;tipo_acidente;classificacao_acidente;fase_dia;sentido_via;condicao_metereologica;tipo_pista;tracado_via;latitude;longitude
14/06/2024;18:15:00;FORTALEZA;Acesso irregular;Colisão traseira;Com Vítimas Feridas;Plena Noite;Crescente;Céu Claro;Múltipla;"Reta;Declive";-3.852.077;-38.495.525
14/06/2024;18:35:00;CASCAVEL;Velocidade Incompatível;Saída de leito carroçável;Sem Vítimas;Plena Noite;Decrescente;Céu Claro;Múltipla;"Reta;Interseção de Vias;Declive";-249.643.116;-5.340.845.704
14/06/2024;18:38:00;GUARULHOS;Frear bruscamente;Colisão traseira;Sem Vítimas;Plena Noite;Decrescente;Céu Claro;Múltipla;Reta;-2.347.093.408;-4.651.631.097
14/06/2024;16:40:00;BETIM;Manobra de mudança de faixa;Colisão lateral mesmo sentido;Com Vítimas Feridas;Pleno dia;Crescente;Céu Claro;Dupla;"Reta;Declive";-1.995.531.717;-4.411.722.196
14/06/2024;17:45:00;SANTO AMARO DA IMPERATRIZ;Conversão proibida;Colisão lateral mesmo sentido;Com Vítimas Feridas;Anoitecer;Decrescente;Céu Claro;Simples;Reta;-27.679.737;-48.786.785
14/06/2024;18:50:00;FOZ DO IGUACU;Manobra de mudança de faixa;Colisão lateral mesmo sentido;Com Vítimas Feridas;Plena Noite;Crescente;Céu Claro;Dupla;Reta;-254.777.405;-5.458.400.488
14/06/2024;18:40:00;GUAPO;Animais na Pista;Saída de leito carroçável;Com Vítimas Feridas;Plena Noite;Crescente;Céu Claro;Dupla;Curva;-168.222;-49.534
14/06/2024;19:00:00;GUARULHOS;Manobra de mudança de faixa;Queda de ocupante de veículo;Com Vítimas Feridas;Plena Noite;Crescente;Céu Claro;Múltipla;Reta;-2.345.056.589;-4.646.258.105
14/06/2024;19:30:00;PALHOCA;Manobra de mudança de faixa;Colisão lateral mesmo sentido;Com Vítimas Feridas;Plena Noite;Decrescente;Céu Claro;Múltipla;Reta;-2.762.996.929;-4.865.903.871
14/06/2024;18:45:00;CURITIBA;Manobra de mudança de faixa;Colisão lateral mesmo sentido;Com Vítimas Feridas;Anoitecer;Decrescente;Céu Claro;Dupla;Reta;-2.555.953.326;-4.926.560.414
14/06/2024;18:40:00;MANDAGUACU;Deficiência do Sistema de Iluminação/Sinalização;Colisão traseira;Com Vítimas Fatais;Plena Noite;Crescente;Céu Claro;Dupla;"Reta;Declive";-2.332.908.302;-5.211.162.178
14/06/2024;19:20:00;SANTA MARIANA;Animais na Pista;Capotamento;Com Vítimas Feridas;Plena Noite;Crescente;Céu Claro;Simples;Reta;-2.313.628.942;-5.047.991.395
14/06/2024;16:00:00;TERESOPOLIS;Conversão proibida;Colisão lateral sentido oposto;Com Vítimas Feridas;Pleno dia;Crescente;Céu Claro;Simples;Interseção de Vias;-2.236.266.735;-4.295.021.296
14/06/2024;20:50:00;NOVA IGUACU;Acesso irregular;Colisão transversal;Com Vítimas Feridas;Plena Noite;Crescente;Céu Claro;Simples;Reta;-22.831.354;-43.615.128
14/06/2024;10:00:00;MASCOTE;Acumulo de água sobre o pavimento;Saída de leito carroçável;Com Vítimas Feridas;Pleno dia;Crescente;Chuva;Simples;"Aclive;Curva";-15.858.785;-39.520.394
14/06/2024;08:00:00;CAMPINA GRANDE;Demais falhas na via;Tombamento;Com Vítimas Feridas;Plena Noite;Decrescente;Chuva;Simples;Reta;-7.185.413;-35.975.773
14/06/2024;22:27:00;SAO JOSE DOS CAMPOS;Animais na Pista;Colisão lateral mesmo sentido;Com Vítimas Feridas;Plena Noite;Decrescente;Céu Claro;Dupla;Reta;-2.324.524.337;-4.592.772.774
14/06/2024;18:40:00;BRASILEIRA;Ultrapassagem Indevida;Colisão frontal;Com Vítimas Fatais;Plena Noite;Crescente;Céu Claro;Simples;Reta;-4.047.121;-41.771.477
14/06/2024;23:45:00;CONGONHAS;Ultrapassagem Indevida;Colisão lateral mesmo sentido;Com Vítimas Feridas;Plena Noite;Decrescente;Céu Claro;Simples;Reta;-2.048.427.186;-4.383.895.771
14/06/2024;23:45:00;CAMPO GRANDE;Animais na Pista;Atropelamento de Animal;Com Vítimas Feridas;Plena Noite;Decrescente;Céu Claro;Simples;Reta;-2.056.323.754;-5.461.259.399
15/06/2024;01:45:00;JUIZ DE FORA;Velocidade Incompatível;Colisão traseira;Com Vítimas Feridas;Plena Noite;Crescente;Garoa/Chuvisco;Simples;Reta;-2.179.071.223;-4.367.401.443
15/06/2024;01:30:00;RIO DE JANEIRO;Manobra de mudança de faixa;Colisão lateral mesmo sentido;Com Vítimas Feridas;Plena Noite;Decrescente;Céu Claro;Dupla;Reta;-2.288.295.192;-4.364.094.302
15/06/2024;01:05:00;MANDIRITUBA;Velocidade Incompatível;Colisão com objeto;Sem Vítimas;Plena Noite;Crescente;Céu Claro;Simples;Interseção de Vias;-2.583.236.296;-4.933.609.707
15/06/2024;05:15:00;NOVA SANTA RITA;Conversão proibida;Colisão transversal;Sem Vítimas;Plena Noite;Decrescente;Céu Claro;Simples;Reta;-29.863.266;-51.252.903
15/06/2024;05:30:00;SANTA TEREZINHA DE ITAIPU;Condutor usando celular;Colisão traseira;Com Vítimas Feridas;Plena Noite;Crescente;Céu Claro;Dupla;"Reta;Viaduto";-2.544.290.885;-5.439.565.306
14/06/2024;18:46:00;COXIM;Desrespeitar a preferência no cruzamento;Tombamento;Com Vítimas Feridas;Anoitecer;Crescente;Céu Claro;Simples;Reta;-1.853.607.086;-5.474.294.349
15/06/2024;07:30:00;FEIRA DE SANTANA;Conversão proibida;Atropelamento de Pedestre;Com Vítimas Feridas;Pleno dia;Crescente;Céu Claro;Simples;Reta;-122.417.119;-3.893.768.485
15/06/2024;07:00:00;POMBOS;Acumulo de água sobre o pavimento;Saída de leito carroçável;Com Vítimas Feridas;Pleno dia;Crescente;Chuva;Dupla;Reta;-812.919.504;-3.535.716.398
15/06/2024;06:10:00;BRASILIA;Manobra de mudança de faixa;Colisão traseira;Com Vítimas Feridas;Amanhecer;Decrescente;Céu Claro;Dupla;"Aclive;Reta";-15.895.438;-48.104.771
15/06/2024;07:30:00;UBERLANDIA;Desrespeitar a preferência no cruzamento;Colisão transversal;Com Vítimas Feridas;Pleno dia;Crescente;Céu Claro;Simples;"Interseção de Vias;Reta";-1.885.140.204;-4.825.345.932
23/05/2024;06:40:00;PORTO BELO;Manobra de mudança de faixa;Colisão traseira;Com Vítimas Feridas;Pleno dia;Decrescente;Nublado;Dupla;Retorno Regulamentado;-27.181.625;-486.121.179
15/06/2024;06:30:00;CARANDAI;Desrespeitar a preferência no cruzamento;Colisão transversal;Com Vítimas Feridas;Pleno dia;Crescente;Céu Claro;Simples;"Retorno Regulamentado;Reta;Interseção de Vias";-20.943.393;-43.810.086
15/06/2024;08:15:00;MAGE;Velocidade Incompatível;Saída de leito carroçável;Com Vítimas Feridas;Pleno dia;Crescente;Sol;Simples;Curva;-2.265.667;-43.088.413
15/06/2024;08:40:00;ANGRA DOS REIS;Desrespeitar a preferência no cruzamento;Colisão transversal;Com Vítimas Feridas;Pleno dia;Decrescente;Céu Claro;Simples;Interseção de Vias;-2.300.453;-4.429.746
15/06/2024;12:10:00;SAO JOSE DOS PINHAIS;Demais falhas na via;Tombamento;Com Vítimas Feridas;Pleno dia;Crescente;Sol;Dupla;"Aclive;Reta";-2.556.174.819;-4.901.521.551
15/06/2024;11:45:00;MORENO;Acumulo de água sobre o pavimento;Saída de leito carroçável;Sem Vítimas;Pleno dia;Decrescente;Chuva;Dupla;Curva;-809.822.484;-3.506.316.202
15/06/2024;12:40:00;MARINGA;Velocidade Incompatível;Colisão traseira;Com Vítimas Feridas;Pleno dia;Crescente;Céu Claro;Múltipla;Interseção de Vias;-2.338.183;-5.191.272
15/06/2024;10:45:00;IRANI;Ultrapassagem Indevida;Colisão lateral mesmo sentido;Com Vítimas Feridas;Pleno dia;Crescente;Sol;Simples;Reta;-26.937.757;-51.868.366
07/05/2024;09:30:00;LAJEDINHO;Velocidade Incompatível;Saída de leito carroçável;Com Vítimas Feridas;Pleno dia;Crescente;Nublado;Simples;Curva;-1.245.895.463;-4.099.518.299
15/06/2024;14:00:00;HORIZONTE;Curva acentuada;Colisão com objeto;Com Vítimas Feridas;Pleno dia;Crescente;Céu Claro;Dupla;"Viaduto;Aclive;Curva";-409.092.057;-385.034.409
15/06/2024;10:20:00;CERRITO;Acostamento em desnível;Saída de leito carroçável;Com Vítimas Feridas;Pleno dia;Crescente;Nublado;Simples;Reta;-3.174.187.865;-5.277.644.296
15/06/2024;11:40:00;SUME;Conversão proibida;Colisão frontal;Com Vítimas Feridas;Pleno dia;Crescente;Chuva;Simples;Reta;-7.686.819;-36.898.468
15/06/2024;12:30:00;RIO BRANCO;Ultrapassagem Indevida;Colisão lateral mesmo sentido;Com Vítimas Feridas;Pleno dia;Decrescente;Céu Claro;Dupla;Rotatória;-996.112.502;-6.785.646.604
14/06/2024;18:10:00;PAULISTA;Acesso irregular;Tombamento;Com Vítimas Feridas;Plena Noite;Crescente;Chuva;Dupla;"Curva;Declive";-797.553.084;-3.492.295.682
15/06/2024;15:30:00;CONTAGEM;Acumulo de areia ou detritos sobre o pavimento;Tombamento;Com Vítimas Feridas;Pleno dia;Crescente;Céu Claro;Dupla;"Curva;Interseção de Vias;Aclive";-199.138.751;-4.404.047.728
15/06/2024;16:40:00;SERRA;Manobra de mudança de faixa;Colisão lateral mesmo sentido;Com Vítimas Feridas;Pleno dia;Decrescente;Céu Claro;Múltipla;Reta;-2.017.292.791;-4.026.736.384
15/06/2024;12:00:00;UBAPORANGA;Ultrapassagem Indevida;Colisão frontal;Com Vítimas Fatais;Pleno dia;Crescente;Sol;Simples;Curva;-1.965.371.791;-4.211.137.522
15/06/2024;16:35:00;NOVA GRANADA;Desrespeitar a preferência no cruzamento;Colisão transversal;Com Vítimas Feridas;Pleno dia;Crescente;Céu Claro;Simples;Interseção de Vias;-2.053.857.207;-4.933.057.559
15/06/2024;17:20:00;MUCURI;Ultrapassagem Indevida;Colisão frontal;Com Vítimas Fatais;Anoitecer;Crescente;Céu Claro;Simples;Aclive;-18.031.793;-3.986.429
15/06/2024;14:40:00;SANTIAGO;Acumulo de água sobre o pavimento;Saída de leito carroçável;Com Vítimas Feridas;Pleno dia;Decrescente;Chuva;Simples;"Curva;Declive";-2.932.031.501;-5.475.962.812
15/06/2024;17:30:00;ACARI;Animais na Pista;Atropelamento de Animal;Com Vítimas Feridas;Anoitecer;Decrescente;Nublado;Simples;Aclive;-644.667.402;-3.663.596.012
15/06/2024;16:30:00;ARACATI;Manobra de mudança de faixa;Colisão lateral mesmo sentido;Com Vítimas Feridas;Anoitecer;Crescente;Nublado;Múltipla;"Declive;Reta";-457.573.881;-3.778.945.494
15/06/2024;16:35:00;ANGRA DOS REIS;Conversão proibida;Colisão transversal;Com Vítimas Feridas;Pleno dia;Decrescente;Céu Claro;Simples;Reta;-2.301.331.268;-4.428.361.913
15/06/2024;18:10:00;CABROBO;Animais na Pista;Atropelamento de Animal;Com Vítimas Feridas;Plena Noite;Crescente;Céu Claro;Simples;Declive;-8.525.343;-39.218.342
15/06/2024;17:23:00;MANHUACU;Velocidade Incompatível;Tombamento;Com Vítimas Feridas;Pleno dia;Crescente;Céu Claro;Simples;Reta;-2.018.726.337;-4.218.489.254
15/06/2024;18:20:00;JATAIZINHO;Acesso irregular;Colisão frontal;Com Vítimas Fatais;Plena Noite;Crescente;Céu Claro;Simples;"Curva;Declive";-2.328.214.988;-5.095.677.316
15/06/2024;18:29:00;CHOROZINHO;Manobra de mudança de faixa;Colisão frontal;Com Vítimas Feridas;Plena Noite;Crescente;Chuva;Simples;"Reta;Declive";-427.263.318;-3.849.159.144
15/06/2024;18:40:00;OSORIO;Velocidade Incompatível;Saída de leito carroçável;Com Vítimas Feridas;Plena Noite;Decrescente;Chuva;Dupla;Reta;-29.897.923;-50.304.722
15/06/2024;19:20:00;GURINHEM;Velocidade Incompatível;Colisão traseira;Sem Vítimas;Plena Noite;Crescente;Chuva;Dupla;Reta;-71.911;-354.716
15/06/2024;11:30:00;CEREJEIRAS;Manobra de mudança de faixa;Colisão lateral mesmo sentido;Com Vítimas Feridas;Pleno dia;Decrescente;Céu Claro;Dupla;Reta;-1.318.754.689;-6.075.678.299
15/06/2024;18:30:00;SAO JOSE;Manobra de mudança de faixa;Colisão traseira;Com Vítimas Feridas;Anoitecer;Decrescente;Céu Claro;Dupla;"Reta;Declive";-2.754.018.513;-4.862.287.714
15/06/2024;21:45:00;CANGUARETAMA;Acumulo de água sobre o pavimento;Saída de leito carroçável;Com Vítimas Feridas;Plena Noite;Decrescente;Chuva;Dupla;"Declive;Ponte";-638.592.723;-351.441.184
15/06/2024;20:20:00;CEU AZUL;Ultrapassagem Indevida;Saída de leito carroçável;Com Vítimas Feridas;Plena Noite;Crescente;Céu Claro;Simples;Reta;-25.173.714;-53.895.862
15/06/2024;16:15:00;GRAVATA;Velocidade Incompatível;Colisão com objeto;Com Vítimas Feridas;Anoitecer;Crescente;Chuva;Dupla;Reta;-819.541.469;-3.553.424.693
15/06/2024;23:08:00;BETIM;Animais na Pista;Atropelamento de Animal;Com Vítimas Feridas;Plena Noite;Crescente;Céu Claro;Dupla;"Reta;Aclive";-1.997.950.969;-4.422.480.941
15/06/2024;22:50:00;SAO MAMEDE;Ausência de sinalização;Colisão traseira;Sem Vítimas;Plena Noite;Crescente;Nublado;Simples;"Reta;Declive";-6.938.307;-3.709.694
15/06/2024;22:45:00;IPIXUNA DO PARA;Animais na Pista;Tombamento;Com Vítimas Feridas;Plena Noite;Crescente;Céu Claro;Simples;Reta;-252.242.202;-4.750.527.705
15/06/2024;22:40:00;ROLANDIA;Ultrapassagem Indevida;Colisão transversal;Com Vítimas Feridas;Plena Noite;Decrescente;Céu Claro;Simples;Reta;-2.331.556.999;-5.137.541.771
15/06/2024;22:50:00;SOUSA;Manobra de mudança de faixa;Colisão lateral mesmo sentido;Com Vítimas Feridas;Plena Noite;Decrescente;Chuva;Simples;Reta;-67.839;-382.775
16/06/2024;00:45:00;PORTO ALEGRE;Pista Escorregadia;Colisão com objeto;Sem Vítimas;Plena Noite;Crescente;Nublado;Múltipla;Curva;-29.970.839;-51.187.725
16/06/2024;00:30:00;JABOATAO DOS GUARARAPES;Acumulo de água sobre o pavimento;Saída de leito carroçável;Com Vítimas Feridas;Plena Noite;Crescente;Chuva;Dupla;Reta;-817.776;-34.951.802
16/06/2024;01:04:00;TUBARAO;Velocidade Incompatível;Colisão traseira;Com Vítimas Feridas;Plena Noite;Crescente;Chuva;Múltipla;Reta;-28.503.928;-49.048.381
16/06/2024;02:00:00;SANTO ANTONIO DO DESCOBERTO;Velocidade Incompatível;Colisão com objeto;Sem Vítimas;Plena Noite;Crescente;Céu Claro;Dupla;"Curva;Declive";-16.075.008;-4.826.657
16/06/2024;04:00:00;SAO PAULO;Velocidade Incompatível;Capotamento;Com Vítimas Feridas;Plena Noite;Crescente;Céu Claro;Múltipla;Curva;-2.346.855.784;-4.657.040.656
16/06/2024;02:30:00;SATUBA;Condutor usando celular;Colisão frontal;Com Vítimas Feridas;Plena Noite;Decrescente;Céu Claro;Simples;Curva;-958.847.626;-358.696.781
16/06/2024;04:00:00;PALHOCA;Velocidade Incompatível;Colisão com objeto;Com Vítimas Feridas;Plena Noite;Decrescente;Céu Claro;Dupla;Curva;-277.688.932;-4.863.205.379
15/06/2024;18:45:00;CONGONHAS;Ausência de sinalização;Colisão traseira;Com Vítimas Feridas;Plena Noite;Crescente;Céu Claro;Simples;"Reta;Declive";-2.054.270.644;-4.382.085.443
05/02/2024;14:10:00;SALVADOR;Manobra de mudança de faixa;Tombamento;Com Vítimas Feridas;Pleno dia;Decrescente;Céu Claro;Dupla;Reta;-12.921.044;-38.466.758
16/06/2024;06:50:00;ARARANGUA;Manobra de mudança de faixa;Colisão traseira;Sem Vítimas;Pleno dia;Decrescente;Chuva;Dupla;Reta;-2.888.548.916;-494.630.158
16/06/2024;08:10:00;CANINDE;Pista esburacada;Colisão com objeto;Com Vítimas Feridas;Pleno dia;Crescente;Chuva;Simples;"Aclive;Reta";-444.744.398;-3.933.936.102
16/06/2024;09:05:00;IBIPORA;Velocidade Incompatível;Saída de leito carroçável;Com Vítimas Feridas;Pleno dia;Decrescente;Céu Claro;Dupla;Curva;-23.260.747;-51.011.605
16/06/2024;09:35:00;CURITIBA;Animais na Pista;Saída de leito carroçável;Com Vítimas Feridas;Pleno dia;Crescente;Céu Claro;Dupla;"Reta;Declive";-254.314.668;-493.611.773
16/06/2024;10:07:00;SANTO AMARO DA IMPERATRIZ;Ultrapassagem Indevida;Colisão lateral sentido oposto;Com Vítimas Feridas;Pleno dia;Decrescente;Nublado;Simples;Reta;-2.770.116;-48.800.175
16/06/2024;10:55:00;ARAPONGAS;Manobra de mudança de faixa;Saída de leito carroçável;Com Vítimas Feridas;Pleno dia;Decrescente;Céu Claro;Dupla;Reta;-2.344.409.294;-5.142.298.937
16/06/2024;09:45:00;RIO PARDO;Chuva;Saída de leito carroçável;Com Vítimas Feridas;Pleno dia;Decrescente;Chuva;Simples;"Aclive;Curva";-299.114.103;-5.239.137.411
16/06/2024;11:00:00;PANTANO GRANDE;Desrespeitar a preferência no cruzamento;Colisão transversal;Com Vítimas Feridas;Pleno dia;Decrescente;Chuva;Simples;Rotatória;-3.018.697.986;-5.235.809.326
16/06/2024;12:20:00;SAO JOSE DO RIO PRETO;Manobra de mudança de faixa;Tombamento;Com Vítimas Feridas;Pleno dia;Decrescente;Céu Claro;Dupla;"Reta;Declive";-2.081.325.404;-4.935.675.563
16/06/2024;13:20:00;SAO GONCALO DO AMARANTE;Velocidade Incompatível;Colisão traseira;Sem Vítimas;Pleno dia;Crescente;Nublado;Dupla;Reta;-575.570.118;-3.530.728.507
16/06/2024;11:30:00;RIO BRANCO;Manobra de mudança de faixa;Colisão lateral mesmo sentido;Com Vítimas Feridas;Pleno dia;Decrescente;Sol;Dupla;Reta;-1.001.005.063;-6.784.552.927
16/06/2024;13:30:00;UBERLANDIA;Velocidade Incompatível;Saída de leito carroçável;Com Vítimas Feridas;Pleno dia;Decrescente;Céu Claro;Dupla;Reta;-191.330.001;-481.715.527
16/06/2024;13:50:00;CAMBIRA;Velocidade Incompatível;Saída de leito carroçável;Com Vítimas Feridas;Pleno dia;Crescente;Sol;Dupla;Curva;-2.360.186.302;-5.160.153.866
16/06/2024;13:30:00;POUSO ALTO;Velocidade Incompatível;Saída de leito carroçável;Com Vítimas Feridas;Pleno dia;Decrescente;Céu Claro;Simples;"Aclive;Curva";-2.217.071.402;-4.496.390.985
16/06/2024;14:50:00;TERESINA;Velocidade Incompatível;Colisão com objeto;Com Vítimas Feridas;Pleno dia;Decrescente;Céu Claro;Múltipla;Curva;-512.826.443;-4.279.292.384
16/06/2024;15:55:00;CAXIAS DO SUL;Acumulo de água sobre o pavimento;Saída de leito carroçável;Sem Vítimas;Pleno dia;Crescente;Chuva;Simples;"Curva;Declive";-291.829.343;-5.116.801.501
16/06/2024;16:20:00;PINDAMONHANGABA;Manobra de mudança de faixa;Colisão traseira;Com Vítimas Feridas;Pleno dia;Crescente;Céu Claro;Dupla;"Reta;Aclive";-2.296.945.055;-4.543.869.623
16/06/2024;16:45:00;BRASILIA;Manobra de mudança de faixa;Saída de leito carroçável;Com Vítimas Feridas;Pleno dia;Decrescente;Céu Claro;Dupla;"Reta;Declive";-15.579.221;-47.494.339
16/06/2024;16:00:00;TRES PASSOS;Chuva;Saída de leito carroçável;Com Vítimas Feridas;Pleno dia;Decrescente;Chuva;Simples;Reta;-2.748.388.229;-5.390.197.117
15/06/2024;00:30:00;LONTRAS;Velocidade Incompatível;Saída de leito carroçável;Com Vítimas Feridas;Plena Noite;Crescente;Céu Claro;Simples;Curva;-27.148.499;-49.556.137
16/06/2024;16:10:00;CONSELHEIRO LAFAIETE;Conversão proibida;Colisão transversal;Com Vítimas Feridas;Pleno dia;Decrescente;Céu Claro;Simples;Reta;-2.065.824.152;-4.380.259.134
16/06/2024;16:40:00;SABARA;Conversão proibida;Colisão lateral mesmo sentido;Com Vítimas Feridas;Pleno dia;Decrescente;Céu Claro;Simples;"Declive;Reta";-198.183.901;-4.381.131.985
16/06/2024;18:30:00;AQUIRAZ;Pista esburacada;Colisão com objeto;Com Vítimas Feridas;Plena Noite;Decrescente;Céu Claro;Dupla;Reta;-402.676.186;-3.851.392.889
16/06/2024;16:45:00;MONTE ALEGRE DE MINAS;Velocidade Incompatível;Capotamento;Com Vítimas Feridas;Pleno dia;Crescente;Céu Claro;Dupla;Reta;-1.885.895.798;-4.907.613.398
16/06/2024;19:00:00;JABOATAO DOS GUARARAPES;Manobra de mudança de faixa;Queda de ocupante de veículo;Com Vítimas Feridas;Plena Noite;Decrescente;Céu Claro;Dupla;Reta;-818.470.013;-3.496.816.895
16/06/2024;18:00:00;RIO VERDE;Falta de elemento de contenção que evite a saída do leito carroçável;Saída de leito carroçável;Sem Vítimas;Anoitecer;Decrescente;Céu Claro;Dupla;Curva;-178.235;-510.254
16/06/2024;19:00:00;JOINVILLE;Manobra de mudança de faixa;Colisão lateral mesmo sentido;Com Vítimas Feridas;Plena Noite;Decrescente;Céu Claro;Dupla;Curva;-2.638.208.279;-4.885.146.439
16/06/2024;19:00:00;PELOTAS;Pista Escorregadia;Saída de leito carroçável;Sem Vítimas;Plena Noite;Crescente;Chuva;Simples;"Reta;Aclive";-3.162.766;-52.499.901
16/06/2024;19:15:00;GAROPABA;Manobra de mudança de faixa;Colisão lateral mesmo sentido;Sem Vítimas;Plena Noite;Decrescente;Chuva;Dupla;Reta;-280.353.863;-4.870.884.453
16/06/2024;19:10:00;SAO JOSE DO CEDRO;Desrespeitar a preferência no cruzamento;Colisão transversal;Sem Vítimas;Plena Noite;Decrescente;Chuva;Simples;"Interseção de Vias;Reta";-2.645.477.506;-5.351.000.187
16/06/2024;19:00:00;PONTA GROSSA;Velocidade Incompatível;Capotamento;Com Vítimas Feridas;Plena Noite;Crescente;Ignorado;Dupla;Reta;-2.514.692.309;-5.015.072.006
16/06/2024;09:50:00;ARAGUARI;Velocidade Incompatível;Tombamento;Com Vítimas Feridas;Pleno dia;Decrescente;Céu Claro;Dupla;Curva;-1.842.432;-48.068.207
16/06/2024;18:02:00;INHAMBUPE;Animais na Pista;Atropelamento de Animal;Com Vítimas Feridas;Anoitecer;Crescente;Céu Claro;Simples;Reta;-1.162.199.103;-3.830.115.484
16/06/2024;18:30:00;JAGUARAO;Animais na Pista;Atropelamento de Animal;Sem Vítimas;Plena Noite;Decrescente;Nublado;Simples;Reta;-3.242.400.304;-5.324.303.896
16/06/2024;18:20:00;PIRAI;Velocidade Incompatível;Capotamento;Com Vítimas Feridas;Plena Noite;Crescente;Céu Claro;Dupla;Curva;-2.262.453.834;-4.391.765.203
16/06/2024;20:25:00;CAMPO REDONDO;Animais na Pista;Atropelamento de Animal;Com Vítimas Feridas;Plena Noite;Crescente;Nublado;Simples;Reta;-62.050.532;-3.619.084.114
16/06/2024;23:00:00;SARANDI;Velocidade Incompatível;Colisão com objeto;Sem Vítimas;Plena Noite;Crescente;Nublado;Dupla;Reta;-2.345.091.407;-5.185.498.595
16/06/2024;23:00:00;INHAMBUPE;Manobra de mudança de faixa;Colisão frontal;Com Vítimas Fatais;Plena Noite;Decrescente;Céu Claro;Simples;Reta;-1.178.646;-38.348.278
17/06/2024;03:00:00;ICARA;Chuva;Saída de leito carroçável;Com Vítimas Feridas;Plena Noite;Crescente;Chuva;Múltipla;Reta;-2.872.014.713;-4.923.508.784
17/06/2024;02:15:00;CASCAVEL;Velocidade Incompatível;Saída de leito carroçável;Com Vítimas Feridas;Plena Noite;Decrescente;Céu Claro;Dupla;Curva;-24.897.235;-53.533.793
17/06/2024;01:00:00;BOA VISTA;Animais na Pista;Atropelamento de Animal;Sem Vítimas;Plena Noite;Crescente;Céu Claro;Simples;Reta;345.886.196;-609.101.147
17/06/2024;02:30:00;CANTA;Animais na Pista;Atropelamento de Animal;Sem Vítimas;Plena Noite;Decrescente;Nevoeiro/Neblina;Simples;Reta;205.963.556;-606.478.849
17/06/2024;05:45:00;CONTAGEM;Pista Escorregadia;Queda de ocupante de veículo;Com Vítimas Feridas;Amanhecer;Crescente;Garoa/Chuvisco;Dupla;Curva;-198.754.469;-4.405.345.586
17/06/2024;05:35:00;BELEM;Ultrapassagem Indevida;Colisão frontal;Com Vítimas Fatais;Amanhecer;Decrescente;Nevoeiro/Neblina;Simples;Reta;-95.313.579;-3.653.281.787
17/06/2024;06:20:00;BUERAREMA;Velocidade Incompatível;Saída de leito carroçável;Com Vítimas Feridas;Pleno dia;Decrescente;Céu Claro;Simples;Curva;-1.504.082.291;-3.933.198.118
17/06/2024;05:45:00;BALNEARIO CAMBORIU;Velocidade Incompatível;Colisão traseira;Com Vítimas Feridas;Amanhecer;Crescente;Chuva;Dupla;Reta;-270.157.238;-4.861.192.763
17/06/2024;01:00:00;CACERES;Animais na Pista;Atropelamento de Animal;Sem Vítimas;Plena Noite;Decrescente;Céu Claro;Simples;Reta;-1.587.641.614;-5.782.901.921
17/06/2024;07:30:00;SANTA BARBARA DO LESTE;Pista Escorregadia;Tombamento;Com Vítimas Feridas;Pleno dia;Decrescente;Céu Claro;Múltipla;"Curva;Aclive";-2.000.117.809;-4.214.034.158
17/06/2024;08:00:00;GOIANIA;Manobra de mudança de faixa;Colisão lateral mesmo sentido;Com Vítimas Feridas;Pleno dia;Crescente;Céu Claro;Dupla;Reta;-167.033;-492.311
17/06/2024;08:30:00;BENTO GONCALVES;Pista Escorregadia;Colisão com objeto;Com Vítimas Feridas;Pleno dia;Crescente;Nublado;Simples;Curva;-2.911.647.449;-5.154.258.383
12/05/2024;22:50:00;PINHALZINHO;Velocidade Incompatível;Saída de leito carroçável;Com Vítimas Feridas;Plena Noite;Crescente;Chuva;Simples;Curva;-26.863.194;-52.974.529
17/06/2024;07:20:00;DOM ELISEU;Ultrapassagem Indevida;Colisão lateral mesmo sentido;Com Vítimas Feridas;Pleno dia;Crescente;Céu Claro;Simples;"Reta;Em Obras";-432.363;-47.696.621
16/06/2024;15:00:00;POUSO ALEGRE;Velocidade Incompatível;Saída de leito carroçável;Com Vítimas Feridas;Pleno dia;Crescente;Ignorado;Dupla;Aclive;-2.232.639.206;-4.591.202.259
17/06/2024;09:20:00;ALFREDO WAGNER;Velocidade Incompatível;Colisão transversal;Com Vítimas Feridas;Pleno dia;Crescente;Chuva;Simples;Curva;-27.698.915;-49.297.039
04/03/2024;20:00:00;PARATY;Animais na Pista;Atropelamento de Animal;Com Vítimas Feridas;Plena Noite;Decrescente;Céu Claro;Simples;"Declive;Curva";-2.325.631.092;-4.469.897.659
12/05/2024;18:30:00;SAO MATEUS DO SUL;Ultrapassagem Indevida;Colisão transversal;Com Vítimas Feridas;Plena Noite;Crescente;Céu Claro;Simples;Reta;-25.875.048;-50.390.919
17/06/2024;07:45:00;UBERABA;Animais na Pista;Atropelamento de Animal;Com Vítimas Feridas;Pleno dia;Crescente;Céu Claro;Dupla;Reta;-1.977.848.216;-4.792.194.709
17/06/2024;10:20:00;ALFREDO WAGNER;Velocidade Incompatível;Saída de leito carroçável;Com Vítimas Feridas;Pleno dia;Decrescente;Chuva;Simples;Curva;-2.776.029.325;-4.939.695.597
17/06/2024;11:15:00;IRACEMINHA;Acumulo de água sobre o pavimento;Colisão transversal;Com Vítimas Feridas;Pleno dia;Decrescente;Chuva;Simples;Reta;-26.799.004;-53.332.302