data_inversa;horario;municipio;causa_acidente;tipo_acidente;classificacao_acidente;fase_dia;sentido_via;condicao_metereologica;tipo_pista;tracado_via;latitude;longitude
17/06/2024;12:30:00;LONDRINA;Acesso irregular;Colisão transversal;Sem Vítimas;Pleno dia;Crescente;Céu Claro;Dupla;"Reta;Interseção de Vias";-2.329.315.073;-5.113.459.826
17/04/2024;18:10:00;TIMOTEO;Ausência de sinalização;Colisão com objeto;Com Vítimas Feridas;Plena Noite;Crescente;Céu Claro;Simples;"Ponte;Em Obras;Reta";-1.952.415.961;-4.265.562.057
17/06/2024;13:55:00;RIO NEGRINHO;Acumulo de água sobre o pavimento;Queda de ocupante de veículo;Com Vítimas Feridas;Pleno dia;Crescente;Garoa/Chuvisco;Simples;"Curva;Rotatória;Interseção de Vias";-2.623.768.983;-4.949.426.115
13/06/2024;07:55:00;ARAPONGAS;Ultrapassagem Indevida;Colisão transversal;Com Vítimas Feridas;Pleno dia;Decrescente;Céu Claro;Simples;"Interseção de Vias;Reta";-23.412.154;-5.142.733
17/06/2024;15:30:00;UBERLANDIA;Velocidade Incompatível;Colisão traseira;Com Vítimas Feridas;Pleno dia;Decrescente;Sol;Dupla;"Reta;Declive;Interseção de Vias;Viaduto;Em Obras";-1.885.742.735;-482.520.175
17/06/2024;16:30:00;ANAPOLIS;Manobra de mudança de faixa;Colisão lateral mesmo sentido;Com Vítimas Feridas;Pleno dia;Crescente;Céu Claro;Múltipla;Reta;-163.774;-489.483
17/06/2024;17:00:00;NATAL;Manobra de mudança de faixa;Colisão traseira;Com Vítimas Feridas;Anoitecer;Decrescente;Nublado;Dupla;"Curva;Aclive";-577.706.303;-3.525.017.023
17/06/2024;14:55:00;CATANDUVAS;Pista Escorregadia;Saída de leito carroçável;Com Vítimas Feridas;Pleno dia;Decrescente;Garoa/Chuvisco;Simples;Curva;-27.057.882;-51.682.818
17/06/2024;17:20:00;GOIANIA;Manobra de mudança de faixa;Colisão lateral mesmo sentido;Com Vítimas Feridas;Anoitecer;Decrescente;Céu Claro;Dupla;"Reta;Declive";-166.854;-492.338
17/06/2024;17:23:00;CURITIBA;Frear bruscamente;Colisão com objeto;Com Vítimas Feridas;Plena Noite;Crescente;Céu Claro;Dupla;Reta;-255.599.323;-4.930.743.945
17/06/2024;14:00:00;JOINVILLE;Desrespeitar a preferência no cruzamento;Colisão transversal;Com Vítimas Feridas;Pleno dia;Crescente;Nublado;Simples;Reta;-261.834.739;-489.105.912
29/03/2024;23:40:00;PARATY;Acesso irregular;Colisão traseira;Com Vítimas Feridas;Plena Noite;Crescente;Garoa/Chuvisco;Simples;Reta;-2.305.383.012;-4.467.719.078
01/06/2024;16:00:00;BELO JARDIM;Acostamento em desnível;Queda de ocupante de veículo;Com Vítimas Feridas;Pleno dia;Decrescente;Céu Claro;Simples;Reta;-834.100.926;-3.638.709.684
17/06/2024;18:40:00;PALHOCA;Manobra de mudança de faixa;Colisão lateral mesmo sentido;Com Vítimas Feridas;Plena Noite;Decrescente;Nublado;Múltipla;Reta;-2.765.981.409;-4.867.747.798
17/06/2024;19:00:00;CONGONHAL;Ultrapassagem Indevida;Colisão lateral sentido oposto;Com Vítimas Feridas;Plena Noite;Crescente;Céu Claro;Simples;Reta;-22.153.194;-4.606.242
17/06/2024;12:25:00;MONTENEGRO;Velocidade Incompatível;Colisão lateral mesmo sentido;Com Vítimas Feridas;Pleno dia;Decrescente;Chuva;Dupla;Reta;-29.818.094;-51.382.572
17/06/2024;19:35:00;PALHOCA;Ultrapassagem Indevida;Colisão lateral mesmo sentido;Com Vítimas Feridas;Plena Noite;Crescente;Garoa/Chuvisco;Dupla;Reta;-2.765.981.409;-4.867.747.798
17/06/2024;20:42:00;MACAPA;Acesso irregular;Colisão transversal;Com Vítimas Feridas;Plena Noite;Decrescente;Chuva;Dupla;Reta;0.09828163;-5.111.978.128
17/06/2024;20:30:00;SAO JOSE;Velocidade Incompatível;Colisão com objeto;Sem Vítimas;Plena Noite;Decrescente;Garoa/Chuvisco;Dupla;Curva;-27.588.425;-48.612.919
17/06/2024;20:35:00;UPANEMA;Animais na Pista;Atropelamento de Animal;Com Vítimas Feridas;Plena Noite;Crescente;Céu Claro;Simples;Reta;-554.279.797;-373.251.036
17/06/2024;18:50:00;SANTA CECILIA;Conversão proibida;Colisão transversal;Com Vítimas Feridas;Plena Noite;Crescente;Chuva;Simples;Reta;-2.697.282.394;-5.040.309.796
17/06/2024;21:30:00;CONTAGEM;Acesso irregular;Queda de ocupante de veículo;Com Vítimas Feridas;Plena Noite;Decrescente;Céu Claro;Múltipla;Reta;-19.958.491;-44.059.125
17/06/2024;21:30:00;PALHOCA;Desrespeitar a preferência no cruzamento;Colisão transversal;Com Vítimas Feridas;Plena Noite;Decrescente;Garoa/Chuvisco;Simples;"Interseção de Vias;Reta";-2.764.443;-4.867.057
17/06/2024;19:35:00;JI-PARANA;Animais na Pista;Atropelamento de Animal;Com Vítimas Feridas;Plena Noite;Crescente;Céu Claro;Simples;Reta;-1.097.565;-61.917.217
17/06/2024;23:30:00;SANTA ISABEL;Manobra de mudança de faixa;Colisão com objeto;Sem Vítimas;Plena Noite;Decrescente;Nublado;Dupla;Reta;-233.888.147;-4.627.566.213
17/06/2024;23:40:00;RANCHO QUEIMADO;Velocidade Incompatível;Capotamento;Com Vítimas Feridas;Plena Noite;Decrescente;Chuva;Simples;Curva;-27.690.144;-49.083.813
18/06/2024;00:30:00;ALPERCATA;Animais na Pista;Atropelamento de Animal;Com Vítimas Feridas;Plena Noite;Crescente;Nublado;Simples;Reta;-1.897.267.469;-4.197.901.726
18/06/2024;07:10:00;CAXIAS DO SUL;Manobra de mudança de faixa;Colisão traseira;Com Vítimas Feridas;Pleno dia;Decrescente;Céu Claro;Múltipla;Reta;-29.168.428;-51.158.337
18/06/2024;06:55:00;CANDEIAS;Acumulo de água sobre o pavimento;Colisão com objeto;Com Vítimas Feridas;Pleno dia;Crescente;Nublado;Dupla;Reta;-1.270.742.041;-3.846.251.062
18/06/2024;06:23:00;CASIMIRO DE ABREU;Velocidade Incompatível;Capotamento;Com Vítimas Feridas;Pleno dia;Decrescente;Céu Claro;Dupla;Curva;-2.247.557.761;-4.217.219.006
18/06/2024;06:25:00;ESPERANCA;Ultrapassagem Indevida;Colisão frontal;Com Vítimas Fatais;Pleno dia;Crescente;Céu Claro;Simples;"Curva;Declive";-698.809.582;-358.299.852
18/06/2024;08:15:00;FORTALEZA;Manobra de mudança de faixa;Colisão lateral mesmo sentido;Com Vítimas Feridas;Pleno dia;Decrescente;Céu Claro;Dupla;Retorno Regulamentado;-389.617.918;-3.850.336.042
18/06/2024;05:20:00;CAMAPUA;Animais na Pista;Atropelamento de Animal;Sem Vítimas;Amanhecer;Decrescente;Céu Claro;Simples;Reta;-1.951.788.453;-5.387.878.618
09/06/2024;06:30:00;FAXINAL DOS GUEDES;Ultrapassagem Indevida;Colisão lateral mesmo sentido;Sem Vítimas;Amanhecer;Decrescente;Céu Claro;Simples;"Reta;Declive";-26.869.873;-52.309.698
18/06/2024;09:18:00;PORTO ALEGRE;Demais falhas na via;Tombamento;Com Vítimas Feridas;Pleno dia;Crescente;Céu Claro;Múltipla;Reta;-29.971.916;-51.176.838
18/06/2024;08:30:00;ATIBAIA;Desrespeitar a preferência no cruzamento;Queda de ocupante de veículo;Com Vítimas Feridas;Pleno dia;Crescente;Sol;Dupla;Retorno Regulamentado;-2.315.597.105;-465.740.155
09/06/2024;21:00:00;CAMPO GRANDE;Animais na Pista;Atropelamento de Animal;Com Vítimas Feridas;Plena Noite;Decrescente;Céu Claro;Simples;Reta;-20.473.866;-54.559.447
16/06/2024;01:25:00;CAJAZEIRAS;Animais na Pista;Eventos atípicos;Sem Vítimas;Plena Noite;Decrescente;Garoa/Chuvisco;Simples;Reta;-68.979;-385.233
18/06/2024;08:00:00;TAIPU;Ultrapassagem Indevida;Saída de leito carroçável;Sem Vítimas;Pleno dia;Crescente;Céu Claro;Simples;Reta;-565.414.395;-3.557.506.398
05/05/2024;18:55:00;ITAPUA DO OESTE;Ultrapassagem Indevida;Colisão frontal;Com Vítimas Fatais;Anoitecer;Decrescente;Céu Claro;Simples;Reta;-908.979.614;-6.328.675.308
14/03/2024;00:15:00;LUZIANIA;Deficiência do Sistema de Iluminação/Sinalização;Saída de leito carroçável;Com Vítimas Feridas;Plena Noite;Decrescente;Céu Claro;Simples;Interseção de Vias;-16.252.751;-47.900.453
18/06/2024;12:40:00;ABADIANIA;Manobra de mudança de faixa;Capotamento;Com Vítimas Feridas;Pleno dia;Crescente;Céu Claro;Dupla;Reta;-162.706;-487.699
18/06/2024;12:55:00;ARAUCARIA;Manobra de mudança de faixa;Colisão traseira;Com Vítimas Feridas;Pleno dia;Crescente;Céu Claro;Dupla;Reta;-2.560.639;-49.421.112
18/06/2024;10:20:00;CACERES;Ultrapassagem Indevida;Colisão frontal;Com Vítimas Fatais;Pleno dia;Crescente;Céu Claro;Simples;Reta;-15.944.708;-57.783.665
18/06/2024;13:41:00;LINHARES;Desrespeitar a preferência no cruzamento;Colisão transversal;Com Vítimas Feridas;Pleno dia;Decrescente;Céu Claro;Simples;"Interseção de Vias;Reta";-1.911.117.311;-4.005.900.079
18/06/2024;12:55:00;INDAIAL;Conversão proibida;Colisão transversal;Com Vítimas Feridas;Pleno dia;Crescente;Céu Claro;Simples;Reta;-2.687.952.155;-4.917.200.446
18/06/2024;14:01:00;BRASILIA;Manobra de mudança de faixa;Colisão lateral mesmo sentido;Com Vítimas Feridas;Pleno dia;Decrescente;Céu Claro;Dupla;Reta;-15.792.243;-48.158.543
18/06/2024;07:40:00;CAMPOS NOVOS;Acumulo de água sobre o pavimento;Saída de leito carroçável;Sem Vítimas;Pleno dia;Decrescente;Chuva;Simples;Reta;-27.491.199;-51.331.421
05/05/2024;15:48:00;URUCUCA;Demais Fenômenos da natureza;Queda de ocupante de veículo;Com Vítimas Feridas;Pleno dia;Crescente;Ignorado;Simples;Reta;-145.485.946;-3.933.729.351
18/01/2024;18:00:00;SALVADOR DO SUL;Acesso irregular;Colisão traseira;Com Vítimas Feridas;Pleno dia;Crescente;Céu Claro;Simples;Reta;-2.947.670.316;-5.148.819.737
18/06/2024;17:45:00;CHOROZINHO;Ultrapassagem Indevida;Colisão frontal;Com Vítimas Feridas;Anoitecer;Decrescente;Céu Claro;Simples;Declive;-428.125.187;-3.849.423.541
18/06/2024;19:00:00;SERRA;Manobra de mudança de faixa;Colisão lateral mesmo sentido;Com Vítimas Feridas;Plena Noite;Decrescente;Céu Claro;Múltipla;Reta;-201.816.849;-4.026.536.036
18/06/2024;18:35:00;SANTA MARIA;Frear bruscamente;Colisão traseira;Com Vítimas Feridas;Anoitecer;Decrescente;Nublado;Simples;Reta;-2.991.882.089;-5.372.558.534
18/06/2024;19:07:00;BRASILIA;Manobra de mudança de faixa;Colisão lateral mesmo sentido;Com Vítimas Feridas;Plena Noite;Crescente;Céu Claro;Dupla;Reta;-15.675.484;-47.823.761
18/06/2024;18:40:00;SAO MATEUS DO SUL;Ausência de sinalização;Colisão com objeto;Com Vítimas Feridas;Plena Noite;Crescente;Céu Claro;Simples;"Curva;Interseção de Vias";-25.894.287;-50.368.565
18/06/2024;18:50:00;MOSSORO;Animais na Pista;Atropelamento de Animal;Com Vítimas Feridas;Plena Noite;Crescente;Céu Claro;Simples;Reta;-537.857.529;-3.723.882.451
18/06/2024;21:05:00;FEIRA DE SANTANA;Desrespeitar a preferência no cruzamento;Colisão transversal;Com Vítimas Feridas;Plena Noite;Crescente;Nublado;Múltipla;Interseção de Vias;-12.185.808;-38.965.225
18/06/2024;19:30:00;JOINVILLE;Desrespeitar a preferência no cruzamento;Colisão transversal;Com Vítimas Feridas;Plena Noite;Decrescente;Céu Claro;Dupla;"Interseção de Vias;Viaduto";-2.625.472.505;-4.890.561.309
18/06/2024;22:00:00;QUEIMADOS;Iluminação deficiente;Saída de leito carroçável;Com Vítimas Feridas;Pleno dia;Decrescente;Céu Claro;Dupla;Curva;-2.273.960.178;-4.352.859.094
18/06/2024;22:15:00;JI-PARANA;Manobra de mudança de faixa;Colisão lateral mesmo sentido;Com Vítimas Feridas;Plena Noite;Decrescente;Céu Claro;Dupla;Reta;-1.088.381.227;-6.193.741.416
19/06/2024;01:40:00;BETIM;Animais na Pista;Atropelamento de Animal;Com Vítimas Feridas;Plena Noite;Crescente;Céu Claro;Dupla;Reta;-1.996.825;-44.198.708
18/06/2024;23:00:00;PARNAIBA;Animais na Pista;Atropelamento de Animal;Sem Vítimas;Plena Noite;Decrescente;Céu Claro;Simples;Reta;-2.898.051;-41.714.767
18/06/2024;17:30:00;FLORIANOPOLIS;Manobra de mudança de faixa;Colisão lateral mesmo sentido;Com Vítimas Feridas;Anoitecer;Crescente;Céu Claro;Múltipla;Reta;-27.602.955;-48.580.509
19/05/2024;12:25:00;RANCHO QUEIMADO;Pista Escorregadia;Saída de leito carroçável;Com Vítimas Feridas;Pleno dia;Decrescente;Chuva;Simples;Curva;-27.699.602;-49.062.912
19/06/2024;07:00:00;ITUMBIARA;Acesso irregular;Colisão frontal;Com Vítimas Feridas;Amanhecer;Crescente;Sol;Simples;"Declive;Reta;Em Obras";-1.833.298;-4.944.682
19/06/2024;08:05:00;LONDRINA;Acesso irregular;Colisão transversal;Com Vítimas Feridas;Pleno dia;Crescente;Céu Claro;Dupla;"Aclive;Interseção de Vias";-232.934.721;-511.875.849
19/06/2024;06:50:00;JARU;Manobra de mudança de faixa;Colisão lateral mesmo sentido;Com Vítimas Feridas;Pleno dia;Crescente;Céu Claro;Simples;Reta;-1.045.220.802;-6.246.072.003
19/06/2024;08:20:00;GOIANIA;Manobra de mudança de faixa;Colisão lateral mesmo sentido;Com Vítimas Feridas;Pleno dia;Crescente;Céu Claro;Dupla;Aclive;-166.854;-492.338
19/06/2024;07:40:00;VITORIA DA CONQUISTA;Conversão proibida;Colisão lateral mesmo sentido;Com Vítimas Feridas;Pleno dia;Decrescente;Céu Claro;Simples;Reta;-149.023.633;-4.084.805.846
01/01/2024;11:45:00;PORTO GRANDE;Acesso irregular;Colisão transversal;Com Vítimas Feridas;Pleno dia;Crescente;Céu Claro;Simples;Reta;0.6985633;-5.139.692.189
19/06/2024;10:40:00;SANTA BARBARA;Velocidade Incompatível;Colisão com objeto;Com Vítimas Feridas;Pleno dia;Decrescente;Nublado;Dupla;"Reta;Em Obras";-1.201.948.908;-3.897.103.638
19/06/2024;10:30:00;NOVA FATIMA;Deficiência do Sistema de Iluminação/Sinalização;Colisão lateral sentido oposto;Com Vítimas Feridas;Pleno dia;Crescente;Céu Claro;Simples;"Reta;Aclive";-1.155.595.339;-3.968.468.045
19/06/2024;09:50:00;TAPES;Acumulo de água sobre o pavimento;Saída de leito carroçável;Com Vítimas Feridas;Pleno dia;Crescente;Chuva;Dupla;Curva;-3.057.452.819;-5.152.475.652
19/06/2024;11:30:00;SANTA LUZIA DO ITANHY;Pista Escorregadia;Colisão com objeto;Com Vítimas Feridas;Pleno dia;Crescente;Nublado;Simples;Curva;-1.134.116.117;-3.761.126.518
19/06/2024;11:09:00;SAO MIGUEL DE TAIPU;Manobra de mudança de faixa;Colisão traseira;Com Vítimas Fatais;Pleno dia;Crescente;Céu Claro;Dupla;"Declive;Reta";-71.911;-351.832
19/06/2024;11:25:00;CHUI;Acesso irregular;Colisão transversal;Com Vítimas Feridas;Pleno dia;Crescente;Chuva;Simples;Interseção de Vias;-3.368.058.351;-5.344.860.435
19/06/2024;13:20:00;MOSSORO;Ultrapassagem Indevida;Tombamento;Com Vítimas Feridas;Pleno dia;Decrescente;Céu Claro;Simples;"Reta;Declive";-510.820.698;-3.733.904.209
10/06/2024;10:30:00;FLORESTA;Velocidade Incompatível;Queda de ocupante de veículo;Com Vítimas Feridas;Pleno dia;Decrescente;Céu Claro;Simples;"Aclive;Reta";-876.554.016;-3.836.846.406
15/05/2024;12:50:00;ITABUNA;Frear bruscamente;Queda de ocupante de veículo;Com Vítimas Feridas;Pleno dia;Crescente;Ignorado;Simples;Reta;-1.481.134.696;-3.929.761.022
19/06/2024;15:20:00;NOVA ERA;Velocidade Incompatível;Tombamento;Com Vítimas Feridas;Pleno dia;Decrescente;Céu Claro;Simples;"Declive;Curva";-19.803.726;-43.061.082
19/06/2024;13:55:00;SANTA RITA DE MINAS;Velocidade Incompatível;Saída de leito carroçável;Com Vítimas Feridas;Pleno dia;Decrescente;Céu Claro;Simples;Curva;-1.988.240.027;-4.213.242.591
19/06/2024;13:50:00;ALTO GARCAS;Manobra de mudança de faixa;Colisão lateral mesmo sentido;Com Vítimas Feridas;Pleno dia;Crescente;Céu Claro;Simples;Reta;-1.689.061.401;-5.366.590.101
19/06/2024;16:15:00;FLORIANO;Estacionar ou parar em local proibido;Colisão traseira;Com Vítimas Feridas;Pleno dia;Decrescente;Céu Claro;Simples;Reta;-677.433.132;-4.300.632.318
18/06/2024;21:00:00;SANTA VITORIA DO PALMAR;Iluminação deficiente;Incêndio;Sem Vítimas;Plena Noite;Crescente;Céu Claro;Simples;Reta;-33.388.641;-53.206.123
19/06/2024;16:10:00;ARAQUARI;Ultrapassagem Indevida;Colisão traseira;Com Vítimas Feridas;Pleno dia;Decrescente;Céu Claro;Simples;"Interseção de Vias;Em Obras;Reta";-2.642.457.959;-4.878.549.814
19/06/2024;18:00:00;IMPERATRIZ;Ultrapassagem Indevida;Colisão transversal;Com Vítimas Feridas;Anoitecer;Crescente;Céu Claro;Simples;Reta;-5.508.798;-47.471.718
19/06/2024;22:30:00;SALVADOR;Chuva;Queda de ocupante de veículo;Com Vítimas Feridas;Plena Noite;Decrescente;Chuva;Dupla;Reta;-12.891.109;-38.445.374
19/06/2024;22:30:00;NOVA IGUACU;Animais na Pista;Atropelamento de Animal;Com Vítimas Feridas;Plena Noite;Decrescente;Céu Claro;Múltipla;Reta;-2.268.825.256;-4.344.290.358
20/06/2024;03:15:00;PALMEIRA DOS INDIOS;Animais na Pista;Atropelamento de Animal;Sem Vítimas;Plena Noite;Crescente;Chuva;Simples;Reta;-942.644.488;-3.665.754.893
20/06/2024;04:30:00;BATAGUASSU;Animais na Pista;Atropelamento de Animal;Com Vítimas Feridas;Plena Noite;Crescente;Céu Claro;Simples;Reta;-2.172.980.294;-5.223.757.197
20/06/2024;05:20:00;PONTA PORA;Animais na Pista;Queda de ocupante de veículo;Com Vítimas Feridas;Plena Noite;Crescente;Céu Claro;Simples;Reta;-2.259.047.838;-5.552.108.717
20/06/2024;06:00:00;RIBEIRAO DAS NEVES;Pista Escorregadia;Queda de ocupante de veículo;Com Vítimas Feridas;Amanhecer;Crescente;Céu Claro;Dupla;Curva;-1.974.716.686;-4.414.731.173
20/06/2024;06:00:00;POSSE;Velocidade Incompatível;Colisão transversal;Com Vítimas Feridas;Pleno dia;Crescente;Céu Claro;Simples;Reta;-14.285.869;-46.410.671
20/06/2024;07:25:00;RIO GRANDE;Ultrapassagem Indevida;Colisão transversal;Com Vítimas Feridas;Pleno dia;Crescente;Céu Claro;Simples;Reta;-3.206.960.295;-5.209.547.805
20/06/2024;08:05:00;JOAO PESSOA;Manobra de mudança de faixa;Colisão lateral mesmo sentido;Com Vítimas Feridas;Pleno dia;Crescente;Céu Claro;Dupla;Reta;-71.693;-348.782
20/06/2024;05:10:00;NOVA IGUACU;Animais na Pista;Atropelamento de Animal;Com Vítimas Feridas;Plena Noite;Crescente;Céu Claro;Dupla;Reta;-22.675.415;-43.540.636
20/06/2024;07:30:00;POUSO ALTO;Ultrapassagem Indevida;Colisão frontal;Com Vítimas Feridas;Pleno dia;Crescente;Sol;Simples;"Curva;Declive";-2.208.480.539;-4.495.462.641
15/06/2024;13:05:00;ITATIM;Ultrapassagem Indevida;Colisão frontal;Com Vítimas Feridas;Pleno dia;Crescente;Sol;Simples;Reta;-1.282.584.175;-3.982.812.137
20/06/2024;06:30:00;DUQUE DE CAXIAS;Animais na Pista;Atropelamento de Animal;Com Vítimas Feridas;Pleno dia;Crescente;Céu Claro;Dupla;Reta;-2.266.978.425;-4.327.286.493
20/06/2024;11:40:00;AGUAS MORNAS;Pista Escorregadia;Colisão frontal;Com Vítimas Feridas;Pleno dia;Crescente;Chuva;Simples;"Curva;Aclive";-27.708.536;-48.952.251
20/06/2024;11:20:00;APARECIDA DE GOIANIA;Pista Escorregadia;Queda de ocupante de veículo;Com Vítimas Feridas;Pleno dia;Decrescente;Sol;Simples;Reta;-167.451;-492.408
20/06/2024;12:20:00;ITAPEMA;Acesso irregular;Colisão traseira;Com Vítimas Feridas;Pleno dia;Decrescente;Céu Claro;Simples;Reta;-2.711.744.799;-4.860.940.987
20/06/2024;08:30:00;PICOS;Animais na Pista;Atropelamento de Animal;Sem Vítimas;Pleno dia;Crescente;Céu Claro;Simples;Curva;-7.076.331;-4.146.596
20/06/2024;12:05:00;APUCARANA;Animais na Pista;Colisão traseira;Com Vítimas Feridas;Pleno dia;Decrescente;Céu Claro;Dupla;Interseção de Vias;-235.228.413;-5.144.158.781
29/04/2024;22:17:00;SERINGUEIRAS;Manobra de mudança de faixa;Colisão frontal;Com Vítimas Fatais;Plena Noite;Decrescente;Céu Claro;Simples;Reta;-1.177.791.967;-6.307.775.726
18/05/2024;13:20:00;SANTA MARIANA;Desrespeitar a preferência no cruzamento;Colisão transversal;Com Vítimas Feridas;Pleno dia;Crescente;Céu Claro;Simples;"Rotatória;Reta;Interseção de Vias";-2.315.196.842;-5.052.420.795
20/06/2024;14:00:00;BETIM;Manobra de mudança de faixa;Colisão lateral mesmo sentido;Com Vítimas Feridas;Pleno dia;Decrescente;Sol;Dupla;"Declive;Curva";-199.830.204;-4.420.924.834
20/06/2024;11:45:00;ALFREDO WAGNER;Velocidade Incompatível;Saída de leito carroçável;Com Vítimas Feridas;Pleno dia;Decrescente;Garoa/Chuvisco;Simples;"Declive;Curva";-27.719.378;-493.582
20/06/2024;16:50:00;SERRA;Acumulo de areia ou detritos sobre o pavimento;Tombamento;Com Vítimas Feridas;Pleno dia;Crescente;Céu Claro;Simples;"Reta;Declive";-2.014.854.215;-4.027.970.926
20/06/2024;17:30:00;SANGAO;Acumulo de areia ou detritos sobre o pavimento;Tombamento;Com Vítimas Feridas;Plena Noite;Decrescente;Céu Claro;Dupla;"Reta;Em Obras";-2.868.290.284;-4.914.759.308
20/06/2024;16:10:00;BARRA DO GARCAS;Desrespeitar a preferência no cruzamento;Colisão transversal;Com Vítimas Feridas;Pleno dia;Decrescente;Céu Claro;Simples;Rotatória;-15.878.143;-52.316.788
20/06/2024;16:50:00;MANHUACU;Velocidade Incompatível;Saída de leito carroçável;Com Vítimas Feridas;Pleno dia;Decrescente;Nublado;Simples;Curva;-2.025.932.046;-4.202.298.331
20/06/2024;17:40:00;MURIAE;Manobra de mudança de faixa;Colisão traseira;Com Vítimas Feridas;Anoitecer;Decrescente;Céu Claro;Simples;"Declive;Viaduto;Reta";-2.112.682.309;-423.832.189
10/06/2024;13:20:00;ABRE CAMPO;Falta de acostamento;Colisão traseira;Sem Vítimas;Pleno dia;Crescente;Céu Claro;Simples;Rotatória;-20.334.651;-42.470.803
20/06/2024;18:50:00;NOVA LIMA;Manobra de mudança de faixa;Colisão lateral mesmo sentido;Com Vítimas Feridas;Plena Noite;Decrescente;Céu Claro;Dupla;"Reta;Declive";-2.001.444.685;-4.396.893.823
20/06/2024;18:20:00;APARECIDA DE GOIANIA;Pista Escorregadia;Queda de ocupante de veículo;Com Vítimas Feridas;Anoitecer;Decrescente;Céu Claro;Múltipla;"Curva;Aclive";-167.804;-492.371
20/06/2024;18:00:00;PETROPOLIS;Velocidade Incompatível;Colisão traseira;Com Vítimas Feridas;Pleno dia;Crescente;Céu Claro;Dupla;Reta;-2.238.009.452;-4.313.283.062
20/06/2024;18:30:00;JACIARA;Manobra de mudança de faixa;Colisão lateral mesmo sentido;Com Vítimas Feridas;Plena Noite;Decrescente;Céu Claro;Dupla;Curva;-1.596.077.957;-5.496.772.983
20/06/2024;19:50:00;CATALAO;Demais falhas na via;Queda de ocupante de veículo;Com Vítimas Feridas;Plena Noite;Decrescente;Céu Claro;Simples;"Rotatória;Em Obras";-181.896;-479.511
20/06/2024;20:00:00;SAO GONCALO DO RIO ABAIXO;Manobra de mudança de faixa;Colisão lateral sentido oposto;Com Vítimas Feridas;Plena Noite;Crescente;Céu Claro;Simples;"Curva;Declive";-1.983.376.284;-4.336.060.015
20/06/2024;19:30:00;ERECHIM;Desrespeitar a preferência no cruzamento;Colisão traseira;Com Vítimas Feridas;Plena Noite;Decrescente;Garoa/Chuvisco;Simples;Rotatória;-2.764.530.366;-5.224.998.023
20/06/2024;19:45:00;CACHOEIRO DE ITAPEMIRIM;Desrespeitar a preferência no cruzamento;Colisão transversal;Com Vítimas Feridas;Plena Noite;Crescente;Céu Claro;Simples;Rotatória;-208.341.065;-4.117.744.446
20/06/2024;19:58:00;TERESINA;Animais na Pista;Atropelamento de Animal;Com Vítimas Feridas;Plena Noite;Decrescente;Céu Claro;Múltipla;Reta;-516.483.402;-4.276.899.508
20/06/2024;17:45:00;SAO GABRIEL;Desrespeitar a preferência no cruzamento;Colisão transversal;Com Vítimas Feridas;Anoitecer;Decrescente;Céu Claro;Simples;Reta;-30.357.592;-54.269.234
20/06/2024;20:34:00;MOSSORO;Acesso irregular;Colisão transversal;Com Vítimas Feridas;Plena Noite;Crescente;Céu Claro;Simples;Reta;-519.386.547;-3.738.052.995
20/06/2024;20:10:00;APIUNA;Conversão proibida;Colisão transversal;Com Vítimas Feridas;Plena Noite;Crescente;Céu Claro;Simples;Reta;-27.020.767;-49.371.342
20/06/2024;18:45:00;ITAJAI;Manobra de mudança de faixa;Colisão lateral mesmo sentido;Com Vítimas Feridas;Plena Noite;Decrescente;Céu Claro;Múltipla;Reta;-2.694.802.427;-4.868.338.515
20/06/2024;19:05:00;VILHENA;Ultrapassagem Indevida;Colisão lateral mesmo sentido;Com Vítimas Feridas;Plena Noite;Crescente;Céu Claro;Dupla;Reta;-1.274.140.004;-6.013.026.401
20/06/2024;19:35:00;DOM CAVATI;Velocidade Incompatível;Saída de leito carroçável;Com Vítimas Feridas;Plena Noite;Crescente;Céu Claro;Simples;Reta;-1.942.697.624;-4.212.258.158
20/06/2024;21:30:00;DUQUE DE CAXIAS;Manobra de mudança de faixa;Colisão com objeto;Sem Vítimas;Plena Noite;Crescente;Céu Claro;Dupla;Reta;-2.266.978.425;-4.327.286.493
20/06/2024;23:50:00;RIO DO SUL;Pista Escorregadia;Capotamento;Com Vítimas Feridas;Plena Noite;Crescente;Garoa/Chuvisco;Simples;Reta;-27.240.673;-49.685.822
21/06/2024;06:25:00;FOZ DO IGUACU;Animais na Pista;Atropelamento de Animal;Com Vítimas Feridas;Amanhecer;Crescente;Céu Claro;Simples;Reta;-255.781;-545.411
21/06/2024;07:30:00;BIGUACU;Velocidade Incompatível;Colisão com objeto;Com Vítimas Feridas;Pleno dia;Decrescente;Nublado;Dupla;Curva;-27.459.393;-48.638.914
21/06/2024;07:08:00;PARNAMIRIM;Manobra de mudança de faixa;Colisão traseira;Com Vítimas Feridas;Pleno dia;Decrescente;Céu Claro;Dupla;Reta;-5.937.378;-3.526.483
21/06/2024;07:20:00;ITATIAIUCU;Velocidade Incompatível;Saída de leito carroçável;Com Vítimas Feridas;Pleno dia;Decrescente;Céu Claro;Dupla;Reta;-2.019.896.036;-4.438.641.307