data_inversa;horario;municipio;causa_acidente;tipo_acidente;classificacao_acidente;fase_dia;sentido_via;condicao_metereologica;tipo_pista;tracado_via;latitude;longitude
21/06/2024;08:00:00;BRASILIA;Manobra de mudança de faixa;Colisão traseira;Com Vítimas Feridas;Pleno dia;Decrescente;Céu Claro;Dupla;Reta;-15.798.888;-48.185.043
20/06/2024;21:13:00;ROSARIO OESTE;Acostamento em desnível;Queda de ocupante de veículo;Sem Vítimas;Plena Noite;Crescente;Céu Claro;Simples;Reta;-1.492.009.078;-5.647.771.528
21/06/2024;08:30:00;BETIM;Manobra de mudança de faixa;Colisão lateral mesmo sentido;Com Vítimas Feridas;Pleno dia;Decrescente;Céu Claro;Dupla;Reta;-2.003.146.447;-442.377.893
21/06/2024;09:00:00;PARNAMIRIM;Manobra de mudança de faixa;Queda de ocupante de veículo;Com Vítimas Feridas;Pleno dia;Crescente;Céu Claro;Dupla;Reta;-589.034.022;-3.524.894.996
09/06/2024;17:49:00;FLORIANOPOLIS;Manobra de mudança de faixa;Colisão lateral mesmo sentido;Com Vítimas Feridas;Anoitecer;Crescente;Céu Claro;Múltipla;Reta;-27.600.384;-48.599.705
21/06/2024;10:00:00;BRASILIA;Manobra de mudança de faixa;Colisão transversal;Com Vítimas Feridas;Pleno dia;Crescente;Céu Claro;Múltipla;Reta;-15.658.386;-47.791.534
21/06/2024;09:23:00;CARMO DA CACHOEIRA;Manobra de mudança de faixa;Capotamento;Com Vítimas Feridas;Pleno dia;Crescente;Céu Claro;Dupla;Reta;-2.157.173.297;-4.524.325.979
21/06/2024;10:30:00;TAPES;Acumulo de água sobre o pavimento;Saída de leito carroçável;Com Vítimas Feridas;Pleno dia;Crescente;Chuva;Dupla;Reta;-30.598.012;-51.540.005
21/06/2024;11:10:00;POUSO NOVO;Pista Escorregadia;Colisão frontal;Com Vítimas Feridas;Pleno dia;Crescente;Chuva;Simples;"Declive;Curva";-29.202.335;-52.183.838
24/05/2024;17:18:00;FOZ DO IGUACU;Desrespeitar a preferência no cruzamento;Colisão transversal;Com Vítimas Feridas;Pleno dia;Crescente;Ignorado;Simples;Interseção de Vias;-2.558.006.094;-5.453.490.973
21/06/2024;10:45:00;CACHOEIRA DO SUL;Acumulo de água sobre o pavimento;Saída de leito carroçável;Com Vítimas Feridas;Pleno dia;Decrescente;Chuva;Simples;Reta;-3.028.631;-53.136.635
21/06/2024;11:45:00;ITAPEBI;Ultrapassagem Indevida;Colisão frontal;Com Vítimas Fatais;Pleno dia;Crescente;Céu Claro;Simples;Curva;-15.998.643;-39.580.487
21/06/2024;06:40:00;ITAGUAI;Acesso irregular;Colisão com objeto;Com Vítimas Feridas;Pleno dia;Decrescente;Céu Claro;Múltipla;Reta;-2.289.077.885;-4.366.684.705
21/06/2024;11:45:00;ALTO PARAISO;Ultrapassagem Indevida;Saída de leito carroçável;Com Vítimas Feridas;Pleno dia;Decrescente;Céu Claro;Simples;Reta;-970.933.366;-63.113.254
21/06/2024;12:00:00;RONDONOPOLIS;Acesso irregular;Colisão transversal;Com Vítimas Feridas;Pleno dia;Decrescente;Céu Claro;Simples;"Declive;Reta;Interseção de Vias";-1.650.925.772;-5.461.808.454
21/06/2024;14:50:00;ITAPORANGA DAJUDA;Manobra de mudança de faixa;Colisão lateral mesmo sentido;Com Vítimas Feridas;Pleno dia;Decrescente;Nublado;Dupla;"Curva;Declive";-1.100.451.077;-3.730.888.444
21/06/2024;15:00:00;PARATY;Manobra de mudança de faixa;Colisão transversal;Com Vítimas Feridas;Pleno dia;Decrescente;Céu Claro;Simples;Curva;-2.323.874.387;-4.470.062.115
21/06/2024;15:30:00;ANGICOS;Acesso irregular;Colisão lateral mesmo sentido;Com Vítimas Feridas;Pleno dia;Crescente;Céu Claro;Simples;"Aclive;Curva";-568.190.759;-366.022.717
21/06/2024;10:00:00;JAGUARACU;Ultrapassagem Indevida;Capotamento;Com Vítimas Feridas;Pleno dia;Crescente;Céu Claro;Simples;Reta;-1.960.725.919;-4.276.186.834
21/06/2024;17:15:00;JOAO PESSOA;Acumulo de areia ou detritos sobre o pavimento;Colisão com objeto;Com Vítimas Feridas;Anoitecer;Decrescente;Céu Claro;Dupla;"Aclive;Curva";-716.470.016;-3.489.993.643
07/06/2024;19:16:00;POCOS DE CALDAS;Velocidade Incompatível;Colisão com objeto;Sem Vítimas;Plena Noite;Não Informado;Céu Claro;Simples;Reta;-21.787.233;-46.540.972
21/06/2024;17:00:00;SAO JOSE DO RIO PRETO;Manobra de mudança de faixa;Tombamento;Com Vítimas Feridas;Pleno dia;Crescente;Céu Claro;Dupla;"Reta;Declive";-2.080.502.876;-4.935.574.909
21/06/2024;14:20:00;ITAPEMA;Velocidade Incompatível;Queda de ocupante de veículo;Com Vítimas Feridas;Pleno dia;Decrescente;Nublado;Múltipla;Reta;-27.126.536;-48.609.642
21/06/2024;17:20:00;TRES ARROIOS;Manobra de mudança de faixa;Colisão lateral mesmo sentido;Com Vítimas Fatais;Pleno dia;Decrescente;Céu Claro;Simples;Reta;-2.753.331.011;-5.217.243.097
21/06/2024;18:45:00;ALTOS;Afundamento ou ondulação no pavimento;Tombamento;Com Vítimas Feridas;Plena Noite;Decrescente;Céu Claro;Simples;"Reta;Em Obras";-5.046.057;-42.509.869
21/06/2024;07:40:00;SAO JOSE DOS CAMPOS;Manobra de mudança de faixa;Colisão lateral mesmo sentido;Com Vítimas Feridas;Pleno dia;Crescente;Sol;Dupla;Reta;-2.319.542.994;-4.587.176.303
21/06/2024;20:30:00;NATAL;Desrespeitar a preferência no cruzamento;Colisão transversal;Sem Vítimas;Plena Noite;Decrescente;Céu Claro;Simples;"Reta;Rotatória";-576.791.511;-3.527.456.305
21/06/2024;19:30:00;CASCAVEL;Acesso irregular;Colisão traseira;Com Vítimas Feridas;Plena Noite;Decrescente;Céu Claro;Dupla;"Retorno Regulamentado;Reta";-2.498.315.029;-533.562.755
21/06/2024;10:30:00;RIO DO SUL;Conversão proibida;Colisão transversal;Com Vítimas Feridas;Pleno dia;Crescente;Nublado;Dupla;"Reta;Declive";-27.226.065;-49.666.161
21/06/2024;20:00:00;GUARAMIRIM;Iluminação deficiente;Tombamento;Com Vítimas Feridas;Plena Noite;Crescente;Céu Claro;Simples;"Reta;Em Obras;Desvio Temporário";-2.645.236.168;-4.889.788.602
21/06/2024;21:29:00;SAO LEOPOLDO;Ausência de sinalização;Tombamento;Com Vítimas Feridas;Plena Noite;Crescente;Céu Claro;Dupla;Em Obras;-297.831.804;-5.116.099.063
21/06/2024;18:20:00;NITEROI;Manobra de mudança de faixa;Colisão lateral mesmo sentido;Com Vítimas Feridas;Plena Noite;Decrescente;Céu Claro;Múltipla;Reta;-22.878.923;-43.110.676
21/06/2024;22:30:00;SAPUCAIA DO SUL;Acostamento em desnível;Colisão com objeto;Sem Vítimas;Plena Noite;Crescente;Céu Claro;Dupla;"Reta;Em Obras";-2.980.035.406;-5.116.550.365
21/06/2024;20:20:00;AREAL;Manobra de mudança de faixa;Colisão traseira;Com Vítimas Feridas;Plena Noite;Decrescente;Céu Claro;Dupla;"Curva;Retorno Regulamentado";-2.224.770.805;-4.310.581.955
21/06/2024;18:45:00;ITAMARAJU;Animais na Pista;Colisão frontal;Com Vítimas Fatais;Plena Noite;Crescente;Nublado;Simples;Reta;-1.710.313.183;-3.956.145.878
21/06/2024;22:50:00;CAMAQUA;Fumaça;Incêndio;Sem Vítimas;Plena Noite;Decrescente;Vento;Dupla;Reta;-3.091.303.871;-5.188.404.415
21/06/2024;22:45:00;UBATUBA;Faróis desregulados;Saída de leito carroçável;Sem Vítimas;Plena Noite;Crescente;Céu Claro;Simples;Reta;-2.331.746.811;-44.899.601
21/06/2024;22:30:00;GUARATINGUETA;Deficiência do Sistema de Iluminação/Sinalização;Colisão traseira;Com Vítimas Feridas;Plena Noite;Decrescente;Céu Claro;Dupla;Reta;-2.277.454.618;-4.513.807.087
21/06/2024;20:00:00;BARRA VELHA;Manobra de mudança de faixa;Colisão frontal;Com Vítimas Feridas;Plena Noite;Crescente;Céu Claro;Simples;Reta;-2.661.085.222;-4.872.204.472
21/06/2024;21:00:00;PORTO VELHO;Animais na Pista;Atropelamento de Animal;Com Vítimas Feridas;Plena Noite;Decrescente;Céu Claro;Simples;"Reta;Interseção de Vias";-929.843.414;-6.459.688.479
22/06/2024;00:23:00;LINHARES;Velocidade Incompatível;Tombamento;Com Vítimas Feridas;Plena Noite;Crescente;Céu Claro;Dupla;Reta;-1.934.286.596;-400.638.568
21/06/2024;22:00:00;SAO JOAO DO ARRAIAL;Animais na Pista;Atropelamento de Animal;Com Vítimas Fatais;Plena Noite;Crescente;Céu Claro;Simples;Reta;-387.111.975;-4.240.894.276
21/06/2024;21:15:00;MEDIANEIRA;Velocidade Incompatível;Saída de leito carroçável;Com Vítimas Feridas;Plena Noite;Crescente;Ignorado;Dupla;Reta;-2.526.577.498;-5.405.432.901
22/06/2024;03:35:00;COLOMBO;Velocidade Incompatível;Colisão traseira;Com Vítimas Feridas;Plena Noite;Crescente;Nublado;Dupla;Reta;-253.785;-491.564
22/06/2024;00:15:00;FORTALEZA;Desrespeitar a preferência no cruzamento;Colisão transversal;Com Vítimas Feridas;Amanhecer;Crescente;Céu Claro;Múltipla;Reta;-37.403.769;-3.859.569.202
22/06/2024;04:57:00;ARACRUZ;Conversão proibida;Colisão transversal;Com Vítimas Feridas;Amanhecer;Decrescente;Céu Claro;Simples;Reta;-1.961.991.817;-4.021.790.028
22/06/2024;06:45:00;SAO MATEUS;Manobra de mudança de faixa;Tombamento;Com Vítimas Feridas;Pleno dia;Crescente;Céu Claro;Dupla;Reta;-1.872.054.021;-398.658.931
22/06/2024;08:40:00;GOIANIA;Velocidade Incompatível;Capotamento;Com Vítimas Feridas;Pleno dia;Crescente;Céu Claro;Dupla;Reta;-167.366;-49.243
22/06/2024;09:15:00;CASCAVEL;Manobra de mudança de faixa;Colisão traseira;Com Vítimas Feridas;Pleno dia;Crescente;Céu Claro;Dupla;"Retorno Regulamentado;Reta";-2.482.969.217;-5.364.193.797
22/06/2024;06:05:00;ALTOS;Afundamento ou ondulação no pavimento;Colisão traseira;Com Vítimas Feridas;Amanhecer;Crescente;Céu Claro;Simples;"Em Obras;Reta;Declive";-5.046.057;-42.509.869
04/06/2024;13:10:00;RECIFE;Manobra de mudança de faixa;Colisão lateral mesmo sentido;Com Vítimas Feridas;Pleno dia;Decrescente;Céu Claro;Múltipla;Viaduto;-8.064.473;-34.936.928
22/06/2024;09:50:00;BALNEARIO CAMBORIU;Desrespeitar a preferência no cruzamento;Colisão transversal;Com Vítimas Feridas;Pleno dia;Crescente;Sol;Múltipla;Interseção de Vias;-2.700.218;-48.636.433
27/04/2024;19:00:00;MEDINA;Velocidade Incompatível;Colisão com objeto;Com Vítimas Fatais;Plena Noite;Crescente;Nublado;Simples;"Curva;Declive";-16.342.478;-41.476.151
22/06/2024;11:00:00;LINHARES;Desrespeitar a preferência no cruzamento;Colisão transversal;Com Vítimas Feridas;Pleno dia;Crescente;Céu Claro;Múltipla;Reta;-1.931.817.306;-4.007.552.313
22/06/2024;11:30:00;SAO JOSE;Manobra de mudança de faixa;Colisão lateral mesmo sentido;Com Vítimas Feridas;Pleno dia;Crescente;Céu Claro;Múltipla;Reta;-275.650.044;-4.861.460.082
22/06/2024;11:20:00;SAO JOSE;Manobra de mudança de faixa;Colisão lateral mesmo sentido;Com Vítimas Feridas;Pleno dia;Crescente;Céu Claro;Múltipla;Reta;-2.757.413.014;-4.861.363.083
22/06/2024;12:35:00;SANTANA DO LIVRAMENTO;Desrespeitar a preferência no cruzamento;Colisão transversal;Com Vítimas Feridas;Pleno dia;Crescente;Céu Claro;Simples;"Interseção de Vias;Em Obras";-308.547.642;-554.965.204
22/06/2024;13:28:00;ITAJA;Ultrapassagem Indevida;Saída de leito carroçável;Com Vítimas Feridas;Pleno dia;Crescente;Céu Claro;Simples;Aclive;-565.975.029;-3.675.325.602
22/06/2024;14:05:00;CHOROZINHO;Acumulo de areia ou detritos sobre o pavimento;Queda de ocupante de veículo;Com Vítimas Feridas;Pleno dia;Decrescente;Céu Claro;Simples;Reta;-4.297.529;-38.501.347
22/06/2024;14:10:00;IRATI;Velocidade Incompatível;Capotamento;Com Vítimas Feridas;Pleno dia;Crescente;Céu Claro;Simples;Reta;-2.546.419.687;-5.056.581.801
22/06/2024;14:50:00;POUSO ALTO;Velocidade Incompatível;Tombamento;Com Vítimas Feridas;Pleno dia;Decrescente;Sol;Simples;Reta;-2.217.502.858;-4.497.005.105
22/06/2024;14:20:00;GOVERNADOR VALADARES;Acesso irregular;Colisão transversal;Com Vítimas Feridas;Pleno dia;Decrescente;Céu Claro;Simples;Curva;-1.888.673.701;-4.200.245.141
22/06/2024;15:45:00;PORTO ALEGRE;Manobra de mudança de faixa;Colisão transversal;Sem Vítimas;Pleno dia;Decrescente;Céu Claro;Dupla;Retorno Regulamentado;-29.971.916;-51.176.838
22/06/2024;16:30:00;BRASILIA;Manobra de mudança de faixa;Colisão lateral mesmo sentido;Com Vítimas Feridas;Pleno dia;Crescente;Céu Claro;Dupla;"Viaduto;Reta";-16.003.145;-47.983.944
22/06/2024;15:10:00;CANDEIAS;Velocidade Incompatível;Colisão lateral mesmo sentido;Com Vítimas Feridas;Pleno dia;Decrescente;Céu Claro;Dupla;Reta;-1.262.182.288;-3.848.260.875
22/06/2024;09:30:00;CONCEICAO DA FEIRA;Conversão proibida;Colisão lateral mesmo sentido;Com Vítimas Feridas;Pleno dia;Crescente;Céu Claro;Simples;Aclive;-1.255.297.187;-3.897.831.256
22/06/2024;15:00:00;NOVA PRATA;Acesso irregular;Colisão transversal;Com Vítimas Feridas;Pleno dia;Crescente;Nublado;Simples;Reta;-2.878.874.508;-5.161.532.195
22/06/2024;16:52:00;JARDIM DO SERIDO;Velocidade Incompatível;Saída de leito carroçável;Com Vítimas Feridas;Pleno dia;Crescente;Céu Claro;Simples;Curva;-658.683.005;-3.681.027.985
22/06/2024;19:05:00;BRASILIA;Manobra de mudança de faixa;Colisão lateral mesmo sentido;Sem Vítimas;Plena Noite;Crescente;Céu Claro;Dupla;"Reta;Declive";-15.794.133;-48.202.095
22/06/2024;17:00:00;DOMINGOS MARTINS;Manobra de mudança de faixa;Saída de leito carroçável;Com Vítimas Feridas;Anoitecer;Crescente;Nublado;Simples;"Aclive;Curva";-2.037.535.106;-4.058.433.127
22/06/2024;19:26:00;CARUARU;Manobra de mudança de faixa;Colisão transversal;Com Vítimas Feridas;Plena Noite;Decrescente;Céu Claro;Dupla;"Rotatória;Reta;Retorno Regulamentado";-82.438;-359.752
22/06/2024;19:50:00;CANDEIAS;Pista Escorregadia;Queda de ocupante de veículo;Com Vítimas Feridas;Plena Noite;Decrescente;Céu Claro;Dupla;Reta;-1.269.021.804;-3.846.568.118
22/06/2024;21:55:00;SAO BENTINHO;Animais na Pista;Atropelamento de Animal;Com Vítimas Feridas;Plena Noite;Decrescente;Céu Claro;Simples;"Reta;Aclive";-69.074;-376.767
23/06/2024;00:35:00;CANGUCU;Velocidade Incompatível;Saída de leito carroçável;Com Vítimas Feridas;Plena Noite;Crescente;Garoa/Chuvisco;Simples;Curva;-3.142.456.531;-5.266.149.946
22/06/2024;23:00:00;ALTOS;Conversão proibida;Colisão transversal;Com Vítimas Feridas;Plena Noite;Decrescente;Nublado;Simples;Reta;-5.038.756;-42.450.893
23/06/2024;01:45:00;ABADIANIA;Velocidade Incompatível;Saída de leito carroçável;Sem Vítimas;Plena Noite;Crescente;Céu Claro;Dupla;Reta;-16.201.084;-48.737.278
23/06/2024;02:21:00;MOSSORO;Chuva;Colisão com objeto;Sem Vítimas;Plena Noite;Não Informado;Chuva;Simples;Curva;-5.208.001;-37.331.691
23/06/2024;03:25:00;LORENA;Manobra de mudança de faixa;Colisão lateral mesmo sentido;Com Vítimas Feridas;Plena Noite;Decrescente;Céu Claro;Dupla;Reta;-2.276.904.403;-4.513.040.598
23/06/2024;03:10:00;SAO JOSE DOS PINHAIS;Falta de elemento de contenção que evite a saída do leito carroçável;Saída de leito carroçável;Sem Vítimas;Plena Noite;Crescente;Céu Claro;Dupla;Reta;-2.567.832.409;-4.914.963.231
22/06/2024;21:00:00;SAO JOSE DOS PINHAIS;Velocidade Incompatível;Colisão com objeto;Com Vítimas Feridas;Plena Noite;Decrescente;Céu Claro;Dupla;Reta;-2.552.522.628;-4.909.755.612
23/06/2024;03:38:00;JUATUBA;Velocidade Incompatível;Saída de leito carroçável;Com Vítimas Feridas;Plena Noite;Crescente;Céu Claro;Dupla;Reta;-1.995.769.344;-4.435.590.072
22/06/2024;21:45:00;CARUARU;Manobra de mudança de faixa;Colisão lateral mesmo sentido;Com Vítimas Feridas;Plena Noite;Crescente;Chuva;Dupla;"Aclive;Reta;Retorno Regulamentado";-81.133;-360.155
22/06/2024;18:40:00;NOVA VICOSA;Ultrapassagem Indevida;Colisão frontal;Com Vítimas Feridas;Plena Noite;Crescente;Nublado;Simples;Reta;-17.892.078;-3.981.627
22/06/2024;20:00:00;SANTANA DO LIVRAMENTO;Animais na Pista;Atropelamento de Animal;Com Vítimas Feridas;Plena Noite;Decrescente;Nublado;Simples;"Reta;Declive";-308.257.427;-553.366.679
22/06/2024;20:29:00;REBOUCAS;Velocidade Incompatível;Colisão com objeto;Sem Vítimas;Plena Noite;Decrescente;Céu Claro;Simples;Curva;-256.240.101;-5.070.976.188
23/06/2024;06:34:00;JARAGUA;Conversão proibida;Colisão lateral mesmo sentido;Com Vítimas Feridas;Amanhecer;Crescente;Céu Claro;Simples;Declive;-15.750.625;-49.316.742
22/06/2024;22:20:00;PALMEIRA;Acesso irregular;Colisão frontal;Com Vítimas Feridas;Plena Noite;Decrescente;Céu Claro;Simples;Reta;-2.547.427.305;-5.031.257.629
07/06/2024;18:40:00;CABO DE SANTO AGOSTINHO;Demais falhas na via;Queda de ocupante de veículo;Com Vítimas Feridas;Plena Noite;Decrescente;Céu Claro;Dupla;Reta;-830.807.754;-3.507.573.296
23/06/2024;06:20:00;PASSO FUNDO;Velocidade Incompatível;Capotamento;Com Vítimas Feridas;Amanhecer;Decrescente;Céu Claro;Simples;Reta;-28.228.838;-52.497.044
23/06/2024;08:40:00;IBATIBA;Velocidade Incompatível;Colisão frontal;Com Vítimas Feridas;Pleno dia;Crescente;Chuva;Simples;"Curva;Declive";-20.214.629;-41.426.996
19/06/2024;19:30:00;JOAO PINHEIRO;Afundamento ou ondulação no pavimento;Saída de leito carroçável;Com Vítimas Feridas;Plena Noite;Decrescente;Céu Claro;Simples;Curva;-1.821.453.533;-4.584.155.678
23/06/2024;09:00:00;ABADIANIA;Manobra de mudança de faixa;Colisão lateral mesmo sentido;Com Vítimas Feridas;Pleno dia;Decrescente;Céu Claro;Dupla;Curva;-161.464;-486.047
23/06/2024;07:30:00;PARANAGUA;Velocidade Incompatível;Colisão com objeto;Com Vítimas Fatais;Pleno dia;Decrescente;Sol;Dupla;Reta;-2.553.281;-48.529.802
23/06/2024;09:30:00;JULIO DE CASTILHOS;Pista esburacada;Saída de leito carroçável;Com Vítimas Feridas;Pleno dia;Crescente;Céu Claro;Simples;Reta;-2.950.500.808;-5.370.199.593
23/06/2024;09:45:00;CANOAS;Falta de elemento de contenção que evite a saída do leito carroçável;Saída de leito carroçável;Com Vítimas Feridas;Pleno dia;Crescente;Nublado;Dupla;Reta;-29.885.923;-51.223.259
23/06/2024;09:00:00;MUCURI;Velocidade Incompatível;Queda de ocupante de veículo;Com Vítimas Feridas;Pleno dia;Decrescente;Céu Claro;Simples;Curva;-1.810.180.272;-3.988.792.419
23/06/2024;09:15:00;MARACAJU;Velocidade Incompatível;Saída de leito carroçável;Com Vítimas Feridas;Pleno dia;Crescente;Céu Claro;Simples;Rotatória;-2.164.881.085;-5.508.620.903
23/06/2024;09:45:00;ATIBAIA;Ultrapassagem Indevida;Colisão traseira;Com Vítimas Feridas;Pleno dia;Decrescente;Céu Claro;Múltipla;"Declive;Reta";-23.088.586;-46.571.798
23/06/2024;10:15:00;PORTO REAL DO COLEGIO;Acumulo de água sobre o pavimento;Colisão transversal;Com Vítimas Feridas;Pleno dia;Decrescente;Garoa/Chuvisco;Dupla;Curva;-1.017.544.522;-3.682.484.542
23/06/2024;10:30:00;MAUA DA SERRA;Velocidade Incompatível;Saída de leito carroçável;Com Vítimas Feridas;Pleno dia;Crescente;Céu Claro;Dupla;"Declive;Curva";-2.393.717.281;-5.116.654.873
23/06/2024;12:34:00;IELMO MARINHO;Chuva;Saída de leito carroçável;Com Vítimas Feridas;Pleno dia;Crescente;Chuva;Simples;Reta;-588.247.091;-3.552.480.198
23/06/2024;14:30:00;SAO PAULO;Manobra de mudança de faixa;Colisão com objeto;Com Vítimas Feridas;Pleno dia;Crescente;Céu Claro;Múltipla;"Reta;Declive;Interseção de Vias;Viaduto;Retorno Regulamentado";-2.345.056.589;-4.646.258.105
23/06/2024;11:00:00;DUQUE DE CAXIAS;Desrespeitar a preferência no cruzamento;Colisão frontal;Com Vítimas Feridas;Pleno dia;Decrescente;Céu Claro;Simples;"Aclive;Reta";-2.263.784.806;-4.328.428.824
23/06/2024;13:30:00;JARU;Ultrapassagem Indevida;Colisão lateral mesmo sentido;Sem Vítimas;Pleno dia;Crescente;Céu Claro;Simples;Reta;-1.042.184.448;-6.249.508.435
23/06/2024;13:56:00;DUQUE DE CAXIAS;Manobra de mudança de faixa;Colisão traseira;Com Vítimas Feridas;Pleno dia;Decrescente;Céu Claro;Múltipla;Reta;-2.271.853.604;-4.328.993.324
23/06/2024;16:00:00;RECIFE;Manobra de mudança de faixa;Colisão lateral mesmo sentido;Com Vítimas Feridas;Pleno dia;Decrescente;Céu Claro;Dupla;Reta;-807.108;-3.495.362
23/06/2024;16:40:00;LONTRAS;Velocidade Incompatível;Saída de leito carroçável;Com Vítimas Feridas;Pleno dia;Decrescente;Céu Claro;Simples;Curva;-27.148.499;-49.556.137
23/06/2024;17:00:00;ITAJAI;Desrespeitar a preferência no cruzamento;Colisão transversal;Com Vítimas Feridas;Pleno dia;Crescente;Céu Claro;Dupla;"Rotatória;Interseção de Vias";-2.688.747.187;-4.872.252.969
23/06/2024;15:35:00;SANTA RITA;Chuva;Colisão com objeto;Sem Vítimas;Pleno dia;Crescente;Chuva;Dupla;Curva;-711.489.089;-3.495.820.999
23/06/2024;17:40:00;SAO JOAO DE MERITI;Demais falhas na via;Colisão com objeto;Com Vítimas Feridas;Plena Noite;Crescente;Céu Claro;Dupla;Curva;-227.839.538;-4.338.195.488
23/06/2024;14:00:00;JARU;Acesso irregular;Colisão frontal;Com Vítimas Feridas;Pleno dia;Decrescente;Céu Claro;Simples;"Rotatória;Interseção de Vias";-1.041.098.263;-6.251.010.043
23/06/2024;18:40:00;BOM DESPACHO;Ultrapassagem Indevida;Saída de leito carroçável;Com Vítimas Feridas;Plena Noite;Decrescente;Céu Claro;Simples;Reta;-1.980.696.129;-4.512.497.507
23/06/2024;18:15:00;MORENO;Acumulo de água sobre o pavimento;Queda de ocupante de veículo;Com Vítimas Feridas;Plena Noite;Crescente;Nublado;Dupla;"Aclive;Curva";-8.110.338;-35.156.652
23/06/2024;18:05:00;RIO BRILHANTE;Animais na Pista;Atropelamento de Animal;Com Vítimas Feridas;Plena Noite;Decrescente;Céu Claro;Simples;Reta;-2.172.527.713;-5.450.959.564
23/06/2024;18:25:00;MANGARATIBA;Conversão proibida;Colisão transversal;Com Vítimas Feridas;Plena Noite;Decrescente;Céu Claro;Simples;Curva;-2.293.842.518;-4.403.644.001
23/06/2024;18:50:00;BOM JESUS DO ARAGUAIA;Velocidade Incompatível;Colisão traseira;Com Vítimas Fatais;Plena Noite;Crescente;Céu Claro;Simples;Reta;-1.242.082.891;-5.175.322.638
23/06/2024;18:40:00;SANTA MARIA;Animais na Pista;Atropelamento de Animal;Com Vítimas Feridas;Plena Noite;Crescente;Céu Claro;Simples;Reta;-29.856.188;-53.748.338
23/06/2024;18:00:00;GUARATINGUETA;Deficiência do Sistema de Iluminação/Sinalização;Colisão traseira;Com Vítimas Feridas;Anoitecer;Crescente;Céu Claro;Dupla;"Retorno Regulamentado;Reta";-2.277.454.618;-4.513.807.087
23/06/2024;20:30:00;AMELIA RODRIGUES;Pista esburacada;Queda de ocupante de veículo;Com Vítimas Feridas;Plena Noite;Crescente;Céu Claro;Dupla;Reta;-1.239.033.367;-3.878.485.688
23/06/2024;20:23:00;RIO BONITO;Velocidade Incompatível;Engavetamento;Sem Vítimas;Plena Noite;Crescente;Céu Claro;Dupla;Curva;-2.271.359.987;-4.264.391.188
23/06/2024;20:45:00;BETIM;Frear bruscamente;Colisão traseira;Com Vítimas Feridas;Plena Noite;Crescente;Céu Claro;Dupla;"Curva;Declive";-2.003.619.694;-4.424.586.303
23/06/2024;20:30:00;PALHOCA;Desrespeitar a preferência no cruzamento;Colisão transversal;Com Vítimas Feridas;Plena Noite;Crescente;Céu Claro;Simples;"Interseção de Vias;Reta";-27.665.707;-48.688.065
23/06/2024;18:45:00;ACAILANDIA;Ultrapassagem Indevida;Tombamento;Com Vítimas Feridas;Plena Noite;Crescente;Céu Claro;Simples;Reta;-4.846.369;-4.730.202
23/06/2024;18:45:00;ALTO GARCAS;Manobra de mudança de faixa;Colisão lateral sentido oposto;Com Vítimas Feridas;Plena Noite;Crescente;Céu Claro;Simples;"Reta;Declive";-1.688.323.815;-5.367.440.413
23/06/2024;19:00:00;BELEM DE SAO FRANCISCO;Animais na Pista;Atropelamento de Animal;Com Vítimas Feridas;Plena Noite;Decrescente;Céu Claro;Simples;"Declive;Reta";-864.506.782;-3.903.499.691
23/06/2024;18:30:00;ANDRE DA ROCHA;Animais na Pista;Atropelamento de Animal;Com Vítimas Feridas;Plena Noite;Crescente;Céu Claro;Simples;Reta;-2.865.900.008;-5.158.301.362
23/06/2024;22:00:00;LUIS CORREIA;Animais na Pista;Tombamento;Com Vítimas Feridas;Plena Noite;Crescente;Garoa/Chuvisco;Simples;Reta;-2.890.292;-41.667.423
23/06/2024;21:15:00;GRAVATAI;Pista Escorregadia;Tombamento;Com Vítimas Feridas;Plena Noite;Crescente;Chuva;Múltipla;Reta;-29.952.868;-50.986.462
24/06/2024;00:20:00;ESTEIO;Chuva;Queda de ocupante de veículo;Com Vítimas Feridas;Plena Noite;Crescente;Chuva;Dupla;Reta;-2.984.393.699;-5.117.728.603
24/06/2024;00:35:00;PICOS;Animais na Pista;Atropelamento de Animal;Com Vítimas Feridas;Plena Noite;Decrescente;Céu Claro;Simples;Reta;-709.559.406;-4.137.116.401
24/06/2024;00:30:00;MARIZOPOLIS;Chuva;Saída de leito carroçável;Com Vítimas Feridas;Pleno dia;Crescente;Chuva;Simples;"Reta;Aclive";-68.298;-383.177
23/06/2024;20:00:00;CONGONHAS;Velocidade Incompatível;Colisão frontal;Com Vítimas Feridas;Plena Noite;Crescente;Céu Claro;Simples;Curva;-2.057.954.631;-4.380.739.868
23/06/2024;23:30:00;CAMPINA GRANDE;Velocidade Incompatível;Saída de leito carroçável;Sem Vítimas;Plena Noite;Decrescente;Nublado;Dupla;"Curva;Aclive;Retorno Regulamentado";-72.536;-358.317
24/06/2024;05:00:00;CUIABA;Demais Fenômenos da natureza;Queda de ocupante de veículo;Com Vítimas Feridas;Plena Noite;Crescente;Céu Claro;Simples;"Ponte;Reta;Declive";-1.565.051.022;-5.599.823.809