data_inversa;horario;municipio;causa_acidente;tipo_acidente;classificacao_acidente;fase_dia;sentido_via;condicao_metereologica;tipo_pista;tracado_via;latitude;longitude
20/06/2024;02:00:00;BOM JESUS DAS SELVAS;Animais na Pista;Atropelamento de Animal;Sem Vítimas;Plena Noite;Crescente;Céu Claro;Simples;Reta;-43.671.391;-4.663.361.685
24/06/2024;05:30:00;AGUAS LINDAS DE GOIAS;Animais na Pista;Atropelamento de Animal;Com Vítimas Feridas;Amanhecer;Crescente;Céu Claro;Múltipla;Reta;-1.575.117.968;-483.251.492
23/06/2024;22:10:00;MAGE;Falta de elemento de contenção que evite a saída do leito carroçável;Saída de leito carroçável;Com Vítimas Feridas;Plena Noite;Crescente;Céu Claro;Simples;Reta;-22.659.311;-43.053.303
15/06/2024;09:00:00;TERESOPOLIS;Animais na Pista;Atropelamento de Animal;Com Vítimas Feridas;Pleno dia;Crescente;Céu Claro;Simples;Reta;-2.239.843.405;-4.295.507.553
24/06/2024;06:50:00;PETROPOLIS;Velocidade Incompatível;Capotamento;Com Vítimas Feridas;Amanhecer;Crescente;Céu Claro;Dupla;Curva;-2.248.485.874;-4.322.843.406
24/06/2024;08:35:00;TEIXEIRA DE FREITAS;Desrespeitar a preferência no cruzamento;Colisão transversal;Com Vítimas Feridas;Pleno dia;Crescente;Céu Claro;Simples;Retorno Regulamentado;-1.755.413.738;-3.972.344.828
24/06/2024;08:00:00;NAVEGANTES;Acesso irregular;Colisão frontal;Com Vítimas Feridas;Pleno dia;Decrescente;Nublado;Dupla;Curva;-2.684.589.005;-4.872.131.295
24/06/2024;07:50:00;CASCAVEL;Manobra de mudança de faixa;Colisão lateral mesmo sentido;Com Vítimas Feridas;Pleno dia;Decrescente;Garoa/Chuvisco;Dupla;"Declive;Curva";-249.177;-534.836
24/06/2024;07:45:00;PANAMBI;Velocidade Incompatível;Colisão frontal;Com Vítimas Feridas;Pleno dia;Decrescente;Chuva;Simples;Reta;-28.340.977;-53.551.239
24/06/2024;11:00:00;SAO JOSE DOS PINHAIS;Manobra de mudança de faixa;Colisão lateral mesmo sentido;Com Vítimas Feridas;Pleno dia;Crescente;Céu Claro;Dupla;Reta;-25.565.803;-49.243.884
24/06/2024;11:40:00;PANTANO GRANDE;Acesso irregular;Colisão transversal;Com Vítimas Feridas;Pleno dia;Crescente;Céu Claro;Dupla;Reta;-30.192.993;-52.386.555
24/06/2024;12:20:00;IRANI;Acumulo de água sobre o pavimento;Colisão com objeto;Com Vítimas Feridas;Pleno dia;Decrescente;Chuva;Simples;"Aclive;Reta";-27.065.798;-51.893.486
24/06/2024;13:45:00;SAO LUIZ GONZAGA;Desrespeitar a preferência no cruzamento;Colisão transversal;Com Vítimas Feridas;Pleno dia;Decrescente;Sol;Simples;"Rotatória;Retorno Regulamentado;Interseção de Vias";-2.841.859.827;-5.496.391.296
08/06/2024;14:07:00;JABOATAO DOS GUARARAPES;Acesso irregular;Colisão frontal;Com Vítimas Feridas;Pleno dia;Decrescente;Nublado;Simples;Retorno Regulamentado;-818.470.013;-3.496.816.895
17/06/2024;03:05:00;DEODAPOLIS;Manobra de mudança de faixa;Capotamento;Com Vítimas Feridas;Plena Noite;Crescente;Céu Claro;Simples;Aclive;-2.228.741.375;-5.417.272.568
24/06/2024;15:40:00;ARACATI;Desrespeitar a preferência no cruzamento;Colisão transversal;Com Vítimas Feridas;Pleno dia;Decrescente;Céu Claro;Simples;Interseção de Vias;-457.080.706;-3.774.473.041
24/06/2024;16:50:00;PETROLINA;Acesso irregular;Colisão transversal;Com Vítimas Feridas;Pleno dia;Decrescente;Céu Claro;Simples;"Reta;Em Obras";-936.149.178;-4.054.594.462
24/06/2024;17:10:00;MORRETES;Chuva;Capotamento;Com Vítimas Feridas;Plena Noite;Crescente;Chuva;Dupla;Curva;-25.547.373;-48.790.559
24/06/2024;17:15:00;COLINAS DO TOCANTINS;Animais na Pista;Eventos atípicos;Sem Vítimas;Pleno dia;Crescente;Céu Claro;Simples;Reta;-817.174.301;-4.846.378.306
24/06/2024;17:20:00;CAMPO MOURAO;Desrespeitar a preferência no cruzamento;Colisão transversal;Com Vítimas Feridas;Pleno dia;Crescente;Nublado;Dupla;"Interseção de Vias;Reta";-2.404.638.081;-5.239.456.989
24/06/2024;12:40:00;BOM JESUS DE GOIAS;Animais na Pista;Atropelamento de Animal;Com Vítimas Feridas;Pleno dia;Decrescente;Sol;Simples;Reta;-182.121.228;-497.540.617
24/06/2024;18:00:00;SAO DOMINGOS;Deficiência do Sistema de Iluminação/Sinalização;Colisão traseira;Com Vítimas Fatais;Anoitecer;Crescente;Céu Claro;Simples;"Reta;Aclive";-67.336;-379.059
24/06/2024;19:45:00;CANDEIAS;Manobra de mudança de faixa;Colisão traseira;Com Vítimas Feridas;Plena Noite;Crescente;Nublado;Dupla;Reta;-1.260.312.907;-3.850.096.504
24/06/2024;19:50:00;REGISTRO;Animais na Pista;Atropelamento de Animal;Com Vítimas Feridas;Pleno dia;Crescente;Ignorado;Dupla;Reta;-2.449.790.715;-4.784.208.686
24/06/2024;19:45:00;EMBU DAS ARTES;Manobra de mudança de faixa;Colisão lateral mesmo sentido;Com Vítimas Feridas;Plena Noite;Crescente;Nublado;Dupla;Reta;-2.366.233.697;-4.685.292.907
24/06/2024;21:54:00;MOSSORO;Acostamento em desnível;Tombamento;Com Vítimas Feridas;Plena Noite;Crescente;Céu Claro;Simples;Reta;-519.797.675;-3.731.839.819
24/06/2024;23:00:00;VITORIA DA CONQUISTA;Velocidade Incompatível;Saída de leito carroçável;Com Vítimas Feridas;Plena Noite;Crescente;Céu Claro;Simples;Reta;-14.851;-408.485
24/06/2024;18:45:00;SAO DOMINGOS DO MARANHAO;Iluminação deficiente;Atropelamento de Pedestre;Com Vítimas Fatais;Plena Noite;Decrescente;Ignorado;Simples;Reta;-556.154.197;-4.439.045.092
24/06/2024;18:20:00;MALLET;Acumulo de água sobre o pavimento;Saída de leito carroçável;Com Vítimas Feridas;Anoitecer;Crescente;Chuva;Simples;"Aclive;Reta";-2.576.415.311;-5.084.568.368
25/06/2024;01:00:00;XEXEU;Velocidade Incompatível;Tombamento;Com Vítimas Fatais;Plena Noite;Decrescente;Chuva;Dupla;Reta;-88.339.084;-3.564.489.217
25/06/2024;02:30:00;PORTO SEGURO;Neblina;Capotamento;Com Vítimas Feridas;Plena Noite;Crescente;Nevoeiro/Neblina;Simples;Curva;-1.638.650.509;-3.937.496.998
25/06/2024;05:50:00;GASPAR;Desrespeitar a preferência no cruzamento;Colisão transversal;Com Vítimas Feridas;Amanhecer;Crescente;Nublado;Simples;"Interseção de Vias;Em Obras;Reta";-2.686.286.623;-4.903.482.741
25/06/2024;04:50:00;PATOS;Animais na Pista;Atropelamento de Animal;Com Vítimas Feridas;Amanhecer;Crescente;Céu Claro;Simples;"Reta;Aclive";-69.388;-374.077
25/06/2024;05:56:00;SAO LOURENCO DA MATA;Acumulo de água sobre o pavimento;Saída de leito carroçável;Com Vítimas Feridas;Pleno dia;Crescente;Chuva;Dupla;"Reta;Aclive";-8.043.197;-35.020.273
25/06/2024;06:45:00;ITABERABA;Pista esburacada;Colisão lateral sentido oposto;Com Vítimas Feridas;Amanhecer;Crescente;Nublado;Simples;Reta;-1.252.884.957;-4.036.965.774
25/06/2024;09:20:00;MIRACATU;Velocidade Incompatível;Saída de leito carroçável;Com Vítimas Feridas;Pleno dia;Crescente;Chuva;Dupla;Curva;-241.220.177;-4.727.047.772
25/06/2024;09:50:00;LONDRINA;Ultrapassagem Indevida;Colisão lateral mesmo sentido;Com Vítimas Feridas;Pleno dia;Crescente;Céu Claro;Dupla;Reta;-2.329.306.897;-5.112.156.808
25/06/2024;07:55:00;PALMARES;Pista Escorregadia;Colisão com objeto;Com Vítimas Feridas;Pleno dia;Crescente;Garoa/Chuvisco;Dupla;Curva;-866.142.762;-3.556.549.434
24/06/2024;20:30:00;FEIRA DE SANTANA;Acumulo de água sobre o pavimento;Colisão traseira;Com Vítimas Feridas;Plena Noite;Decrescente;Chuva;Dupla;"Curva;Declive";-122.955.119;-3.890.487.093
25/06/2024;12:20:00;PALMEIRA;Velocidade Incompatível;Capotamento;Com Vítimas Feridas;Pleno dia;Decrescente;Chuva;Dupla;"Reta;Declive";-25.307;-49.888
23/04/2024;17:10:00;MONTE ALEGRE DO PIAUI;Velocidade Incompatível;Colisão frontal;Com Vítimas Feridas;Anoitecer;Decrescente;Céu Claro;Simples;Reta;-969.255.367;-4.512.516.521
25/06/2024;12:40:00;CAXIAS;Velocidade Incompatível;Saída de leito carroçável;Com Vítimas Feridas;Pleno dia;Crescente;Sol;Simples;Aclive;-490.764;-43.233.624
25/06/2024;10:56:00;TUBARAO;Manobra de mudança de faixa;Colisão lateral mesmo sentido;Com Vítimas Feridas;Pleno dia;Decrescente;Nublado;Dupla;"Declive;Reta";-2.847.811.293;-4.903.210.044
25/06/2024;13:20:00;QUEIMADAS;Manobra de mudança de faixa;Colisão frontal;Com Vítimas Feridas;Pleno dia;Crescente;Nublado;Simples;Reta;-739.577.502;-3.589.744.631
21/06/2024;09:30:00;BANDEIRANTES;Afundamento ou ondulação no pavimento;Capotamento;Sem Vítimas;Pleno dia;Não Informado;Céu Claro;Simples;Aclive;-2.313.252.459;-5.035.319.567
25/06/2024;14:45:00;ANAPOLIS;Sinalização mal posicionada;Colisão traseira;Com Vítimas Feridas;Pleno dia;Decrescente;Céu Claro;Dupla;Viaduto;-163.924;-489.588
25/06/2024;16:50:00;PALHOCA;Desrespeitar a preferência no cruzamento;Colisão transversal;Sem Vítimas;Pleno dia;Decrescente;Céu Claro;Simples;Viaduto;-2.765.981.409;-4.867.747.798
22/06/2024;20:30:00;SANTO ANTONIO DE JESUS;Deficiência do Sistema de Iluminação/Sinalização;Atropelamento de Pedestre;Com Vítimas Feridas;Plena Noite;Crescente;Céu Claro;Simples;"Aclive;Em Obras";-130.815.032;-3.927.559.444
25/06/2024;17:50:00;CANOAS;Manobra de mudança de faixa;Colisão traseira;Com Vítimas Feridas;Plena Noite;Decrescente;Céu Claro;Dupla;Reta;-29.914.435;-5.117.754.495
25/06/2024;18:30:00;SAO JOSE;Manobra de mudança de faixa;Colisão lateral mesmo sentido;Com Vítimas Feridas;Plena Noite;Crescente;Nublado;Múltipla;Reta;-276.167.305;-486.457.265
25/06/2024;19:15:00;CEU AZUL;Manobra de mudança de faixa;Colisão frontal;Com Vítimas Feridas;Plena Noite;Crescente;Nublado;Simples;"Reta;Aclive";-2.514.493.869;-5.383.748.189
25/06/2024;17:50:00;NAVEGANTES;Acesso irregular;Colisão transversal;Com Vítimas Feridas;Plena Noite;Crescente;Céu Claro;Dupla;"Reta;Em Obras";-26.868.551;-48.674.831
25/06/2024;18:47:00;PARNAMIRIM;Manobra de mudança de faixa;Colisão lateral mesmo sentido;Com Vítimas Feridas;Plena Noite;Crescente;Chuva;Dupla;Reta;-589.034.022;-3.524.894.996
25/06/2024;20:00:00;SAO JOSE;Frear bruscamente;Queda de ocupante de veículo;Com Vítimas Feridas;Plena Noite;Crescente;Chuva;Dupla;Reta;-2.760.001.226;-486.226.467
25/06/2024;19:00:00;URUACU;Animais na Pista;Atropelamento de Animal;Com Vítimas Feridas;Plena Noite;Decrescente;Céu Claro;Simples;"Curva;Aclive";-14.537.633;-49.161.839
25/06/2024;18:50:00;MANGARATIBA;Chuva;Tombamento;Sem Vítimas;Plena Noite;Decrescente;Chuva;Dupla;Curva;-2.290.433.243;-4.388.181.398
25/06/2024;21:30:00;GOIANIA;Manobra de mudança de faixa;Colisão lateral mesmo sentido;Sem Vítimas;Plena Noite;Decrescente;Céu Claro;Dupla;Reta;-167.118;-492.324
25/06/2024;21:15:00;SANTA MARIA;Ausência de sinalização;Queda de ocupante de veículo;Com Vítimas Feridas;Plena Noite;Decrescente;Chuva;Dupla;"Reta;Em Obras";-2.970.438.405;-5.384.464.597
25/06/2024;18:40:00;FRECHEIRINHA;Conversão proibida;Colisão lateral sentido oposto;Com Vítimas Fatais;Plena Noite;Decrescente;Céu Claro;Simples;Reta;-375.711.875;-4.078.225.491
25/06/2024;23:00:00;NATAL;Chuva;Colisão traseira;Com Vítimas Feridas;Plena Noite;Decrescente;Chuva;Simples;Reta;-57.710.445;-3.526.616.981
25/06/2024;22:10:00;ITAGUAI;Animais na Pista;Atropelamento de Animal;Com Vítimas Feridas;Plena Noite;Crescente;Nublado;Dupla;Reta;-22.894.827;-4.368.492
26/06/2024;00:48:00;VITORIA DE SANTO ANTAO;Animais na Pista;Atropelamento de Animal;Com Vítimas Feridas;Plena Noite;Crescente;Céu Claro;Dupla;Curva;-811.486.109;-3.521.852.698
26/06/2024;02:00:00;PARNAIBA;Animais na Pista;Atropelamento de Animal;Com Vítimas Feridas;Plena Noite;Decrescente;Céu Claro;Simples;Reta;-28.956;-41.696.838
26/06/2024;02:05:00;PICOS;Conversão proibida;Tombamento;Com Vítimas Feridas;Plena Noite;Crescente;Céu Claro;Simples;Reta;-7.076.331;-4.146.596
26/06/2024;04:30:00;BLUMENAU;Demais falhas na via;Tombamento;Com Vítimas Feridas;Plena Noite;Crescente;Garoa/Chuvisco;Simples;"Desvio Temporário;Em Obras;Viaduto";-2.688.180.584;-4.913.897.574
25/06/2024;22:15:00;PELOTAS;Desrespeitar a preferência no cruzamento;Colisão transversal;Com Vítimas Feridas;Plena Noite;Crescente;Nublado;Simples;Reta;-3.170.266.721;-5.241.222.613
26/06/2024;04:11:00;ALAGOINHAS;Animais na Pista;Atropelamento de Animal;Com Vítimas Feridas;Amanhecer;Crescente;Céu Claro;Simples;Reta;-12.009.345;-3.836.282.629
26/06/2024;07:30:00;RIO DO SUL;Desrespeitar a preferência no cruzamento;Colisão transversal;Com Vítimas Feridas;Pleno dia;Decrescente;Garoa/Chuvisco;Simples;Reta;-2.724.226.517;-4.968.805.259
26/06/2024;06:30:00;ARAQUARI;Desrespeitar a preferência no cruzamento;Colisão transversal;Com Vítimas Feridas;Amanhecer;Crescente;Nublado;Simples;Reta;-2.641.066.264;-4.875.295.628
26/06/2024;06:40:00;CUNHA PORA;Chuva;Queda de ocupante de veículo;Com Vítimas Feridas;Pleno dia;Decrescente;Chuva;Simples;Curva;-2.687.369.346;-5.316.378.593
26/06/2024;08:30:00;SORRISO;Acesso irregular;Eventos atípicos;Com Vítimas Feridas;Pleno dia;Crescente;Céu Claro;Dupla;Interseção de Vias;-1.255.068.875;-5.571.308.613
26/06/2024;10:12:00;EUSEBIO;Manobra de mudança de faixa;Colisão lateral mesmo sentido;Com Vítimas Feridas;Pleno dia;Decrescente;Nublado;Dupla;Reta;-392.277.497;-3.850.762.327
26/06/2024;10:00:00;PAULA FREITAS;Frear bruscamente;Colisão traseira;Sem Vítimas;Pleno dia;Crescente;Garoa/Chuvisco;Simples;Reta;-26.110.893;-50.813.488
24/06/2024;16:45:00;BOA VIAGEM;Desrespeitar a preferência no cruzamento;Colisão transversal;Com Vítimas Feridas;Pleno dia;Não Informado;Céu Claro;Simples;"Aclive;Interseção de Vias";-5.120.231;-39.729.642
26/06/2024;10:30:00;VENDA NOVA DO IMIGRANTE;Velocidade Incompatível;Capotamento;Com Vítimas Feridas;Pleno dia;Crescente;Céu Claro;Simples;"Declive;Curva";-2.034.889.991;-41.102.073
14/06/2024;19:00:00;JAPERI;Fumaça;Incêndio;Sem Vítimas;Plena Noite;Crescente;Céu Claro;Dupla;Reta;-2.266.564.848;-4.363.243.818
26/06/2024;12:45:00;MURIAE;Conversão proibida;Colisão transversal;Com Vítimas Feridas;Pleno dia;Decrescente;Sol;Simples;"Reta;Aclive;Interseção de Vias";-2.112.811.817;-4.234.614.286
26/06/2024;09:57:00;SEROPEDICA;Acesso irregular;Colisão transversal;Com Vítimas Feridas;Pleno dia;Decrescente;Céu Claro;Simples;Reta;-22.740.971;-43.705.597
26/06/2024;10:00:00;SANTANA DO PARAISO;Ultrapassagem Indevida;Colisão frontal;Com Vítimas Feridas;Pleno dia;Crescente;Céu Claro;Simples;Reta;-1.944.943.538;-4.251.571.655
26/06/2024;12:50:00;JARU;Desrespeitar a preferência no cruzamento;Colisão transversal;Com Vítimas Feridas;Pleno dia;Crescente;Céu Claro;Simples;"Rotatória;Retorno Regulamentado;Reta;Interseção de Vias";-1.042.682.922;-6.248.843.193
26/06/2024;12:00:00;SENADOR GUIOMARD;Conversão proibida;Colisão lateral mesmo sentido;Com Vítimas Feridas;Pleno dia;Crescente;Sol;Simples;Reta;-10.151.113;-67.711.309
26/06/2024;11:45:00;NOVA MAMORE;Desrespeitar a preferência no cruzamento;Colisão transversal;Com Vítimas Feridas;Pleno dia;Crescente;Céu Claro;Dupla;Interseção de Vias;-1.040.867.669;-6.532.982.653
26/06/2024;16:00:00;BETIM;Manobra de mudança de faixa;Colisão lateral mesmo sentido;Com Vítimas Feridas;Pleno dia;Crescente;Céu Claro;Múltipla;Reta;-2.001.172.662;-4.421.976.041
26/06/2024;13:18:00;PORTO SEGURO;Conversão proibida;Colisão frontal;Com Vítimas Feridas;Pleno dia;Crescente;Céu Claro;Simples;Reta;-16.437.631;-3.908.164
26/06/2024;17:40:00;SAO MATEUS;Desrespeitar a preferência no cruzamento;Colisão transversal;Com Vítimas Feridas;Anoitecer;Decrescente;Nublado;Simples;"Reta;Interseção de Vias";-1.869.020.499;-3.986.154.403
26/06/2024;16:55:00;POUSO ALEGRE;Manobra de mudança de faixa;Colisão lateral mesmo sentido;Com Vítimas Feridas;Pleno dia;Crescente;Céu Claro;Dupla;Reta;-2.229.622.613;-4.589.935.251
26/06/2024;18:30:00;BELO HORIZONTE;Falta de acostamento;Tombamento;Com Vítimas Fatais;Plena Noite;Crescente;Céu Claro;Simples;"Aclive;Reta";-198.402.105;-4.388.535.976
26/06/2024;19:00:00;CAPAO DO LEAO;Desrespeitar a preferência no cruzamento;Colisão transversal;Com Vítimas Feridas;Plena Noite;Decrescente;Céu Claro;Simples;Reta;-3.175.446.042;-5.242.803.583
26/06/2024;18:20:00;FOZ DO IGUACU;Condutor usando celular;Saída de leito carroçável;Sem Vítimas;Plena Noite;Crescente;Garoa/Chuvisco;Simples;Rotatória;-2.557.709.181;-5.455.471.516
26/06/2024;18:55:00;MORENO;Animais na Pista;Atropelamento de Animal;Com Vítimas Feridas;Plena Noite;Crescente;Nublado;Dupla;Curva;-810.678.602;-3.515.841.205
26/06/2024;21:00:00;CAMANDUCAIA;Curva acentuada;Queda de ocupante de veículo;Com Vítimas Feridas;Plena Noite;Crescente;Céu Claro;Dupla;Curva;-227.680.939;-4.620.854.399
26/06/2024;20:40:00;PARANAGUA;Conversão proibida;Colisão transversal;Com Vítimas Feridas;Plena Noite;Crescente;Céu Claro;Dupla;Reta;-2.556.493.737;-4.862.909.544
26/06/2024;23:40:00;SAPUCAIA DO SUL;Afundamento ou ondulação no pavimento;Tombamento;Com Vítimas Feridas;Plena Noite;Crescente;Nublado;Simples;"Reta;Viaduto";-2.980.913.395;-511.675.292
27/06/2024;03:45:00;NOSSA SENHORA DO SOCORRO;Animais na Pista;Atropelamento de Animal;Com Vítimas Feridas;Plena Noite;Decrescente;Nublado;Simples;"Em Obras;Reta;Declive";-109.041;-371.278
27/06/2024;05:15:00;BRASILIA;Animais na Pista;Atropelamento de Animal;Sem Vítimas;Pleno dia;Crescente;Céu Claro;Dupla;Reta;-16.020.638;-48.250.832
27/06/2024;07:30:00;ASCURRA;Desrespeitar a preferência no cruzamento;Colisão transversal;Com Vítimas Feridas;Pleno dia;Crescente;Céu Claro;Simples;Interseção de Vias;-26.961.573;-49.371.918
27/06/2024;08:00:00;CACHOEIRO DE ITAPEMIRIM;Acesso irregular;Colisão lateral sentido oposto;Com Vítimas Feridas;Pleno dia;Crescente;Sol;Simples;Reta;-2.083.723.289;-4.116.733.095
27/06/2024;06:50:00;CANDIOTA;Ultrapassagem Indevida;Colisão frontal;Com Vítimas Fatais;Amanhecer;Decrescente;Céu Claro;Simples;Reta;-3.145.781.094;-5.367.209.294
27/06/2024;07:00:00;RIO DO SUL;Desrespeitar a preferência no cruzamento;Colisão transversal;Com Vítimas Feridas;Amanhecer;Decrescente;Céu Claro;Simples;"Reta;Retorno Regulamentado";-2.718.634.716;-4.960.682.273
27/06/2024;07:50:00;MORENO;Manobra de mudança de faixa;Colisão lateral mesmo sentido;Sem Vítimas;Pleno dia;Crescente;Sol;Dupla;"Reta;Aclive;Ponte";-810.702.537;-3.518.394.691
27/06/2024;07:30:00;SAO JOSE DOS CAMPOS;Manobra de mudança de faixa;Colisão lateral mesmo sentido;Com Vítimas Feridas;Pleno dia;Crescente;Céu Claro;Dupla;Reta;-2.316.153.216;-4.580.400.592
16/06/2024;03:15:00;BATAGUASSU;Pista esburacada;Tombamento;Com Vítimas Feridas;Plena Noite;Crescente;Céu Claro;Simples;Reta;-2.175.373.184;-5.218.409.692
27/06/2024;07:40:00;GUARULHOS;Manobra de mudança de faixa;Colisão lateral mesmo sentido;Com Vítimas Feridas;Pleno dia;Decrescente;Nublado;Múltipla;Reta;-2.346.143.954;-4.648.885.316
27/06/2024;07:30:00;FLORIANOPOLIS;Manobra de mudança de faixa;Colisão lateral mesmo sentido;Com Vítimas Feridas;Pleno dia;Decrescente;Céu Claro;Dupla;Reta;-27.603.289;-48.590.416
27/06/2024;07:40:00;MANGARATIBA;Pista Escorregadia;Colisão com objeto;Com Vítimas Feridas;Pleno dia;Decrescente;Garoa/Chuvisco;Simples;Curva;-2.293.724.723;-4.404.629.489
27/06/2024;09:50:00;PETROPOLIS;Neblina;Queda de ocupante de veículo;Com Vítimas Feridas;Pleno dia;Decrescente;Nevoeiro/Neblina;Simples;Curva;-2.256.473.883;-432.702.971
27/06/2024;09:30:00;VOLTA REDONDA;Conversão proibida;Colisão transversal;Com Vítimas Feridas;Pleno dia;Crescente;Céu Claro;Simples;"Retorno Regulamentado;Curva";-22.501.927;-44.059.226
27/06/2024;10:30:00;MACAPA;Ultrapassagem Indevida;Saída de leito carroçável;Sem Vítimas;Pleno dia;Crescente;Céu Claro;Simples;Curva;0.2028299;-51.116.314
27/06/2024;10:00:00;CARIACICA;Manobra de mudança de faixa;Colisão lateral mesmo sentido;Sem Vítimas;Pleno dia;Decrescente;Céu Claro;Dupla;Reta;-2.030.650.512;-4.039.488.717
27/06/2024;13:45:00;MOSSORO;Conversão proibida;Colisão lateral sentido oposto;Com Vítimas Feridas;Pleno dia;Decrescente;Céu Claro;Simples;Reta;-520.338.376;-3.732.563.418
27/06/2024;15:30:00;FORTALEZA;Acesso irregular;Colisão lateral mesmo sentido;Com Vítimas Feridas;Pleno dia;Decrescente;Céu Claro;Dupla;"Reta;Desvio Temporário;Em Obras";-386.973.356;-3.849.827.361
27/06/2024;10:50:00;CAPITAO LEONIDAS MARQUES;Condutor usando celular;Colisão traseira;Com Vítimas Feridas;Pleno dia;Decrescente;Céu Claro;Dupla;Curva;-2.549.765.306;-5.359.938.318
27/06/2024;15:50:00;DOIS IRMAOS;Conversão proibida;Colisão traseira;Com Vítimas Feridas;Pleno dia;Crescente;Céu Claro;Simples;Reta;-295.978.434;-51.109.954
27/06/2024;15:30:00;VARZEA GRANDE;Manobra de mudança de faixa;Colisão frontal;Com Vítimas Feridas;Pleno dia;Crescente;Céu Claro;Simples;Reta;-1.570.433.707;-5.614.777.565
27/06/2024;15:30:00;NOVA PRATA;Desrespeitar a preferência no cruzamento;Colisão transversal;Com Vítimas Feridas;Pleno dia;Decrescente;Céu Claro;Simples;Reta;-2.878.243.906;-5.161.511.825
27/06/2024;17:12:00;RIO VERDE;Manobra de mudança de faixa;Colisão lateral mesmo sentido;Com Vítimas Feridas;Pleno dia;Decrescente;Céu Claro;Dupla;"Reta;Em Obras";-178.151;-509.343
27/06/2024;16:30:00;PIMENTA BUENO;Manobra de mudança de faixa;Saída de leito carroçável;Com Vítimas Feridas;Pleno dia;Crescente;Sol;Simples;"Reta;Declive";-11.943.474;-609.597
27/06/2024;11:55:00;GUAPIMIRIM;Velocidade Incompatível;Tombamento;Com Vítimas Feridas;Pleno dia;Crescente;Garoa/Chuvisco;Simples;Curva;-2.248.285.706;-4.299.723.936
27/06/2024;18:44:00;SAO JOSE DOS PINHAIS;Manobra de mudança de faixa;Colisão lateral mesmo sentido;Com Vítimas Feridas;Plena Noite;Crescente;Céu Claro;Dupla;Reta;-2.554.029.243;-491.505.146
27/06/2024;18:25:00;SAO PAULO;Manobra de mudança de faixa;Colisão lateral mesmo sentido;Com Vítimas Feridas;Plena Noite;Crescente;Céu Claro;Dupla;Reta;-2.348.469.299;-4.655.983.288
27/06/2024;19:20:00;AGUAS LINDAS DE GOIAS;Velocidade Incompatível;Saída de leito carroçável;Com Vítimas Fatais;Plena Noite;Crescente;Céu Claro;Múltipla;Reta;-15.751.998;-48.259.748
27/06/2024;17:30:00;PORTO SEGURO;Animais na Pista;Atropelamento de Animal;Sem Vítimas;Anoitecer;Crescente;Céu Claro;Simples;Curva;-1.637.318.452;-3.930.755.012
27/06/2024;20:40:00;JARU;Acumulo de areia ou detritos sobre o pavimento;Tombamento;Com Vítimas Feridas;Plena Noite;Crescente;Céu Claro;Dupla;Retorno Regulamentado;-1.043.752.488;-6.247.169.791
28/06/2024;06:00:00;FAZENDA RIO GRANDE;Manobra de mudança de faixa;Colisão lateral sentido oposto;Com Vítimas Feridas;Amanhecer;Crescente;Céu Claro;Múltipla;Reta;-2.564.327.417;-4.931.273.997
23/06/2024;22:00:00;BENTO GONCALVES;Manobra de mudança de faixa;Colisão com objeto;Sem Vítimas;Anoitecer;Crescente;Chuva;Dupla;Reta;-2.915.887.096;-5.153.142.395
28/06/2024;06:50:00;MORENO;Acumulo de areia ou detritos sobre o pavimento;Saída de leito carroçável;Com Vítimas Feridas;Pleno dia;Decrescente;Céu Claro;Dupla;"Declive;Curva";-8.098.451;-3.506.431
28/06/2024;07:22:00;REGISTRO;Pista Escorregadia;Queda de ocupante de veículo;Com Vítimas Feridas;Pleno dia;Crescente;Nevoeiro/Neblina;Dupla;"Declive;Curva;Viaduto";-2.440.730.885;-477.459.871
28/06/2024;08:30:00;RIBEIRAO DAS NEVES;Manobra de mudança de faixa;Colisão lateral mesmo sentido;Com Vítimas Feridas;Pleno dia;Decrescente;Céu Claro;Dupla;"Curva;Declive";-1.986.874.894;-4.405.962.197
28/06/2024;08:20:00;RIBEIRAO DAS NEVES;Velocidade Incompatível;Tombamento;Com Vítimas Feridas;Pleno dia;Crescente;Céu Claro;Dupla;"Reta;Retorno Regulamentado";-1.978.164.295;-4.411.733.194
28/06/2024;08:10:00;VACARIA;Desrespeitar a preferência no cruzamento;Colisão transversal;Com Vítimas Feridas;Pleno dia;Crescente;Nublado;Simples;Rotatória;-28.505.842;-5.094.321.191
28/06/2024;06:30:00;RIO GRANDE;Desrespeitar a preferência no cruzamento;Colisão transversal;Com Vítimas Feridas;Amanhecer;Crescente;Céu Claro;Simples;Interseção de Vias;-3.213.093.159;-5.211.160.898
28/06/2024;09:15:00;PARANAGUA;Manobra de mudança de faixa;Colisão lateral mesmo sentido;Com Vítimas Feridas;Pleno dia;Crescente;Céu Claro;Dupla;Reta;-25.527.833;-48.528.006
28/06/2024;09:20:00;DUQUE DE CAXIAS;Ultrapassagem Indevida;Colisão lateral mesmo sentido;Com Vítimas Feridas;Pleno dia;Decrescente;Céu Claro;Múltipla;Interseção de Vias;-2.267.428.307;-4.328.574.657
28/06/2024;08:00:00;ANAPOLIS;Pista esburacada;Queda de ocupante de veículo;Com Vítimas Feridas;Pleno dia;Decrescente;Céu Claro;Dupla;Reta;-16.371;-489.422