data_inversa;horario;municipio;causa_acidente;tipo_acidente;classificacao_acidente;fase_dia;sentido_via;condicao_metereologica;tipo_pista;tracado_via;latitude;longitude
05/07/2024;10:50:00;MATIAS BARBOSA;Velocidade Incompatível;Colisão traseira;Com Vítimas Feridas;Pleno dia;Crescente;Céu Claro;Dupla;"Declive;Curva";-2.186.313.979;-4.337.348.589
05/07/2024;10:05:00;CAMPO GRANDE;Velocidade Incompatível;Saída de leito carroçável;Com Vítimas Feridas;Pleno dia;Crescente;Céu Claro;Simples;Reta;-2.044.277.696;-5.474.452.972
02/07/2024;07:30:00;CURITIBA;Manobra de mudança de faixa;Colisão traseira;Com Vítimas Feridas;Amanhecer;Decrescente;Céu Claro;Dupla;"Reta;Aclive";-2.554.939.511;-4.932.541.185
05/07/2024;12:20:00;MARABA;Conversão proibida;Colisão lateral mesmo sentido;Com Vítimas Feridas;Pleno dia;Crescente;Sol;Simples;Reta;-537.652.185;-4.914.349.399
05/07/2024;12:40:00;MONTENEGRO;Velocidade Incompatível;Colisão com objeto;Com Vítimas Feridas;Pleno dia;Crescente;Chuva;Simples;Reta;-29.816.875;-51.392.719
05/07/2024;14:55:00;BRASILIA;Conversão proibida;Colisão traseira;Com Vítimas Feridas;Pleno dia;Crescente;Céu Claro;Simples;Reta;-15.933.754;-47.817.089
05/07/2024;13:45:00;CARUARU;Acumulo de água sobre o pavimento;Saída de leito carroçável;Com Vítimas Feridas;Pleno dia;Crescente;Chuva;Dupla;Reta;-830.807.114;-3.594.580.097
05/07/2024;14:00:00;JOINVILLE;Ausência de sinalização;Colisão traseira;Com Vítimas Feridas;Pleno dia;Crescente;Céu Claro;Dupla;Reta;-2.628.215.489;-4.888.973.081
05/07/2024;10:30:00;PEDRAS DE FOGO;Acumulo de água sobre o pavimento;Saída de leito carroçável;Sem Vítimas;Pleno dia;Decrescente;Chuva;Dupla;Declive;-737.852.293;-3.495.673.822
05/07/2024;15:00:00;GOIANIA;Manobra de mudança de faixa;Colisão lateral mesmo sentido;Com Vítimas Feridas;Pleno dia;Crescente;Céu Claro;Dupla;"Reta;Viaduto";-166.614;-492.218
05/07/2024;14:20:00;BARRA DO PIRAI;Acumulo de areia ou detritos sobre o pavimento;Tombamento;Com Vítimas Feridas;Pleno dia;Crescente;Céu Claro;Simples;Reta;-22.475.826;-44.049.858
05/07/2024;15:00:00;ESPERANCA;Ultrapassagem Indevida;Colisão frontal;Com Vítimas Feridas;Pleno dia;Crescente;Chuva;Simples;"Declive;Reta";-700.474.364;-3.585.081.722
05/07/2024;16:20:00;JEQUITAI;Velocidade Incompatível;Saída de leito carroçável;Com Vítimas Feridas;Pleno dia;Crescente;Sol;Simples;Curva;-1.704.887.701;-4.432.704.498
05/07/2024;17:30:00;SAO JOSE DOS PINHAIS;Ultrapassagem Indevida;Colisão frontal;Com Vítimas Feridas;Anoitecer;Crescente;Nublado;Múltipla;Reta;-2.560.034.699;-4.917.355.691
05/07/2024;18:20:00;JAGUARE;Conversão proibida;Colisão transversal;Com Vítimas Feridas;Anoitecer;Crescente;Nublado;Simples;Reta;-1.894.725.102;-3.997.972.996
05/07/2024;19:00:00;ITAPEMA;Manobra de mudança de faixa;Colisão lateral mesmo sentido;Com Vítimas Feridas;Plena Noite;Decrescente;Nublado;Dupla;Reta;-271.089.649;-4.861.277.586
05/07/2024;19:00:00;LONTRAS;Velocidade Incompatível;Saída de leito carroçável;Com Vítimas Feridas;Plena Noite;Crescente;Céu Claro;Simples;Curva;-27.148.499;-49.556.137
05/07/2024;20:10:00;BALNEARIO CAMBORIU;Manobra de mudança de faixa;Colisão traseira;Com Vítimas Feridas;Plena Noite;Crescente;Nublado;Dupla;Curva;-27.008.113;-48.617.245
05/07/2024;18:20:00;MOSSORO;Velocidade Incompatível;Saída de leito carroçável;Com Vítimas Feridas;Anoitecer;Decrescente;Nublado;Dupla;"Curva;Retorno Regulamentado";-5.213.983;-37.370.213
05/07/2024;19:00:00;DOURADOS;Iluminação deficiente;Colisão transversal;Com Vítimas Feridas;Plena Noite;Crescente;Céu Claro;Dupla;Reta;-2.222.742.781;-547.393.301
05/07/2024;20:00:00;ITAJAI;Desrespeitar a preferência no cruzamento;Colisão transversal;Com Vítimas Feridas;Pleno dia;Crescente;Céu Claro;Dupla;"Reta;Rotatória;Interseção de Vias;Viaduto";-2.688.747.187;-4.872.252.969
05/07/2024;18:45:00;GUARAMIRIM;Manobra de mudança de faixa;Colisão lateral mesmo sentido;Sem Vítimas;Plena Noite;Crescente;Nublado;Dupla;Reta;-2.647.236.756;-4.897.426.617
05/07/2024;19:00:00;UBERLANDIA;Velocidade Incompatível;Saída de leito carroçável;Com Vítimas Feridas;Plena Noite;Decrescente;Céu Claro;Dupla;Reta;-191.360.921;-4.817.067.835
05/07/2024;18:15:00;ABADIA DE GOIAS;Velocidade Incompatível;Saída de leito carroçável;Com Vítimas Feridas;Anoitecer;Crescente;Céu Claro;Dupla;"Reta;Declive";-167.956;-49.51
05/07/2024;20:45:00;JOAO PESSOA;Manobra de mudança de faixa;Colisão com objeto;Com Vítimas Feridas;Plena Noite;Crescente;Céu Claro;Dupla;"Curva;Desvio Temporário";-7.170.493;-34.866.957
05/07/2024;20:30:00;BALNEARIO CAMBORIU;Manobra de mudança de faixa;Colisão lateral mesmo sentido;Com Vítimas Feridas;Plena Noite;Crescente;Nublado;Dupla;"Interseção de Vias;Retorno Regulamentado";-2.700.218;-48.636.433
05/07/2024;20:00:00;BENEVIDES;Manobra de mudança de faixa;Colisão transversal;Com Vítimas Feridas;Plena Noite;Decrescente;Céu Claro;Dupla;"Reta;Retorno Regulamentado";-13.252.697;-48.232.117
05/07/2024;21:15:00;RIO CASCA;Velocidade Incompatível;Capotamento;Com Vítimas Feridas;Plena Noite;Decrescente;Céu Claro;Simples;Reta;-202.011.708;-4.267.925.669
05/07/2024;18:00:00;CORUPA;Conversão proibida;Colisão frontal;Com Vítimas Feridas;Plena Noite;Decrescente;Nublado;Simples;Reta;-2.644.009.491;-4.922.605.498
05/07/2024;19:45:00;JARU;Desrespeitar a preferência no cruzamento;Colisão transversal;Com Vítimas Feridas;Plena Noite;Crescente;Céu Claro;Simples;"Rotatória;Reta;Interseção de Vias";-1.042.731.312;-6.248.745.208
05/07/2024;08:00:00;PAULO LOPES;Velocidade Incompatível;Capotamento;Com Vítimas Feridas;Pleno dia;Decrescente;Chuva;Dupla;Curva;-2.799.084.416;-4.868.056.684
05/07/2024;22:20:00;IBIPORA;Ultrapassagem Indevida;Colisão frontal;Com Vítimas Fatais;Plena Noite;Crescente;Céu Claro;Simples;"Declive;Reta";-23.261.858;-51.028.038
05/07/2024;22:30:00;CAMPOS DOS GOYTACAZES;Acesso irregular;Colisão frontal;Com Vítimas Feridas;Plena Noite;Decrescente;Céu Claro;Simples;Reta;-21.781.011;-41.373.363
05/07/2024;22:40:00;REGISTRO;Chuva;Queda de ocupante de veículo;Com Vítimas Feridas;Plena Noite;Crescente;Chuva;Dupla;Reta;-2.452.913.591;-4.785.619.324
05/07/2024;20:40:00;FILADELFIA;Iluminação deficiente;Colisão traseira;Com Vítimas Feridas;Plena Noite;Decrescente;Céu Claro;Simples;Reta;-1.083.017.998;-4.011.418.081
05/07/2024;22:50:00;JOACABA;Pista Escorregadia;Tombamento;Com Vítimas Feridas;Plena Noite;Crescente;Garoa/Chuvisco;Simples;Rotatória;-271.798.478;-5.152.242.422
05/07/2024;21:10:00;SAO JOSE DO CERRITO;Pista Escorregadia;Saída de leito carroçável;Com Vítimas Feridas;Plena Noite;Crescente;Ignorado;Simples;Curva;-27.578.697;-5.077.409
05/07/2024;19:05:00;ICARAIMA;Ultrapassagem Indevida;Colisão frontal;Com Vítimas Fatais;Plena Noite;Crescente;Céu Claro;Simples;Curva;-2.337.598.044;-5.364.933.014
05/07/2024;22:43:00;TUCANO;Animais na Pista;Atropelamento de Animal;Com Vítimas Feridas;Pleno dia;Crescente;Nublado;Simples;Reta;-108.791.782;-3.863.936.989
06/07/2024;01:00:00;CANOAS;Desrespeitar a preferência no cruzamento;Colisão transversal;Sem Vítimas;Plena Noite;Crescente;Nublado;Dupla;"Viaduto;Interseção de Vias";-2.990.545.398;-5.117.674.031
05/07/2024;19:10:00;NOVA GLORIA;Ultrapassagem Indevida;Colisão lateral sentido oposto;Com Vítimas Feridas;Plena Noite;Decrescente;Céu Claro;Simples;Reta;-15.128.892;-49.510.925
06/07/2024;01:10:00;APARECIDA DE GOIANIA;Animais na Pista;Atropelamento de Animal;Sem Vítimas;Plena Noite;Crescente;Céu Claro;Dupla;Reta;-168.067;-492.394
06/07/2024;01:20:00;CONSELHEIRO LAFAIETE;Ultrapassagem Indevida;Colisão frontal;Com Vítimas Feridas;Plena Noite;Crescente;Céu Claro;Simples;Reta;-2.065.580.353;-4.380.540.767
05/07/2024;22:50:00;SERRINHA;Pista Escorregadia;Saída de leito carroçável;Com Vítimas Feridas;Plena Noite;Crescente;Nublado;Simples;Reta;-1.172.514;-3.898.642.914
06/07/2024;01:40:00;SOORETAMA;Velocidade Incompatível;Queda de ocupante de veículo;Com Vítimas Feridas;Plena Noite;Crescente;Céu Claro;Simples;"Curva;Declive";-1.921.191.395;-4.009.457.556
06/07/2024;02:23:00;RECIFE;Manobra de mudança de faixa;Colisão traseira;Com Vítimas Feridas;Plena Noite;Decrescente;Chuva;Dupla;Reta;-805.951.606;-3.494.581.024
06/07/2024;02:30:00;BOM JESUS DO SUL;Velocidade Incompatível;Saída de leito carroçável;Sem Vítimas;Plena Noite;Decrescente;Céu Claro;Simples;Reta;-26.203.762;-5.364.154
06/07/2024;04:50:00;POUSO REDONDO;Velocidade Incompatível;Saída de leito carroçável;Com Vítimas Feridas;Plena Noite;Crescente;Garoa/Chuvisco;Simples;Rotatória;-27.251.858;-49.958
06/07/2024;04:40:00;BARRA DO GARCAS;Ultrapassagem Indevida;Colisão frontal;Com Vítimas Fatais;Plena Noite;Decrescente;Céu Claro;Simples;Reta;-1.563.445.798;-5.220.803.546
06/07/2024;04:10:00;CANDOI;Estacionar ou parar em local proibido;Colisão transversal;Com Vítimas Feridas;Plena Noite;Crescente;Céu Claro;Simples;Reta;-2.571.668.299;-5.219.796.401
06/07/2024;05:50:00;AGUAS MORNAS;Manobra de mudança de faixa;Colisão frontal;Com Vítimas Fatais;Amanhecer;Decrescente;Chuva;Simples;"Declive;Curva";-276.988.318;-489.635.623
05/07/2024;18:00:00;ITATIAIUCU;Manobra de mudança de faixa;Colisão lateral mesmo sentido;Sem Vítimas;Plena Noite;Crescente;Nublado;Dupla;"Reta;Interseção de Vias";-2.017.995.533;-4.437.833.548
06/07/2024;06:29:00;ARAQUARI;Ultrapassagem Indevida;Colisão frontal;Com Vítimas Fatais;Plena Noite;Crescente;Céu Claro;Simples;Curva;-2.637.146;-48.711.887
06/07/2024;06:49:00;GRAVATAI;Velocidade Incompatível;Colisão traseira;Com Vítimas Feridas;Amanhecer;Decrescente;Céu Claro;Múltipla;Reta;-29.954.445;-5.106.881
06/07/2024;05:50:00;ARAPONGAS;Acesso irregular;Colisão transversal;Com Vítimas Feridas;Amanhecer;Crescente;Céu Claro;Simples;Reta;-23.412.209;-51.427.362
19/05/2024;06:40:00;JABOATAO DOS GUARARAPES;Pista Escorregadia;Queda de ocupante de veículo;Com Vítimas Feridas;Pleno dia;Decrescente;Ignorado;Dupla;"Interseção de Vias;Curva";-808.141.705;-3.499.414.265
06/07/2024;06:20:00;PARATY;Velocidade Incompatível;Colisão frontal;Com Vítimas Fatais;Amanhecer;Decrescente;Céu Claro;Simples;Curva;-2.309.727.792;-4.470.328.307
06/07/2024;06:50:00;LORENA;Acumulo de areia ou detritos sobre o pavimento;Tombamento;Com Vítimas Feridas;Pleno dia;Crescente;Céu Claro;Dupla;"Curva;Declive";-2.274.157.511;-4.509.206.392
06/07/2024;07:45:00;GASPAR;Velocidade Incompatível;Colisão traseira;Com Vítimas Feridas;Pleno dia;Decrescente;Garoa/Chuvisco;Múltipla;Curva;-26.912.727;-48.978.043
06/07/2024;05:30:00;MONTES CLAROS;Acesso irregular;Colisão lateral mesmo sentido;Com Vítimas Feridas;Amanhecer;Crescente;Céu Claro;Simples;Reta;-16.716.154;-43.863.327
06/07/2024;05:50:00;PETROPOLIS;Velocidade Incompatível;Colisão com objeto;Com Vítimas Feridas;Amanhecer;Decrescente;Nublado;Simples;Curva;-2.251.910.302;-4.322.873.364
06/07/2024;05:15:00;PATROCINIO;Ultrapassagem Indevida;Colisão frontal;Com Vítimas Feridas;Amanhecer;Crescente;Céu Claro;Simples;Curva;-1.895.990.548;-4.724.650.221
06/07/2024;09:30:00;ATIBAIA;Velocidade Incompatível;Colisão traseira;Com Vítimas Feridas;Pleno dia;Decrescente;Céu Claro;Dupla;"Reta;Aclive";-2.313.863.999;-4.657.584.088
06/07/2024;09:50:00;ESTANCIA;Chuva;Colisão com objeto;Com Vítimas Feridas;Pleno dia;Crescente;Chuva;Dupla;Reta;-1.117.299.592;-3.739.772.218
06/07/2024;07:30:00;ITAPEBI;Ultrapassagem Indevida;Colisão frontal;Com Vítimas Fatais;Pleno dia;Crescente;Chuva;Simples;Reta;-16.021.466;-3.960.808
05/07/2024;19:00:00;MACAPA;Estacionar ou parar em local proibido;Engavetamento;Sem Vítimas;Plena Noite;Crescente;Céu Claro;Dupla;Reta;0.07816717;-5.106.998.693
06/07/2024;10:40:00;ANTONINA;Velocidade Incompatível;Saída de leito carroçável;Com Vítimas Feridas;Pleno dia;Decrescente;Garoa/Chuvisco;Dupla;Curva;-2.511.070.464;-4.878.470.421
06/07/2024;06:40:00;IRAJUBA;Velocidade Incompatível;Saída de leito carroçável;Com Vítimas Feridas;Pleno dia;Decrescente;Céu Claro;Simples;Reta;-13.175.997;-4.000.105
06/07/2024;11:00:00;DUQUE DE CAXIAS;Manobra de mudança de faixa;Colisão lateral mesmo sentido;Com Vítimas Feridas;Pleno dia;Decrescente;Céu Claro;Dupla;Reta;-2.276.375.592;-4.328.683.062
06/07/2024;12:00:00;MATO CASTELHANO;Ultrapassagem Indevida;Capotamento;Com Vítimas Feridas;Pleno dia;Decrescente;Nublado;Simples;Reta;-28.278.734;-52.185.806
06/07/2024;11:45:00;TAUBATE;Manobra de mudança de faixa;Colisão lateral mesmo sentido;Com Vítimas Feridas;Pleno dia;Decrescente;Sol;Dupla;Interseção de Vias;-2.303.412.614;-455.526.999
06/07/2024;12:50:00;PONTE SERRADA;Velocidade Incompatível;Saída de leito carroçável;Com Vítimas Feridas;Pleno dia;Decrescente;Chuva;Simples;Declive;-26.833.155;-51.734.047
06/07/2024;12:50:00;TERESINA;Acesso irregular;Colisão transversal;Com Vítimas Feridas;Pleno dia;Decrescente;Céu Claro;Múltipla;Reta;-5.089.569;-42.802.288
06/07/2024;12:54:00;BRASILIA;Conversão proibida;Colisão transversal;Com Vítimas Fatais;Pleno dia;Crescente;Céu Claro;Simples;Reta;-15.948.113;-47.845.235
06/07/2024;12:50:00;TEOFILO OTONI;Velocidade Incompatível;Saída de leito carroçável;Com Vítimas Feridas;Pleno dia;Crescente;Garoa/Chuvisco;Simples;"Declive;Curva";-1.779.508.603;-4.150.201.207
05/07/2024;22:37:00;HUMAITA;Pista esburacada;Tombamento;Com Vítimas Feridas;Plena Noite;Não Informado;Céu Claro;Simples;Interseção de Vias;-751.937.055;-6.302.944.064
06/07/2024;15:10:00;PORTO ALEGRE;Manobra de mudança de faixa;Colisão lateral mesmo sentido;Com Vítimas Feridas;Pleno dia;Crescente;Céu Claro;Múltipla;"Declive;Curva;Interseção de Vias;Viaduto";-299.749.368;-511.994.648
06/07/2024;09:35:00;MAFRA;Pista Escorregadia;Capotamento;Com Vítimas Feridas;Pleno dia;Decrescente;Chuva;Simples;Reta;-26.209;-49.734
06/07/2024;12:00:00;CORUPA;Pista Escorregadia;Colisão traseira;Com Vítimas Feridas;Pleno dia;Decrescente;Nevoeiro/Neblina;Simples;"Curva;Aclive";-2.638.387.336;-4.932.226.181
06/07/2024;15:40:00;MACAIBA;Acesso irregular;Colisão transversal;Com Vítimas Feridas;Pleno dia;Crescente;Nublado;Simples;"Desvio Temporário;Em Obras";-58.646.698;-353.527.262
06/07/2024;09:35:00;SANTA BARBARA DO LESTE;Conversão proibida;Colisão transversal;Com Vítimas Fatais;Pleno dia;Crescente;Céu Claro;Simples;Reta;-1.995.272.398;-4.213.044.183
06/07/2024;15:00:00;JARU;Velocidade Incompatível;Tombamento;Com Vítimas Feridas;Pleno dia;Decrescente;Céu Claro;Simples;"Declive;Curva";-1.041.098.263;-6.251.010.043
06/07/2024;17:00:00;TOLEDO;Acumulo de água sobre o pavimento;Saída de leito carroçável;Com Vítimas Feridas;Pleno dia;Crescente;Garoa/Chuvisco;Dupla;Reta;-2.469.284.022;-5.374.462.366
06/07/2024;18:00:00;PORTO ALEGRE;Estacionar ou parar em local proibido;Colisão traseira;Com Vítimas Feridas;Anoitecer;Decrescente;Céu Claro;Dupla;"Reta;Aclive";-2.998.935.971;-5.121.954.918
06/07/2024;14:40:00;INDIARA;Velocidade Incompatível;Capotamento;Com Vítimas Feridas;Pleno dia;Decrescente;Céu Claro;Dupla;"Declive;Reta";-171.868;-500.729
06/07/2024;18:50:00;PONTA GROSSA;Manobra de mudança de faixa;Colisão lateral mesmo sentido;Com Vítimas Feridas;Plena Noite;Crescente;Céu Claro;Dupla;Viaduto;-2.503.898.228;-5.027.810.454
06/07/2024;18:30:00;ARES;Chuva;Saída de leito carroçável;Com Vítimas Feridas;Plena Noite;Decrescente;Chuva;Dupla;Reta;-619.746.698;-3.521.366.323
06/07/2024;16:50:00;SEROPEDICA;Conversão proibida;Colisão frontal;Com Vítimas Feridas;Plena Noite;Crescente;Céu Claro;Simples;Reta;-22.719.835;-43.725.739
06/07/2024;18:30:00;TERESOPOLIS;Acumulo de água sobre o pavimento;Tombamento;Com Vítimas Feridas;Plena Noite;Crescente;Nevoeiro/Neblina;Simples;Curva;-2.246.239.693;-4.298.665.881
06/07/2024;17:40:00;PRESIDENTE MEDICI;Acesso irregular;Colisão lateral mesmo sentido;Com Vítimas Feridas;Anoitecer;Decrescente;Sol;Simples;Reta;-11.190.471;-6.190.149
06/07/2024;18:10:00;PAULISTA;Acumulo de areia ou detritos sobre o pavimento;Colisão lateral sentido oposto;Com Vítimas Feridas;Anoitecer;Crescente;Chuva;Múltipla;"Declive;Curva";-793.124.094;-3.490.068.606
06/07/2024;19:20:00;PARANAVAI;Ultrapassagem Indevida;Colisão frontal;Com Vítimas Feridas;Plena Noite;Crescente;Nublado;Simples;Curva;-2.301.047.518;-5.253.939.986
06/07/2024;19:40:00;CONCEICAO DA FEIRA;Animais na Pista;Atropelamento de Animal;Com Vítimas Feridas;Plena Noite;Crescente;Céu Claro;Simples;Reta;-1.259.306.904;-3.898.826.795
17/06/2024;19:20:00;SAO MATEUS DO SUL;Ultrapassagem Indevida;Colisão frontal;Com Vítimas Feridas;Plena Noite;Decrescente;Nevoeiro/Neblina;Simples;Reta;-25.926.044;-50.464.188
06/07/2024;18:25:00;AGUAS MORNAS;Chuva;Colisão frontal;Com Vítimas Feridas;Anoitecer;Crescente;Chuva;Simples;"Curva;Aclive";-27.696.936;-48.964.138
06/07/2024;19:40:00;ALEGRETE;Animais na Pista;Atropelamento de Animal;Com Vítimas Feridas;Plena Noite;Decrescente;Nublado;Simples;Reta;-29.805.262;-55.781.088
06/07/2024;17:50:00;NOVA ITABERABA;Neblina;Colisão frontal;Com Vítimas Feridas;Anoitecer;Decrescente;Nevoeiro/Neblina;Simples;Reta;-26.958.057;-52.771.416
06/07/2024;20:40:00;PARANATAMA;Chuva;Eventos atípicos;Com Vítimas Feridas;Plena Noite;Crescente;Chuva;Simples;Reta;-891.114.371;-3.668.650.907
06/07/2024;21:30:00;GASPAR;Velocidade Incompatível;Saída de leito carroçável;Sem Vítimas;Plena Noite;Decrescente;Chuva;Dupla;Reta;-26.893.518;-48.914.028
06/07/2024;22:40:00;SAO JOSE DA LAJE;Velocidade Incompatível;Colisão lateral sentido oposto;Sem Vítimas;Plena Noite;Crescente;Chuva;Simples;Reta;-900.904.202;-3.602.981.786
06/07/2024;22:20:00;SILVEIRAS;Velocidade Incompatível;Colisão com objeto;Com Vítimas Feridas;Plena Noite;Crescente;Céu Claro;Dupla;Curva;-2.261.994.629;-4.490.836.974
06/07/2024;23:25:00;HERVAL DOESTE;Velocidade Incompatível;Capotamento;Com Vítimas Feridas;Plena Noite;Crescente;Chuva;Simples;Reta;-27.216.974;-51.470.055
07/07/2024;00:45:00;MAUA DA SERRA;Velocidade Incompatível;Capotamento;Com Vítimas Feridas;Plena Noite;Decrescente;Céu Claro;Dupla;Reta;-2.391.151.143;-5.118.467.934
07/07/2024;02:00:00;ORIZANIA;Velocidade Incompatível;Saída de leito carroçável;Sem Vítimas;Plena Noite;Crescente;Céu Claro;Simples;Reta;-2.053.930.104;-4.220.536.697
07/07/2024;02:00:00;CAPIVARI DE BAIXO;Acumulo de água sobre o pavimento;Capotamento;Com Vítimas Feridas;Plena Noite;Crescente;Chuva;Dupla;"Declive;Reta";-2.843.023.306;-4.895.205.197
07/07/2024;01:10:00;CONCEICAO DA FEIRA;Velocidade Incompatível;Tombamento;Com Vítimas Feridas;Plena Noite;Crescente;Céu Claro;Simples;Reta;-1.259.306.904;-3.898.826.795
07/07/2024;04:00:00;PIMENTA BUENO;Manobra de mudança de faixa;Colisão frontal;Com Vítimas Feridas;Plena Noite;Decrescente;Céu Claro;Simples;Reta;-11.661.617;-61.191.055
07/07/2024;03:30:00;BARROLANDIA;Manobra de mudança de faixa;Colisão traseira;Com Vítimas Feridas;Plena Noite;Crescente;Céu Claro;Simples;Aclive;-976.598.904;-4.870.398.682
06/07/2024;20:00:00;AGUAS MORNAS;Chuva;Saída de leito carroçável;Sem Vítimas;Plena Noite;Crescente;Chuva;Simples;"Aclive;Curva";-27.714.352;-48.938.072
07/07/2024;05:30:00;SANTANA DO IPANEMA;Animais na Pista;Colisão com objeto;Sem Vítimas;Amanhecer;Decrescente;Chuva;Simples;Curva;-937.323.821;-3.723.532.807
07/07/2024;05:20:00;MURIAE;Velocidade Incompatível;Saída de leito carroçável;Sem Vítimas;Amanhecer;Crescente;Nublado;Simples;Curva;-2.107.815.212;-4.237.218.859
06/07/2024;20:30:00;BOM JESUS DO TOCANTINS;Manobra de mudança de faixa;Capotamento;Com Vítimas Fatais;Plena Noite;Crescente;Nublado;Simples;Curva;-5.194.547;-49.011.433
07/07/2024;01:00:00;GUARULHOS;Velocidade Incompatível;Colisão com objeto;Sem Vítimas;Plena Noite;Decrescente;Nublado;Dupla;Curva;-2.345.625.852;-4.647.553.682
21/06/2024;11:15:00;BARRA DO GARCAS;Conversão proibida;Colisão transversal;Com Vítimas Feridas;Pleno dia;Crescente;Céu Claro;Dupla;Reta;-1.588.252.843;-5.227.574.027
07/07/2024;08:00:00;ARAQUARI;Velocidade Incompatível;Colisão com objeto;Com Vítimas Fatais;Pleno dia;Decrescente;Chuva;Dupla;"Interseção de Vias;Curva";-2.643.795.301;-488.041.234
07/07/2024;08:40:00;AGUAS LINDAS DE GOIAS;Manobra de mudança de faixa;Colisão traseira;Com Vítimas Feridas;Pleno dia;Decrescente;Céu Claro;Dupla;Curva;-1.577.579.351;-4.823.259.001
07/07/2024;08:25:00;BALNEARIO CAMBORIU;Velocidade Incompatível;Colisão com objeto;Com Vítimas Feridas;Pleno dia;Decrescente;Chuva;Múltipla;Curva;-2.702.397.426;-4.860.761.649
07/07/2024;09:20:00;GUAPIMIRIM;Velocidade Incompatível;Saída de leito carroçável;Com Vítimas Feridas;Pleno dia;Crescente;Nublado;Dupla;Curva;-226.687.122;-4.301.862.696
07/07/2024;08:15:00;FRANCISCO SA;Velocidade Incompatível;Saída de leito carroçável;Com Vítimas Feridas;Pleno dia;Crescente;Chuva;Simples;Reta;-1.641.786.952;-4.335.991.682
07/07/2024;11:00:00;RIO NEGRINHO;Ultrapassagem Indevida;Colisão lateral mesmo sentido;Com Vítimas Feridas;Pleno dia;Crescente;Garoa/Chuvisco;Simples;Curva;-2.624.317.941;-4.951.320.018
07/07/2024;11:20:00;ICONHA;Velocidade Incompatível;Tombamento;Com Vítimas Feridas;Pleno dia;Crescente;Céu Claro;Dupla;Curva;-2.078.765.135;-4.078.576.496
07/07/2024;12:20:00;LEOPOLDINA;Ultrapassagem Indevida;Colisão frontal;Com Vítimas Fatais;Pleno dia;Decrescente;Sol;Simples;Curva;-2.157.929.799;-42.731.821
07/07/2024;12:00:00;MURICI;Velocidade Incompatível;Saída de leito carroçável;Sem Vítimas;Pleno dia;Crescente;Chuva;Simples;Curva;-927.415.995;-3.596.520.211
07/07/2024;13:00:00;FLORIANOPOLIS;Velocidade Incompatível;Saída de leito carroçável;Sem Vítimas;Pleno dia;Decrescente;Chuva;Dupla;Curva;-27.588.425;-48.612.919
07/07/2024;11:45:00;SAO JOAO DO MANHUACU;Acumulo de areia ou detritos sobre o pavimento;Tombamento;Com Vítimas Feridas;Pleno dia;Crescente;Céu Claro;Simples;Curva;-2.033.157.703;-4.214.776.317
07/07/2024;12:30:00;CAMPOS NOVOS;Chuva;Saída de leito carroçável;Com Vítimas Feridas;Pleno dia;Decrescente;Chuva;Simples;Curva;-27.337.597;-5.097.187
07/07/2024;13:00:00;JOACABA;Pista Escorregadia;Saída de leito carroçável;Sem Vítimas;Pleno dia;Decrescente;Chuva;Simples;Curva;-27.177.313;-51.530.122
07/07/2024;16:08:00;MAMANGUAPE;Manobra de mudança de faixa;Colisão lateral mesmo sentido;Com Vítimas Feridas;Pleno dia;Decrescente;Céu Claro;Dupla;Reta;-657.453.301;-3.514.429.822
07/07/2024;15:35:00;LUCAS DO RIO VERDE;Acesso irregular;Colisão transversal;Com Vítimas Feridas;Pleno dia;Crescente;Céu Claro;Simples;Reta;-13.053.585;-55.910.807
07/07/2024;16:10:00;PALHOCA;Acumulo de água sobre o pavimento;Colisão com objeto;Com Vítimas Feridas;Pleno dia;Crescente;Chuva;Dupla;Curva;-2.780.376.397;-4.863.826.211
07/07/2024;14:50:00;ALTOS;Afundamento ou ondulação no pavimento;Tombamento;Com Vítimas Feridas;Pleno dia;Crescente;Nublado;Simples;Reta;-5.044.959;-42.544.502
07/07/2024;16:00:00;TRIUNFO;Manobra de mudança de faixa;Colisão lateral mesmo sentido;Sem Vítimas;Pleno dia;Decrescente;Garoa/Chuvisco;Simples;Reta;-29.780.762;-51.551.392
07/07/2024;16:58:00;GOIANA;Manobra de mudança de faixa;Colisão transversal;Com Vítimas Feridas;Pleno dia;Crescente;Céu Claro;Dupla;"Aclive;Reta";-758.679.204;-3.498.736.241
07/07/2024;17:24:00;TERESOPOLIS;Conversão proibida;Colisão transversal;Com Vítimas Feridas;Anoitecer;Crescente;Céu Claro;Simples;Declive;-224.065.491;-4.295.136.745
07/07/2024;16:35:00;LAGES;Desrespeitar a preferência no cruzamento;Colisão transversal;Sem Vítimas;Pleno dia;Decrescente;Chuva;Simples;Reta;-2.778.282.194;-5.025.309.563
07/07/2024;13:10:00;BACABAL;Acesso irregular;Colisão frontal;Com Vítimas Feridas;Pleno dia;Decrescente;Céu Claro;Simples;Reta;-4.221.953;-44.784.767
07/07/2024;19:29:00;MOSSORO;Estacionar ou parar em local proibido;Queda de ocupante de veículo;Com Vítimas Feridas;Plena Noite;Decrescente;Céu Claro;Simples;Reta;-507.281.407;-3.733.179.461
07/07/2024;18:00:00;ITABUNA;Velocidade Incompatível;Colisão traseira;Com Vítimas Feridas;Plena Noite;Crescente;Céu Claro;Simples;Reta;-1.481.574.494;-3.929.612.388