data_inversa;horario;municipio;causa_acidente;tipo_acidente;classificacao_acidente;fase_dia;sentido_via;condicao_metereologica;tipo_pista;tracado_via;latitude;longitude
07/07/2024;18:50:00;CEU AZUL;Velocidade Incompatível;Saída de leito carroçável;Sem Vítimas;Plena Noite;Decrescente;Chuva;Simples;Interseção de Vias;-2.512.585.236;-5.381.903.487
07/07/2024;19:40:00;GUARATUBA;Desrespeitar a preferência no cruzamento;Colisão transversal;Com Vítimas Fatais;Plena Noite;Crescente;Chuva;Dupla;"Declive;Retorno Regulamentado;Reta";-2.595.815;-48.900.978
07/07/2024;17:50:00;BOM DESPACHO;Ultrapassagem Indevida;Saída de leito carroçável;Com Vítimas Feridas;Anoitecer;Decrescente;Céu Claro;Simples;Reta;-1.978.825.658;-4.516.331.434
07/07/2024;19:50:00;RESENDE;Acesso irregular;Colisão transversal;Com Vítimas Feridas;Plena Noite;Crescente;Céu Claro;Simples;Interseção de Vias;-2.246.086.624;-4.444.296.321
07/07/2024;19:45:00;CACIMBINHAS;Animais na Pista;Atropelamento de Animal;Com Vítimas Feridas;Plena Noite;Crescente;Céu Claro;Simples;Reta;-94.046.948;-3.699.317.598
07/07/2024;18:10:00;VARGEM;Velocidade Incompatível;Saída de leito carroçável;Com Vítimas Feridas;Plena Noite;Decrescente;Chuva;Simples;"Declive;Curva";-2.749.302.592;-5.097.136.974
07/07/2024;19:15:00;VOLTA REDONDA;Ultrapassagem Indevida;Colisão frontal;Com Vítimas Feridas;Plena Noite;Decrescente;Céu Claro;Simples;Reta;-2.248.082.784;-4.404.047.201
07/07/2024;21:47:00;SALVADOR;Frear bruscamente;Colisão lateral mesmo sentido;Com Vítimas Feridas;Plena Noite;Crescente;Céu Claro;Dupla;"Reta;Aclive";-1.287.957.905;-3.843.213.893
07/07/2024;19:40:00;ESPLANADA;Iluminação deficiente;Atropelamento de Animal;Com Vítimas Feridas;Plena Noite;Crescente;Chuva;Simples;Reta;-1.185.684.103;-3.799.204.638
07/07/2024;18:20:00;SAO JOSE DOS PINHAIS;Animais na Pista;Colisão traseira;Sem Vítimas;Anoitecer;Decrescente;Garoa/Chuvisco;Dupla;"Declive;Reta";-2.559.563.891;-4.889.814.806
07/07/2024;22:00:00;ALTOS;Afundamento ou ondulação no pavimento;Capotamento;Com Vítimas Feridas;Plena Noite;Crescente;Céu Claro;Simples;"Em Obras;Reta";-5.043.957;-42.553.181
07/07/2024;23:10:00;NOVO LINO;Velocidade Incompatível;Capotamento;Com Vítimas Feridas;Plena Noite;Crescente;Chuva;Dupla;Reta;-893.518.579;-356.442.171
08/07/2024;00:05:00;MACAIBA;Manobra de mudança de faixa;Colisão com objeto;Com Vítimas Feridas;Plena Noite;Crescente;Nublado;Dupla;Reta;-587.657.067;-3.530.647.289
08/07/2024;02:45:00;NATAL;Velocidade Incompatível;Colisão com objeto;Com Vítimas Feridas;Plena Noite;Decrescente;Garoa/Chuvisco;Dupla;Interseção de Vias;-588.106.901;-3.522.542.396
08/07/2024;00:00:00;CEREJEIRAS;Animais na Pista;Saída de leito carroçável;Com Vítimas Feridas;Plena Noite;Decrescente;Céu Claro;Simples;Reta;-131.889.767;-6.084.728.001
07/07/2024;20:45:00;GOVERNADOR DIX-SEPT ROSADO;Frear bruscamente;Saída de leito carroçável;Com Vítimas Feridas;Plena Noite;Decrescente;Céu Claro;Simples;Reta;-540.871.586;-3.763.799.019
08/07/2024;04:00:00;ITAGUAI;Acesso irregular;Colisão lateral mesmo sentido;Com Vítimas Feridas;Plena Noite;Decrescente;Céu Claro;Múltipla;Reta;-2.289.077.885;-4.366.684.705
21/05/2024;18:17:00;TERESINA;Desrespeitar a preferência no cruzamento;Colisão transversal;Com Vítimas Feridas;Plena Noite;Decrescente;Ignorado;Dupla;Rotatória;-518.280.197;-4.276.350.291
08/07/2024;08:40:00;BARRA VELHA;Demais falhas na via;Queda de ocupante de veículo;Com Vítimas Feridas;Pleno dia;Decrescente;Chuva;Dupla;Reta;-265.519.717;-4.871.688.324
08/07/2024;03:30:00;LAJES;Velocidade Incompatível;Colisão com objeto;Sem Vítimas;Plena Noite;Crescente;Céu Claro;Simples;Reta;-57.048.752;-3.613.015.747
08/07/2024;09:25:00;CAJATI;Acumulo de água sobre o pavimento;Colisão com objeto;Com Vítimas Feridas;Pleno dia;Crescente;Chuva;Dupla;Reta;-2.473.097.634;-4.809.815.591
08/07/2024;09:30:00;SANTA LUZIA DO ITANHY;Acumulo de água sobre o pavimento;Colisão com objeto;Sem Vítimas;Pleno dia;Crescente;Chuva;Simples;Curva;-11.318.579;-37.533.475
08/07/2024;09:15:00;JABOATAO DOS GUARARAPES;Manobra de mudança de faixa;Colisão lateral mesmo sentido;Com Vítimas Feridas;Pleno dia;Decrescente;Garoa/Chuvisco;Dupla;"Reta;Em Obras";-808.831.567;-3.501.203.806
08/07/2024;10:26:00;CONCEICAO DA BARRA;Desrespeitar a preferência no cruzamento;Colisão transversal;Com Vítimas Feridas;Pleno dia;Crescente;Sol;Simples;"Retorno Regulamentado;Reta";-1.842.549.901;-3.993.487.006
08/07/2024;09:30:00;CAJATI;Chuva;Saída de leito carroçável;Sem Vítimas;Pleno dia;Crescente;Chuva;Múltipla;Curva;-2.478.228.753;-4.817.695.233
08/07/2024;10:40:00;ROLANDIA;Acumulo de água sobre o pavimento;Saída de leito carroçável;Com Vítimas Feridas;Pleno dia;Decrescente;Chuva;Dupla;"Viaduto;Reta";-2.335.096.359;-5.138.733.745
08/07/2024;09:40:00;CAMPINA GRANDE DO SUL;Pista Escorregadia;Colisão com objeto;Com Vítimas Feridas;Pleno dia;Decrescente;Chuva;Dupla;Curva;-25.168.298;-4.886.596
08/07/2024;09:00:00;CAMPINA GRANDE DO SUL;Velocidade Incompatível;Colisão com objeto;Sem Vítimas;Pleno dia;Crescente;Chuva;Dupla;"Declive;Curva";-25.141.462;-48.856.394
08/07/2024;09:45:00;DUQUE DE CAXIAS;Manobra de mudança de faixa;Colisão lateral mesmo sentido;Com Vítimas Feridas;Pleno dia;Decrescente;Nublado;Múltipla;Reta;-2.276.375.592;-4.328.683.062
23/06/2024;17:30:00;CURITIBA;Manobra de mudança de faixa;Colisão lateral mesmo sentido;Com Vítimas Feridas;Anoitecer;Crescente;Céu Claro;Múltipla;Interseção de Vias;-2.538.867.573;-4.920.621.336
08/07/2024;12:20:00;CAMPOS DOS GOYTACAZES;Acostamento em desnível;Queda de ocupante de veículo;Com Vítimas Feridas;Pleno dia;Crescente;Céu Claro;Simples;Reta;-2.171.366.497;-4.130.861.915
08/07/2024;15:00:00;JOAO PESSOA;Manobra de mudança de faixa;Colisão lateral mesmo sentido;Com Vítimas Feridas;Pleno dia;Decrescente;Céu Claro;Dupla;Reta;-715.804.261;-3.485.826.421
08/07/2024;15:00:00;CAMPO LARGO;Chuva;Tombamento;Com Vítimas Feridas;Pleno dia;Crescente;Chuva;Dupla;Reta;-2.543.598.882;-4.944.267.154
08/07/2024;11:50:00;GARUVA;Velocidade Incompatível;Saída de leito carroçável;Com Vítimas Feridas;Pleno dia;Crescente;Nublado;Dupla;Reta;-2.602.692.002;-4.886.142.017
08/07/2024;13:44:00;CAJATI;Chuva;Saída de leito carroçável;Sem Vítimas;Pleno dia;Decrescente;Chuva;Dupla;Curva;-2.482.178.987;-4.821.419.034
08/07/2024;17:10:00;CONGONHAL;Acesso irregular;Colisão lateral mesmo sentido;Com Vítimas Feridas;Anoitecer;Decrescente;Céu Claro;Simples;"Reta;Interseção de Vias";-22.150.208;-46.033.627
08/07/2024;17:20:00;FOZ DO IGUACU;Ultrapassagem Indevida;Colisão transversal;Com Vítimas Feridas;Pleno dia;Crescente;Nublado;Simples;"Reta;Interseção de Vias;Em Obras";-2.557.701.439;-5.454.437.256
08/07/2024;16:30:00;SAO MATEUS DO SUL;Afundamento ou ondulação no pavimento;Saída de leito carroçável;Com Vítimas Feridas;Pleno dia;Crescente;Garoa/Chuvisco;Simples;Reta;-25.950.428;-50.505.707
08/07/2024;17:30:00;FLEXEIRAS;Chuva;Saída de leito carroçável;Com Vítimas Feridas;Plena Noite;Crescente;Chuva;Dupla;Reta;-925.462.415;-3.577.287.179
08/07/2024;18:30:00;SANTA ISABEL;Pista Escorregadia;Tombamento;Com Vítimas Feridas;Plena Noite;Decrescente;Chuva;Dupla;Aclive;-2.335.713.072;-4.620.737.811
08/07/2024;18:30:00;SAO JOSE DOS PINHAIS;Acesso irregular;Saída de leito carroçável;Sem Vítimas;Plena Noite;Crescente;Garoa/Chuvisco;Dupla;"Declive;Reta";-2.556.635.207;-4.916.833.598
08/07/2024;17:15:00;DOM ELISEU;Velocidade Incompatível;Saída de leito carroçável;Com Vítimas Feridas;Pleno dia;Crescente;Céu Claro;Simples;Curva;-4.461.455;-47.806.446
08/07/2024;19:40:00;RIO BONITO;Velocidade Incompatível;Colisão traseira;Com Vítimas Feridas;Plena Noite;Decrescente;Céu Claro;Dupla;Reta;-22.720.229;-42.690.406
08/07/2024;19:10:00;VILA BOA;Desrespeitar a preferência no cruzamento;Colisão transversal;Sem Vítimas;Plena Noite;Decrescente;Céu Claro;Simples;Reta;-1.504.924.798;-4.706.645.966
08/07/2024;11:40:00;JEQUITAI;Velocidade Incompatível;Saída de leito carroçável;Com Vítimas Feridas;Pleno dia;Crescente;Céu Claro;Simples;"Aclive;Curva";-1.704.887.701;-4.432.704.498
08/07/2024;18:10:00;SAO MIGUEL DO OESTE;Animais na Pista;Atropelamento de Animal;Com Vítimas Feridas;Anoitecer;Crescente;Garoa/Chuvisco;Dupla;"Declive;Reta;Interseção de Vias";-2.674.522.714;-5.350.097.179
08/07/2024;19:10:00;RIO CASCA;Velocidade Incompatível;Saída de leito carroçável;Com Vítimas Feridas;Plena Noite;Decrescente;Céu Claro;Simples;"Declive;Curva";-2.006.617.491;-4.271.832.256
08/07/2024;18:00:00;LARANJEIRAS DO SUL;Velocidade Incompatível;Colisão frontal;Com Vítimas Fatais;Anoitecer;Crescente;Garoa/Chuvisco;Simples;Curva;-2.536.984;-5.239.127
08/07/2024;19:50:00;MAIRIPORA;Chuva;Queda de ocupante de veículo;Com Vítimas Feridas;Plena Noite;Crescente;Chuva;Dupla;Curva;-2.328.957.673;-4.658.729.853
08/07/2024;18:35:00;CAMBIRA;Chuva;Tombamento;Com Vítimas Feridas;Plena Noite;Crescente;Céu Claro;Dupla;Curva;-2.360.181.386;-5.159.163.594
08/07/2024;16:33:00;ARAMINA;Ausência de sinalização;Colisão traseira;Sem Vítimas;Pleno dia;Não Informado;Sol;Simples;"Interseção de Vias;Reta";-2.008.821.541;-477.895.474
08/07/2024;23:00:00;PROMISSAO;Animais na Pista;Saída de leito carroçável;Com Vítimas Feridas;Plena Noite;Crescente;Céu Claro;Simples;Reta;-2.138.147.297;-497.908.097
08/07/2024;20:50:00;PORTO VELHO;Acumulo de areia ou detritos sobre o pavimento;Saída de leito carroçável;Com Vítimas Feridas;Plena Noite;Crescente;Céu Claro;Simples;"Reta;Em Obras";-80.846.424;-6.362.753.988
08/07/2024;21:00:00;LUCAS DO RIO VERDE;Animais na Pista;Atropelamento de Animal;Sem Vítimas;Plena Noite;Crescente;Céu Claro;Simples;Reta;-1.324.579.447;-5.601.387.458
08/07/2024;22:45:00;JUAZEIRO;Animais na Pista;Atropelamento de Animal;Sem Vítimas;Plena Noite;Decrescente;Céu Claro;Simples;Reta;-9.633.835;-40.401.323
09/07/2024;05:40:00;SAO MATEUS;Desrespeitar a preferência no cruzamento;Colisão transversal;Com Vítimas Feridas;Amanhecer;Decrescente;Nublado;Múltipla;Interseção de Vias;-18.726.597;-3.985.975
09/07/2024;07:30:00;JOINVILLE;Acumulo de água sobre o pavimento;Tombamento;Com Vítimas Feridas;Pleno dia;Decrescente;Chuva;Múltipla;"Reta;Declive";-2.631.781.248;-4.887.233.198
09/07/2024;08:00:00;PALHOCA;Manobra de mudança de faixa;Colisão lateral mesmo sentido;Com Vítimas Feridas;Pleno dia;Decrescente;Garoa/Chuvisco;Múltipla;Reta;-2.762.329.313;-4.865.245.588
09/07/2024;08:20:00;JOAO PESSOA;Manobra de mudança de faixa;Colisão transversal;Com Vítimas Feridas;Pleno dia;Crescente;Céu Claro;Dupla;Retorno Regulamentado;-711.833.138;-3.484.414.816
09/07/2024;06:40:00;MOSSORO;Velocidade Incompatível;Colisão traseira;Com Vítimas Feridas;Pleno dia;Crescente;Céu Claro;Simples;Reta;-522.576.093;-3.750.570.309
09/07/2024;07:40:00;PONTA GROSSA;Manobra de mudança de faixa;Colisão lateral mesmo sentido;Com Vítimas Feridas;Pleno dia;Crescente;Chuva;Dupla;Interseção de Vias;-2.513.510.082;-5.016.497.282
09/07/2024;07:50:00;MAIRIPORA;Chuva;Colisão com objeto;Com Vítimas Feridas;Pleno dia;Decrescente;Chuva;Dupla;"Aclive;Reta";-2.328.270.705;-4.658.787.791
09/07/2024;07:00:00;ARAQUARI;Desrespeitar a preferência no cruzamento;Atropelamento de Pedestre;Com Vítimas Feridas;Pleno dia;Crescente;Garoa/Chuvisco;Simples;Reta;-26.420.618;-48.779.335
09/07/2024;09:20:00;CASCAVEL;Pista esburacada;Queda de ocupante de veículo;Com Vítimas Feridas;Pleno dia;Decrescente;Nevoeiro/Neblina;Simples;Reta;-250.662.028;-532.164.665
09/07/2024;10:35:00;MORRETES;Pista Escorregadia;Colisão com objeto;Com Vítimas Feridas;Pleno dia;Decrescente;Chuva;Dupla;"Curva;Declive";-255.585.949;-4.880.593.311
09/07/2024;11:50:00;VILA BOA;Conversão proibida;Colisão transversal;Com Vítimas Feridas;Pleno dia;Decrescente;Céu Claro;Simples;Reta;-15.071.345;-47.084.877
09/07/2024;09:15:00;OURINHOS;Chuva;Capotamento;Com Vítimas Feridas;Pleno dia;Decrescente;Chuva;Dupla;"Declive;Reta";-2.296.840.896;-4.989.986.421
09/07/2024;12:55:00;JUQUITIBA;Chuva;Saída de leito carroçável;Com Vítimas Feridas;Pleno dia;Decrescente;Chuva;Dupla;Curva;-2.395.129.388;-4.710.220.309
05/07/2024;18:40:00;ANASTACIO;Animais na Pista;Tombamento;Sem Vítimas;Plena Noite;Decrescente;Nublado;Simples;Reta;-2.069.219.302;-5.590.501.286
09/07/2024;13:30:00;CAXIAS DO SUL;Frear bruscamente;Engavetamento;Com Vítimas Feridas;Pleno dia;Crescente;Nevoeiro/Neblina;Dupla;"Reta;Interseção de Vias";-291.201.739;-5.112.260.651
09/07/2024;12:45:00;CAMPINA GRANDE DO SUL;Velocidade Incompatível;Capotamento;Com Vítimas Feridas;Pleno dia;Decrescente;Chuva;Dupla;Curva;-251.068.163;-488.493.208
09/07/2024;13:15:00;RIO GRANDE;Pista Escorregadia;Queda de ocupante de veículo;Com Vítimas Feridas;Pleno dia;Crescente;Garoa/Chuvisco;Simples;Reta;-32.093.615;-52.108.877
09/07/2024;12:30:00;RIO DE JANEIRO;Acumulo de areia ou detritos sobre o pavimento;Queda de ocupante de veículo;Com Vítimas Feridas;Pleno dia;Decrescente;Nublado;Dupla;"Retorno Regulamentado;Reta";-2.288.064.129;-4.363.218.994
09/07/2024;15:00:00;LONDRINA;Acesso irregular;Atropelamento de Pedestre;Com Vítimas Feridas;Pleno dia;Crescente;Garoa/Chuvisco;Dupla;Reta;-232.930.719;-5.115.517.616
09/07/2024;10:50:00;PETROPOLIS;Velocidade Incompatível;Saída de leito carroçável;Com Vítimas Feridas;Pleno dia;Decrescente;Nevoeiro/Neblina;Simples;Curva;-2.251.910.302;-4.322.873.364
09/07/2024;15:40:00;JUQUITIBA;Chuva;Saída de leito carroçável;Com Vítimas Feridas;Pleno dia;Decrescente;Chuva;Dupla;Curva;-239.983.939;-4.714.927.316
09/07/2024;15:40:00;NOVA IGUACU;Manobra de mudança de faixa;Colisão lateral mesmo sentido;Com Vítimas Feridas;Pleno dia;Crescente;Garoa/Chuvisco;Dupla;Reta;-2.274.151.051;-4.345.351.823
09/07/2024;13:48:00;JOAO PINHEIRO;Conversão proibida;Colisão lateral mesmo sentido;Com Vítimas Feridas;Pleno dia;Crescente;Céu Claro;Simples;Reta;-1.770.612.195;-4.628.554.299
09/07/2024;13:40:00;CAMANDUCAIA;Chuva;Saída de leito carroçável;Sem Vítimas;Pleno dia;Crescente;Chuva;Dupla;Curva;-2.277.050.246;-4.623.490.598
09/07/2024;17:00:00;FAZENDA RIO GRANDE;Desrespeitar a preferência no cruzamento;Colisão transversal;Com Vítimas Feridas;Anoitecer;Decrescente;Chuva;Múltipla;"Reta;Interseção de Vias";-2.563.701.615;-4.931.326.568
09/07/2024;17:40:00;MAIRIPORA;Acumulo de água sobre o pavimento;Colisão com objeto;Com Vítimas Feridas;Anoitecer;Crescente;Chuva;Dupla;"Declive;Curva";-2.329.011.611;-465.800.681
09/07/2024;15:30:00;LARANJEIRAS DO SUL;Curva acentuada;Colisão lateral sentido oposto;Com Vítimas Feridas;Pleno dia;Decrescente;Chuva;Simples;Curva;-2.535.433.409;-5.248.223.603
09/07/2024;17:50:00;SAO JOAO DE MERITI;Chuva;Colisão traseira;Com Vítimas Feridas;Anoitecer;Decrescente;Chuva;Dupla;Reta;-2.279.810.324;-4.335.726.614
09/07/2024;18:00:00;RIO DO SUL;Desrespeitar a preferência no cruzamento;Colisão transversal;Com Vítimas Feridas;Plena Noite;Decrescente;Chuva;Simples;Retorno Regulamentado;-27.240.673;-49.685.822
09/07/2024;19:15:00;PALHOCA;Desrespeitar a preferência no cruzamento;Colisão transversal;Com Vítimas Feridas;Plena Noite;Decrescente;Chuva;Simples;Reta;-27.658.611;-48.681.847
09/07/2024;19:30:00;ALTOS;Afundamento ou ondulação no pavimento;Capotamento;Com Vítimas Feridas;Plena Noite;Crescente;Céu Claro;Simples;"Em Obras;Curva";-5.048.245;-42.560.604
09/07/2024;17:50:00;JI-PARANA;Frear bruscamente;Tombamento;Com Vítimas Feridas;Anoitecer;Decrescente;Céu Claro;Dupla;Reta;-1.088.381.227;-6.193.741.416
09/07/2024;19:20:00;ESTIVA;Velocidade Incompatível;Colisão com objeto;Com Vítimas Feridas;Plena Noite;Crescente;Chuva;Dupla;"Declive;Curva";-224.201.618;-4.596.508.935
09/07/2024;19:00:00;JOAQUIM NABUCO;Acumulo de água sobre o pavimento;Saída de leito carroçável;Sem Vítimas;Plena Noite;Crescente;Chuva;Dupla;Curva;-860.776.887;-355.426.471
09/07/2024;16:52:00;SALGUEIRO;Demais falhas na via;Queda de ocupante de veículo;Com Vítimas Feridas;Anoitecer;Crescente;Céu Claro;Simples;"Declive;Reta";-8.068.192;-39.180.042
09/07/2024;21:05:00;BALNEARIO CAMBORIU;Chuva;Queda de ocupante de veículo;Com Vítimas Feridas;Plena Noite;Crescente;Chuva;Dupla;Reta;-270.157.238;-4.861.192.763
09/07/2024;21:10:00;BIGUACU;Pista Escorregadia;Colisão com objeto;Com Vítimas Feridas;Plena Noite;Decrescente;Chuva;Dupla;Curva;-27.468.056;-48.641.712
09/07/2024;15:00:00;PAULO LOPES;Velocidade Incompatível;Saída de leito carroçável;Com Vítimas Feridas;Pleno dia;Decrescente;Chuva;Dupla;Reta;-27.901.682;-4.864.892
09/07/2024;22:30:00;GUARULHOS;Velocidade Incompatível;Colisão traseira;Com Vítimas Feridas;Plena Noite;Crescente;Nublado;Múltipla;Reta;-23.457.972;-46.479.927
10/07/2024;00:40:00;CATALAO;Falta de elemento de contenção que evite a saída do leito carroçável;Saída de leito carroçável;Sem Vítimas;Plena Noite;Decrescente;Céu Claro;Simples;"Reta;Em Obras";-181.739;-479.289
10/07/2024;01:00:00;ICARA;Chuva;Saída de leito carroçável;Com Vítimas Feridas;Plena Noite;Crescente;Chuva;Dupla;Reta;-2.874.926.202;-4.926.624.839
10/07/2024;00:10:00;PAULO LOPES;Chuva;Tombamento;Com Vítimas Feridas;Plena Noite;Decrescente;Chuva;Dupla;Curva;-2.799.701.205;-4.868.755.194
10/07/2024;06:10:00;MURIAE;Desrespeitar a preferência no cruzamento;Colisão transversal;Com Vítimas Feridas;Pleno dia;Decrescente;Céu Claro;Simples;"Interseção de Vias;Reta";-2.112.847.993;-4.236.381.769
10/07/2024;06:51:00;CAJATI;Acumulo de água sobre o pavimento;Saída de leito carroçável;Com Vítimas Feridas;Pleno dia;Crescente;Garoa/Chuvisco;Simples;Curva;-2.478.213.697;-4.818.320.274
07/07/2024;06:15:00;PICADA CAFE;Demais Fenômenos da natureza;Saída de leito carroçável;Com Vítimas Feridas;Plena Noite;Crescente;Nevoeiro/Neblina;Simples;Curva;-294.949.404;-5.114.114.191
10/07/2024;08:20:00;SENADOR JOSE BENTO;Velocidade Incompatível;Capotamento;Com Vítimas Feridas;Pleno dia;Crescente;Chuva;Simples;"Declive;Curva";-22.134.133;-46.162.596
10/07/2024;07:45:00;BRASILIA;Desrespeitar a preferência no cruzamento;Colisão transversal;Sem Vítimas;Amanhecer;Não Informado;Sol;Dupla;Rotatória;-15.871.818;-47.973.283
10/07/2024;08:55:00;FRANCISCO SA;Animais na Pista;Saída de leito carroçável;Com Vítimas Feridas;Pleno dia;Crescente;Céu Claro;Simples;Reta;-166.553.239;-4.371.906.108
10/07/2024;09:00:00;SAO PAULO;Pista Escorregadia;Colisão traseira;Sem Vítimas;Pleno dia;Crescente;Garoa/Chuvisco;Dupla;Curva;-23.384.332;-46.564.942
10/07/2024;09:15:00;GRAVATAI;Pista Escorregadia;Saída de leito carroçável;Com Vítimas Feridas;Pleno dia;Crescente;Chuva;Dupla;Reta;-29.936.922;-50.886.063
10/07/2024;08:00:00;ABADIANIA;Manobra de mudança de faixa;Colisão lateral mesmo sentido;Sem Vítimas;Pleno dia;Decrescente;Céu Claro;Dupla;Reta;-162.462;-487.613
10/07/2024;09:45:00;BOA VISTA DAS MISSOES;Velocidade Incompatível;Colisão lateral mesmo sentido;Com Vítimas Feridas;Pleno dia;Crescente;Nublado;Simples;Curva;-2.780.099.788;-5.333.218.036
07/04/2024;14:00:00;INDIARA;Velocidade Incompatível;Saída de leito carroçável;Com Vítimas Feridas;Pleno dia;Crescente;Céu Claro;Dupla;Reta;-171.066;-499.187
10/07/2024;11:00:00;VITORIA DA CONQUISTA;Conversão proibida;Colisão transversal;Com Vítimas Feridas;Pleno dia;Decrescente;Sol;Dupla;Reta;-148.591.624;-408.496.487
10/07/2024;09:00:00;ACAILANDIA;Acesso irregular;Colisão transversal;Sem Vítimas;Pleno dia;Crescente;Céu Claro;Simples;Reta;-4.890.294;-4.751.078
10/07/2024;13:00:00;MURIAE;Velocidade Incompatível;Saída de leito carroçável;Com Vítimas Feridas;Pleno dia;Decrescente;Céu Claro;Simples;Curva;-2.109.470.198;-4.237.369.904
29/03/2024;19:46:00;SEROPEDICA;Chuva;Queda de ocupante de veículo;Com Vítimas Feridas;Anoitecer;Crescente;Céu Claro;Simples;Reta;-22.740.971;-43.705.597
10/05/2024;14:10:00;DOMINGOS MARTINS;Pista Escorregadia;Saída de leito carroçável;Com Vítimas Feridas;Pleno dia;Crescente;Chuva;Simples;Curva;-2.038.524.458;-4.065.385.185
10/07/2024;04:40:00;CATUJI;Animais na Pista;Atropelamento de Animal;Com Vítimas Feridas;Amanhecer;Decrescente;Nevoeiro/Neblina;Simples;Reta;-1.725.962.992;-4.150.580.719
10/07/2024;09:30:00;PELOTAS;Desrespeitar a preferência no cruzamento;Colisão transversal;Com Vítimas Feridas;Pleno dia;Decrescente;Garoa/Chuvisco;Simples;"Interseção de Vias;Viaduto";-3.175.709.532;-5.239.980.728
10/07/2024;16:00:00;SAO JOAO DO MANHUACU;Velocidade Incompatível;Saída de leito carroçável;Com Vítimas Feridas;Pleno dia;Decrescente;Céu Claro;Simples;Curva;-2.033.157.703;-4.214.776.317
10/07/2024;16:00:00;ANTONINA;Velocidade Incompatível;Saída de leito carroçável;Sem Vítimas;Pleno dia;Crescente;Nublado;Dupla;Curva;-2.510.305.915;-4.870.103.892
25/04/2024;08:00:00;CURITIBA;Manobra de mudança de faixa;Tombamento;Com Vítimas Feridas;Pleno dia;Decrescente;Ignorado;Dupla;Curva;-254.301.345;-493.207.578
10/07/2024;18:40:00;FLORIANOPOLIS;Manobra de mudança de faixa;Colisão traseira;Com Vítimas Feridas;Plena Noite;Decrescente;Nublado;Dupla;Reta;-27.592.646;-48.604.034
10/07/2024;18:30:00;NOVA IGUACU;Manobra de mudança de faixa;Colisão lateral mesmo sentido;Com Vítimas Feridas;Plena Noite;Crescente;Céu Claro;Dupla;Reta;-227.516.014;-4.343.849.831
10/07/2024;18:20:00;BOM JESUS;Animais na Pista;Atropelamento de Animal;Sem Vítimas;Plena Noite;Decrescente;Céu Claro;Simples;Reta;-28.645.664;-50.602.966
10/07/2024;18:05:00;SAO LEOPOLDO;Conversão proibida;Colisão transversal;Com Vítimas Feridas;Anoitecer;Crescente;Garoa/Chuvisco;Dupla;Interseção de Vias;-2.977.605.895;-5.115.508.618
10/07/2024;19:00:00;VITORIA DA CONQUISTA;Desrespeitar a preferência no cruzamento;Colisão transversal;Com Vítimas Feridas;Plena Noite;Decrescente;Nublado;Simples;Interseção de Vias;-1.490.244.624;-4.084.467.888
10/07/2024;17:20:00;BUJARI;Acumulo de areia ou detritos sobre o pavimento;Saída de leito carroçável;Com Vítimas Feridas;Anoitecer;Decrescente;Céu Claro;Simples;Reta;-979.568.797;-6.801.010.998
10/07/2024;18:00:00;SALVADOR;Manobra de mudança de faixa;Colisão lateral mesmo sentido;Sem Vítimas;Anoitecer;Crescente;Céu Claro;Dupla;Reta;-128.639.793;-3.842.370.126
10/07/2024;18:00:00;DOURADOS;Condutor usando celular;Saída de leito carroçável;Sem Vítimas;Plena Noite;Decrescente;Nublado;Simples;Reta;-2.230.589.498;-548.205.117
10/07/2024;17:25:00;DUQUE DE CAXIAS;Manobra de mudança de faixa;Colisão lateral mesmo sentido;Com Vítimas Feridas;Anoitecer;Crescente;Céu Claro;Dupla;Reta;-2.265.581.497;-4.328.378.546
10/07/2024;21:30:00;TERESOPOLIS;Conversão proibida;Colisão transversal;Com Vítimas Feridas;Plena Noite;Crescente;Nublado;Simples;"Aclive;Reta";-2.230.203.301;-4.293.608.798
10/07/2024;10:35:00;NITEROI;Conversão proibida;Colisão traseira;Com Vítimas Feridas;Pleno dia;Crescente;Céu Claro;Múltipla;Reta;-22.878.923;-43.110.676
10/07/2024;20:10:00;ITUMBIARA;Velocidade Incompatível;Colisão lateral sentido oposto;Com Vítimas Feridas;Plena Noite;Decrescente;Céu Claro;Simples;Reta;-183.749.007;-4.935.444.174
11/07/2024;01:20:00;BRASILIA;Manobra de mudança de faixa;Colisão traseira;Com Vítimas Feridas;Plena Noite;Crescente;Céu Claro;Dupla;"Retorno Regulamentado;Reta";-15.887.383;-48.077.988
11/07/2024;03:00:00;CAMPINA GRANDE DO SUL;Velocidade Incompatível;Saída de leito carroçável;Com Vítimas Feridas;Plena Noite;Crescente;Chuva;Dupla;Reta;-253.697;-491.158
11/07/2024;05:00:00;SANTA IZABEL DO PARA;Acumulo de areia ou detritos sobre o pavimento;Saída de leito carroçável;Com Vítimas Feridas;Plena Noite;Decrescente;Céu Claro;Dupla;Curva;-1.277.567;-48.078.326
11/07/2024;06:00:00;IRATI;Velocidade Incompatível;Saída de leito carroçável;Com Vítimas Feridas;Amanhecer;Decrescente;Chuva;Simples;"Reta;Declive";-2.543.345.713;-5.072.330.296
11/07/2024;07:03:00;NATAL;Manobra de mudança de faixa;Colisão traseira;Com Vítimas Feridas;Pleno dia;Decrescente;Céu Claro;Dupla;Reta;-583.176.615;-3.521.191.342