data_inversa;horario;municipio;causa_acidente;tipo_acidente;classificacao_acidente;fase_dia;sentido_via;condicao_metereologica;tipo_pista;tracado_via;latitude;longitude
25/07/2024;06:40:00;RIO GRANDE;Pista Escorregadia;Saída de leito carroçável;Com Vítimas Feridas;Amanhecer;Crescente;Chuva;Dupla;Curva;-3.191.018.203;-5.231.605.918
25/07/2024;05:00:00;LUZ;Velocidade Incompatível;Tombamento;Com Vítimas Feridas;Plena Noite;Crescente;Céu Claro;Simples;"Aclive;Curva";-1.971.819.541;-4.589.938.601
19/07/2024;14:59:00;FEIRA DE SANTANA;Animais na Pista;Atropelamento de Animal;Com Vítimas Feridas;Pleno dia;Decrescente;Céu Claro;Dupla;Reta;-122.310.242;-389.598.564
24/07/2024;19:00:00;BUJARI;Demais falhas na via;Saída de leito carroçável;Com Vítimas Feridas;Plena Noite;Decrescente;Céu Claro;Simples;Reta;-974.287.622;-6.809.574.713
25/07/2024;09:40:00;JOAO PESSOA;Acumulo de areia ou detritos sobre o pavimento;Tombamento;Com Vítimas Feridas;Pleno dia;Decrescente;Sol;Dupla;Curva;-71.281;-348.466
07/05/2024;19:30:00;TERRA ROXA;Velocidade Incompatível;Saída de leito carroçável;Com Vítimas Feridas;Plena Noite;Decrescente;Céu Claro;Simples;Reta;-2.436.979.005;-5.414.957.685
25/07/2024;10:00:00;SAO JOSE;Frear bruscamente;Queda de ocupante de veículo;Com Vítimas Feridas;Pleno dia;Crescente;Céu Claro;Dupla;Reta;-2.759.193.546;-4.861.824.557
25/07/2024;06:30:00;ITAPERUNA;Ultrapassagem Indevida;Colisão lateral sentido oposto;Com Vítimas Feridas;Amanhecer;Crescente;Nevoeiro/Neblina;Simples;Curva;-2.122.407.961;-4.181.063.649
25/07/2024;10:10:00;FOZ DO IGUACU;Manobra de mudança de faixa;Colisão frontal;Com Vítimas Feridas;Pleno dia;Crescente;Céu Claro;Simples;Reta;-2.550.826.305;-5.459.238.593
05/07/2024;15:30:00;COCAL DE TELHA;Manobra de mudança de faixa;Colisão transversal;Com Vítimas Feridas;Pleno dia;Decrescente;Céu Claro;Simples;"Interseção de Vias;Reta";-463.395.282;-4.202.540.517
25/07/2024;12:47:00;SEROPEDICA;Acesso irregular;Colisão lateral sentido oposto;Com Vítimas Feridas;Pleno dia;Crescente;Céu Claro;Simples;Reta;-22.747.673;-43.699.196
25/07/2024;13:10:00;PERDOES;Manobra de mudança de faixa;Queda de ocupante de veículo;Com Vítimas Feridas;Pleno dia;Decrescente;Sol;Dupla;Reta;-2.116.800.802;-4.512.657.489
25/07/2024;12:00:00;CARDOSO MOREIRA;Curva acentuada;Colisão com objeto;Com Vítimas Feridas;Pleno dia;Decrescente;Céu Claro;Simples;Curva;-2.153.409.662;-4.151.937.784
25/07/2024;15:21:00;ARAGUAINA;Condutor usando celular;Capotamento;Com Vítimas Feridas;Pleno dia;Decrescente;Céu Claro;Múltipla;Reta;-718.228.805;-4.822.580.095
25/07/2024;15:00:00;GUAPO;Manobra de mudança de faixa;Queda de ocupante de veículo;Com Vítimas Feridas;Pleno dia;Crescente;Sol;Dupla;Reta;-168.479;-495.584
25/07/2024;16:20:00;EUSEBIO;Frear bruscamente;Colisão traseira;Com Vítimas Feridas;Pleno dia;Crescente;Céu Claro;Dupla;Reta;-391.384.397;-3.850.667.231
25/07/2024;09:30:00;PETROPOLIS;Curva acentuada;Saída de leito carroçável;Sem Vítimas;Pleno dia;Decrescente;Céu Claro;Dupla;Curva;-225.554.282;-4.325.829.998
25/07/2024;17:30:00;SANTANA DO IPANEMA;Desrespeitar a preferência no cruzamento;Colisão transversal;Sem Vítimas;Anoitecer;Crescente;Céu Claro;Simples;Reta;-936.982.836;-3.724.347.904
25/07/2024;17:35:00;LINHARES;Manobra de mudança de faixa;Tombamento;Com Vítimas Feridas;Plena Noite;Crescente;Céu Claro;Dupla;"Curva;Declive";-1.918.496.498;-4.009.429.827
25/07/2024;17:40:00;NOVA LIMA;Manobra de mudança de faixa;Colisão lateral mesmo sentido;Com Vítimas Feridas;Anoitecer;Decrescente;Céu Claro;Dupla;"Declive;Reta";-2.005.411.435;-4.397.101.875
25/07/2024;17:08:00;SABARA;Conversão proibida;Colisão transversal;Com Vítimas Feridas;Pleno dia;Decrescente;Céu Claro;Simples;Curva;-19.833.983;-43.848.505
25/07/2024;17:45:00;CAMPO LARGO;Manobra de mudança de faixa;Colisão lateral mesmo sentido;Com Vítimas Feridas;Anoitecer;Decrescente;Céu Claro;Dupla;"Aclive;Reta";-25.435.431;-494.409.058
25/07/2024;18:50:00;SETE LAGOAS;Frear bruscamente;Colisão traseira;Com Vítimas Feridas;Plena Noite;Crescente;Céu Claro;Dupla;Reta;-1.945.038.924;-443.166.822
25/07/2024;15:00:00;CAMPOS NOVOS;Desrespeitar a preferência no cruzamento;Colisão transversal;Com Vítimas Feridas;Pleno dia;Crescente;Céu Claro;Simples;Reta;-27.409.864;-51.224.949
25/07/2024;20:45:00;RIO GRANDE;Animais na Pista;Atropelamento de Animal;Sem Vítimas;Plena Noite;Decrescente;Céu Claro;Dupla;Reta;-320.858.159;-5.223.789.595
25/07/2024;20:30:00;ROLANDIA;Manobra de mudança de faixa;Colisão lateral mesmo sentido;Com Vítimas Feridas;Plena Noite;Crescente;Céu Claro;Simples;Reta;-2.332.334.109;-513.432.312
25/07/2024;17:25:00;PETROPOLIS;Ultrapassagem Indevida;Colisão lateral mesmo sentido;Com Vítimas Feridas;Anoitecer;Crescente;Céu Claro;Simples;Curva;-2.240.941;-43.100.292
25/07/2024;21:25:00;RIO BRILHANTE;Velocidade Incompatível;Saída de leito carroçável;Com Vítimas Feridas;Plena Noite;Crescente;Céu Claro;Simples;Curva;-2.171.677.804;-5.450.662.589
25/07/2024;19:23:00;BLUMENAU;Pista Escorregadia;Tombamento;Com Vítimas Feridas;Plena Noite;Crescente;Céu Claro;Simples;Reta;-26.880.428;-49.136.532
25/07/2024;17:58:00;PRESIDENTE MEDICI;Acesso irregular;Colisão transversal;Com Vítimas Feridas;Pleno dia;Crescente;Céu Claro;Simples;Reta;-1.119.996.262;-61.963.974
25/07/2024;21:05:00;SAO JOAO DO SUL;Velocidade Incompatível;Colisão lateral sentido oposto;Com Vítimas Feridas;Plena Noite;Crescente;Ignorado;Simples;"Interseção de Vias;Reta";-2.921.997.626;-4.975.922.585
21/07/2024;14:20:00;CAETE;Curva acentuada;Saída de leito carroçável;Com Vítimas Feridas;Pleno dia;Crescente;Céu Claro;Simples;Curva;-1.978.663.743;-4.371.433.695
26/07/2024;06:35:00;VALPARAISO DE GOIAS;Manobra de mudança de faixa;Colisão lateral mesmo sentido;Com Vítimas Feridas;Pleno dia;Decrescente;Céu Claro;Dupla;Reta;-16.067.129;-47.984.235
26/07/2024;07:00:00;ANAPOLIS;Animais na Pista;Queda de ocupante de veículo;Com Vítimas Feridas;Pleno dia;Crescente;Céu Claro;Dupla;Reta;-163.367;-488.957
26/07/2024;07:20:00;SAO MATEUS;Manobra de mudança de faixa;Colisão lateral mesmo sentido;Com Vítimas Feridas;Pleno dia;Crescente;Sol;Simples;Curva;-1.867.286.757;-3.986.626.189
26/07/2024;07:15:00;CURITIBA;Manobra de mudança de faixa;Colisão lateral mesmo sentido;Com Vítimas Feridas;Pleno dia;Decrescente;Céu Claro;Múltipla;Reta;-2.555.907.782;-4.930.678.194
26/07/2024;08:00:00;BRASILIA;Manobra de mudança de faixa;Colisão traseira;Com Vítimas Feridas;Pleno dia;Decrescente;Céu Claro;Dupla;"Aclive;Reta";-15.791.093;-4.821.096
26/07/2024;07:45:00;VALENCA DO PIAUI;Conversão proibida;Colisão transversal;Sem Vítimas;Pleno dia;Crescente;Céu Claro;Simples;Curva;-631.114.518;-4.185.269.499
27/01/2024;12:40:00;SANTA RITA;Ultrapassagem Indevida;Colisão transversal;Com Vítimas Feridas;Pleno dia;Crescente;Céu Claro;Simples;Reta;-311.481.199;-4.432.344.911
26/07/2024;10:25:00;SERRA TALHADA;Acumulo de areia ou detritos sobre o pavimento;Tombamento;Com Vítimas Feridas;Pleno dia;Crescente;Céu Claro;Simples;Curva;-798.261.841;-3.830.039.606
26/07/2024;12:20:00;APARECIDA;Desrespeitar a preferência no cruzamento;Colisão transversal;Com Vítimas Feridas;Pleno dia;Decrescente;Sol;Dupla;Reta;-22.849.216;-45.236.801
26/07/2024;10:10:00;CAMPOS NOVOS;Desrespeitar a preferência no cruzamento;Colisão transversal;Com Vítimas Feridas;Pleno dia;Crescente;Céu Claro;Simples;"Reta;Interseção de Vias";-2.752.958.492;-5.138.889.313
26/07/2024;12:30:00;ARAQUARI;Ultrapassagem Indevida;Colisão lateral mesmo sentido;Com Vítimas Feridas;Pleno dia;Decrescente;Céu Claro;Simples;Reta;-2.637.092.616;-4.870.204.099
08/07/2024;20:10:00;QUEIMADAS;Ultrapassagem Indevida;Colisão frontal;Com Vítimas Feridas;Plena Noite;Crescente;Céu Claro;Simples;Reta;-731.674.795;-3.589.500.926
26/07/2024;14:00:00;JOAO PESSOA;Conversão proibida;Colisão transversal;Com Vítimas Feridas;Pleno dia;Decrescente;Nublado;Múltipla;Interseção de Vias;-717.062.601;-3.487.127.781
26/07/2024;09:30:00;DOMINGOS MARTINS;Frear bruscamente;Colisão traseira;Com Vítimas Feridas;Pleno dia;Crescente;Céu Claro;Simples;"Aclive;Curva";-2.037.309.781;-405.917.608
26/07/2024;14:25:00;ITAJAI;Ultrapassagem Indevida;Colisão lateral mesmo sentido;Com Vítimas Feridas;Pleno dia;Decrescente;Céu Claro;Múltipla;Reta;-269.043.179;-4.871.555.481
26/07/2024;15:22:00;NOSSA SENHORA DO SOCORRO;Manobra de mudança de faixa;Colisão frontal;Com Vítimas Fatais;Pleno dia;Decrescente;Céu Claro;Simples;"Reta;Declive";-1.088.114.299;-3.714.372.396
26/07/2024;16:10:00;PORTO ALEGRE;Manobra de mudança de faixa;Colisão lateral mesmo sentido;Com Vítimas Feridas;Pleno dia;Decrescente;Céu Claro;Múltipla;Reta;-29.971.916;-51.176.838
26/07/2024;16:40:00;CASCAVEL;Desrespeitar a preferência no cruzamento;Colisão transversal;Com Vítimas Feridas;Pleno dia;Decrescente;Céu Claro;Dupla;"Reta;Retorno Regulamentado";-249.276.669;-534.557.994
26/07/2024;16:35:00;BETIM;Manobra de mudança de faixa;Colisão lateral mesmo sentido;Com Vítimas Feridas;Pleno dia;Decrescente;Céu Claro;Múltipla;Reta;-1.995.947.326;-4.415.405.273
26/07/2024;16:00:00;BRASILIA;Manobra de mudança de faixa;Saída de leito carroçável;Com Vítimas Feridas;Pleno dia;Crescente;Céu Claro;Dupla;"Reta;Declive";-15.679.851;-47.832.211
26/07/2024;15:00:00;CONQUISTA DOESTE;Ultrapassagem Indevida;Colisão frontal;Com Vítimas Feridas;Pleno dia;Crescente;Céu Claro;Simples;Curva;-1.471.211.186;-5.938.594.592
26/07/2024;17:00:00;ARAGARCAS;Frear bruscamente;Colisão traseira;Com Vítimas Feridas;Pleno dia;Decrescente;Céu Claro;Simples;Reta;-1.589.581.678;-5.225.277.901
26/07/2024;17:27:00;GOIANIA;Manobra de mudança de faixa;Colisão traseira;Com Vítimas Feridas;Pleno dia;Decrescente;Céu Claro;Dupla;Reta;-166.614;-492.218
26/07/2024;15:30:00;TIMBAUBA;Desrespeitar a preferência no cruzamento;Colisão transversal;Com Vítimas Feridas;Pleno dia;Decrescente;Céu Claro;Simples;"Interseção de Vias;Reta";-759.893.478;-3.524.272.442
26/07/2024;17:00:00;CARIDADE;Pista esburacada;Colisão lateral mesmo sentido;Com Vítimas Feridas;Pleno dia;Crescente;Céu Claro;Simples;"Reta;Declive";-408.098.291;-3.904.459.512
26/07/2024;18:20:00;PALHOCA;Frear bruscamente;Colisão traseira;Com Vítimas Feridas;Plena Noite;Decrescente;Céu Claro;Simples;Reta;-27.678.635;-4.870.192
26/07/2024;18:30:00;SERRA;Manobra de mudança de faixa;Colisão lateral mesmo sentido;Com Vítimas Feridas;Plena Noite;Crescente;Céu Claro;Dupla;"Declive;Viaduto;Curva";-201.343.328;-402.928.308
26/07/2024;16:40:00;JAGUAQUARA;Manobra de mudança de faixa;Colisão traseira;Com Vítimas Feridas;Pleno dia;Decrescente;Céu Claro;Simples;"Aclive;Reta";-13.57;-40.078
26/07/2024;17:15:00;CURITIBA;Manobra de mudança de faixa;Colisão lateral mesmo sentido;Com Vítimas Feridas;Pleno dia;Crescente;Céu Claro;Dupla;Reta;-25.570.122;-49.310.728
26/07/2024;19:33:00;PARNAMIRIM;Manobra de mudança de faixa;Colisão traseira;Com Vítimas Feridas;Plena Noite;Decrescente;Céu Claro;Simples;Reta;-591.056.401;-3.526.130.795
26/07/2024;19:15:00;SANTA RITA DE CALDAS;Animais na Pista;Atropelamento de Animal;Com Vítimas Feridas;Plena Noite;Crescente;Céu Claro;Simples;"Declive;Reta";-22.000.219;-46.321.973
26/07/2024;15:30:00;LAJE;Frear bruscamente;Colisão traseira;Sem Vítimas;Pleno dia;Crescente;Céu Claro;Simples;Curva;-1.314.603.896;-3.929.681.897
26/07/2024;19:02:00;CACAPAVA;Velocidade Incompatível;Colisão traseira;Com Vítimas Feridas;Plena Noite;Crescente;Céu Claro;Dupla;Reta;-2.312.742.083;-4.573.636.609
26/07/2024;17:20:00;ITABORAI;Manobra de mudança de faixa;Colisão traseira;Com Vítimas Feridas;Anoitecer;Decrescente;Céu Claro;Dupla;Reta;-2.276.942.037;-4.291.873.581
26/07/2024;21:40:00;RIO NEGRO;Animais na Pista;Atropelamento de Animal;Com Vítimas Feridas;Plena Noite;Crescente;Céu Claro;Simples;"Aclive;Reta";-2.606.427.183;-4.973.114.671
26/07/2024;18:15:00;PONTE SERRADA;Desrespeitar a preferência no cruzamento;Colisão transversal;Com Vítimas Feridas;Pleno dia;Crescente;Céu Claro;Simples;Rotatória;-26.855.036;-52.059.551
26/07/2024;18:00:00;ANGRA DOS REIS;Acumulo de areia ou detritos sobre o pavimento;Saída de leito carroçável;Com Vítimas Feridas;Plena Noite;Crescente;Céu Claro;Simples;Curva;-2.300.721.537;-4.422.359.287
26/07/2024;21:50:00;QUEIMADOS;Falta de elemento de contenção que evite a saída do leito carroçável;Colisão traseira;Com Vítimas Feridas;Plena Noite;Crescente;Céu Claro;Dupla;Reta;-2.272.952.183;-4.357.481.597
26/07/2024;23:00:00;TORRES;Velocidade Incompatível;Saída de leito carroçável;Sem Vítimas;Plena Noite;Decrescente;Céu Claro;Múltipla;Reta;-2.936.042.487;-4.980.779.711
27/07/2024;03:30:00;SAO SEBASTIAO;Manobra de mudança de faixa;Colisão frontal;Com Vítimas Fatais;Plena Noite;Decrescente;Céu Claro;Simples;"Declive;Reta";-99.935.313;-3.659.306.885
27/07/2024;04:20:00;PORTO ALEGRE;Velocidade Incompatível;Colisão traseira;Com Vítimas Feridas;Plena Noite;Crescente;Céu Claro;Múltipla;Reta;-29.982.832;-51.201.572
27/07/2024;04:00:00;SOUSA;Animais na Pista;Atropelamento de Animal;Sem Vítimas;Plena Noite;Crescente;Céu Claro;Simples;Reta;-67.817;-382.695
27/07/2024;06:04:00;SAO MATEUS;Velocidade Incompatível;Saída de leito carroçável;Com Vítimas Feridas;Pleno dia;Crescente;Céu Claro;Dupla;Reta;-187.165.195;-3.987.436.378
27/07/2024;06:15:00;CONCORDIA;Velocidade Incompatível;Colisão com objeto;Com Vítimas Feridas;Amanhecer;Crescente;Céu Claro;Simples;Curva;-272.312.597;-5.195.260.763
27/07/2024;06:40:00;BRASILIA;Manobra de mudança de faixa;Colisão traseira;Com Vítimas Feridas;Pleno dia;Decrescente;Céu Claro;Dupla;Curva;-15.802.453;-48.080.387
27/07/2024;07:20:00;JOAO PESSOA;Demais falhas na via;Queda de ocupante de veículo;Com Vítimas Feridas;Pleno dia;Crescente;Garoa/Chuvisco;Dupla;Reta;-714.236.974;-3.485.183.001
27/07/2024;08:49:00;TERESOPOLIS;Manobra de mudança de faixa;Colisão traseira;Com Vítimas Feridas;Pleno dia;Decrescente;Nublado;Simples;Reta;-22.327.388;-4.293.858.185
27/07/2024;05:30:00;CANUDOS;Manobra de mudança de faixa;Saída de leito carroçável;Com Vítimas Feridas;Pleno dia;Crescente;Céu Claro;Simples;Reta;-988.508.705;-3.916.553.279
27/07/2024;10:10:00;AGUA SANTA;Ultrapassagem Indevida;Saída de leito carroçável;Com Vítimas Fatais;Pleno dia;Decrescente;Nublado;Simples;Reta;-28.302.738;-52.020.069
11/07/2024;04:30:00;CURITIBA;Manobra de mudança de faixa;Colisão lateral mesmo sentido;Com Vítimas Feridas;Plena Noite;Crescente;Chuva;Dupla;"Aclive;Viaduto;Reta";-25.515.084;-493.370.968
27/07/2024;12:20:00;ITAPEMA;Manobra de mudança de faixa;Colisão lateral mesmo sentido;Com Vítimas Feridas;Pleno dia;Decrescente;Céu Claro;Dupla;Reta;-2.709.237.407;-4.861.730.888
27/07/2024;12:30:00;CEDRO DE SAO JOAO;Acumulo de areia ou detritos sobre o pavimento;Saída de leito carroçável;Com Vítimas Feridas;Pleno dia;Decrescente;Céu Claro;Dupla;Rotatória;-1.025.586.103;-3.686.127.194
27/07/2024;14:30:00;SAO JOSE;Ultrapassagem Indevida;Colisão lateral mesmo sentido;Com Vítimas Feridas;Pleno dia;Decrescente;Céu Claro;Múltipla;Reta;-2.754.018.513;-4.862.287.714
27/07/2024;14:00:00;PETROPOLIS;Manobra de mudança de faixa;Colisão lateral mesmo sentido;Com Vítimas Feridas;Pleno dia;Decrescente;Céu Claro;Dupla;Curva;-2.249.798.597;-4.322.878.703
14/07/2024;22:30:00;NOVA SERRANA;Velocidade Incompatível;Colisão com objeto;Com Vítimas Fatais;Plena Noite;Decrescente;Céu Claro;Dupla;Reta;-1.988.607.114;-4.489.407.411
27/07/2024;17:00:00;NOVA ROSALANDIA;Ultrapassagem Indevida;Colisão traseira;Com Vítimas Feridas;Pleno dia;Crescente;Céu Claro;Simples;"Declive;Reta";-1.059.187.502;-4.891.318.831
27/07/2024;17:50:00;IMBITUBA;Desrespeitar a preferência no cruzamento;Colisão transversal;Com Vítimas Feridas;Anoitecer;Decrescente;Céu Claro;Dupla;"Reta;Viaduto";-2.816.034.081;-48.693.003
27/07/2024;18:30:00;ESTRELA;Acesso irregular;Colisão transversal;Com Vítimas Feridas;Plena Noite;Decrescente;Nublado;Dupla;"Retorno Regulamentado;Viaduto;Reta";-2.950.976.799;-5.194.156.229
27/07/2024;18:00:00;BARREIRAS;Pista esburacada;Queda de ocupante de veículo;Com Vítimas Feridas;Plena Noite;Crescente;Céu Claro;Simples;Reta;-1.213.956.292;-4.476.317.799
27/07/2024;19:20:00;TERESOPOLIS;Conversão proibida;Colisão transversal;Com Vítimas Feridas;Plena Noite;Crescente;Céu Claro;Simples;Rotatória;-2.241.517.488;-4.295.011.324
27/07/2024;19:40:00;PORTO ALEGRE;Velocidade Incompatível;Colisão traseira;Com Vítimas Feridas;Plena Noite;Decrescente;Céu Claro;Dupla;Reta;-29.991.756;-5.122.699
27/07/2024;19:45:00;CANOAS;Acesso irregular;Tombamento;Com Vítimas Feridas;Plena Noite;Decrescente;Nublado;Dupla;Reta;-29.879.208;-5.118.045.622
27/07/2024;17:30:00;JARU;Desrespeitar a preferência no cruzamento;Colisão transversal;Com Vítimas Feridas;Anoitecer;Crescente;Céu Claro;Simples;"Interseção de Vias;Reta";-1.043.752.488;-6.247.169.791
27/07/2024;20:30:00;MORRO REDONDO;Velocidade Incompatível;Saída de leito carroçável;Com Vítimas Feridas;Plena Noite;Decrescente;Nevoeiro/Neblina;Simples;Curva;-315.067.394;-5.260.891.199
27/07/2024;21:30:00;SANTA ISABEL;Velocidade Incompatível;Engavetamento;Com Vítimas Feridas;Plena Noite;Decrescente;Nublado;Dupla;Reta;-2.335.713.072;-4.620.737.811
27/07/2024;19:15:00;XANXERE;Velocidade Incompatível;Saída de leito carroçável;Sem Vítimas;Plena Noite;Decrescente;Chuva;Simples;"Aclive;Reta";-2.691.411.066;-5.247.658.253
27/07/2024;19:35:00;RIO NEGRINHO;Ultrapassagem Indevida;Colisão lateral mesmo sentido;Sem Vítimas;Plena Noite;Decrescente;Céu Claro;Simples;Aclive;-26.268.433;-49.555.073
27/07/2024;22:30:00;SAO JOSE DE MIPIBU;Deficiência do Sistema de Iluminação/Sinalização;Colisão traseira;Com Vítimas Feridas;Plena Noite;Decrescente;Chuva;Dupla;Reta;-5.982.204;-35.264.896
27/07/2024;18:30:00;INHAPIM;Animais na Pista;Atropelamento de Animal;Sem Vítimas;Plena Noite;Crescente;Nublado;Simples;Reta;-195.613.089;-4.212.283.853
27/07/2024;23:11:00;DOURADOS;Acesso irregular;Saída de leito carroçável;Sem Vítimas;Plena Noite;Crescente;Céu Claro;Dupla;Reta;-222.352.256;-5.475.663.316
27/07/2024;21:00:00;GOVERNADOR VALADARES;Ultrapassagem Indevida;Colisão frontal;Com Vítimas Feridas;Plena Noite;Decrescente;Céu Claro;Simples;Curva;-1.881.054.997;-4.198.453.386
27/07/2024;23:44:00;CRISTALINA;Velocidade Incompatível;Saída de leito carroçável;Com Vítimas Feridas;Plena Noite;Crescente;Céu Claro;Simples;Reta;-1.610.610.344;-4.749.477.642
27/07/2024;19:35:00;SANTO ANTONIO DO AMPARO;Animais na Pista;Atropelamento de Animal;Com Vítimas Feridas;Plena Noite;Decrescente;Céu Claro;Dupla;Reta;-2.099.437.964;-4.496.041.633
28/07/2024;05:20:00;CONCEICAO DO ALMEIDA;Velocidade Incompatível;Saída de leito carroçável;Sem Vítimas;Amanhecer;Crescente;Nublado;Simples;Curva;-1.293.219.426;-3.925.363.326
27/07/2024;19:00:00;GILBUES;Animais na Pista;Atropelamento de Animal;Com Vítimas Fatais;Plena Noite;Crescente;Céu Claro;Simples;Reta;-976.759;-4.531.834
28/07/2024;07:45:00;SALVADOR;Pista Escorregadia;Saída de leito carroçável;Com Vítimas Feridas;Pleno dia;Crescente;Chuva;Dupla;"Declive;Curva";-12.927.485;-38.468.504
28/07/2024;07:50:00;FLORIANOPOLIS;Manobra de mudança de faixa;Colisão traseira;Com Vítimas Feridas;Pleno dia;Crescente;Sol;Múltipla;Reta;-27.600.384;-48.599.705
28/07/2024;08:40:00;ABREU E LIMA;Frear bruscamente;Colisão traseira;Sem Vítimas;Pleno dia;Crescente;Céu Claro;Múltipla;Reta;-7.892.749;-34.903.542
28/07/2024;08:30:00;FAZENDA RIO GRANDE;Velocidade Incompatível;Colisão com objeto;Com Vítimas Feridas;Pleno dia;Decrescente;Céu Claro;Dupla;Reta;-2.563.927.799;-4.931.302.988
28/07/2024;10:05:00;PARAOPEBA;Velocidade Incompatível;Saída de leito carroçável;Com Vítimas Feridas;Pleno dia;Decrescente;Céu Claro;Dupla;"Curva;Aclive";-1.928.815;-44.392
28/07/2024;10:00:00;BETIM;Manobra de mudança de faixa;Colisão lateral mesmo sentido;Com Vítimas Feridas;Pleno dia;Decrescente;Céu Claro;Dupla;"Reta;Declive";-1.996.890.716;-4.418.104.581
28/07/2024;10:10:00;SERRA;Manobra de mudança de faixa;Colisão lateral mesmo sentido;Com Vítimas Feridas;Pleno dia;Decrescente;Céu Claro;Múltipla;Reta;-2.022.662.056;-4.027.075.088
28/07/2024;11:20:00;CASCAVEL;Manobra de mudança de faixa;Tombamento;Com Vítimas Feridas;Pleno dia;Decrescente;Chuva;Múltipla;"Declive;Interseção de Vias";-2.496.449;-5.340.849
28/07/2024;12:00:00;CAMANDUCAIA;Velocidade Incompatível;Tombamento;Com Vítimas Feridas;Pleno dia;Crescente;Céu Claro;Dupla;"Declive;Curva";-2.276.257.239;-4.616.982.347
28/07/2024;12:00:00;TERESINA;Desrespeitar a preferência no cruzamento;Colisão transversal;Com Vítimas Feridas;Pleno dia;Crescente;Céu Claro;Múltipla;Rotatória;-518.280.197;-4.276.350.291
28/07/2024;11:58:00;CONSELHEIRO LAFAIETE;Velocidade Incompatível;Colisão lateral mesmo sentido;Com Vítimas Feridas;Pleno dia;Decrescente;Céu Claro;Simples;Reta;-2.061.943.389;-4.380.624.635
28/07/2024;11:24:00;ALTO ARAGUAIA;Desrespeitar a preferência no cruzamento;Colisão transversal;Com Vítimas Feridas;Pleno dia;Crescente;Céu Claro;Dupla;Reta;-1.731.227.325;-5.321.828.343
28/07/2024;08:10:00;HUMAITA;Acumulo de areia ou detritos sobre o pavimento;Saída de leito carroçável;Com Vítimas Feridas;Pleno dia;Decrescente;Céu Claro;Simples;"Reta;Em Obras";-775.260.292;-6.314.033.815
11/05/2024;07:39:00;RIO BRANCO;Desrespeitar a preferência no cruzamento;Queda de ocupante de veículo;Com Vítimas Feridas;Pleno dia;Crescente;Ignorado;Dupla;Rotatória;-997.752.588;-6.784.890.175
28/07/2024;15:45:00;BETIM;Manobra de mudança de faixa;Colisão traseira;Com Vítimas Feridas;Pleno dia;Decrescente;Céu Claro;Dupla;Reta;-2.003.619.694;-4.424.586.303
28/07/2024;15:10:00;MANGARATIBA;Velocidade Incompatível;Colisão com objeto;Com Vítimas Feridas;Pleno dia;Crescente;Céu Claro;Simples;"Aclive;Curva";-22.935.335;-440.004
28/07/2024;16:15:00;PAPANDUVA;Velocidade Incompatível;Colisão traseira;Sem Vítimas;Pleno dia;Decrescente;Céu Claro;Simples;Aclive;-2.640.644.298;-5.022.649.816
28/07/2024;16:00:00;VACARIA;Velocidade Incompatível;Saída de leito carroçável;Sem Vítimas;Pleno dia;Decrescente;Chuva;Simples;"Aclive;Curva";-2.856.891.356;-5.100.387.124
28/07/2024;18:50:00;ABADIANIA;Animais na Pista;Atropelamento de Animal;Com Vítimas Feridas;Plena Noite;Crescente;Céu Claro;Simples;Reta;-1.602.470.219;-4.884.286.888
28/07/2024;11:45:00;IRANI;Desrespeitar a preferência no cruzamento;Colisão transversal;Com Vítimas Feridas;Pleno dia;Crescente;Céu Claro;Simples;"Interseção de Vias;Rotatória";-2.696.951.725;-5.185.476.065
28/07/2024;18:15:00;TIJUCAS;Manobra de mudança de faixa;Colisão lateral mesmo sentido;Com Vítimas Feridas;Plena Noite;Decrescente;Céu Claro;Dupla;"Ponte;Aclive;Reta";-27.243.868;-486.309
28/07/2024;18:05:00;CONGONHAS;Velocidade Incompatível;Tombamento;Com Vítimas Fatais;Plena Noite;Crescente;Nublado;Simples;Curva;-2.052.319.889;-438.291.359
28/07/2024;18:50:00;CABEDELO;Acostamento em desnível;Tombamento;Com Vítimas Feridas;Plena Noite;Decrescente;Céu Claro;Dupla;"Em Obras;Interseção de Vias";-70.772;-348.494
28/07/2024;18:50:00;RIO DE JANEIRO;Manobra de mudança de faixa;Colisão transversal;Com Vítimas Feridas;Plena Noite;Decrescente;Céu Claro;Dupla;Reta;-2.288.295.192;-4.364.094.302
28/07/2024;18:30:00;MURIAE;Animais na Pista;Atropelamento de Animal;Com Vítimas Feridas;Plena Noite;Crescente;Céu Claro;Simples;"Reta;Ponte";-2.101.024.799;-4.236.121.097
28/07/2024;20:15:00;BRASILIA;Conversão proibida;Colisão traseira;Sem Vítimas;Plena Noite;Decrescente;Céu Claro;Simples;Reta;-15.943.398;-47.728.924
28/07/2024;17:30:00;RANCHO QUEIMADO;Conversão proibida;Colisão lateral mesmo sentido;Sem Vítimas;Anoitecer;Decrescente;Chuva;Simples;Reta;-2.768.505.249;-490.010.324.593
28/07/2024;20:30:00;CAJAZEIRAS;Deficiência do Sistema de Iluminação/Sinalização;Colisão traseira;Com Vítimas Feridas;Plena Noite;Crescente;Céu Claro;Simples;Reta;-68.995;-38.499