data_inversa;horario;municipio;causa_acidente;tipo_acidente;classificacao_acidente;fase_dia;sentido_via;condicao_metereologica;tipo_pista;tracado_via;latitude;longitude
01/08/2024;08:10:00;GRAVATAI;Manobra de mudança de faixa;Colisão com objeto;Sem Vítimas;Pleno dia;Decrescente;Céu Claro;Dupla;Reta;-29.948.863;-50.958.071
01/08/2024;09:00:00;SANTOS DUMONT;Velocidade Incompatível;Saída de leito carroçável;Com Vítimas Feridas;Pleno dia;Crescente;Nublado;Simples;Curva;-21.447.874;-4.355.738.803
04/07/2024;19:30:00;APUCARANA;Desrespeitar a preferência no cruzamento;Colisão transversal;Com Vítimas Feridas;Plena Noite;Crescente;Céu Claro;Dupla;Retorno Regulamentado;-2.356.426.249;-5.143.383.622
02/06/2024;21:50:00;POUSO ALTO;Velocidade Incompatível;Saída de leito carroçável;Com Vítimas Feridas;Plena Noite;Decrescente;Céu Claro;Simples;Curva;-2.217.502.858;-4.497.005.105
01/08/2024;06:10:00;MACAIBA;Animais na Pista;Atropelamento de Animal;Com Vítimas Feridas;Pleno dia;Crescente;Céu Claro;Simples;Reta;-584.199.104;-3.529.535.395
01/08/2024;11:11:00;FOZ DO IGUACU;Animais na Pista;Tombamento;Com Vítimas Feridas;Pleno dia;Decrescente;Céu Claro;Dupla;Curva;-255.061.253;-5.458.954.096
01/08/2024;07:30:00;LAGUNA;Desrespeitar a preferência no cruzamento;Colisão transversal;Com Vítimas Feridas;Pleno dia;Decrescente;Céu Claro;Simples;Viaduto;-2.835.387.609;-487.426.239
01/08/2024;12:30:00;SAO JOSE;Manobra de mudança de faixa;Colisão lateral mesmo sentido;Com Vítimas Feridas;Pleno dia;Decrescente;Nublado;Múltipla;Reta;-2.760.001.226;-486.226.467
01/08/2024;13:15:00;BRASILIA;Ultrapassagem Indevida;Colisão lateral mesmo sentido;Sem Vítimas;Pleno dia;Decrescente;Céu Claro;Dupla;Reta;-15.976.897;-47.990.129
01/08/2024;15:10:00;NOVA GRANADA;Desrespeitar a preferência no cruzamento;Colisão transversal;Com Vítimas Feridas;Pleno dia;Decrescente;Céu Claro;Simples;"Interseção de Vias;Retorno Regulamentado";-2.053.857.207;-4.933.057.559
01/08/2024;14:00:00;ANAPOLIS;Falta de elemento de contenção que evite a saída do leito carroçável;Saída de leito carroçável;Com Vítimas Feridas;Pleno dia;Crescente;Céu Claro;Dupla;Curva;-16.311.656;-48.828.078
01/08/2024;15:30:00;SAO JOSE;Acesso irregular;Colisão transversal;Com Vítimas Feridas;Pleno dia;Decrescente;Nublado;Dupla;Viaduto;-2.757.413.014;-4.861.363.083
01/08/2024;10:00:00;CAMPOS DE JULIO;Falta de elemento de contenção que evite a saída do leito carroçável;Saída de leito carroçável;Sem Vítimas;Pleno dia;Crescente;Sol;Dupla;Reta;-1.379.102.483;-59.356.692
01/08/2024;16:44:00;PORTO ALEGRE;Manobra de mudança de faixa;Colisão lateral mesmo sentido;Com Vítimas Feridas;Pleno dia;Decrescente;Céu Claro;Dupla;Interseção de Vias;-299.864.922;-5.118.129.758
01/08/2024;16:30:00;SANTA MARIA;Desrespeitar a preferência no cruzamento;Colisão transversal;Sem Vítimas;Pleno dia;Decrescente;Céu Claro;Dupla;"Rotatória;Declive;Viaduto;Interseção de Vias";-2.969.610.535;-5.377.567.291
01/08/2024;17:00:00;SAO LEOPOLDO;Animais na Pista;Atropelamento de Animal;Com Vítimas Feridas;Pleno dia;Decrescente;Sol;Múltipla;Reta;-2.973.196.199;-5.114.952.004
28/07/2024;19:00:00;GOIANIA;Velocidade Incompatível;Colisão traseira;Sem Vítimas;Plena Noite;Crescente;Céu Claro;Dupla;"Aclive;Reta";-165.754;-491.602
01/08/2024;17:50:00;PALHOCA;Manobra de mudança de faixa;Colisão lateral mesmo sentido;Com Vítimas Feridas;Pleno dia;Decrescente;Céu Claro;Múltipla;Reta;-2.764.443;-4.867.057
01/08/2024;18:00:00;IGARASSU;Manobra de mudança de faixa;Colisão lateral mesmo sentido;Com Vítimas Feridas;Pleno dia;Decrescente;Céu Claro;Múltipla;Reta;-787.406.004;-3.490.588.126
01/08/2024;18:25:00;BRASILIA;Manobra de mudança de faixa;Tombamento;Com Vítimas Feridas;Anoitecer;Decrescente;Céu Claro;Dupla;Reta;-16.029.741;-47.978.867
01/08/2024;18:50:00;MARINGA;Animais na Pista;Queda de ocupante de veículo;Com Vítimas Feridas;Anoitecer;Crescente;Céu Claro;Dupla;"Declive;Reta";-2.340.102.119;-5.199.958.736
01/08/2024;19:00:00;ITAJAI;Manobra de mudança de faixa;Colisão lateral mesmo sentido;Com Vítimas Feridas;Plena Noite;Crescente;Nublado;Dupla;Reta;-2.686.192.886;-487.286.704
01/08/2024;18:50:00;NOVA IGUACU;Manobra de mudança de faixa;Colisão lateral mesmo sentido;Com Vítimas Feridas;Plena Noite;Crescente;Céu Claro;Múltipla;Reta;-227.567.755;-4.343.107.234
01/08/2024;19:30:00;CURITIBA;Manobra de mudança de faixa;Colisão lateral mesmo sentido;Sem Vítimas;Anoitecer;Crescente;Céu Claro;Dupla;Reta;-254.970.167;-493.429.113
01/08/2024;14:00:00;SANTA IZABEL DO PARA;Velocidade Incompatível;Saída de leito carroçável;Com Vítimas Feridas;Pleno dia;Decrescente;Céu Claro;Dupla;Curva;-130.696.138;-4.803.478
01/08/2024;17:00:00;GUAIBA;Velocidade Incompatível;Tombamento;Com Vítimas Fatais;Pleno dia;Decrescente;Céu Claro;Dupla;"Aclive;Reta;Viaduto";-3.012.368.942;-5.134.922.543
01/08/2024;19:05:00;CACHOEIRA DO SUL;Iluminação deficiente;Atropelamento de Pedestre;Com Vítimas Feridas;Plena Noite;Decrescente;Céu Claro;Simples;Reta;-301.158.241;-5.286.187.928
01/08/2024;22:30:00;IBIRACU;Conversão proibida;Colisão transversal;Com Vítimas Feridas;Plena Noite;Crescente;Céu Claro;Simples;Reta;-1.982.999.127;-4.037.211.181
01/08/2024;21:00:00;CAMPINORTE;Velocidade Incompatível;Saída de leito carroçável;Sem Vítimas;Plena Noite;Decrescente;Céu Claro;Simples;Reta;-1.416.267.761;-4.912.318.826
01/08/2024;19:00:00;TERESINA;Pista esburacada;Saída de leito carroçável;Com Vítimas Feridas;Plena Noite;Crescente;Céu Claro;Simples;"Reta;Em Obras";-5.061.753;-42.649.815
01/08/2024;23:20:00;RIO PARDO;Desvio temporário;Colisão com objeto;Com Vítimas Feridas;Plena Noite;Crescente;Céu Claro;Simples;"Reta;Ponte;Desvio Temporário;Em Obras";-2.999.994.977;-5.236.801.207
02/08/2024;03:00:00;TRES LAGOAS;Iluminação deficiente;Colisão com objeto;Com Vítimas Feridas;Plena Noite;Crescente;Céu Claro;Simples;Curva;-2.081.148.316;-5.169.140.339
02/08/2024;03:35:00;CAMPOS NOVOS;Velocidade Incompatível;Saída de leito carroçável;Com Vítimas Feridas;Plena Noite;Crescente;Céu Claro;Simples;Reta;-27.393.394;-51.192.188
02/08/2024;03:30:00;SAO SEBASTIAO DO PASSE;Animais na Pista;Atropelamento de Animal;Com Vítimas Feridas;Pleno dia;Decrescente;Nublado;Dupla;Reta;-1.249.783.433;-3.864.646.092
01/08/2024;19:00:00;CEREJEIRAS;Animais na Pista;Atropelamento de Animal;Com Vítimas Feridas;Plena Noite;Crescente;Céu Claro;Simples;Reta;-1.318.900.459;-6.085.748.401
02/08/2024;07:00:00;RIO DO SUL;Acesso irregular;Colisão transversal;Com Vítimas Feridas;Pleno dia;Crescente;Céu Claro;Simples;Reta;-27.194.323;-49.624.554
02/08/2024;07:45:00;PASSO FUNDO;Desrespeitar a preferência no cruzamento;Colisão transversal;Com Vítimas Feridas;Pleno dia;Crescente;Céu Claro;Simples;Reta;-2.823.247.153;-5.239.138.484
02/08/2024;07:10:00;MARINGA;Manobra de mudança de faixa;Colisão transversal;Com Vítimas Feridas;Pleno dia;Crescente;Céu Claro;Simples;Interseção de Vias;-2.341.430.102;-5.194.984.299
02/08/2024;08:15:00;SALVADOR;Manobra de mudança de faixa;Colisão lateral mesmo sentido;Com Vítimas Feridas;Pleno dia;Crescente;Céu Claro;Dupla;Reta;-12.933.839;-3.847.190.701
01/08/2024;19:30:00;SAO MIGUEL DO GUAPORE;Ultrapassagem Indevida;Colisão frontal;Com Vítimas Fatais;Plena Noite;Decrescente;Céu Claro;Simples;Curva;-116.257.329;-6.262.636.414
02/08/2024;05:00:00;BURITIZEIRO;Ultrapassagem Indevida;Colisão lateral sentido oposto;Com Vítimas Fatais;Amanhecer;Decrescente;Céu Claro;Simples;Curva;-17.407.544;-45.026.306
02/08/2024;09:30:00;NOVA IGUACU;Manobra de mudança de faixa;Colisão traseira;Com Vítimas Feridas;Pleno dia;Decrescente;Céu Claro;Dupla;Reta;-2.273.883.756;-4.347.245.197
01/08/2024;17:30:00;QUIXABEIRA;Velocidade Incompatível;Colisão traseira;Com Vítimas Feridas;Anoitecer;Decrescente;Céu Claro;Simples;Reta;-1.135.146;-4.008.378
02/08/2024;05:15:00;ARIQUEMES;Animais na Pista;Atropelamento de Animal;Com Vítimas Feridas;Plena Noite;Decrescente;Céu Claro;Simples;Reta;-10.166.003;-63.225.697
02/08/2024;11:00:00;JOAO PESSOA;Velocidade Incompatível;Colisão traseira;Com Vítimas Feridas;Pleno dia;Crescente;Céu Claro;Dupla;Reta;-71.710.694;-3.489.765.372
02/08/2024;09:00:00;RIO VERDE;Manobra de mudança de faixa;Saída de leito carroçável;Com Vítimas Feridas;Pleno dia;Crescente;Céu Claro;Dupla;Reta;-178.317;-513.755
02/08/2024;10:45:00;SAO GONCALO;Manobra de mudança de faixa;Colisão lateral mesmo sentido;Com Vítimas Feridas;Pleno dia;Crescente;Céu Claro;Dupla;Reta;-2.280.863.363;-4.306.711.435
02/08/2024;13:00:00;CURITIBA;Manobra de mudança de faixa;Colisão lateral mesmo sentido;Com Vítimas Feridas;Pleno dia;Decrescente;Céu Claro;Dupla;Reta;-255.599.323;-4.930.743.945
02/08/2024;12:05:00;CASTANHAL;Conversão proibida;Colisão transversal;Com Vítimas Feridas;Pleno dia;Crescente;Céu Claro;Dupla;Reta;-129.786.885;-4.793.764.104
02/08/2024;14:36:00;ARAPONGAS;Conversão proibida;Colisão transversal;Com Vítimas Feridas;Pleno dia;Crescente;Céu Claro;Dupla;Reta;-2.337.694.557;-51.415.447
02/08/2024;15:40:00;BEZERROS;Ultrapassagem Indevida;Colisão traseira;Com Vítimas Feridas;Pleno dia;Decrescente;Céu Claro;Dupla;Reta;-829.729.696;-3.583.146.101
02/08/2024;15:45:00;BALNEARIO CAMBORIU;Manobra de mudança de faixa;Colisão lateral mesmo sentido;Com Vítimas Feridas;Pleno dia;Decrescente;Céu Claro;Dupla;Reta;-270.050.108;-4.862.677.494
02/08/2024;16:40:00;MONTE ALEGRE DE MINAS;Velocidade Incompatível;Saída de leito carroçável;Com Vítimas Feridas;Pleno dia;Crescente;Céu Claro;Simples;"Reta;Aclive";-188.804.282;-49.177.902
02/08/2024;16:40:00;ABADIANIA;Manobra de mudança de faixa;Colisão lateral mesmo sentido;Com Vítimas Feridas;Pleno dia;Decrescente;Céu Claro;Dupla;Reta;-162.551;-487.628
02/08/2024;17:10:00;PAULISTA;Acostamento em desnível;Tombamento;Com Vítimas Feridas;Pleno dia;Crescente;Garoa/Chuvisco;Dupla;Reta;-792.358.799;-3.489.607.201
02/08/2024;15:15:00;PARNAMIRIM;Frear bruscamente;Colisão traseira;Sem Vítimas;Pleno dia;Crescente;Céu Claro;Dupla;Reta;-589.914.672;-3.525.900.722
02/08/2024;16:30:00;ATALAIA;Desrespeitar a preferência no cruzamento;Colisão transversal;Com Vítimas Feridas;Pleno dia;Decrescente;Céu Claro;Simples;Interseção de Vias;-94.684.713;-3.618.913.365
02/08/2024;13:15:00;PORTO VELHO;Desrespeitar a preferência no cruzamento;Atropelamento de Pedestre;Com Vítimas Feridas;Pleno dia;Decrescente;Céu Claro;Dupla;Reta;-8.766.685;-63.884.052
02/08/2024;15:50:00;LAGES;Velocidade Incompatível;Saída de leito carroçável;Com Vítimas Feridas;Pleno dia;Crescente;Sol;Simples;Reta;-2.780.741.967;-5.036.653.697
02/08/2024;18:35:00;BARREIRAS;Iluminação deficiente;Atropelamento de Pedestre;Com Vítimas Feridas;Plena Noite;Crescente;Céu Claro;Simples;Reta;-12.111.708;-44.986.898
02/08/2024;17:10:00;CACAPAVA DO SUL;Afundamento ou ondulação no pavimento;Queda de ocupante de veículo;Com Vítimas Feridas;Pleno dia;Crescente;Céu Claro;Simples;"Aclive;Reta";-3.049.925.498;-5.336.675.134
02/08/2024;18:20:00;RIO BRILHANTE;Iluminação deficiente;Colisão traseira;Com Vítimas Feridas;Plena Noite;Crescente;Céu Claro;Simples;Reta;-2.165.346.432;-547.558.053
02/08/2024;19:00:00;NAVEGANTES;Sinalização mal posicionada;Colisão traseira;Com Vítimas Feridas;Plena Noite;Crescente;Céu Claro;Dupla;"Em Obras;Desvio Temporário;Retorno Regulamentado";-26.855.688;-48.700.333
02/08/2024;19:15:00;CAMPOS DOS GOYTACAZES;Acesso irregular;Colisão transversal;Com Vítimas Feridas;Plena Noite;Crescente;Ignorado;Simples;Reta;-2.178.577.807;-4.138.139.396
02/08/2024;19:55:00;GUARAPARI;Velocidade Incompatível;Saída de leito carroçável;Com Vítimas Feridas;Plena Noite;Crescente;Chuva;Simples;"Declive;Curva";-2.066.191.662;-4.059.045.821
02/08/2024;19:10:00;NAVIRAI;Iluminação deficiente;Colisão traseira;Sem Vítimas;Plena Noite;Crescente;Céu Claro;Simples;Reta;-229.978.191;-5.438.541.902
02/08/2024;20:31:00;SAO JOAO DE MERITI;Manobra de mudança de faixa;Colisão lateral mesmo sentido;Com Vítimas Feridas;Plena Noite;Crescente;Céu Claro;Múltipla;Reta;-2.278.923.555;-4.337.275.272
02/08/2024;17:30:00;SEROPEDICA;Conversão proibida;Colisão transversal;Com Vítimas Feridas;Anoitecer;Decrescente;Céu Claro;Simples;Reta;-22.846.828;-43.605.339
02/08/2024;21:00:00;GUARULHOS;Manobra de mudança de faixa;Colisão transversal;Com Vítimas Feridas;Plena Noite;Decrescente;Nublado;Múltipla;Reta;-2.346.143.954;-4.648.885.316
02/08/2024;17:45:00;ALAGOINHAS;Ultrapassagem Indevida;Colisão frontal;Com Vítimas Fatais;Anoitecer;Decrescente;Nublado;Simples;"Declive;Reta";-1.208.804.791;-3.835.545.708
02/08/2024;20:30:00;SAO SEBASTIAO DE LAGOA DE  ROCA;Animais na Pista;Atropelamento de Animal;Com Vítimas Feridas;Plena Noite;Decrescente;Céu Claro;Simples;"Reta;Declive";-7.053.754;-35.854.309
02/08/2024;20:00:00;ACARAU;Velocidade Incompatível;Colisão traseira;Com Vítimas Fatais;Plena Noite;Crescente;Céu Claro;Simples;Reta;-29.214.399;-4.016.155.243
02/08/2024;23:10:00;UBERABA;Animais na Pista;Colisão traseira;Sem Vítimas;Plena Noite;Crescente;Céu Claro;Dupla;Reta;-1.976.304.151;-481.335.551
02/08/2024;22:00:00;SORRISO;Frear bruscamente;Queda de ocupante de veículo;Com Vítimas Feridas;Plena Noite;Decrescente;Céu Claro;Dupla;"Declive;Retorno Regulamentado";-1.254.256.199;-5.570.817.232
02/08/2024;23:55:00;IGARAPE;Ultrapassagem Indevida;Colisão lateral mesmo sentido;Com Vítimas Feridas;Plena Noite;Crescente;Céu Claro;Simples;"Aclive;Interseção de Vias";-2.007.637.864;-4.430.390.239
02/08/2024;22:30:00;SALOA;Animais na Pista;Atropelamento de Animal;Com Vítimas Feridas;Plena Noite;Decrescente;Céu Claro;Simples;Reta;-89.621.593;-3.679.139.492
03/08/2024;00:30:00;LINHARES;Conversão proibida;Colisão transversal;Com Vítimas Feridas;Plena Noite;Crescente;Nublado;Simples;"Interseção de Vias;Reta";-1.938.787.399;-4.006.752.766
02/08/2024;23:55:00;SORRISO;Velocidade Incompatível;Colisão com objeto;Com Vítimas Feridas;Plena Noite;Crescente;Céu Claro;Dupla;Aclive;-1.252.813;-55.703.508
03/08/2024;03:15:00;ARARANGUA;Desrespeitar a preferência no cruzamento;Colisão transversal;Com Vítimas Feridas;Plena Noite;Crescente;Céu Claro;Simples;Rotatória;-2.894.922.528;-4.950.690.508
03/08/2024;04:40:00;BRASILIA;Frear bruscamente;Saída de leito carroçável;Com Vítimas Feridas;Plena Noite;Decrescente;Céu Claro;Dupla;Reta;-15.675.484;-47.823.761
03/08/2024;06:00:00;CAXIAS;Manobra de mudança de faixa;Saída de leito carroçável;Com Vítimas Feridas;Pleno dia;Decrescente;Céu Claro;Simples;Reta;-4.867.952;-43.411.625
03/08/2024;04:00:00;ARAXA;Velocidade Incompatível;Saída de leito carroçável;Com Vítimas Feridas;Plena Noite;Crescente;Céu Claro;Simples;Curva;-1.959.696.819;-4.714.642.496
03/08/2024;05:45:00;BELO HORIZONTE;Velocidade Incompatível;Queda de ocupante de veículo;Com Vítimas Fatais;Pleno dia;Decrescente;Céu Claro;Simples;Curva;-1.985.777.408;-4.390.468.298
03/08/2024;07:00:00;SAO JOSE DOS PINHAIS;Animais na Pista;Atropelamento de Animal;Com Vítimas Feridas;Pleno dia;Crescente;Céu Claro;Dupla;"Reta;Em Obras";-2.554.553;-49.189.642
03/08/2024;06:40:00;ENGENHEIRO CALDAS;Chuva;Tombamento;Com Vítimas Feridas;Pleno dia;Decrescente;Céu Claro;Simples;Reta;-1.908.450.198;-4.199.845.794
26/07/2024;08:11:00;SAO JOSE;Frear bruscamente;Colisão traseira;Com Vítimas Feridas;Pleno dia;Decrescente;Nublado;Múltipla;Reta;-2.760.001.226;-486.226.467
03/08/2024;07:30:00;JEQUITAI;Velocidade Incompatível;Saída de leito carroçável;Com Vítimas Feridas;Pleno dia;Decrescente;Chuva;Simples;Reta;-17.212.542;-44.444.355
03/08/2024;09:40:00;JUATUBA;Pista Escorregadia;Tombamento;Com Vítimas Feridas;Pleno dia;Decrescente;Céu Claro;Simples;"Interseção de Vias;Rotatória";-199.721.937;-442.866.528
03/08/2024;08:50:00;BEZERROS;Pista esburacada;Queda de ocupante de veículo;Com Vítimas Feridas;Pleno dia;Decrescente;Céu Claro;Dupla;Declive;-824.194.679;-3.575.097.313
03/08/2024;08:40:00;SANTA INES;Manobra de mudança de faixa;Colisão frontal;Com Vítimas Feridas;Pleno dia;Crescente;Céu Claro;Simples;"Interseção de Vias;Reta";-3.675.226;-45.371.643
03/08/2024;10:55:00;CARLOS BARBOSA;Conversão proibida;Colisão transversal;Com Vítimas Feridas;Pleno dia;Crescente;Céu Claro;Simples;Reta;-2.934.775.652;-5.151.056.886
03/08/2024;05:35:00;ESTEIO;Acesso irregular;Queda de ocupante de veículo;Com Vítimas Feridas;Plena Noite;Crescente;Nevoeiro/Neblina;Dupla;Curva;-29.827.246;-51.173.317
03/08/2024;11:30:00;ARROIO DOS RATOS;Velocidade Incompatível;Saída de leito carroçável;Com Vítimas Feridas;Pleno dia;Decrescente;Céu Claro;Simples;Curva;-30.104.769;-51.727.539
18/07/2024;21:20:00;IVINHEMA;Animais na Pista;Tombamento;Com Vítimas Feridas;Plena Noite;Decrescente;Ignorado;Simples;Reta;-22.306.156;-53.850.174
03/08/2024;12:00:00;ARARANGUA;Desrespeitar a preferência no cruzamento;Colisão transversal;Sem Vítimas;Pleno dia;Decrescente;Céu Claro;Simples;Rotatória;-2.895.847.406;-495.141.685
03/08/2024;12:40:00;EUNAPOLIS;Acesso irregular;Colisão lateral mesmo sentido;Com Vítimas Feridas;Pleno dia;Decrescente;Nublado;Simples;Reta;-16.335.756;-395.814
03/08/2024;12:00:00;SAO JOSE DOS CAMPOS;Manobra de mudança de faixa;Colisão traseira;Com Vítimas Feridas;Pleno dia;Crescente;Céu Claro;Múltipla;Reta;-231.845.508;-458.502.388
03/08/2024;13:35:00;ITABORAI;Manobra de mudança de faixa;Colisão lateral mesmo sentido;Com Vítimas Feridas;Pleno dia;Decrescente;Céu Claro;Múltipla;Reta;-227.670.498;-4.291.019.601
03/08/2024;12:10:00;TEOFILO OTONI;Desrespeitar a preferência no cruzamento;Colisão transversal;Com Vítimas Feridas;Pleno dia;Crescente;Céu Claro;Simples;Reta;-1.784.235.093;-4.151.410.418
03/08/2024;13:00:00;PALMEIRA;Frear bruscamente;Colisão traseira;Com Vítimas Feridas;Pleno dia;Decrescente;Céu Claro;Simples;Reta;-254.730.867;-498.203.101
03/08/2024;15:45:00;EXTREMA;Velocidade Incompatível;Colisão com objeto;Com Vítimas Feridas;Pleno dia;Decrescente;Céu Claro;Dupla;Curva;-2.279.161.934;-4.624.565.434
03/08/2024;11:30:00;PORTO VELHO;Desrespeitar a preferência no cruzamento;Colisão transversal;Com Vítimas Feridas;Pleno dia;Crescente;Céu Claro;Dupla;Reta;-875.143.327;-638.877.511
02/08/2024;23:40:00;PORTO GRANDE;Manobra de mudança de faixa;Colisão traseira;Sem Vítimas;Plena Noite;Crescente;Ignorado;Simples;Ponte;0.70564616;-5.141.271.608
03/08/2024;16:25:00;BRASILIA;Velocidade Incompatível;Colisão traseira;Com Vítimas Fatais;Pleno dia;Crescente;Céu Claro;Dupla;Reta;-15.597.054;-47.631.065
03/08/2024;15:40:00;ARROIO GRANDE;Animais na Pista;Atropelamento de Pedestre;Com Vítimas Feridas;Pleno dia;Crescente;Chuva;Simples;Curva;-3.212.639.539;-5.294.775.363
03/08/2024;10:30:00;AFRANIO;Velocidade Incompatível;Saída de leito carroçável;Com Vítimas Fatais;Pleno dia;Crescente;Céu Claro;Simples;Reta;-862.237.203;-4.099.588.613
11/06/2024;04:30:00;ANTONIO DIAS;Animais na Pista;Atropelamento de Animal;Com Vítimas Feridas;Plena Noite;Decrescente;Ignorado;Simples;Reta;-19.634.349;-4.280.726.132
03/08/2024;15:50:00;VARZEA GRANDE;Desrespeitar a preferência no cruzamento;Colisão transversal;Com Vítimas Feridas;Pleno dia;Crescente;Sol;Simples;Interseção de Vias;-1.565.911.476;-562.174.371
03/08/2024;12:20:00;PIRAI;Curva acentuada;Tombamento;Com Vítimas Feridas;Pleno dia;Crescente;Céu Claro;Dupla;Curva;-2.257.811.624;-4.398.644.985
03/08/2024;16:30:00;MARECHAL FLORIANO;Chuva;Colisão frontal;Com Vítimas Feridas;Pleno dia;Crescente;Chuva;Simples;Curva;-2.041.495.529;-4.074.098.587
03/08/2024;17:00:00;DOMINGOS MARTINS;Chuva;Colisão frontal;Com Vítimas Feridas;Anoitecer;Crescente;Chuva;Simples;Curva;-203.802.679;-4.063.000.864
03/08/2024;15:55:00;BATAGUASSU;Manobra de mudança de faixa;Colisão frontal;Com Vítimas Feridas;Pleno dia;Crescente;Céu Claro;Simples;Reta;-2.172.576.167;-5.229.571.101
03/08/2024;18:00:00;TERESOPOLIS;Iluminação deficiente;Atropelamento de Animal;Com Vítimas Feridas;Anoitecer;Decrescente;Nublado;Simples;Reta;-2.231.879.876;-429.375.874
03/08/2024;17:30:00;MURIAE;Acumulo de água sobre o pavimento;Queda de ocupante de veículo;Com Vítimas Feridas;Anoitecer;Decrescente;Garoa/Chuvisco;Simples;"Declive;Curva";-2.112.514.202;-42.254.502
03/08/2024;17:30:00;PILAR;Acumulo de água sobre o pavimento;Queda de ocupante de veículo;Com Vítimas Fatais;Anoitecer;Decrescente;Chuva;Simples;Reta;-959.005.875;-3.589.598.604
03/08/2024;17:00:00;DUQUE DE CAXIAS;Manobra de mudança de faixa;Colisão lateral mesmo sentido;Com Vítimas Feridas;Pleno dia;Crescente;Céu Claro;Dupla;Reta;-2.279.907.687;-4.329.015.739
03/08/2024;17:20:00;TERESINA;Acumulo de areia ou detritos sobre o pavimento;Tombamento;Com Vítimas Feridas;Pleno dia;Crescente;Céu Claro;Simples;Reta;-5.083.052;-4.275.154
03/08/2024;13:00:00;ITAGIMIRIM;Velocidade Incompatível;Saída de leito carroçável;Com Vítimas Fatais;Pleno dia;Crescente;Céu Claro;Simples;"Declive;Curva";-1.608.879.617;-3.961.867.931
03/08/2024;18:00:00;TEIXEIRA DE FREITAS;Ausência de sinalização;Atropelamento de Pedestre;Com Vítimas Feridas;Plena Noite;Decrescente;Nublado;Simples;Reta;-17.546.097;-39.718.826
03/08/2024;18:30:00;GRAVATAI;Manobra de mudança de faixa;Colisão lateral mesmo sentido;Com Vítimas Feridas;Plena Noite;Crescente;Céu Claro;Dupla;Reta;-2.992.559.312;-5.086.186.051
03/08/2024;19:30:00;CONCEICAO DO CASTELO;Ultrapassagem Indevida;Colisão transversal;Com Vítimas Fatais;Plena Noite;Decrescente;Chuva;Simples;"Declive;Reta";-2.031.467.155;-4.123.608.094
03/08/2024;18:30:00;MARINGA;Velocidade Incompatível;Capotamento;Com Vítimas Feridas;Plena Noite;Crescente;Céu Claro;Dupla;Reta;-2.339.038.641;-5.201.421.918
03/08/2024;19:16:00;BRASILIA;Manobra de mudança de faixa;Saída de leito carroçável;Com Vítimas Fatais;Plena Noite;Crescente;Céu Claro;Múltipla;"Declive;Reta";-1.589.927.004;-481.162.262
03/08/2024;19:45:00;CASCAVEL;Acumulo de areia ou detritos sobre o pavimento;Tombamento;Com Vítimas Feridas;Plena Noite;Crescente;Céu Claro;Simples;Reta;-248.252;-532.976
03/08/2024;20:34:00;SANTA CRUZ;Animais na Pista;Atropelamento de Animal;Com Vítimas Feridas;Plena Noite;Crescente;Céu Claro;Simples;Reta;-624.815.848;-3.595.079.402
03/08/2024;18:00:00;CACHOEIRA DO SUL;Velocidade Incompatível;Atropelamento de Pedestre;Com Vítimas Feridas;Anoitecer;Crescente;Nublado;Dupla;Curva;-3.001.530.082;-5.291.873.932
03/08/2024;15:30:00;CARIDADE;Pista esburacada;Colisão frontal;Com Vítimas Feridas;Pleno dia;Decrescente;Céu Claro;Simples;"Reta;Declive";-4.094.943;-39.055.965
03/08/2024;18:50:00;OURICURI;Manobra de mudança de faixa;Colisão frontal;Com Vítimas Feridas;Plena Noite;Decrescente;Céu Claro;Simples;Reta;-793.798.009;-3.994.691.304
03/08/2024;21:40:00;MARINGA;Velocidade Incompatível;Saída de leito carroçável;Com Vítimas Feridas;Plena Noite;Decrescente;Nublado;Dupla;"Declive;Reta";-2.339.849.849;-5.188.206.017
03/08/2024;19:10:00;BOA VISTA;Manobra de mudança de faixa;Tombamento;Com Vítimas Fatais;Plena Noite;Crescente;Céu Claro;Simples;Reta;2.963.855;-6.073.804.747
03/08/2024;18:35:00;NITEROI;Manobra de mudança de faixa;Colisão lateral mesmo sentido;Com Vítimas Feridas;Plena Noite;Decrescente;Céu Claro;Múltipla;Reta;-22.878.923;-43.110.676
03/08/2024;22:00:00;PADRE BERNARDO;Velocidade Incompatível;Saída de leito carroçável;Sem Vítimas;Plena Noite;Crescente;Céu Claro;Dupla;Reta;-1.550.047;-48.220.239
03/08/2024;23:30:00;MOSSORO;Conversão proibida;Colisão com objeto;Com Vítimas Feridas;Plena Noite;Crescente;Céu Claro;Simples;Reta;-517.455.933;-3.736.227.171
03/08/2024;23:10:00;RIO DE JANEIRO;Desrespeitar a preferência no cruzamento;Saída de leito carroçável;Com Vítimas Feridas;Plena Noite;Crescente;Céu Claro;Dupla;Reta;-228.060.415;-4.334.289.573
04/08/2024;01:00:00;BETIM;Manobra de mudança de faixa;Tombamento;Com Vítimas Feridas;Plena Noite;Decrescente;Céu Claro;Dupla;Declive;-2.000.640.174;-4.421.486.336