data_inversa;horario;municipio;causa_acidente;tipo_acidente;classificacao_acidente;fase_dia;sentido_via;condicao_metereologica;tipo_pista;tracado_via;latitude;longitude
04/08/2024;00:30:00;BEZERROS;Animais na Pista;Atropelamento de Animal;Com Vítimas Feridas;Plena Noite;Decrescente;Garoa/Chuvisco;Dupla;Reta;-822.473.335;-3.569.081.624
03/08/2024;23:30:00;BONFIM;Desrespeitar a preferência no cruzamento;Colisão transversal;Sem Vítimas;Plena Noite;Crescente;Nublado;Simples;"Reta;Interseção de Vias";290.457.922;-6.048.586.566
04/08/2024;01:55:00;NOVA LIMA;Velocidade Incompatível;Saída de leito carroçável;Com Vítimas Feridas;Plena Noite;Decrescente;Céu Claro;Dupla;"Declive;Curva";-20.024.171;-43.969.514
04/08/2024;03:40:00;GUAICARA;Animais na Pista;Atropelamento de Animal;Com Vítimas Feridas;Plena Noite;Crescente;Céu Claro;Simples;"Reta;Declive";-2.161.519.396;-4.978.601.928
04/08/2024;04:15:00;SAO JOSE;Velocidade Incompatível;Colisão com objeto;Com Vítimas Feridas;Plena Noite;Decrescente;Céu Claro;Múltipla;Reta;-2.755.711.595;-4.861.897.889
04/08/2024;04:30:00;BAYEUX;Velocidade Incompatível;Colisão lateral mesmo sentido;Sem Vítimas;Pleno dia;Decrescente;Céu Claro;Dupla;Reta;-714.538.184;-3.491.662.887
04/08/2024;04:50:00;SANTA BARBARA DO LESTE;Velocidade Incompatível;Colisão com objeto;Sem Vítimas;Amanhecer;Crescente;Garoa/Chuvisco;Simples;Reta;-19.919.262;-4.213.155.389
04/08/2024;08:50:00;NITEROI;Manobra de mudança de faixa;Colisão lateral mesmo sentido;Com Vítimas Feridas;Pleno dia;Decrescente;Céu Claro;Múltipla;"Reta;Ponte";-22.878.923;-43.110.676
04/08/2024;08:15:00;CAPELA;Animais na Pista;Atropelamento de Animal;Com Vítimas Feridas;Pleno dia;Decrescente;Céu Claro;Dupla;Reta;-1.048.368.938;-3.694.598.712
04/08/2024;09:10:00;ITABUNA;Manobra de mudança de faixa;Colisão lateral mesmo sentido;Com Vítimas Feridas;Pleno dia;Crescente;Céu Claro;Simples;Curva;-1.481.574.494;-3.929.612.388
04/08/2024;09:30:00;CAJATI;Velocidade Incompatível;Queda de ocupante de veículo;Com Vítimas Feridas;Pleno dia;Decrescente;Sol;Simples;"Declive;Curva";-2.484.304.306;-4.822.027.915
02/04/2024;08:00:00;BRASILIA;Manobra de mudança de faixa;Colisão lateral mesmo sentido;Com Vítimas Feridas;Pleno dia;Decrescente;Chuva;Dupla;Reta;-15.675.484;-47.823.761
04/08/2024;10:55:00;PATU;Animais na Pista;Atropelamento de Animal;Com Vítimas Feridas;Pleno dia;Crescente;Sol;Simples;Reta;-609.890.293;-3.764.481.815
04/08/2024;10:45:00;BEZERROS;Pista Escorregadia;Tombamento;Com Vítimas Feridas;Pleno dia;Decrescente;Chuva;Dupla;Reta;-823.953.192;-357.472.837
04/08/2024;09:00:00;FRANCISCO SA;Velocidade Incompatível;Saída de leito carroçável;Com Vítimas Feridas;Pleno dia;Crescente;Nublado;Simples;Curva;-1.641.786.952;-4.335.991.682
04/08/2024;09:25:00;SAO VICENTE DO SUL;Acumulo de água sobre o pavimento;Saída de leito carroçável;Com Vítimas Feridas;Pleno dia;Crescente;Chuva;Simples;Curva;-2.964.753.678;-5.467.803.163
04/08/2024;12:15:00;SANTO ANTONIO DA PATRULHA;Chuva;Saída de leito carroçável;Com Vítimas Feridas;Pleno dia;Decrescente;Chuva;Dupla;Curva;-29.871.126;-50.418.049
04/08/2024;12:26:00;RECIFE;Manobra de mudança de faixa;Colisão transversal;Com Vítimas Feridas;Pleno dia;Crescente;Céu Claro;Dupla;"Declive;Reta";-797.063.209;-3.492.064.675
04/08/2024;12:55:00;MANHUACU;Manobra de mudança de faixa;Colisão lateral mesmo sentido;Com Vítimas Feridas;Pleno dia;Decrescente;Nublado;Simples;Reta;-2.019.603.401;-4.218.344.405
04/08/2024;12:50:00;NOVA IGUACU;Manobra de mudança de faixa;Colisão lateral mesmo sentido;Sem Vítimas;Pleno dia;Decrescente;Céu Claro;Dupla;Reta;-2.274.647.215;-4.344.594.311
04/08/2024;14:20:00;ALEXANIA;Velocidade Incompatível;Saída de leito carroçável;Com Vítimas Feridas;Pleno dia;Crescente;Céu Claro;Dupla;"Declive;Curva";-161.529;-486.109
04/08/2024;14:25:00;CRUZ DO ESPIRITO SANTO;Falta de elemento de contenção que evite a saída do leito carroçável;Saída de leito carroçável;Com Vítimas Feridas;Pleno dia;Decrescente;Nublado;Dupla;Reta;-71.897;-350.615
04/08/2024;01:30:00;RIO PARDO;Acumulo de água sobre o pavimento;Saída de leito carroçável;Sem Vítimas;Plena Noite;Crescente;Chuva;Simples;Reta;-3.003.224.435;-5.237.251.282
04/08/2024;16:20:00;NATAL;Ultrapassagem Indevida;Colisão frontal;Com Vítimas Feridas;Pleno dia;Crescente;Céu Claro;Simples;Reta;-582.090.114;-3.526.828.435
04/08/2024;17:20:00;BIGUACU;Animais na Pista;Atropelamento de Animal;Sem Vítimas;Anoitecer;Crescente;Céu Claro;Dupla;Reta;-2.752.658.712;-4.863.506.019
04/08/2024;14:05:00;BRASILIA;Manobra de mudança de faixa;Saída de leito carroçável;Com Vítimas Feridas;Pleno dia;Crescente;Céu Claro;Dupla;"Reta;Interseção de Vias";-15.787.066;-48.140.709
04/08/2024;18:10:00;VIANA;Velocidade Incompatível;Colisão com objeto;Com Vítimas Feridas;Plena Noite;Crescente;Céu Claro;Dupla;Curva;-20.358.635;-40.432.167
04/08/2024;18:15:00;CARUARU;Manobra de mudança de faixa;Colisão transversal;Com Vítimas Feridas;Plena Noite;Crescente;Céu Claro;Simples;Reta;-8.026.115;-36.053.188
04/08/2024;18:30:00;ARAQUARI;Acesso irregular;Colisão transversal;Com Vítimas Feridas;Plena Noite;Crescente;Nublado;Simples;Reta;-2.640.450.077;-4.874.561.031
04/08/2024;18:30:00;POUSO ALTO;Ultrapassagem Indevida;Colisão lateral sentido oposto;Com Vítimas Feridas;Plena Noite;Crescente;Céu Claro;Simples;"Aclive;Reta";-222.393.211;-4.493.648.355
04/08/2024;19:30:00;MARQUINHO;Velocidade Incompatível;Saída de leito carroçável;Com Vítimas Fatais;Plena Noite;Crescente;Céu Claro;Simples;Curva;-25.224.988;-52.279.213
04/08/2024;19:49:00;ALTOS;Animais na Pista;Atropelamento de Animal;Com Vítimas Feridas;Plena Noite;Crescente;Céu Claro;Simples;Curva;-5.040.502;-42.485.443
04/08/2024;19:24:00;VILHENA;Conversão proibida;Colisão lateral mesmo sentido;Com Vítimas Feridas;Plena Noite;Decrescente;Céu Claro;Dupla;Reta;-1.274.605.898;-6.011.270.299
04/08/2024;17:00:00;RIACHAO;Manobra de mudança de faixa;Capotamento;Com Vítimas Fatais;Anoitecer;Crescente;Céu Claro;Simples;Reta;-742.881.326;-4.670.617.509
04/08/2024;20:55:00;PONTA GROSSA;Manobra de mudança de faixa;Saída de leito carroçável;Sem Vítimas;Plena Noite;Crescente;Céu Claro;Dupla;Reta;-2.509.251.565;-5.019.646.078
04/08/2024;15:10:00;ESTREITO;Acesso irregular;Colisão transversal;Com Vítimas Fatais;Pleno dia;Crescente;Céu Claro;Simples;"Reta;Interseção de Vias;Aclive";-6.682.254;-47.454.762
04/08/2024;22:25:00;JOAO PESSOA;Frear bruscamente;Tombamento;Com Vítimas Feridas;Plena Noite;Crescente;Chuva;Dupla;Curva;-71.337;-348.544
04/08/2024;21:30:00;TRES CACHOEIRAS;Velocidade Incompatível;Atropelamento de Pedestre;Com Vítimas Feridas;Plena Noite;Crescente;Chuva;Dupla;Reta;-2.945.530.462;-4.992.587.608
04/08/2024;19:30:00;SELVIRIA;Animais na Pista;Atropelamento de Animal;Com Vítimas Feridas;Plena Noite;Crescente;Céu Claro;Simples;Reta;-2.057.840.712;-5.160.681.476
04/08/2024;22:25:00;PICOS;Acesso irregular;Tombamento;Com Vítimas Feridas;Plena Noite;Crescente;Céu Claro;Simples;Reta;-708.133.721;-4.142.347.604
04/08/2024;23:20:00;SAO MATEUS;Demais falhas na via;Tombamento;Com Vítimas Feridas;Plena Noite;Crescente;Nublado;Simples;Reta;-1.869.020.499;-3.986.154.403
04/08/2024;23:00:00;IBATIBA;Acesso irregular;Colisão traseira;Com Vítimas Feridas;Plena Noite;Crescente;Garoa/Chuvisco;Simples;Reta;-2.027.069.252;-4.162.018.606
04/08/2024;20:00:00;APIUNA;Velocidade Incompatível;Saída de leito carroçável;Com Vítimas Feridas;Plena Noite;Crescente;Ignorado;Simples;Curva;-27.045.143;-49.394.142
04/08/2024;23:00:00;ITABORAI;Acesso irregular;Eventos atípicos;Sem Vítimas;Plena Noite;Decrescente;Céu Claro;Múltipla;Reta;-2.276.822.791;-4.291.648.149
05/08/2024;01:45:00;NOSSA SENHORA DO SOCORRO;Animais na Pista;Atropelamento de Animal;Com Vítimas Feridas;Plena Noite;Crescente;Ignorado;Dupla;"Reta;Aclive";-10.903.851;-37.128.677
05/08/2024;00:25:00;MANHUACU;Velocidade Incompatível;Colisão com objeto;Com Vítimas Feridas;Plena Noite;Decrescente;Chuva;Simples;Curva;-20.161.295;-42.189.066
05/08/2024;05:40:00;NOSSA SENHORA DO SOCORRO;Animais na Pista;Queda de ocupante de veículo;Com Vítimas Feridas;Pleno dia;Crescente;Céu Claro;Dupla;Reta;-1.090.212.319;-3.714.494.787
05/08/2024;06:20:00;PORTO ALEGRE;Pista esburacada;Queda de ocupante de veículo;Com Vítimas Feridas;Amanhecer;Crescente;Chuva;Dupla;Curva;-29.971.916;-51.176.838
05/08/2024;06:20:00;PALHOCA;Conversão proibida;Colisão transversal;Com Vítimas Feridas;Amanhecer;Crescente;Céu Claro;Simples;Reta;-27.665.707;-48.688.065
05/08/2024;07:00:00;RIBEIRAO DAS NEVES;Manobra de mudança de faixa;Colisão lateral mesmo sentido;Com Vítimas Feridas;Pleno dia;Decrescente;Céu Claro;Dupla;Reta;-1.978.164.295;-4.411.733.194
05/08/2024;06:55:00;AREIA BRANCA;Desrespeitar a preferência no cruzamento;Colisão transversal;Com Vítimas Feridas;Pleno dia;Decrescente;Céu Claro;Simples;Reta;-10.760.385;-37.313.049
05/08/2024;07:15:00;RIBEIRAO DAS NEVES;Manobra de mudança de faixa;Colisão traseira;Com Vítimas Feridas;Pleno dia;Crescente;Nublado;Dupla;"Declive;Reta";-1.978.946.999;-4.411.290.699
05/08/2024;07:00:00;FEIRA DE SANTANA;Pista Escorregadia;Queda de ocupante de veículo;Com Vítimas Feridas;Pleno dia;Crescente;Céu Claro;Dupla;Reta;-1.224.420.407;-3.898.563.987
05/08/2024;07:25:00;LAJEADO;Velocidade Incompatível;Queda de ocupante de veículo;Com Vítimas Feridas;Pleno dia;Decrescente;Céu Claro;Dupla;Curva;-29.456.644;-51.957.329
05/08/2024;08:00:00;SAO JOSE DOS CAMPOS;Manobra de mudança de faixa;Colisão lateral mesmo sentido;Com Vítimas Feridas;Pleno dia;Crescente;Céu Claro;Dupla;Reta;-2.315.300.766;-4.578.709.317
05/08/2024;07:25:00;GURINHEM;Afundamento ou ondulação no pavimento;Saída de leito carroçável;Com Vítimas Feridas;Pleno dia;Decrescente;Garoa/Chuvisco;Dupla;Reta;-71.824;-354.363
05/08/2024;07:05:00;BARRA DO PIRAI;Conversão proibida;Colisão transversal;Com Vítimas Feridas;Pleno dia;Decrescente;Sol;Simples;Reta;-2.247.750.785;-4.401.954.402
30/07/2024;22:50:00;MARMELEIRO;Animais na Pista;Atropelamento de Animal;Sem Vítimas;Plena Noite;Decrescente;Céu Claro;Simples;Curva;-2.622.293.196;-5.313.957.999
05/08/2024;08:10:00;LINHARES;Manobra de mudança de faixa;Queda de ocupante de veículo;Com Vítimas Feridas;Pleno dia;Decrescente;Céu Claro;Dupla;"Interseção de Vias;Reta";-1.935.188.295;-400.636.685
05/08/2024;10:40:00;CAMBE;Velocidade Incompatível;Saída de leito carroçável;Sem Vítimas;Pleno dia;Crescente;Céu Claro;Dupla;Reta;-2.329.664.606;-5.128.062.308
05/08/2024;11:40:00;JABOATAO DOS GUARARAPES;Falta de elemento de contenção que evite a saída do leito carroçável;Queda de ocupante de veículo;Com Vítimas Feridas;Pleno dia;Decrescente;Céu Claro;Múltipla;Reta;-807.764.447;-3.497.863.609
05/08/2024;09:30:00;GOVERNADOR EDISON LOBAO;Ultrapassagem Indevida;Saída de leito carroçável;Com Vítimas Fatais;Pleno dia;Crescente;Céu Claro;Simples;Reta;-5.677.963;-47.374.077
05/08/2024;14:05:00;SANTA CECILIA;Acesso irregular;Colisão transversal;Com Vítimas Feridas;Pleno dia;Crescente;Céu Claro;Simples;Interseção de Vias;-2.696.007.677;-5.041.626.976
05/08/2024;14:05:00;JEQUIE;Conversão proibida;Colisão transversal;Com Vítimas Feridas;Pleno dia;Crescente;Céu Claro;Simples;"Reta;Ponte";-1.380.845.298;-4.011.215.229
05/08/2024;14:40:00;PARACATU;Desrespeitar a preferência no cruzamento;Colisão transversal;Com Vítimas Feridas;Pleno dia;Decrescente;Céu Claro;Simples;"Interseção de Vias;Aclive;Reta";-1.722.794.216;-4.685.884.058
05/08/2024;13:30:00;SAO SEBASTIAO DO PASSE;Velocidade Incompatível;Capotamento;Com Vítimas Feridas;Pleno dia;Crescente;Sol;Dupla;Reta;-1.254.603.889;-3.858.142.792
05/08/2024;11:30:00;JOAO PESSOA;Velocidade Incompatível;Tombamento;Com Vítimas Feridas;Pleno dia;Crescente;Céu Claro;Dupla;Curva;-716.890.841;-3.489.721.298
05/08/2024;16:00:00;RIBEIRA DO POMBAL;Desrespeitar a preferência no cruzamento;Colisão transversal;Com Vítimas Feridas;Pleno dia;Decrescente;Chuva;Simples;"Rotatória;Reta;Interseção de Vias;Retorno Regulamentado";-1.082.941.061;-3.855.273.824
05/08/2024;15:10:00;PONTA PORA;Estacionar ou parar em local proibido;Colisão traseira;Com Vítimas Feridas;Pleno dia;Decrescente;Céu Claro;Dupla;Reta;-2.256.456.096;-5.569.739.789
05/08/2024;17:40:00;MASSARANDUBA;Velocidade Incompatível;Colisão traseira;Com Vítimas Feridas;Anoitecer;Crescente;Nublado;Dupla;"Aclive;Reta";-7.254.617;-35.827.872
05/08/2024;18:30:00;PALHOCA;Conversão proibida;Colisão lateral mesmo sentido;Com Vítimas Feridas;Plena Noite;Crescente;Céu Claro;Dupla;Reta;-2.765.981.409;-4.867.747.798
05/08/2024;18:30:00;FORTALEZA;Pista Escorregadia;Queda de ocupante de veículo;Com Vítimas Feridas;Plena Noite;Crescente;Céu Claro;Dupla;Reta;-386.973.356;-3.849.827.361
05/08/2024;18:10:00;PALMEIRA DOS INDIOS;Animais na Pista;Atropelamento de Animal;Com Vítimas Feridas;Plena Noite;Decrescente;Chuva;Simples;Reta;-943.055.371;-3.664.101.415
05/08/2024;18:30:00;GARANHUNS;Acesso irregular;Colisão transversal;Com Vítimas Feridas;Plena Noite;Decrescente;Garoa/Chuvisco;Simples;Reta;-886.552.886;-3.650.934.159
05/08/2024;18:55:00;BUTIA;Manobra de mudança de faixa;Colisão transversal;Com Vítimas Feridas;Plena Noite;Decrescente;Céu Claro;Simples;Reta;-30.128.044;-51.951.588
05/08/2024;19:53:00;BRASILIA;Manobra de mudança de faixa;Colisão frontal;Com Vítimas Feridas;Anoitecer;Crescente;Céu Claro;Dupla;"Reta;Em Obras";-15.897.939;-48.113.056
05/08/2024;19:38:00;FORTALEZA;Desrespeitar a preferência no cruzamento;Colisão transversal;Com Vítimas Feridas;Plena Noite;Crescente;Céu Claro;Múltipla;Reta;-37.367.737;-3.856.923
05/08/2024;17:43:00;SINOP;Manobra de mudança de faixa;Colisão transversal;Com Vítimas Feridas;Anoitecer;Decrescente;Céu Claro;Simples;"Retorno Regulamentado;Reta";-119.133.948;-5.550.888.604
05/08/2024;22:40:00;PETROLINA;Ausência de sinalização;Queda de ocupante de veículo;Com Vítimas Feridas;Plena Noite;Decrescente;Céu Claro;Dupla;Reta;-934.009.199;-4.047.032.001
05/08/2024;23:15:00;APUCARANA;Acumulo de areia ou detritos sobre o pavimento;Tombamento;Com Vítimas Feridas;Plena Noite;Crescente;Céu Claro;Simples;Curva;-23.605.942;-51.409.083
06/08/2024;01:00:00;PALHOCA;Velocidade Incompatível;Colisão com objeto;Com Vítimas Feridas;Plena Noite;Crescente;Nevoeiro/Neblina;Múltipla;Reta;-2.767.126.796;-4.867.290.974
06/08/2024;05:40:00;NOVA ALVORADA DO SUL;Manobra de mudança de faixa;Colisão frontal;Com Vítimas Fatais;Amanhecer;Crescente;Céu Claro;Simples;"Reta;Aclive";-211.060.121;-5.448.605.044
06/08/2024;07:50:00;BETIM;Manobra de mudança de faixa;Tombamento;Com Vítimas Feridas;Pleno dia;Decrescente;Céu Claro;Dupla;"Reta;Aclive";-2.005.039.397;-4.427.962.502
06/08/2024;07:30:00;BRASILIA;Manobra de mudança de faixa;Colisão lateral mesmo sentido;Com Vítimas Feridas;Pleno dia;Decrescente;Céu Claro;Dupla;Reta;-15.784.615;-48.132.023
06/08/2024;08:15:00;FORTALEZA;Manobra de mudança de faixa;Colisão lateral mesmo sentido;Com Vítimas Feridas;Pleno dia;Decrescente;Céu Claro;Múltipla;Reta;-3.802.624;-3.850.400.499
06/08/2024;08:10:00;BRASILIA;Velocidade Incompatível;Colisão traseira;Com Vítimas Feridas;Pleno dia;Decrescente;Sol;Dupla;Reta;-16.022.189;-4.798.008
08/06/2024;08:04:00;MARINGA;Manobra de mudança de faixa;Colisão lateral mesmo sentido;Com Vítimas Feridas;Pleno dia;Decrescente;Céu Claro;Dupla;"Interseção de Vias;Reta";-2.343.684.112;-5.187.880.764
06/08/2024;09:50:00;FRANCISCO SA;Velocidade Incompatível;Saída de leito carroçável;Com Vítimas Feridas;Pleno dia;Crescente;Céu Claro;Simples;"Reta;Declive";-1.656.915.479;-4.362.221.124
25/07/2024;19:00:00;PATO BRANCO;Manobra de mudança de faixa;Colisão lateral mesmo sentido;Com Vítimas Feridas;Plena Noite;Crescente;Céu Claro;Simples;"Aclive;Curva";-2.613.259.128;-5.265.551.563
06/08/2024;09:20:00;RECIFE;Condutor usando celular;Colisão traseira;Com Vítimas Feridas;Pleno dia;Decrescente;Sol;Múltipla;Reta;-805.074.296;-3.494.580.619
06/08/2024;09:40:00;CAMPESTRE DO MARANHAO;Ultrapassagem Indevida;Colisão frontal;Com Vítimas Feridas;Pleno dia;Decrescente;Céu Claro;Simples;Reta;-6.212.294;-473.559
06/08/2024;12:25:00;SANTA ISABEL;Manobra de mudança de faixa;Tombamento;Com Vítimas Feridas;Pleno dia;Crescente;Céu Claro;Dupla;Aclive;-2.336.435.234;-4.622.488.684
06/08/2024;09:00:00;CORBELIA;Desrespeitar a preferência no cruzamento;Colisão transversal;Sem Vítimas;Pleno dia;Crescente;Sol;Simples;Reta;-24.640.152;-5.320.919.037
06/08/2024;13:01:00;NATAL;Manobra de mudança de faixa;Colisão lateral mesmo sentido;Sem Vítimas;Pleno dia;Crescente;Céu Claro;Dupla;Reta;-584.949.622;-3.520.890.752
06/08/2024;09:15:00;MARANHAOZINHO;Velocidade Incompatível;Capotamento;Com Vítimas Fatais;Pleno dia;Crescente;Sol;Simples;Reta;-2.258.533;-45.852.518
24/06/2024;07:40:00;MACAPA;Ultrapassagem Indevida;Queda de ocupante de veículo;Com Vítimas Feridas;Pleno dia;Crescente;Nublado;Simples;Curva;0.11372559;-5.112.743.139
06/08/2024;14:30:00;RECIFE;Estacionar ou parar em local proibido;Colisão traseira;Com Vítimas Feridas;Pleno dia;Crescente;Céu Claro;Dupla;Reta;-8.067.898;-34.945.297
06/08/2024;07:50:00;CURRAIS NOVOS;Acesso irregular;Queda de ocupante de veículo;Com Vítimas Feridas;Pleno dia;Crescente;Céu Claro;Simples;Interseção de Vias;-6.268.149;-3.652.254
06/08/2024;13:20:00;SAO JOAO DE MERITI;Velocidade Incompatível;Colisão transversal;Com Vítimas Fatais;Pleno dia;Crescente;Céu Claro;Múltipla;Reta;-2.280.188.151;-4.335.043.673
06/08/2024;16:30:00;ITAJAI;Manobra de mudança de faixa;Colisão lateral mesmo sentido;Com Vítimas Feridas;Pleno dia;Decrescente;Nevoeiro/Neblina;Múltipla;Reta;-2.685.311.393;-4.872.689.927
06/08/2024;16:47:00;SAO LUIS;Animais na Pista;Atropelamento de Animal;Com Vítimas Feridas;Pleno dia;Decrescente;Céu Claro;Dupla;"Aclive;Reta";-268.053.538;-4.429.512.283
06/08/2024;14:05:00;MAFRA;Manobra de mudança de faixa;Saída de leito carroçável;Com Vítimas Fatais;Pleno dia;Crescente;Céu Claro;Simples;Curva;-261.696.856;-5.009.236.594
06/08/2024;17:40:00;CANOAS;Frear bruscamente;Colisão traseira;Com Vítimas Feridas;Anoitecer;Decrescente;Céu Claro;Dupla;Reta;-29.887.983;-5.117.901
06/08/2024;18:00:00;RIBEIRAO DAS NEVES;Manobra de mudança de faixa;Colisão traseira;Com Vítimas Feridas;Plena Noite;Crescente;Céu Claro;Dupla;Reta;-198.321.242;-4.408.208.533
06/08/2024;18:20:00;CARUARU;Frear bruscamente;Queda de ocupante de veículo;Com Vítimas Feridas;Plena Noite;Decrescente;Céu Claro;Dupla;Reta;-82.349;-359.764
06/08/2024;19:00:00;GUAIBA;Manobra de mudança de faixa;Saída de leito carroçável;Sem Vítimas;Plena Noite;Decrescente;Céu Claro;Dupla;"Reta;Aclive;Viaduto";-3.008.861.201;-5.134.229.993
06/08/2024;18:35:00;TAQUARANA;Animais na Pista;Atropelamento de Animal;Com Vítimas Feridas;Plena Noite;Crescente;Chuva;Simples;"Reta;Aclive";-954.534.516;-365.213.032
06/08/2024;20:30:00;JOAO PESSOA;Acostamento em desnível;Tombamento;Com Vítimas Feridas;Plena Noite;Crescente;Céu Claro;Dupla;Reta;-71.415;-348.519
06/07/2024;07:48:00;COLOMBO;Velocidade Incompatível;Colisão traseira;Com Vítimas Feridas;Pleno dia;Crescente;Ignorado;Múltipla;Reta;-25.348.623;-49.175.663
06/08/2024;16:40:00;ALEGRETE;Velocidade Incompatível;Saída de leito carroçável;Com Vítimas Feridas;Pleno dia;Crescente;Nublado;Simples;"Reta;Declive";-29.864.635;-55.628.834
06/08/2024;21:05:00;RECIFE;Manobra de mudança de faixa;Colisão lateral mesmo sentido;Com Vítimas Feridas;Plena Noite;Crescente;Céu Claro;Múltipla;Reta;-806.776.119;-3.494.265.074
06/08/2024;18:14:00;SINOP;Manobra de mudança de faixa;Colisão lateral mesmo sentido;Com Vítimas Feridas;Plena Noite;Crescente;Céu Claro;Simples;Rotatória;-1.187.558.241;-5.549.890.637
06/08/2024;21:13:00;RIBEIRAO DAS NEVES;Velocidade Incompatível;Colisão lateral mesmo sentido;Com Vítimas Feridas;Plena Noite;Decrescente;Céu Claro;Dupla;"Declive;Retorno Regulamentado;Reta";-1.982.905.545;-4.408.349.102
06/08/2024;19:15:00;NOSSA SENHORA DO SOCORRO;Pista esburacada;Saída de leito carroçável;Com Vítimas Feridas;Plena Noite;Decrescente;Nublado;Dupla;Declive;-1.084.356.101;-3.713.696.712
06/08/2024;23:50:00;INGA;Animais na Pista;Atropelamento de Animal;Com Vítimas Feridas;Plena Noite;Crescente;Céu Claro;Simples;Reta;-72.296;-355.998
07/08/2024;03:35:00;JULIO DE CASTILHOS;Acumulo de água sobre o pavimento;Saída de leito carroçável;Com Vítimas Feridas;Plena Noite;Decrescente;Chuva;Simples;Reta;-2.927.472.094;-5.366.884.035
06/08/2024;23:55:00;GUARAMIRIM;Afundamento ou ondulação no pavimento;Tombamento;Com Vítimas Feridas;Plena Noite;Crescente;Nublado;Dupla;"Em Obras;Reta";-2.647.236.756;-4.897.426.617
07/08/2024;05:30:00;AGUAS LINDAS DE GOIAS;Manobra de mudança de faixa;Colisão lateral mesmo sentido;Com Vítimas Feridas;Amanhecer;Decrescente;Céu Claro;Múltipla;Declive;-15.767.021;-48.229.945
06/08/2024;20:45:00;CUNHA PORA;Falta de elemento de contenção que evite a saída do leito carroçável;Saída de leito carroçável;Com Vítimas Feridas;Plena Noite;Decrescente;Céu Claro;Simples;"Em Obras;Reta";-2.682.922;-53.138.004
07/08/2024;06:15:00;RIBEIRAO DAS NEVES;Manobra de mudança de faixa;Colisão lateral mesmo sentido;Com Vítimas Feridas;Plena Noite;Crescente;Céu Claro;Dupla;Reta;-1.978.946.999;-4.411.290.699
07/08/2024;06:35:00;PIRIPIRI;Acostamento em desnível;Queda de ocupante de veículo;Com Vítimas Feridas;Pleno dia;Crescente;Céu Claro;Simples;Reta;-4.346.634;-4.180.687
07/08/2024;07:10:00;GUARUJA DO SUL;Velocidade Incompatível;Saída de leito carroçável;Com Vítimas Feridas;Pleno dia;Crescente;Nublado;Simples;"Curva;Aclive";-2.641.337.297;-5.352.364.405
07/08/2024;06:31:00;NOVA SERRANA;Estacionar ou parar em local proibido;Colisão traseira;Com Vítimas Feridas;Pleno dia;Decrescente;Céu Claro;Dupla;"Reta;Aclive";-198.806.236;-4.491.232.265
07/08/2024;08:12:00;SAO CAITANO;Conversão proibida;Colisão transversal;Com Vítimas Feridas;Pleno dia;Crescente;Nublado;Simples;Aclive;-8.327.715;-36.155.188
07/08/2024;08:00:00;FEIRA DE SANTANA;Acumulo de areia ou detritos sobre o pavimento;Tombamento;Com Vítimas Feridas;Pleno dia;Crescente;Nublado;Dupla;Interseção de Vias;-1.227.918.591;-3.892.645.693
03/08/2024;20:20:00;PORTO BELO;Manobra de mudança de faixa;Colisão lateral mesmo sentido;Com Vítimas Feridas;Pleno dia;Decrescente;Nevoeiro/Neblina;Dupla;"Reta;Ponte";-271.998.778;-4.861.534.236
07/08/2024;07:50:00;LINS;Desrespeitar a preferência no cruzamento;Colisão transversal;Com Vítimas Feridas;Pleno dia;Decrescente;Céu Claro;Simples;"Interseção de Vias;Rotatória;Aclive;Reta";-2.170.026.655;-4.979.639.887
22/07/2024;12:15:00;PONTA GROSSA;Conversão proibida;Colisão transversal;Com Vítimas Feridas;Pleno dia;Crescente;Céu Claro;Dupla;Reta;-250.404.339;-502.433.773
07/08/2024;11:00:00;IBAITI;Acesso irregular;Colisão transversal;Com Vítimas Feridas;Pleno dia;Crescente;Céu Claro;Simples;"Reta;Interseção de Vias";-2.384.682.092;-5.019.305.065
07/08/2024;14:40:00;SIMOLANDIA;Velocidade Incompatível;Colisão com objeto;Com Vítimas Feridas;Pleno dia;Decrescente;Sol;Simples;"Declive;Reta";-14.399.416;-46.450.367
07/08/2024;13:50:00;MAFRA;Demais falhas na via;Colisão com objeto;Com Vítimas Feridas;Pleno dia;Crescente;Céu Claro;Simples;"Declive;Reta";-2.616.977.284;-4.994.508.991
07/08/2024;12:40:00;MAFRA;Ultrapassagem Indevida;Saída de leito carroçável;Com Vítimas Feridas;Pleno dia;Decrescente;Céu Claro;Simples;"Declive;Reta";-2.620.208.315;-4.976.143.098
18/06/2024;06:50:00;ITABAIANA;Manobra de mudança de faixa;Colisão lateral mesmo sentido;Com Vítimas Feridas;Pleno dia;Crescente;Nublado;Múltipla;Reta;-10.707.879;-3.742.606
07/08/2024;16:20:00;BRAGANCA PAULISTA;Manobra de mudança de faixa;Capotamento;Com Vítimas Feridas;Pleno dia;Crescente;Céu Claro;Dupla;Curva;-2.299.697.186;-465.163.051
07/08/2024;16:50:00;TUBARAO;Desrespeitar a preferência no cruzamento;Colisão transversal;Com Vítimas Feridas;Pleno dia;Decrescente;Céu Claro;Simples;Interseção de Vias;-28.501.444;-4.904.690.399