data_inversa;horario;municipio;causa_acidente;tipo_acidente;classificacao_acidente;fase_dia;sentido_via;condicao_metereologica;tipo_pista;tracado_via;latitude;longitude
20/07/2024;18:46:00;APARECIDA;Conversão proibida;Colisão transversal;Com Vítimas Feridas;Plena Noite;Decrescente;Céu Claro;Simples;Reta;-678.582.646;-3.808.581.417
17/07/2024;17:20:00;JOINVILLE;Manobra de mudança de faixa;Colisão lateral mesmo sentido;Com Vítimas Feridas;Pleno dia;Crescente;Nublado;Dupla;Reta;-262.628.107;-4.890.192.257
07/08/2024;17:40:00;ELDORADO DO SUL;Animais na Pista;Tombamento;Com Vítimas Feridas;Plena Noite;Decrescente;Chuva;Dupla;Reta;-30.057.785;-51.500.351
07/08/2024;18:30:00;JUAZEIRINHO;Frear bruscamente;Queda de ocupante de veículo;Com Vítimas Feridas;Plena Noite;Crescente;Céu Claro;Simples;Reta;-7.069.175;-36.584.127
07/08/2024;19:30:00;GUARULHOS;Velocidade Incompatível;Colisão lateral mesmo sentido;Com Vítimas Feridas;Plena Noite;Crescente;Céu Claro;Dupla;"Aclive;Reta";-2.348.586.772;-4.654.075.317
07/08/2024;17:40:00;SEROPEDICA;Pista Escorregadia;Derramamento de carga;Com Vítimas Feridas;Plena Noite;Decrescente;Céu Claro;Simples;Reta;-22.761.377;-43.686.352
07/08/2024;17:50:00;SAO BORJA;Acumulo de água sobre o pavimento;Capotamento;Com Vítimas Feridas;Anoitecer;Crescente;Chuva;Simples;Reta;-28.610.556;-557.239
07/08/2024;19:35:00;EXTREMA;Velocidade Incompatível;Colisão traseira;Com Vítimas Feridas;Plena Noite;Decrescente;Céu Claro;Dupla;Reta;-2.283.987.553;-4.632.869.554
07/08/2024;18:50:00;ARAQUARI;Conversão proibida;Colisão transversal;Com Vítimas Feridas;Anoitecer;Crescente;Nublado;Simples;Reta;-2.637.146;-48.711.887
07/08/2024;14:20:00;POCOES;Velocidade Incompatível;Colisão transversal;Sem Vítimas;Pleno dia;Decrescente;Garoa/Chuvisco;Simples;"Reta;Interseção de Vias";-14.533.842;-40.386.589
07/08/2024;18:30:00;MARMELEIRO;Demais Fenômenos da natureza;Colisão frontal;Com Vítimas Feridas;Plena Noite;Crescente;Chuva;Simples;Curva;-2.617.187.024;-5.306.618.197
07/08/2024;20:30:00;SAO FRANCISCO DO SUL;Ultrapassagem Indevida;Colisão traseira;Com Vítimas Feridas;Plena Noite;Crescente;Nublado;Simples;Reta;-2.626.569.095;-4.863.361.804
07/08/2024;20:40:00;CAMPO GRANDE;Deficiência do Sistema de Iluminação/Sinalização;Colisão traseira;Com Vítimas Feridas;Plena Noite;Crescente;Céu Claro;Simples;Reta;-2.057.432.333;-5.470.199.525
07/08/2024;22:15:00;ITAJAI;Animais na Pista;Atropelamento de Animal;Com Vítimas Feridas;Plena Noite;Decrescente;Nublado;Dupla;Reta;-2.692.955.916;-4.870.499.836
07/08/2024;22:40:00;ITABORAI;Animais na Pista;Queda de ocupante de veículo;Com Vítimas Fatais;Plena Noite;Crescente;Céu Claro;Dupla;Reta;-227.525.329;-4.294.160.092
07/08/2024;22:15:00;RIO BRANCO;Acesso irregular;Saída de leito carroçável;Sem Vítimas;Plena Noite;Decrescente;Céu Claro;Dupla;Reta;-1.001.152.469;-6.779.140.099
08/08/2024;06:40:00;BRASILIA;Manobra de mudança de faixa;Queda de ocupante de veículo;Com Vítimas Feridas;Pleno dia;Decrescente;Céu Claro;Dupla;Reta;-15.976.897;-47.990.129
08/08/2024;06:30:00;CURITIBA;Manobra de mudança de faixa;Colisão lateral mesmo sentido;Com Vítimas Feridas;Pleno dia;Decrescente;Nublado;Dupla;Reta;-25.556.687;-49.306.105
08/08/2024;07:40:00;RIO DO SUL;Conversão proibida;Colisão traseira;Com Vítimas Feridas;Pleno dia;Crescente;Céu Claro;Simples;Reta;-27.203.201;-49.635.063
08/08/2024;07:30:00;LAGUNA;Animais na Pista;Atropelamento de Animal;Com Vítimas Feridas;Pleno dia;Decrescente;Garoa/Chuvisco;Múltipla;Curva;-2.840.594.774;-48.790.766
08/08/2024;07:53:00;CURITIBA;Manobra de mudança de faixa;Colisão lateral mesmo sentido;Com Vítimas Feridas;Pleno dia;Crescente;Céu Claro;Dupla;Reta;-254.758;-492.072
08/08/2024;07:05:00;VARZEA GRANDE;Pista Escorregadia;Queda de ocupante de veículo;Com Vítimas Feridas;Pleno dia;Crescente;Céu Claro;Simples;Reta;-1.569.074.452;-5.616.886.854
08/08/2024;09:20:00;CAMPO MOURAO;Pista Escorregadia;Saída de leito carroçável;Sem Vítimas;Pleno dia;Crescente;Chuva;Simples;Rotatória;-2.408.195.629;-5.241.225.243
08/08/2024;09:50:00;SERRA;Sinalização mal posicionada;Colisão com objeto;Com Vítimas Feridas;Pleno dia;Decrescente;Céu Claro;Múltipla;"Reta;Retorno Regulamentado";-201.769.436;-4.026.582.767
08/08/2024;07:39:00;PORTO VELHO;Manobra de mudança de faixa;Colisão traseira;Sem Vítimas;Pleno dia;Crescente;Nublado;Dupla;Reta;-879.554.083;-6.384.072.487
08/08/2024;10:30:00;ESTANCIA;Curva acentuada;Colisão com objeto;Sem Vítimas;Pleno dia;Crescente;Chuva;Dupla;"Retorno Regulamentado;Curva;Aclive";-11.237.582;-3.742.978
08/08/2024;12:20:00;GUARULHOS;Manobra de mudança de faixa;Colisão traseira;Com Vítimas Feridas;Pleno dia;Decrescente;Céu Claro;Dupla;Reta;-2.343.971.486;-4.643.667.806
08/08/2024;12:15:00;TIRADENTES DO SUL;Velocidade Incompatível;Colisão frontal;Com Vítimas Fatais;Pleno dia;Crescente;Chuva;Simples;Curva;-2.741.096.985;-5.398.551.983
08/08/2024;13:06:00;JOINVILLE;Manobra de mudança de faixa;Colisão lateral mesmo sentido;Com Vítimas Feridas;Pleno dia;Crescente;Céu Claro;Dupla;Reta;-261.834.739;-489.105.912
08/08/2024;13:20:00;SAO LUIS;Ausência de sinalização;Eventos atípicos;Com Vítimas Feridas;Pleno dia;Decrescente;Sol;Dupla;Reta;-253.073;-443.068
08/08/2024;14:30:00;GUAIRA;Frear bruscamente;Colisão traseira;Com Vítimas Feridas;Pleno dia;Crescente;Céu Claro;Simples;"Reta;Declive";-24.055.379;-542.609
08/08/2024;15:20:00;TERESINA;Animais na Pista;Saída de leito carroçável;Com Vítimas Feridas;Pleno dia;Crescente;Céu Claro;Múltipla;Reta;-517.381.686;-4.276.624.952
04/08/2024;20:00:00;MATUPA;Ultrapassagem Indevida;Colisão lateral sentido oposto;Com Vítimas Fatais;Plena Noite;Crescente;Céu Claro;Simples;Reta;-1.017.668.812;-5.494.138.367
08/08/2024;16:10:00;ITABUNA;Pista esburacada;Saída de leito carroçável;Com Vítimas Feridas;Pleno dia;Decrescente;Céu Claro;Simples;"Aclive;Reta";-1.473.326;-39.339.049
08/08/2024;18:05:00;CANOAS;Manobra de mudança de faixa;Colisão lateral mesmo sentido;Com Vítimas Feridas;Anoitecer;Decrescente;Garoa/Chuvisco;Dupla;Reta;-2.995.042.502;-5.117.652.939
08/08/2024;17:40:00;CARMOPOLIS;Desrespeitar a preferência no cruzamento;Colisão transversal;Com Vítimas Feridas;Anoitecer;Crescente;Nublado;Simples;"Reta;Rotatória";-1.062.656.711;-3.699.773.792
08/08/2024;19:00:00;CARIACICA;Manobra de mudança de faixa;Colisão lateral mesmo sentido;Com Vítimas Feridas;Plena Noite;Crescente;Céu Claro;Dupla;Reta;-2.027.160.351;-4.039.091.743
08/08/2024;19:40:00;RIO DE JANEIRO;Manobra de mudança de faixa;Colisão lateral mesmo sentido;Com Vítimas Feridas;Plena Noite;Decrescente;Céu Claro;Múltipla;Reta;-2.287.133.305;-4.320.407.695
08/08/2024;19:30:00;DUQUE DE CAXIAS;Demais falhas na via;Queda de ocupante de veículo;Com Vítimas Feridas;Plena Noite;Decrescente;Céu Claro;Dupla;Reta;-2.279.083.113;-4.328.611.569
08/08/2024;17:40:00;CARAZINHO;Chuva;Saída de leito carroçável;Sem Vítimas;Anoitecer;Crescente;Chuva;Simples;Curva;-28.279.453;-52.696.926
08/08/2024;19:45:00;CAMPINA GRANDE;Desrespeitar a preferência no cruzamento;Colisão transversal;Com Vítimas Feridas;Plena Noite;Decrescente;Garoa/Chuvisco;Simples;Interseção de Vias;-72.693;-359.138
08/08/2024;19:35:00;RIO PARDO;Desrespeitar a preferência no cruzamento;Colisão transversal;Com Vítimas Feridas;Plena Noite;Decrescente;Céu Claro;Simples;"Rotatória;Retorno Regulamentado;Interseção de Vias";-2.998.143.295;-5.236.955.166
08/08/2024;21:20:00;CAMPINA GRANDE;Acumulo de areia ou detritos sobre o pavimento;Tombamento;Com Vítimas Feridas;Plena Noite;Crescente;Chuva;Simples;Reta;-72.688;-358.837
08/08/2024;21:10:00;MANHUACU;Velocidade Incompatível;Tombamento;Com Vítimas Feridas;Plena Noite;Crescente;Nublado;Simples;Curva;-2.024.685.283;-4.215.478.501
08/08/2024;23:00:00;PIRIPIRI;Animais na Pista;Atropelamento de Animal;Com Vítimas Feridas;Plena Noite;Crescente;Céu Claro;Simples;Curva;-4.298.594;-41.767.929
08/08/2024;23:00:00;ALHANDRA;Velocidade Incompatível;Saída de leito carroçável;Sem Vítimas;Plena Noite;Crescente;Chuva;Dupla;Curva;-730.814.609;-3.494.344.185
08/08/2024;23:45:00;NAVIRAI;Animais na Pista;Tombamento;Com Vítimas Feridas;Plena Noite;Crescente;Céu Claro;Simples;Curva;-23.055.607;-54.235.474
09/08/2024;04:40:00;MACAIBA;Animais na Pista;Atropelamento de Animal;Com Vítimas Feridas;Amanhecer;Crescente;Céu Claro;Dupla;Reta;-587.171.096;-3.543.101.601
09/08/2024;00:10:00;HERVAL DOESTE;Ausência de sinalização;Saída de leito carroçável;Sem Vítimas;Plena Noite;Crescente;Nublado;Simples;Rotatória;-2.721.446.527;-5.148.563.731
09/08/2024;06:50:00;CAMBE;Velocidade Incompatível;Colisão traseira;Sem Vítimas;Pleno dia;Crescente;Céu Claro;Dupla;Reta;-2.329.516.794;-512.943.238
23/07/2024;13:20:00;NOVA IGUACU;Manobra de mudança de faixa;Colisão traseira;Com Vítimas Feridas;Pleno dia;Crescente;Céu Claro;Dupla;Reta;-2.275.791.143;-4.342.942.517
09/08/2024;07:00:00;NOSSA SENHORA DO LIVRAMENTO;Manobra de mudança de faixa;Saída de leito carroçável;Com Vítimas Fatais;Amanhecer;Decrescente;Garoa/Chuvisco;Simples;Interseção de Vias;-15.679.217;-5.629.539.371
09/08/2024;07:50:00;PALHOCA;Manobra de mudança de faixa;Colisão lateral mesmo sentido;Com Vítimas Feridas;Pleno dia;Decrescente;Nublado;Múltipla;"Reta;Aclive";-2.765.184.843;-4.867.604.941
09/08/2024;09:25:00;SAO JOSE;Manobra de mudança de faixa;Colisão transversal;Com Vítimas Feridas;Pleno dia;Crescente;Nublado;Dupla;Reta;-2.754.836.599;-4.861.977.975
09/08/2024;11:45:00;PASSO FUNDO;Desrespeitar a preferência no cruzamento;Colisão transversal;Sem Vítimas;Pleno dia;Crescente;Nublado;Dupla;"Interseção de Vias;Rotatória";-28.236.645;-52.375.156
09/08/2024;10:00:00;ARAXA;Velocidade Incompatível;Capotamento;Com Vítimas Feridas;Pleno dia;Decrescente;Céu Claro;Simples;Reta;-1.959.482.628;-4.713.714.393
09/08/2024;13:45:00;JAGUARAO;Desrespeitar a preferência no cruzamento;Colisão transversal;Com Vítimas Feridas;Pleno dia;Decrescente;Chuva;Simples;Reta;-32.568.867;-5.337.924
09/08/2024;14:30:00;BARRA MANSA;Velocidade Incompatível;Colisão lateral mesmo sentido;Com Vítimas Feridas;Pleno dia;Crescente;Sol;Dupla;Curva;-2.255.606.865;-4.413.021.704
09/08/2024;14:10:00;ANAPOLIS;Acesso irregular;Colisão transversal;Sem Vítimas;Pleno dia;Decrescente;Céu Claro;Simples;Reta;-1.626.365.299;-4.893.824.303
09/08/2024;15:30:00;ITAPEVA;Velocidade Incompatível;Saída de leito carroçável;Com Vítimas Feridas;Pleno dia;Crescente;Chuva;Dupla;Curva;-2.277.492.869;-4.623.882.294
09/08/2024;09:10:00;PIRIPIRI;Acumulo de areia ou detritos sobre o pavimento;Tombamento;Com Vítimas Feridas;Pleno dia;Crescente;Céu Claro;Simples;"Em Obras;Desvio Temporário;Reta";-431.367;-41.776.325
09/08/2024;15:15:00;ANGRA DOS REIS;Conversão proibida;Colisão transversal;Com Vítimas Feridas;Pleno dia;Crescente;Nublado;Simples;"Reta;Declive";-2.298.659;-44.298.736
09/08/2024;16:30:00;CAMPINA GRANDE DO SUL;Chuva;Saída de leito carroçável;Com Vítimas Feridas;Pleno dia;Crescente;Chuva;Dupla;"Aclive;Curva";-251.882.321;-4.888.492.529
09/08/2024;18:00:00;ITAPECERICA DA SERRA;Chuva;Saída de leito carroçável;Com Vítimas Feridas;Plena Noite;Crescente;Chuva;Dupla;Reta;-2.381.957.108;-4.692.449.376
09/08/2024;17:45:00;MAIRIPORA;Chuva;Colisão com objeto;Com Vítimas Feridas;Anoitecer;Crescente;Chuva;Dupla;"Aclive;Reta";-2.334.043.796;-4.657.433.588
09/08/2024;16:15:00;ITABERABA;Pista esburacada;Capotamento;Com Vítimas Feridas;Pleno dia;Decrescente;Céu Claro;Simples;"Reta;Declive";-1.252.093;-40.177.979
09/08/2024;18:50:00;SAO JOSE;Velocidade Incompatível;Colisão lateral mesmo sentido;Sem Vítimas;Plena Noite;Crescente;Céu Claro;Dupla;Curva;-2.758.642.043;-4.861.745.238
09/08/2024;18:44:00;BRASILIA;Estacionar ou parar em local proibido;Colisão traseira;Com Vítimas Feridas;Plena Noite;Crescente;Céu Claro;Dupla;Reta;-15.792.352;-48.054.509
09/08/2024;17:45:00;ESTRELA DE ALAGOAS;Ultrapassagem Indevida;Colisão frontal;Com Vítimas Feridas;Plena Noite;Decrescente;Céu Claro;Simples;Reta;-9.396.104;-36.725.646
09/08/2024;18:30:00;COLOMBO;Deficiência do Sistema de Iluminação/Sinalização;Colisão traseira;Com Vítimas Feridas;Anoitecer;Crescente;Chuva;Simples;Reta;-25.279.358;-49.140.411
09/08/2024;17:30:00;CAMPO GRANDE;Chuva;Tombamento;Com Vítimas Feridas;Anoitecer;Crescente;Chuva;Simples;"Interseção de Vias;Reta";-204.336.361;-5.454.376.745
09/08/2024;19:45:00;JABOATAO DOS GUARARAPES;Manobra de mudança de faixa;Colisão lateral mesmo sentido;Com Vítimas Feridas;Plena Noite;Crescente;Nublado;Dupla;"Reta;Rotatória";-8.177.803;-34.948.677
09/08/2024;18:25:00;GARANHUNS;Conversão proibida;Colisão frontal;Com Vítimas Feridas;Plena Noite;Decrescente;Nublado;Simples;Reta;-887.640.069;-3.650.591.612
24/07/2024;15:15:00;SERRA;Conversão proibida;Colisão lateral mesmo sentido;Com Vítimas Feridas;Pleno dia;Crescente;Céu Claro;Múltipla;Interseção de Vias;-20.190.199;-4.026.828.891
09/08/2024;16:30:00;VILHENA;Neblina;Saída de leito carroçável;Com Vítimas Feridas;Pleno dia;Crescente;Nevoeiro/Neblina;Simples;Reta;-1.237.349.218;-598.573.696
09/08/2024;19:05:00;CONTAGEM;Manobra de mudança de faixa;Colisão lateral mesmo sentido;Com Vítimas Feridas;Plena Noite;Decrescente;Céu Claro;Dupla;Reta;-1.986.874.894;-4.405.962.197
09/08/2024;20:00:00;CORRENTINA;Iluminação deficiente;Queda de ocupante de veículo;Com Vítimas Fatais;Plena Noite;Crescente;Céu Claro;Simples;Reta;-13.798.735;-46.164.127
09/08/2024;20:25:00;UBERABA;Animais na Pista;Atropelamento de Animal;Com Vítimas Feridas;Plena Noite;Crescente;Céu Claro;Dupla;Reta;-1.977.920.263;-47.955.319
09/08/2024;22:40:00;PARNAIBA;Acesso irregular;Colisão transversal;Com Vítimas Feridas;Plena Noite;Decrescente;Céu Claro;Dupla;"Reta;Interseção de Vias";-292.062.914;-4.175.419.569
09/08/2024;14:45:00;TIBAGI;Ultrapassagem Indevida;Colisão frontal;Com Vítimas Feridas;Pleno dia;Crescente;Chuva;Simples;Curva;-2.459.390.799;-5.043.734.612
09/08/2024;21:45:00;BRAGANCA PAULISTA;Chuva;Colisão com objeto;Com Vítimas Feridas;Plena Noite;Crescente;Chuva;Dupla;"Aclive;Reta";-2.302.018.004;-4.652.966.596
10/08/2024;01:15:00;PORTO SEGURO;Animais na Pista;Atropelamento de Animal;Com Vítimas Feridas;Plena Noite;Decrescente;Céu Claro;Simples;Reta;-1.638.667.547;-3.920.954.904
10/08/2024;02:30:00;LINHARES;Velocidade Incompatível;Colisão lateral mesmo sentido;Com Vítimas Feridas;Plena Noite;Crescente;Céu Claro;Dupla;Reta;-1.936.990.998;-4.006.560.718
10/08/2024;02:45:00;UBATUBA;Chuva;Saída de leito carroçável;Com Vítimas Feridas;Plena Noite;Crescente;Chuva;Simples;Reta;-23.429.897;-45.082.436
10/08/2024;04:00:00;CAMBUI;Velocidade Incompatível;Saída de leito carroçável;Com Vítimas Feridas;Plena Noite;Decrescente;Chuva;Dupla;Curva;-2.254.388.201;-4.603.875.199
10/08/2024;03:00:00;CAMPOS NOVOS;Velocidade Incompatível;Saída de leito carroçável;Com Vítimas Feridas;Plena Noite;Decrescente;Céu Claro;Simples;Curva;-27.335.176;-51.346.149
10/08/2024;04:10:00;GUARATINGUETA;Manobra de mudança de faixa;Colisão com objeto;Com Vítimas Feridas;Plena Noite;Crescente;Chuva;Dupla;Reta;-2.279.106.843;-4.516.105.167
10/08/2024;05:15:00;BIGUACU;Acumulo de areia ou detritos sobre o pavimento;Queda de ocupante de veículo;Com Vítimas Feridas;Plena Noite;Decrescente;Céu Claro;Múltipla;Curva;-27.489.574;-48.655.914
10/08/2024;06:20:00;JOINVILLE;Velocidade Incompatível;Colisão com objeto;Sem Vítimas;Amanhecer;Crescente;Céu Claro;Dupla;Reta;-2.620.697.505;-4.891.482.635
10/08/2024;06:00:00;CAMBUI;Curva acentuada;Capotamento;Com Vítimas Feridas;Pleno dia;Decrescente;Chuva;Dupla;Curva;-2.268.185.904;-4.610.140.424
10/08/2024;08:10:00;ITAITINGA;Manobra de mudança de faixa;Colisão lateral mesmo sentido;Com Vítimas Feridas;Pleno dia;Crescente;Céu Claro;Múltipla;Reta;-3.993.072;-38.516.277
10/08/2024;04:30:00;PIMENTA BUENO;Velocidade Incompatível;Saída de leito carroçável;Com Vítimas Feridas;Plena Noite;Decrescente;Céu Claro;Simples;"Reta;Declive";-12.002.496;-60.928.237
10/08/2024;08:40:00;MIRACATU;Chuva;Capotamento;Com Vítimas Feridas;Pleno dia;Crescente;Chuva;Dupla;Curva;-2.413.038.097;-4.727.114.281
10/08/2024;09:50:00;CARMO DA CACHOEIRA;Chuva;Colisão com objeto;Sem Vítimas;Pleno dia;Decrescente;Garoa/Chuvisco;Dupla;Curva;-2.147.729.514;-4.520.207.819
10/08/2024;10:00:00;SEROPEDICA;Acumulo de água sobre o pavimento;Saída de leito carroçável;Sem Vítimas;Pleno dia;Decrescente;Chuva;Dupla;"Declive;Curva;Interseção de Vias";-22.713.438;-43.734.085
10/08/2024;08:30:00;TRES RIOS;Chuva;Queda de ocupante de veículo;Com Vítimas Feridas;Pleno dia;Crescente;Chuva;Dupla;"Curva;Aclive";-2.213.812.601;-431.592.825
10/08/2024;07:00:00;CURITIBANOS;Velocidade Incompatível;Colisão com objeto;Com Vítimas Feridas;Pleno dia;Decrescente;Nublado;Simples;Curva;-27.301.584;-50.671.352
10/08/2024;10:50:00;MAIRIPORA;Pista Escorregadia;Colisão com objeto;Sem Vítimas;Pleno dia;Crescente;Garoa/Chuvisco;Dupla;"Curva;Declive";-2.329.115.886;-4.657.982.547
10/08/2024;10:30:00;CALDAS;Conversão proibida;Colisão transversal;Com Vítimas Feridas;Pleno dia;Crescente;Garoa/Chuvisco;Simples;Curva;-21.892.403;-46.387.428
10/08/2024;09:00:00;EXTREMA;Velocidade Incompatível;Colisão com objeto;Com Vítimas Feridas;Pleno dia;Decrescente;Chuva;Dupla;Curva;-2.281.182.531;-4.628.779.767
10/08/2024;08:00:00;EXTREMA;Velocidade Incompatível;Colisão com objeto;Com Vítimas Feridas;Pleno dia;Crescente;Chuva;Dupla;Curva;-2.279.911.462;-4.626.123.692
10/08/2024;10:00:00;DOIS RIACHOS;Conversão proibida;Colisão transversal;Com Vítimas Feridas;Pleno dia;Crescente;Céu Claro;Simples;Reta;-9.389.313;-370.887
10/08/2024;10:00:00;MAFRA;Conversão proibida;Colisão transversal;Com Vítimas Feridas;Pleno dia;Crescente;Céu Claro;Simples;Reta;-2.613.073.161;-4.979.922.442
10/08/2024;12:00:00;BRASILIA;Manobra de mudança de faixa;Colisão lateral mesmo sentido;Com Vítimas Feridas;Pleno dia;Decrescente;Céu Claro;Dupla;Reta;-15.798.115;-48.089.317
10/08/2024;12:30:00;MAIRIPORA;Chuva;Colisão traseira;Com Vítimas Feridas;Pleno dia;Crescente;Chuva;Dupla;"Curva;Aclive";-2.334.972.978;-4.656.070.474
10/08/2024;11:50:00;BLUMENAU;Desrespeitar a preferência no cruzamento;Colisão transversal;Com Vítimas Feridas;Pleno dia;Crescente;Céu Claro;Simples;Retorno Regulamentado;-26.878.952;-4.917.421
10/08/2024;12:55:00;DOURADOS;Desrespeitar a preferência no cruzamento;Colisão transversal;Com Vítimas Feridas;Pleno dia;Crescente;Céu Claro;Dupla;Rotatória;-22.258.688;-54.804.028
10/08/2024;13:50:00;SANTOS DUMONT;Chuva;Saída de leito carroçável;Com Vítimas Feridas;Pleno dia;Crescente;Garoa/Chuvisco;Simples;Curva;-21.447.874;-4.355.738.803
13/07/2024;19:00:00;TUBARAO;Chuva;Colisão lateral mesmo sentido;Com Vítimas Feridas;Plena Noite;Crescente;Chuva;Dupla;Reta;-2.845.115.639;-4.897.286.879
10/08/2024;13:40:00;BARRA DO PIRAI;Velocidade Incompatível;Saída de leito carroçável;Com Vítimas Feridas;Pleno dia;Crescente;Chuva;Simples;Curva;-2.247.030.537;-4.386.674.189
10/08/2024;13:00:00;BARRA MANSA;Pista Escorregadia;Capotamento;Com Vítimas Feridas;Pleno dia;Crescente;Garoa/Chuvisco;Dupla;Curva;-2.256.100.142;-4.413.833.993
10/08/2024;14:49:00;CRISTALINA;Velocidade Incompatível;Saída de leito carroçável;Com Vítimas Fatais;Pleno dia;Crescente;Céu Claro;Dupla;"Reta;Declive";-16.925.474;-4.734.287
10/08/2024;14:30:00;OLIVEIRA FORTES;Chuva;Saída de leito carroçável;Com Vítimas Feridas;Pleno dia;Decrescente;Chuva;Dupla;"Aclive;Curva";-2.131.092.563;-436.035.347
10/08/2024;15:10:00;FERVEDOURO;Curva acentuada;Colisão lateral mesmo sentido;Com Vítimas Feridas;Pleno dia;Crescente;Chuva;Simples;Curva;-2.071.451.338;-4.228.246.093
10/08/2024;09:00:00;LAJE;Ultrapassagem Indevida;Colisão frontal;Com Vítimas Feridas;Pleno dia;Crescente;Céu Claro;Simples;"Curva;Em Obras";-1.311.564.207;-392.877.458
10/08/2024;12:46:00;VARZEA GRANDE;Conversão proibida;Colisão transversal;Com Vítimas Feridas;Pleno dia;Crescente;Céu Claro;Simples;"Reta;Interseção de Vias";-156.673.234;-561.822.668
10/08/2024;15:45:00;TRES RIOS;Velocidade Incompatível;Colisão com objeto;Com Vítimas Feridas;Pleno dia;Decrescente;Chuva;Dupla;Curva;-2.220.122.568;-4.314.116.761
10/08/2024;16:20:00;TRES RIOS;Velocidade Incompatível;Queda de ocupante de veículo;Com Vítimas Feridas;Pleno dia;Decrescente;Chuva;Dupla;Curva;-2.206.389.311;-4.319.613.917
10/08/2024;16:20:00;SOUSA;Ultrapassagem Indevida;Colisão lateral mesmo sentido;Com Vítimas Feridas;Pleno dia;Decrescente;Céu Claro;Simples;Reta;-67.786;-382.341
10/08/2024;17:12:00;FLORIANOPOLIS;Velocidade Incompatível;Colisão transversal;Com Vítimas Feridas;Anoitecer;Crescente;Céu Claro;Dupla;Reta;-27.600.384;-48.599.705
10/08/2024;18:30:00;ERECHIM;Conversão proibida;Colisão transversal;Com Vítimas Feridas;Plena Noite;Decrescente;Céu Claro;Simples;"Reta;Aclive";-2.763.331.498;-5.223.643.899
10/08/2024;18:25:00;RIO DE JANEIRO;Velocidade Incompatível;Colisão lateral mesmo sentido;Com Vítimas Feridas;Plena Noite;Decrescente;Garoa/Chuvisco;Simples;Curva;-2.289.077.885;-4.366.684.705
10/08/2024;17:20:00;PETROPOLIS;Pista Escorregadia;Capotamento;Com Vítimas Feridas;Anoitecer;Decrescente;Nevoeiro/Neblina;Dupla;"Curva;Declive";-224.585.308;-4.321.600.514
10/08/2024;19:25:00;ARROIO DOS RATOS;Animais na Pista;Atropelamento de Animal;Sem Vítimas;Plena Noite;Decrescente;Céu Claro;Simples;"Aclive;Reta";-30.106.575;-51.696.537
10/08/2024;19:15:00;JARU;Manobra de mudança de faixa;Colisão lateral mesmo sentido;Com Vítimas Feridas;Plena Noite;Decrescente;Céu Claro;Múltipla;Reta;-10.451.929;-6.246.089
10/08/2024;14:30:00;PAPANDUVA;Velocidade Incompatível;Queda de ocupante de veículo;Com Vítimas Feridas;Pleno dia;Crescente;Sol;Simples;Reta;-2.638.887.295;-5.018.345.597
10/08/2024;20:50:00;BARRA VELHA;Velocidade Incompatível;Colisão com objeto;Sem Vítimas;Plena Noite;Decrescente;Céu Claro;Dupla;"Aclive;Curva";-2.671.045.048;-4.870.262.861
10/08/2024;19:00:00;ARARANGUA;Iluminação deficiente;Colisão lateral mesmo sentido;Com Vítimas Feridas;Plena Noite;Crescente;Céu Claro;Múltipla;Reta;-28.981.896;-49.538.254
10/08/2024;21:00:00;FORTALEZA;Faixas de trânsito com largura insuficiente;Colisão lateral sentido oposto;Com Vítimas Feridas;Plena Noite;Crescente;Céu Claro;Simples;"Curva;Viaduto";-381.073.099;-3.850.074.867
10/08/2024;20:45:00;MATELANDIA;Velocidade Incompatível;Saída de leito carroçável;Sem Vítimas;Plena Noite;Decrescente;Céu Claro;Dupla;"Aclive;Reta";-25.251.968;-53.987.677
10/08/2024;11:47:00;PAU DOS FERROS;Conversão proibida;Colisão lateral mesmo sentido;Com Vítimas Feridas;Pleno dia;Crescente;Céu Claro;Simples;Reta;-611.489.502;-3.820.651.128
10/08/2024;21:30:00;SAO GONCALO DO AMARANTE;Curva acentuada;Saída de leito carroçável;Com Vítimas Feridas;Plena Noite;Decrescente;Céu Claro;Dupla;"Curva;Viaduto";-574.484.516;-3.533.420.205
10/08/2024;17:15:00;MEDICILANDIA;Pista esburacada;Tombamento;Com Vítimas Feridas;Pleno dia;Decrescente;Céu Claro;Simples;"Declive;Reta";-340.418.433;-527.544.839
11/08/2024;00:38:00;BAYEUX;Animais na Pista;Atropelamento de Animal;Com Vítimas Feridas;Plena Noite;Crescente;Céu Claro;Dupla;Reta;-713.957.906;-3.492.312.806
10/08/2024;18:50:00;CARATINGA;Desrespeitar a preferência no cruzamento;Colisão transversal;Com Vítimas Feridas;Plena Noite;Crescente;Céu Claro;Simples;Retorno Regulamentado;-19.794.033;-4.213.731.414
11/08/2024;02:10:00;NOVA IGUACU;Velocidade Incompatível;Colisão com objeto;Sem Vítimas;Plena Noite;Crescente;Céu Claro;Dupla;Reta;-2.274.207.737;-435.192.401
11/08/2024;02:45:00;MARINGA;Conversão proibida;Colisão lateral mesmo sentido;Com Vítimas Feridas;Plena Noite;Decrescente;Céu Claro;Dupla;Reta;-234.113.569;-519.407.767