data_inversa;horario;municipio;causa_acidente;tipo_acidente;classificacao_acidente;fase_dia;sentido_via;condicao_metereologica;tipo_pista;tracado_via;latitude;longitude
11/08/2024;03:40:00;VITORIA DA CONQUISTA;Conversão proibida;Colisão transversal;Com Vítimas Feridas;Plena Noite;Decrescente;Nevoeiro/Neblina;Simples;Reta;-14.896.778;-40.859.604
11/08/2024;03:50:00;MAIRIPORA;Neblina;Saída de leito carroçável;Com Vítimas Feridas;Plena Noite;Crescente;Nevoeiro/Neblina;Dupla;Aclive;-2.329.011.611;-465.800.681
11/08/2024;03:00:00;SAO JOSE DOS PINHAIS;Pista Escorregadia;Saída de leito carroçável;Sem Vítimas;Plena Noite;Decrescente;Céu Claro;Dupla;Reta;-2.553.317.957;-4.907.969.781
11/08/2024;05:15:00;SAO GONCALO DO AMARANTE;Animais na Pista;Atropelamento de Animal;Com Vítimas Feridas;Amanhecer;Decrescente;Céu Claro;Simples;"Declive;Reta";-5.731.432;-35.358.373
11/08/2024;05:00:00;TRES CORACOES;Neblina;Queda de ocupante de veículo;Com Vítimas Feridas;Plena Noite;Decrescente;Nevoeiro/Neblina;Dupla;Reta;-21.637.253;-4.528.388
11/08/2024;06:15:00;SERRA;Acesso irregular;Colisão transversal;Sem Vítimas;Amanhecer;Crescente;Céu Claro;Dupla;Reta;-2.021.740.496;-4.026.990.578
11/08/2024;06:30:00;AREAL;Neblina;Capotamento;Com Vítimas Feridas;Pleno dia;Crescente;Nevoeiro/Neblina;Dupla;"Curva;Aclive";-2.221.455.613;-4.313.161.213
10/08/2024;17:00:00;ACRELANDIA;Pista esburacada;Saída de leito carroçável;Com Vítimas Fatais;Pleno dia;Crescente;Céu Claro;Simples;"Declive;Em Obras";-995.203.666;-6.707.591.312
11/08/2024;09:20:00;CRUZ ALTA;Demais falhas na via;Queda de ocupante de veículo;Com Vítimas Feridas;Pleno dia;Crescente;Céu Claro;Simples;"Aclive;Reta";-2.861.275.316;-5.357.466.428
11/08/2024;10:30:00;PALHOCA;Manobra de mudança de faixa;Colisão lateral mesmo sentido;Com Vítimas Feridas;Pleno dia;Decrescente;Céu Claro;Dupla;Reta;-2.768.924.734;-4.866.488.457
11/08/2024;09:40:00;MORENO;Velocidade Incompatível;Colisão traseira;Com Vítimas Feridas;Pleno dia;Decrescente;Sol;Dupla;"Aclive;Reta";-810.541.732;-351.665.671
11/08/2024;11:00:00;BOM DESPACHO;Ultrapassagem Indevida;Saída de leito carroçável;Com Vítimas Feridas;Pleno dia;Crescente;Sol;Simples;Declive;-1.978.526.432;-4.531.343.803
11/08/2024;11:10:00;CAMPINA GRANDE DO SUL;Frear bruscamente;Colisão com objeto;Com Vítimas Feridas;Pleno dia;Crescente;Céu Claro;Dupla;"Reta;Declive";-253.697;-491.158
11/08/2024;10:20:00;JACAREZINHO;Acumulo de areia ou detritos sobre o pavimento;Queda de ocupante de veículo;Com Vítimas Feridas;Pleno dia;Decrescente;Céu Claro;Simples;"Aclive;Reta";-2.319.357.273;-4.998.553.991
11/08/2024;12:12:00;RECIFE;Manobra de mudança de faixa;Colisão lateral mesmo sentido;Sem Vítimas;Pleno dia;Decrescente;Céu Claro;Dupla;Reta;-805.074.296;-3.494.580.619
11/08/2024;07:20:00;FRONTEIRA;Neblina;Saída de leito carroçável;Sem Vítimas;Pleno dia;Decrescente;Nevoeiro/Neblina;Simples;Reta;-2.029.057.384;-4.920.176.626
11/08/2024;12:40:00;CAMBUI;Velocidade Incompatível;Saída de leito carroçável;Com Vítimas Feridas;Pleno dia;Crescente;Céu Claro;Dupla;Reta;-2.259.130.912;-4.605.376.482
11/08/2024;13:00:00;BELO HORIZONTE;Acesso irregular;Colisão transversal;Com Vítimas Feridas;Pleno dia;Decrescente;Céu Claro;Simples;Reta;-1.985.862.954;-4.391.292.495
11/08/2024;13:35:00;ARARANGUA;Desrespeitar a preferência no cruzamento;Colisão frontal;Com Vítimas Feridas;Pleno dia;Crescente;Céu Claro;Múltipla;"Reta;Interseção de Vias";-2.900.266.998;-4.955.958.366
11/08/2024;12:13:00;AGUAS LINDAS DE GOIAS;Velocidade Incompatível;Colisão com objeto;Com Vítimas Feridas;Pleno dia;Decrescente;Céu Claro;Dupla;Reta;-15.767.021;-48.229.945
10/08/2024;08:40:00;PIRAI;Acumulo de água sobre o pavimento;Colisão com objeto;Com Vítimas Feridas;Pleno dia;Decrescente;Chuva;Dupla;Curva;-2.266.355.363;-4.384.062.168
11/08/2024;14:40:00;JOINVILLE;Frear bruscamente;Colisão com objeto;Com Vítimas Feridas;Pleno dia;Decrescente;Céu Claro;Múltipla;Reta;-2.641.401.042;-4.883.577.347
11/08/2024;14:00:00;DIONISIO CERQUEIRA;Desrespeitar a preferência no cruzamento;Colisão transversal;Com Vítimas Feridas;Pleno dia;Crescente;Céu Claro;Simples;Reta;-262.613;-536.206
11/08/2024;15:15:00;CAXIAS DO SUL;Acesso irregular;Colisão traseira;Com Vítimas Feridas;Pleno dia;Decrescente;Céu Claro;Simples;Reta;-2.908.970.102;-5.111.289.119
11/08/2024;12:25:00;SANTANA DO LIVRAMENTO;Desrespeitar a preferência no cruzamento;Colisão transversal;Com Vítimas Feridas;Pleno dia;Decrescente;Céu Claro;Simples;"Interseção de Vias;Reta";-3.087.665.672;-5.551.066.518
11/08/2024;14:50:00;CAIBI;Desrespeitar a preferência no cruzamento;Colisão transversal;Com Vítimas Feridas;Pleno dia;Crescente;Sol;Simples;"Reta;Interseção de Vias";-2.707.028.481;-5.322.978.973
11/08/2024;12:40:00;MANHUACU;Velocidade Incompatível;Colisão frontal;Com Vítimas Fatais;Pleno dia;Decrescente;Céu Claro;Simples;"Reta;Declive";-2.006.216.515;-4.217.191.471
11/08/2024;16:35:00;NOVA GRANADA;Velocidade Incompatível;Saída de leito carroçável;Com Vítimas Feridas;Pleno dia;Crescente;Céu Claro;Simples;Rotatória;-20.496.851;-49.315.945
07/08/2024;16:00:00;SALVADOR;Acumulo de água sobre o pavimento;Colisão com objeto;Com Vítimas Feridas;Pleno dia;Decrescente;Chuva;Dupla;Reta;-1.285.531.601;-3.842.055.197
11/08/2024;12:30:00;OIAPOQUE;Demais falhas na via;Saída de leito carroçável;Com Vítimas Feridas;Pleno dia;Crescente;Céu Claro;Simples;"Declive;Curva";338.050.839;-5.170.253.992
11/08/2024;16:50:00;FAZENDA VILANOVA;Animais na Pista;Atropelamento de Animal;Com Vítimas Feridas;Anoitecer;Decrescente;Céu Claro;Dupla;Reta;-29.572.111;-51.855.782
11/08/2024;16:55:00;APIUNA;Conversão proibida;Colisão transversal;Com Vítimas Feridas;Pleno dia;Crescente;Sol;Simples;"Reta;Interseção de Vias";-2.701.277.439;-4.937.190.598
11/08/2024;18:15:00;CAMPO REDONDO;Iluminação deficiente;Atropelamento de Pedestre;Com Vítimas Fatais;Plena Noite;Crescente;Céu Claro;Simples;Reta;-621.832.723;-361.674.298
11/08/2024;18:25:00;SAO SEBASTIAO;Velocidade Incompatível;Saída de leito carroçável;Com Vítimas Feridas;Plena Noite;Crescente;Céu Claro;Dupla;Curva;-997.355.978;-3.655.619.114
11/08/2024;16:00:00;DOM AQUINO;Velocidade Incompatível;Saída de leito carroçável;Com Vítimas Feridas;Pleno dia;Decrescente;Céu Claro;Simples;Reta;-1.551.180.358;-5.466.260.005
11/08/2024;18:00:00;BRASILIA;Ultrapassagem Indevida;Colisão frontal;Com Vítimas Fatais;Plena Noite;Crescente;Céu Claro;Simples;Curva;-15.574.078;-48.191.849
11/08/2024;17:10:00;INDIANOPOLIS;Ultrapassagem Indevida;Colisão traseira;Com Vítimas Feridas;Anoitecer;Crescente;Céu Claro;Simples;Declive;-1.887.202.368;-479.627.198
11/08/2024;18:00:00;PALMEIRA;Velocidade Incompatível;Capotamento;Com Vítimas Feridas;Plena Noite;Decrescente;Céu Claro;Simples;"Reta;Declive";-2.546.481.937;-5.024.906.158
11/08/2024;19:40:00;VILA PROPICIO;Manobra de mudança de faixa;Colisão traseira;Com Vítimas Feridas;Plena Noite;Crescente;Céu Claro;Simples;Reta;-1.520.091.703;-4.870.185.812
11/08/2024;18:36:00;DUQUE DE CAXIAS;Velocidade Incompatível;Capotamento;Com Vítimas Feridas;Plena Noite;Decrescente;Chuva;Dupla;Reta;-2.266.978.425;-4.327.286.493
11/08/2024;20:40:00;IPUIUNA;Velocidade Incompatível;Colisão com objeto;Sem Vítimas;Plena Noite;Decrescente;Céu Claro;Simples;"Curva;Declive";-22.120.171;-46.180.309
11/08/2024;18:00:00;MARECHAL DEODORO;Acesso irregular;Colisão transversal;Com Vítimas Feridas;Plena Noite;Decrescente;Céu Claro;Simples;Reta;-967.942.191;-3.583.214.491
11/08/2024;19:00:00;ALFREDO WAGNER;Demais falhas na via;Capotamento;Sem Vítimas;Plena Noite;Decrescente;Ignorado;Simples;Curva;-27.710.777;-49.356.228
11/08/2024;16:15:00;JI-PARANA;Acesso irregular;Colisão transversal;Com Vítimas Feridas;Pleno dia;Crescente;Céu Claro;Simples;Reta;-10.898.829;-6.193.046
11/08/2024;21:30:00;POCONE;Conversão proibida;Colisão frontal;Com Vítimas Fatais;Plena Noite;Crescente;Céu Claro;Simples;Reta;-1.582.035.371;-56.728.418
12/08/2024;00:13:00;MOSSORO;Animais na Pista;Atropelamento de Animal;Com Vítimas Feridas;Plena Noite;Crescente;Céu Claro;Dupla;"Reta;Declive";-513.471.117;-3.734.486.327
11/08/2024;20:00:00;ORIZANIA;Ultrapassagem Indevida;Colisão frontal;Com Vítimas Fatais;Plena Noite;Decrescente;Céu Claro;Simples;Reta;-2.053.111.007;-4.220.163.271
11/08/2024;22:30:00;IPIRANGA DO SUL;Velocidade Incompatível;Capotamento;Com Vítimas Feridas;Plena Noite;Crescente;Céu Claro;Simples;Reta;-2.791.765.604;-5.236.684.768
11/08/2024;17:00:00;COLORADO DO OESTE;Curva acentuada;Colisão com objeto;Com Vítimas Feridas;Plena Noite;Decrescente;Céu Claro;Simples;Curva;-131.054.688;-6.044.437.601
09/08/2024;13:45:00;IGARASSU;Manobra de mudança de faixa;Colisão transversal;Com Vítimas Feridas;Pleno dia;Decrescente;Céu Claro;Múltipla;"Retorno Regulamentado;Declive;Reta";-784.467.303;-3.491.058.648
12/08/2024;07:00:00;BETIM;Velocidade Incompatível;Colisão traseira;Com Vítimas Feridas;Pleno dia;Decrescente;Céu Claro;Dupla;Reta;-2.000.901.464;-4.421.728.922
11/08/2024;14:00:00;MANAQUIRI;Acumulo de areia ou detritos sobre o pavimento;Colisão traseira;Sem Vítimas;Pleno dia;Decrescente;Céu Claro;Simples;"Reta;Ponte";-4.0;-61.0
12/08/2024;06:50:00;PROFESSOR JAMIL;Animais na Pista;Atropelamento de Animal;Sem Vítimas;Amanhecer;Decrescente;Céu Claro;Dupla;Reta;-173.907;-492.271
12/08/2024;07:30:00;FORMOSA;Velocidade Incompatível;Saída de leito carroçável;Com Vítimas Feridas;Pleno dia;Crescente;Céu Claro;Simples;Declive;-15.505.777;-47.114.758
12/08/2024;08:08:00;ARCOVERDE;Desrespeitar a preferência no cruzamento;Colisão transversal;Com Vítimas Feridas;Pleno dia;Decrescente;Céu Claro;Dupla;"Interseção de Vias;Retorno Regulamentado;Curva";-843.086;-3.706.536
12/08/2024;07:45:00;SANTA MARIA;Desrespeitar a preferência no cruzamento;Colisão transversal;Com Vítimas Feridas;Pleno dia;Decrescente;Céu Claro;Simples;Interseção de Vias;-2.971.231.767;-5.385.099.119
12/08/2024;08:10:00;TERESINA;Acostamento em desnível;Tombamento;Com Vítimas Feridas;Pleno dia;Crescente;Céu Claro;Simples;Aclive;-5.087.362;-42.757.851
12/08/2024;06:00:00;DUQUE DE CAXIAS;Manobra de mudança de faixa;Colisão traseira;Com Vítimas Feridas;Pleno dia;Crescente;Céu Claro;Dupla;Reta;-2.265.737.709;-4.324.724.694
27/06/2024;18:15:00;SAO JOAO DO PIAUI;Animais na Pista;Atropelamento de Animal;Sem Vítimas;Plena Noite;Não Informado;Céu Claro;Simples;Reta;-826.381.651;-424.092.865
12/08/2024;10:40:00;PETROLINA;Ultrapassagem Indevida;Colisão lateral mesmo sentido;Com Vítimas Feridas;Pleno dia;Crescente;Nublado;Simples;Reta;-934.588.493;-4.055.509.788
12/08/2024;08:00:00;CONCEICAO DAS ALAGOAS;Velocidade Incompatível;Saída de leito carroçável;Com Vítimas Feridas;Pleno dia;Decrescente;Céu Claro;Dupla;Reta;-1.977.313.959;-4.837.353.411
12/08/2024;07:40:00;SAO JOSE;Manobra de mudança de faixa;Colisão lateral mesmo sentido;Com Vítimas Feridas;Pleno dia;Crescente;Céu Claro;Dupla;Reta;-2.755.711.595;-4.861.897.889
04/08/2024;21:53:00;AGUA CLARA;Manobra de mudança de faixa;Colisão lateral mesmo sentido;Com Vítimas Feridas;Plena Noite;Crescente;Céu Claro;Simples;"Reta;Interseção de Vias";-204.458.827;-5.287.180.703
12/08/2024;10:40:00;BARRA DO GARCAS;Manobra de mudança de faixa;Colisão transversal;Com Vítimas Feridas;Pleno dia;Crescente;Céu Claro;Dupla;Reta;-15.878.268;-52.306.705
12/08/2024;13:00:00;GOVERNADOR VALADARES;Velocidade Incompatível;Tombamento;Com Vítimas Feridas;Pleno dia;Crescente;Céu Claro;Simples;Reta;-1.886.882.342;-4.197.144.241
12/08/2024;11:30:00;CONGONHAL;Conversão proibida;Colisão transversal;Com Vítimas Feridas;Pleno dia;Crescente;Céu Claro;Simples;Reta;-2.215.027.874;-4.603.648.782
12/08/2024;12:50:00;MURIAE;Desrespeitar a preferência no cruzamento;Colisão transversal;Com Vítimas Feridas;Pleno dia;Decrescente;Céu Claro;Simples;"Interseção de Vias;Reta";-2.111.084.891;-423.806.104
12/08/2024;07:30:00;NITEROI;Manobra de mudança de faixa;Queda de ocupante de veículo;Com Vítimas Feridas;Pleno dia;Crescente;Nublado;Múltipla;Reta;-22.878.923;-43.110.676
12/08/2024;07:05:00;ITABORAI;Neblina;Colisão transversal;Com Vítimas Feridas;Pleno dia;Crescente;Nevoeiro/Neblina;Dupla;Reta;-2.272.223.999;-4.295.160.296
12/08/2024;16:10:00;CAMPO LARGO;Manobra de mudança de faixa;Colisão traseira;Com Vítimas Feridas;Pleno dia;Decrescente;Céu Claro;Dupla;Reta;-2.544.625.996;-4.936.369.775
12/08/2024;18:20:00;LONDRINA;Velocidade Incompatível;Colisão lateral mesmo sentido;Com Vítimas Feridas;Plena Noite;Decrescente;Céu Claro;Dupla;"Reta;Interseção de Vias";-232.929.113;-5.116.283.119
12/08/2024;15:30:00;CARMO DA CACHOEIRA;Manobra de mudança de faixa;Colisão lateral mesmo sentido;Sem Vítimas;Pleno dia;Decrescente;Nublado;Dupla;"Reta;Declive";-2.147.729.514;-4.520.207.819
12/08/2024;15:00:00;ITAITUBA;Demais falhas na via;Colisão frontal;Sem Vítimas;Pleno dia;Crescente;Nublado;Simples;"Declive;Reta";-433.796.517;-5.613.006.771
12/08/2024;18:30:00;UNIAO DOS PALMARES;Animais na Pista;Atropelamento de Animal;Com Vítimas Feridas;Plena Noite;Decrescente;Chuva;Simples;Reta;-917.491.283;-3.602.935.415
05/08/2024;02:40:00;CAMACAN;Neblina;Colisão lateral sentido oposto;Com Vítimas Feridas;Plena Noite;Decrescente;Nevoeiro/Neblina;Simples;Reta;-155.648.451;-3.940.038.386
12/08/2024;18:50:00;TERESINA;Animais na Pista;Atropelamento de Animal;Com Vítimas Feridas;Plena Noite;Decrescente;Céu Claro;Múltipla;Reta;-512.861.853;-4.280.706.778
12/08/2024;20:25:00;SAO JOSE DE MIPIBU;Animais na Pista;Atropelamento de Animal;Com Vítimas Feridas;Plena Noite;Decrescente;Céu Claro;Dupla;Reta;-5.973.247;-3.526.489
12/08/2024;07:15:00;JITAUNA;Manobra de mudança de faixa;Colisão frontal;Com Vítimas Fatais;Amanhecer;Crescente;Nublado;Simples;Curva;-1.400.841.922;-3.991.361.896
04/08/2024;18:00:00;SEABRA;Velocidade Incompatível;Saída de leito carroçável;Com Vítimas Feridas;Plena Noite;Crescente;Garoa/Chuvisco;Simples;Curva;-1.247.381.495;-4.168.234.998
12/08/2024;19:00:00;INDIARA;Velocidade Incompatível;Saída de leito carroçável;Com Vítimas Feridas;Plena Noite;Crescente;Céu Claro;Dupla;Curva;-1.710.692.397;-4.993.202.448
12/08/2024;19:15:00;SANHARO;Animais na Pista;Atropelamento de Animal;Com Vítimas Feridas;Plena Noite;Crescente;Nublado;Simples;Reta;-835.793.154;-3.653.676.104
12/08/2024;22:20:00;BRASILIA;Pista Escorregadia;Tombamento;Com Vítimas Feridas;Plena Noite;Crescente;Céu Claro;Dupla;Rotatória;-15.731.064;-48.159.393
12/08/2024;23:25:00;CANOAS;Animais na Pista;Atropelamento de Animal;Com Vítimas Feridas;Plena Noite;Decrescente;Céu Claro;Dupla;Reta;-298.911;-51.203.064
13/08/2024;05:00:00;SEROPEDICA;Ausência de sinalização;Capotamento;Com Vítimas Feridas;Plena Noite;Crescente;Céu Claro;Dupla;Reta;-2.271.132.244;-4.370.168.209
13/08/2024;07:00:00;GUARAPARI;Conversão proibida;Colisão transversal;Com Vítimas Feridas;Pleno dia;Crescente;Céu Claro;Dupla;"Declive;Reta";-2.062.718.356;-4.052.742.029
13/08/2024;06:40:00;CURITIBA;Manobra de mudança de faixa;Colisão lateral mesmo sentido;Com Vítimas Feridas;Pleno dia;Decrescente;Céu Claro;Dupla;Reta;-2.555.468.195;-4.927.402.397
13/08/2024;07:30:00;SAO JOSE;Manobra de mudança de faixa;Colisão transversal;Com Vítimas Feridas;Pleno dia;Decrescente;Céu Claro;Múltipla;Interseção de Vias;-2.757.413.014;-4.861.363.083
13/08/2024;08:10:00;FORTALEZA;Manobra de mudança de faixa;Colisão lateral mesmo sentido;Com Vítimas Feridas;Pleno dia;Decrescente;Céu Claro;Múltipla;Reta;-377.866.493;-3.851.490.171
13/08/2024;08:20:00;DUQUE DE CAXIAS;Manobra de mudança de faixa;Colisão lateral mesmo sentido;Com Vítimas Feridas;Pleno dia;Crescente;Céu Claro;Dupla;Reta;-2.266.237.951;-4.325.529.831
13/08/2024;07:45:00;VITORIA DA CONQUISTA;Conversão proibida;Colisão lateral mesmo sentido;Com Vítimas Feridas;Pleno dia;Crescente;Céu Claro;Simples;Reta;-14.876.253;-408.712
21/07/2024;07:00:00;BETIM;Velocidade Incompatível;Colisão com objeto;Com Vítimas Feridas;Amanhecer;Crescente;Céu Claro;Múltipla;"Declive;Curva";-1.995.586.853;-4.414.609.501
13/08/2024;09:00:00;ALTO GARCAS;Desrespeitar a preferência no cruzamento;Colisão transversal;Com Vítimas Feridas;Pleno dia;Decrescente;Céu Claro;Simples;Reta;-1.684.632.348;-53.831.075
13/08/2024;10:00:00;SAO JOSE;Manobra de mudança de faixa;Colisão lateral mesmo sentido;Com Vítimas Feridas;Pleno dia;Crescente;Céu Claro;Múltipla;Reta;-2.757.413.014;-4.861.363.083
13/08/2024;10:00:00;MOSSORO;Manobra de mudança de faixa;Colisão traseira;Com Vítimas Feridas;Pleno dia;Crescente;Céu Claro;Dupla;Curva;-5.196.199;-373.785
13/08/2024;09:30:00;UBERABA;Animais na Pista;Atropelamento de Animal;Com Vítimas Feridas;Pleno dia;Decrescente;Nublado;Dupla;Reta;-1.978.148.439;-4.791.987.419
13/08/2024;11:20:00;CARIACICA;Velocidade Incompatível;Saída de leito carroçável;Sem Vítimas;Pleno dia;Crescente;Nublado;Dupla;"Declive;Curva";-2.026.995.698;-403.902.483
13/08/2024;00:15:00;LUZ;Velocidade Incompatível;Saída de leito carroçável;Sem Vítimas;Plena Noite;Decrescente;Céu Claro;Simples;Reta;-1.978.096.232;-4.545.567.502
13/08/2024;13:35:00;SANTO ANTONIO DA PATRULHA;Manobra de mudança de faixa;Colisão lateral mesmo sentido;Com Vítimas Feridas;Pleno dia;Crescente;Céu Claro;Dupla;Reta;-29.886.384;-50.642.517
13/08/2024;12:30:00;COLOMBO;Velocidade Incompatível;Atropelamento de Pedestre;Com Vítimas Fatais;Pleno dia;Crescente;Céu Claro;Dupla;Reta;-25.364.202;-49.185.825
13/08/2024;13:20:00;JUAZEIRO;Animais na Pista;Atropelamento de Animal;Com Vítimas Feridas;Pleno dia;Crescente;Céu Claro;Dupla;Retorno Regulamentado;-945.595.491;-4.048.655.981
13/08/2024;15:08:00;IGARASSU;Manobra de mudança de faixa;Colisão lateral mesmo sentido;Com Vítimas Feridas;Pleno dia;Crescente;Céu Claro;Múltipla;"Reta;Declive";-783.887.431;-3.491.196.739
28/07/2024;09:30:00;DOMINGOS MARTINS;Ultrapassagem Indevida;Colisão lateral sentido oposto;Com Vítimas Feridas;Pleno dia;Crescente;Céu Claro;Simples;"Aclive;Curva";-2.038.110.864;-406.045.568
13/08/2024;06:47:00;DOURADOS;Acumulo de areia ou detritos sobre o pavimento;Tombamento;Com Vítimas Feridas;Pleno dia;Crescente;Céu Claro;Dupla;Rotatória;-22.222.698;-5.473.128
13/08/2024;14:45:00;VITORIA DA CONQUISTA;Manobra de mudança de faixa;Colisão lateral mesmo sentido;Com Vítimas Feridas;Pleno dia;Decrescente;Céu Claro;Dupla;"Reta;Interseção de Vias";-14.869.757;-4.085.091
13/08/2024;16:30:00;CARUARU;Conversão proibida;Colisão lateral mesmo sentido;Com Vítimas Feridas;Pleno dia;Crescente;Céu Claro;Dupla;Reta;-830.610.303;-3.596.342.301
13/08/2024;15:50:00;XAXIM;Velocidade Incompatível;Saída de leito carroçável;Com Vítimas Feridas;Pleno dia;Decrescente;Céu Claro;Simples;"Rotatória;Declive;Reta";-2.695.990.414;-5.254.566.014
08/08/2024;14:56:00;SANTA CRUZ;Velocidade Incompatível;Colisão lateral mesmo sentido;Com Vítimas Feridas;Pleno dia;Não Informado;Céu Claro;Simples;"Curva;Interseção de Vias";-623.079.228;-3.602.126.241
13/08/2024;17:55:00;ANGRA DOS REIS;Desrespeitar a preferência no cruzamento;Colisão transversal;Com Vítimas Feridas;Plena Noite;Decrescente;Nublado;Simples;Retorno Regulamentado;-22.961.968;-4.429.741
13/08/2024;18:45:00;PORTO ALEGRE;Manobra de mudança de faixa;Colisão lateral mesmo sentido;Com Vítimas Feridas;Plena Noite;Decrescente;Nublado;Múltipla;Reta;-29.968.412;-51.117.138
13/08/2024;20:05:00;TERESOPOLIS;Velocidade Incompatível;Colisão traseira;Com Vítimas Feridas;Plena Noite;Decrescente;Céu Claro;Simples;Reta;-2.238.721;-4.295.372
13/08/2024;19:13:00;PARATY;Conversão proibida;Engavetamento;Sem Vítimas;Plena Noite;Crescente;Céu Claro;Simples;Reta;-2.321.106.418;-4.473.373.262
13/08/2024;18:55:00;SINOP;Animais na Pista;Atropelamento de Animal;Com Vítimas Feridas;Plena Noite;Crescente;Céu Claro;Simples;Reta;-11.986.895;-55.517.033
13/08/2024;17:00:00;SAO BENTINHO;Velocidade Incompatível;Saída de leito carroçável;Com Vítimas Feridas;Anoitecer;Crescente;Céu Claro;Simples;"Reta;Declive";-68.946;-377.176
13/08/2024;17:50:00;SANTA LUZIA;Velocidade Incompatível;Colisão frontal;Com Vítimas Feridas;Anoitecer;Decrescente;Céu Claro;Simples;Curva;-428.101.859;-4.620.901.829
13/08/2024;22:35:00;JARU;Desrespeitar a preferência no cruzamento;Colisão transversal;Com Vítimas Feridas;Plena Noite;Crescente;Céu Claro;Simples;"Reta;Interseção de Vias";-1.040.649.776;-6.251.642.149
13/08/2024;20:00:00;MOSSORO;Demais falhas na via;Eventos atípicos;Com Vítimas Feridas;Plena Noite;Crescente;Céu Claro;Dupla;Reta;-518.846.685;-3.737.410.298
13/08/2024;21:50:00;TEIXEIRA DE FREITAS;Acesso irregular;Colisão traseira;Sem Vítimas;Plena Noite;Decrescente;Nublado;Simples;Reta;-1.766.294.271;-3.977.263.927
14/08/2024;07:00:00;NATAL;Acumulo de areia ou detritos sobre o pavimento;Queda de ocupante de veículo;Com Vítimas Feridas;Pleno dia;Decrescente;Céu Claro;Dupla;"Reta;Desvio Temporário;Em Obras";-5.777.664;-3.524.937
14/08/2024;07:30:00;FAZENDA RIO GRANDE;Neblina;Colisão traseira;Com Vítimas Feridas;Amanhecer;Decrescente;Nevoeiro/Neblina;Dupla;"Viaduto;Reta";-2.565.273.311;-4.931.217.134
14/08/2024;07:15:00;PORTO ALEGRE;Manobra de mudança de faixa;Colisão lateral mesmo sentido;Com Vítimas Feridas;Pleno dia;Decrescente;Céu Claro;Múltipla;Reta;-2.996.900.718;-5.116.957.426
14/08/2024;07:50:00;ITAJAI;Manobra de mudança de faixa;Colisão lateral mesmo sentido;Com Vítimas Feridas;Pleno dia;Decrescente;Céu Claro;Múltipla;Reta;-2.686.192.886;-487.286.704
14/08/2024;08:05:00;BARRA DO GARCAS;Velocidade Incompatível;Colisão traseira;Com Vítimas Feridas;Pleno dia;Decrescente;Céu Claro;Dupla;Rotatória;-1.587.814.789;-52.296.134
14/08/2024;06:20:00;CATANDUVAS;Acumulo de areia ou detritos sobre o pavimento;Saída de leito carroçável;Com Vítimas Feridas;Amanhecer;Decrescente;Céu Claro;Simples;Curva;-27.055.775;-51.688.843
14/08/2024;08:45:00;PORTO ALEGRE;Acumulo de areia ou detritos sobre o pavimento;Tombamento;Com Vítimas Feridas;Pleno dia;Crescente;Céu Claro;Dupla;Reta;-29.971.916;-51.176.838
14/08/2024;08:55:00;NATIVIDADE;Velocidade Incompatível;Colisão frontal;Com Vítimas Feridas;Pleno dia;Crescente;Céu Claro;Simples;Reta;-1.178.393.081;-4.771.722.981
14/08/2024;09:35:00;CANOAS;Manobra de mudança de faixa;Colisão lateral mesmo sentido;Com Vítimas Feridas;Pleno dia;Decrescente;Céu Claro;Dupla;Reta;-2.994.142.398;-5.117.697.062
14/08/2024;07:35:00;JARU;Desrespeitar a preferência no cruzamento;Colisão transversal;Com Vítimas Feridas;Pleno dia;Crescente;Céu Claro;Simples;"Reta;Interseção de Vias";-1.043.569.553;-6.247.411.899
14/08/2024;11:35:00;JOAO PESSOA;Manobra de mudança de faixa;Colisão lateral mesmo sentido;Com Vítimas Feridas;Pleno dia;Decrescente;Céu Claro;Dupla;Reta;-712.644.367;-3.484.528.542
14/08/2024;11:40:00;NATAL;Ausência de sinalização;Colisão transversal;Com Vítimas Feridas;Pleno dia;Crescente;Céu Claro;Dupla;Rotatória;-5.763.325;-352.873
13/07/2024;21:20:00;PARANAIGUARA;Animais na Pista;Atropelamento de Animal;Com Vítimas Feridas;Plena Noite;Crescente;Nublado;Simples;Reta;-18.903.946;-50.704.628
14/08/2024;07:30:00;SAPUCAIA;Ultrapassagem Indevida;Colisão frontal;Com Vítimas Feridas;Pleno dia;Decrescente;Céu Claro;Simples;Reta;-2.198.473.799;-4.289.796.901
14/08/2024;12:30:00;CORNELIO PROCOPIO;Desrespeitar a preferência no cruzamento;Colisão transversal;Com Vítimas Feridas;Pleno dia;Crescente;Céu Claro;Simples;Interseção de Vias;-2.317.353.702;-5.061.996.491
14/08/2024;07:40:00;SAO SEBASTIAO DO PASSE;Manobra de mudança de faixa;Saída de leito carroçável;Com Vítimas Feridas;Pleno dia;Crescente;Nublado;Dupla;Reta;-12.577.956;-38.538.468
14/08/2024;14:25:00;FORTALEZA;Condutor usando celular;Colisão traseira;Com Vítimas Feridas;Pleno dia;Crescente;Céu Claro;Múltipla;Reta;-3.737.804;-38.578.061
14/08/2024;15:00:00;JUAZEIRO;Conversão proibida;Colisão transversal;Com Vítimas Feridas;Pleno dia;Crescente;Sol;Simples;Reta;-942.911.923;-4.050.406.516