data_inversa;horario;municipio;causa_acidente;tipo_acidente;classificacao_acidente;fase_dia;sentido_via;condicao_metereologica;tipo_pista;tracado_via;latitude;longitude
18/08/2024;03:00:00;IMBITUBA;Iluminação deficiente;Colisão traseira;Com Vítimas Fatais;Plena Noite;Crescente;Céu Claro;Dupla;Reta;-283.053.025;-487.209.146
17/08/2024;18:25:00;BELEM DE SAO FRANCISCO;Animais na Pista;Atropelamento de Animal;Sem Vítimas;Anoitecer;Decrescente;Céu Claro;Simples;Reta;-866.143.416;-3.900.273.108
18/08/2024;06:10:00;ARAGUARI;Animais na Pista;Atropelamento de Animal;Com Vítimas Feridas;Amanhecer;Crescente;Céu Claro;Dupla;"Declive;Retorno Regulamentado;Reta";-18.682.136;-4.817.887.197
18/08/2024;06:55:00;NATAL;Velocidade Incompatível;Queda de ocupante de veículo;Com Vítimas Feridas;Pleno dia;Crescente;Céu Claro;Dupla;Curva;-585.758.898;-3.521.271.205
17/08/2024;23:20:00;TERESOPOLIS;Conversão proibida;Colisão frontal;Com Vítimas Feridas;Plena Noite;Decrescente;Nublado;Simples;Reta;-2.243.671.224;-4.294.971.377
18/08/2024;08:40:00;ANAPOLIS;Acesso irregular;Colisão transversal;Com Vítimas Feridas;Pleno dia;Crescente;Céu Claro;Simples;"Reta;Aclive";-1.628.128.823;-4.894.258.908
17/08/2024;16:00:00;SEROPEDICA;Conversão proibida;Colisão transversal;Com Vítimas Feridas;Pleno dia;Crescente;Céu Claro;Simples;Reta;-22.747.673;-43.699.196
18/08/2024;10:20:00;JABOATAO DOS GUARARAPES;Manobra de mudança de faixa;Colisão lateral mesmo sentido;Com Vítimas Feridas;Pleno dia;Crescente;Céu Claro;Dupla;Reta;-8.170.812;-34.938.622
18/08/2024;12:00:00;JOAO PESSOA;Acostamento em desnível;Tombamento;Com Vítimas Feridas;Pleno dia;Crescente;Céu Claro;Dupla;Reta;-715.812.493;-3.485.824.585
18/08/2024;11:00:00;PALHOCA;Velocidade Incompatível;Colisão com objeto;Com Vítimas Feridas;Pleno dia;Crescente;Nublado;Dupla;Curva;-2.780.376.397;-4.863.826.211
18/08/2024;12:00:00;PORTO VELHO;Velocidade Incompatível;Capotamento;Com Vítimas Feridas;Pleno dia;Decrescente;Céu Claro;Dupla;Declive;-8.766.685;-63.884.052
18/08/2024;14:30:00;BRASILIA;Velocidade Incompatível;Queda de ocupante de veículo;Com Vítimas Feridas;Pleno dia;Crescente;Céu Claro;Dupla;Reta;-1.559.650.138;-4.767.156.601
18/08/2024;14:10:00;BIGUACU;Manobra de mudança de faixa;Colisão lateral mesmo sentido;Com Vítimas Feridas;Pleno dia;Crescente;Céu Claro;Dupla;"Reta;Interseção de Vias";-275.047.092;-4.865.010.819
18/08/2024;16:33:00;PAULISTA;Acostamento em desnível;Tombamento;Com Vítimas Feridas;Pleno dia;Crescente;Nublado;Dupla;Reta;-792.358.799;-3.489.607.201
18/08/2024;15:35:00;POUSO ALTO;Desrespeitar a preferência no cruzamento;Colisão transversal;Com Vítimas Feridas;Pleno dia;Decrescente;Sol;Simples;"Rotatória;Reta;Interseção de Vias";-2.225.294.041;-4.493.104.219
18/08/2024;16:09:00;DUQUE DE CAXIAS;Manobra de mudança de faixa;Colisão lateral mesmo sentido;Com Vítimas Feridas;Pleno dia;Crescente;Céu Claro;Múltipla;Reta;-2.269.492.222;-4.328.868.628
18/08/2024;17:20:00;CAXIAS DO SUL;Afundamento ou ondulação no pavimento;Colisão com objeto;Sem Vítimas;Pleno dia;Não Informado;Céu Claro;Simples;Interseção de Vias;-291.704.725;-5.116.131.842
18/08/2024;17:50:00;PARAOPEBA;Velocidade Incompatível;Saída de leito carroçável;Com Vítimas Feridas;Anoitecer;Crescente;Céu Claro;Dupla;Curva;-1.928.815;-44.392
18/08/2024;18:45:00;CAUCAIA;Animais na Pista;Atropelamento de Animal;Com Vítimas Feridas;Anoitecer;Decrescente;Céu Claro;Simples;Reta;-377.821.762;-3.868.607.924
18/08/2024;18:00:00;SALVADOR;Demais falhas na via;Queda de ocupante de veículo;Com Vítimas Feridas;Anoitecer;Crescente;Céu Claro;Múltipla;Reta;-1.289.820.999;-3.845.012.202
18/08/2024;19:20:00;ITAPEMA;Manobra de mudança de faixa;Colisão lateral mesmo sentido;Com Vítimas Feridas;Plena Noite;Decrescente;Nublado;Dupla;Reta;-2.708.666.525;-4.860.955.587
18/08/2024;18:20:00;JACAREI;Velocidade Incompatível;Queda de ocupante de veículo;Com Vítimas Feridas;Anoitecer;Crescente;Céu Claro;Dupla;Reta;-2.328.133.317;-4.598.394.689
18/08/2024;15:00:00;CARAPEBUS;Velocidade Incompatível;Capotamento;Com Vítimas Feridas;Pleno dia;Crescente;Céu Claro;Dupla;Curva;-2.215.452.252;-4.173.977.437
18/08/2024;19:10:00;ACAILANDIA;Manobra de mudança de faixa;Colisão transversal;Com Vítimas Feridas;Plena Noite;Crescente;Céu Claro;Simples;"Reta;Declive";-489.816.069;-4.739.197.619
18/08/2024;19:50:00;AGUIARNOPOLIS;Animais na Pista;Atropelamento de Animal;Com Vítimas Feridas;Plena Noite;Decrescente;Céu Claro;Simples;Declive;-6.565.606;-47.483.803
18/08/2024;18:15:00;JUIZ DE FORA;Velocidade Incompatível;Colisão com objeto;Sem Vítimas;Plena Noite;Crescente;Céu Claro;Simples;"Interseção de Vias;Curva";-2.168.008.338;-4.345.077.655
18/08/2024;18:30:00;BOA VISTA;Ultrapassagem Indevida;Colisão transversal;Com Vítimas Feridas;Anoitecer;Decrescente;Céu Claro;Simples;"Reta;Interseção de Vias";2.751.881;-60.747.327
18/08/2024;20:00:00;BALNEARIO CAMBORIU;Manobra de mudança de faixa;Colisão lateral mesmo sentido;Com Vítimas Feridas;Plena Noite;Decrescente;Nublado;Dupla;Reta;-270.157.238;-4.861.192.763
18/08/2024;19:50:00;MASSARANDUBA;Velocidade Incompatível;Saída de leito carroçável;Sem Vítimas;Plena Noite;Decrescente;Céu Claro;Dupla;"Curva;Aclive";-72.818;-357.675
18/08/2024;10:30:00;DOMINGOS MARTINS;Acumulo de areia ou detritos sobre o pavimento;Saída de leito carroçável;Com Vítimas Feridas;Pleno dia;Decrescente;Céu Claro;Simples;Curva;-2.039.882.726;-4.098.380.982
18/08/2024;20:50:00;PALHOCA;Manobra de mudança de faixa;Colisão lateral mesmo sentido;Com Vítimas Feridas;Plena Noite;Crescente;Céu Claro;Dupla;Reta;-2.765.981.409;-4.867.747.798
18/08/2024;18:30:00;VILHENA;Conversão proibida;Colisão lateral mesmo sentido;Com Vítimas Feridas;Plena Noite;Crescente;Céu Claro;Dupla;Reta;-1.274.370.233;-6.012.147.609
18/08/2024;20:40:00;LAGES;Velocidade Incompatível;Tombamento;Com Vítimas Feridas;Plena Noite;Decrescente;Céu Claro;Simples;Reta;-2.781.262.488;-5.036.859.817
18/08/2024;18:40:00;JUSSARA;Animais na Pista;Atropelamento de Animal;Sem Vítimas;Plena Noite;Decrescente;Céu Claro;Simples;"Reta;Aclive";-1.586.799.907;-5.092.578.506
18/08/2024;13:30:00;BURITICUPU;Manobra de mudança de faixa;Colisão frontal;Sem Vítimas;Pleno dia;Crescente;Céu Claro;Simples;Reta;-433.813.867;-4.643.017.946
18/08/2024;23:30:00;GUARULHOS;Velocidade Incompatível;Colisão com objeto;Sem Vítimas;Plena Noite;Crescente;Céu Claro;Múltipla;Reta;-2.344.333.014;-4.644.531.294
19/08/2024;01:15:00;ARARIPINA;Animais na Pista;Atropelamento de Animal;Sem Vítimas;Plena Noite;Crescente;Céu Claro;Simples;Aclive;-762.762.275;-404.567.719
19/08/2024;02:11:00;POXOREO;Animais na Pista;Atropelamento de Animal;Com Vítimas Fatais;Anoitecer;Decrescente;Céu Claro;Simples;"Reta;Declive";-1.565.222.972;-539.290.177
19/08/2024;06:50:00;NATAL;Chuva;Tombamento;Com Vítimas Feridas;Pleno dia;Decrescente;Chuva;Dupla;Reta;-584.949.622;-3.520.890.752
19/08/2024;07:20:00;RIO DO SUL;Conversão proibida;Colisão transversal;Com Vítimas Feridas;Pleno dia;Decrescente;Céu Claro;Simples;Reta;-27.222.485;-49.662.827
19/08/2024;06:18:00;JOSE BONIFACIO;Manobra de mudança de faixa;Colisão lateral mesmo sentido;Sem Vítimas;Pleno dia;Crescente;Céu Claro;Simples;"Reta;Interseção de Vias";-2.105.570.394;-4.965.851.012
19/08/2024;06:30:00;CAUCAIA;Animais na Pista;Saída de leito carroçável;Com Vítimas Feridas;Pleno dia;Crescente;Céu Claro;Simples;Reta;-379.347.474;-3.870.838.217
19/08/2024;08:00:00;CURITIBA;Manobra de mudança de faixa;Colisão lateral mesmo sentido;Com Vítimas Feridas;Pleno dia;Decrescente;Céu Claro;Dupla;Reta;-2.555.468.195;-4.927.402.397
26/07/2024;18:54:00;JUAZEIRO;Manobra de mudança de faixa;Colisão transversal;Com Vítimas Feridas;Plena Noite;Crescente;Céu Claro;Simples;"Reta;Interseção de Vias";-943.174.507;-4.049.803.816
19/08/2024;02:45:00;ANGRA DOS REIS;Velocidade Incompatível;Tombamento;Com Vítimas Feridas;Plena Noite;Decrescente;Céu Claro;Simples;Reta;-2.293.180.313;-4.432.178.488
19/08/2024;09:05:00;PARAOPEBA;Demais falhas na via;Queda de ocupante de veículo;Com Vítimas Feridas;Pleno dia;Crescente;Céu Claro;Dupla;"Aclive;Reta";-19.301.651;-44.377.922
19/08/2024;09:20:00;VALPARAISO DE GOIAS;Manobra de mudança de faixa;Colisão lateral mesmo sentido;Sem Vítimas;Pleno dia;Crescente;Céu Claro;Dupla;Reta;-16.076.081;-47.985.671
03/05/2024;15:30:00;CAROLINA;Ultrapassagem Indevida;Colisão traseira;Com Vítimas Feridas;Pleno dia;Decrescente;Céu Claro;Simples;Reta;-737.404.345;-4.733.940.125
19/08/2024;09:18:00;SANTA MARIA;Desrespeitar a preferência no cruzamento;Colisão transversal;Com Vítimas Feridas;Pleno dia;Decrescente;Nevoeiro/Neblina;Múltipla;"Interseção de Vias;Rotatória";-2.969.143.328;-5.377.424.459
05/04/2024;15:30:00;SAO JOSE DOS CAMPOS;Manobra de mudança de faixa;Tombamento;Com Vítimas Feridas;Pleno dia;Crescente;Céu Claro;Múltipla;Reta;-2.318.718.749;-4.585.594.386
19/08/2024;06:55:00;SAO FRANCISCO DO SUL;Pista Escorregadia;Colisão transversal;Com Vítimas Feridas;Pleno dia;Crescente;Céu Claro;Simples;Reta;-2.625.329.566;-4.861.916.042
09/08/2024;18:50:00;CRISTINO CASTRO;Animais na Pista;Atropelamento de Animal;Com Vítimas Fatais;Plena Noite;Crescente;Céu Claro;Simples;Reta;-879.461.113;-4.420.830.082
19/08/2024;11:45:00;SAO GONCALO DO AMARANTE;Pista esburacada;Queda de ocupante de veículo;Com Vítimas Feridas;Pleno dia;Decrescente;Céu Claro;Dupla;Reta;-575.872.063;-3.529.921.986
19/08/2024;10:00:00;BUJARI;Demais Fenômenos da natureza;Incêndio;Sem Vítimas;Pleno dia;Crescente;Céu Claro;Simples;Reta;-9.516.546;-68.331.357
19/08/2024;14:20:00;NOVA IGUACU;Manobra de mudança de faixa;Colisão lateral mesmo sentido;Com Vítimas Feridas;Pleno dia;Crescente;Céu Claro;Dupla;Reta;-227.516.014;-4.343.849.831
19/08/2024;12:25:00;JUPI;Demais falhas na via;Queda de ocupante de veículo;Com Vítimas Feridas;Pleno dia;Crescente;Nublado;Simples;Reta;-868.013.626;-3.640.491.486
19/08/2024;09:30:00;SAPUCAIA;Velocidade Incompatível;Capotamento;Com Vítimas Feridas;Pleno dia;Decrescente;Céu Claro;Simples;Curva;-2.204.634.998;-427.844.458
19/08/2024;13:00:00;PORTO VELHO;Ultrapassagem Indevida;Colisão lateral mesmo sentido;Com Vítimas Feridas;Pleno dia;Crescente;Céu Claro;Simples;Reta;-8.576.663;-63.992.443
19/08/2024;15:45:00;FORTALEZA;Manobra de mudança de faixa;Colisão lateral mesmo sentido;Com Vítimas Feridas;Pleno dia;Crescente;Céu Claro;Múltipla;Reta;-378.674.022;-3.851.160.044
19/08/2024;15:10:00;RIO DE JANEIRO;Manobra de mudança de faixa;Colisão lateral mesmo sentido;Com Vítimas Feridas;Pleno dia;Decrescente;Céu Claro;Dupla;Reta;-2.288.295.192;-4.364.094.302
19/08/2024;16:30:00;RIBEIRAO DAS NEVES;Manobra de mudança de faixa;Colisão lateral mesmo sentido;Com Vítimas Feridas;Pleno dia;Crescente;Céu Claro;Dupla;"Reta;Aclive";-1.981.628.624;-4.408.960.124
19/08/2024;17:39:00;JAGUARE;Conversão proibida;Colisão frontal;Com Vítimas Feridas;Anoitecer;Crescente;Céu Claro;Simples;Retorno Regulamentado;-1.890.626.994;-3.995.995.813
19/08/2024;18:00:00;JOINVILLE;Manobra de mudança de faixa;Colisão traseira;Com Vítimas Feridas;Anoitecer;Crescente;Sol;Dupla;Reta;-26.246.095;-48.910.037
19/08/2024;18:00:00;CAJAZEIRAS;Animais na Pista;Atropelamento de Animal;Com Vítimas Feridas;Plena Noite;Crescente;Céu Claro;Simples;Reta;-68.721;-384.409
19/08/2024;17:40:00;ITAPEMA;Manobra de mudança de faixa;Colisão traseira;Com Vítimas Feridas;Pleno dia;Crescente;Céu Claro;Múltipla;Reta;-271.089.649;-4.861.277.586
19/08/2024;15:38:00;CAREACU;Velocidade Incompatível;Capotamento;Com Vítimas Feridas;Pleno dia;Crescente;Céu Claro;Dupla;Curva;-2.202.124.925;-4.568.113.947
19/08/2024;17:10:00;BARRA DO GARCAS;Redutor de velocidade em desacordo;Tombamento;Com Vítimas Feridas;Pleno dia;Crescente;Sol;Dupla;"Interseção de Vias;Declive";-1.588.028.801;-5.228.040.401
19/08/2024;17:20:00;LAGES;Manobra de mudança de faixa;Tombamento;Com Vítimas Feridas;Pleno dia;Crescente;Céu Claro;Simples;Reta;-2.776.776.602;-5.033.668.491
19/08/2024;17:50:00;SAPUCAIA DO SUL;Manobra de mudança de faixa;Colisão lateral mesmo sentido;Com Vítimas Feridas;Plena Noite;Crescente;Garoa/Chuvisco;Dupla;"Reta;Interseção de Vias";-2.982.458.232;-5.117.218.917
19/08/2024;16:05:00;CASIMIRO DE ABREU;Velocidade Incompatível;Saída de leito carroçável;Com Vítimas Feridas;Pleno dia;Crescente;Céu Claro;Dupla;Reta;-2.249.143.999;-4.226.199.401
19/08/2024;19:20:00;FLORIANOPOLIS;Manobra de mudança de faixa;Colisão lateral mesmo sentido;Com Vítimas Feridas;Plena Noite;Crescente;Céu Claro;Múltipla;Declive;-2.759.845;-48.571.995
19/08/2024;19:30:00;RECIFE;Desrespeitar a preferência no cruzamento;Colisão transversal;Sem Vítimas;Plena Noite;Crescente;Céu Claro;Dupla;Retorno Regulamentado;-813.129;-34.945.651
19/08/2024;18:00:00;RIO BRANCO;Acesso irregular;Colisão traseira;Com Vítimas Feridas;Plena Noite;Decrescente;Céu Claro;Simples;Reta;-1.001.229.861;-6.775.551.796
19/08/2024;19:40:00;ARARANGUA;Velocidade Incompatível;Queda de ocupante de veículo;Com Vítimas Feridas;Plena Noite;Crescente;Céu Claro;Múltipla;"Reta;Interseção de Vias";-2.897.088.349;-4.952.739.716
19/08/2024;20:20:00;VITORIA DA CONQUISTA;Desrespeitar a preferência no cruzamento;Colisão transversal;Com Vítimas Feridas;Plena Noite;Decrescente;Nublado;Simples;"Reta;Interseção de Vias";-14.823.268;-40.818.028
19/08/2024;22:20:00;SANTO ANTONIO DA PATRULHA;Acumulo de água sobre o pavimento;Saída de leito carroçável;Com Vítimas Feridas;Plena Noite;Crescente;Chuva;Dupla;Reta;-29.885.258;-50.606.964
19/08/2024;19:00:00;PLACIDO DE CASTRO;Iluminação deficiente;Colisão traseira;Com Vítimas Feridas;Plena Noite;Decrescente;Nublado;Simples;Declive;-1.006.286.301;-67.349.278
19/08/2024;22:30:00;LAGOA VERMELHA;Velocidade Incompatível;Saída de leito carroçável;Com Vítimas Feridas;Plena Noite;Decrescente;Céu Claro;Simples;"Curva;Declive";-28.215.525;-5.155.037
20/08/2024;04:50:00;TRIUNFO;Velocidade Incompatível;Saída de leito carroçável;Com Vítimas Feridas;Plena Noite;Decrescente;Chuva;Dupla;"Reta;Declive";-29.694.038;-51.695.747
20/08/2024;06:50:00;ARAQUARI;Velocidade Incompatível;Colisão transversal;Com Vítimas Feridas;Amanhecer;Crescente;Céu Claro;Simples;Reta;-2.641.066.264;-4.875.295.628
20/08/2024;07:15:00;ITAJAI;Manobra de mudança de faixa;Colisão lateral mesmo sentido;Com Vítimas Feridas;Pleno dia;Crescente;Nublado;Múltipla;Reta;-269.043.179;-4.871.555.481
20/08/2024;07:00:00;RIO VERDE;Acesso irregular;Colisão transversal;Com Vítimas Feridas;Amanhecer;Decrescente;Céu Claro;Dupla;Reta;-178.098;-509.267
20/08/2024;07:20:00;FAZENDA RIO GRANDE;Manobra de mudança de faixa;Colisão lateral mesmo sentido;Com Vítimas Feridas;Pleno dia;Decrescente;Céu Claro;Dupla;Reta;-25.627.892;-49.314.321
20/08/2024;07:30:00;TEOFILO OTONI;Desrespeitar a preferência no cruzamento;Colisão transversal;Com Vítimas Feridas;Pleno dia;Decrescente;Sol;Múltipla;"Interseção de Vias;Rotatória";-17.852.147;-41.514.109
20/08/2024;07:45:00;HERVAL DOESTE;Acumulo de água sobre o pavimento;Saída de leito carroçável;Com Vítimas Feridas;Pleno dia;Decrescente;Garoa/Chuvisco;Simples;"Curva;Aclive";-27.214.459;-51.498.839
27/07/2024;01:00:00;CENTENARIO;Afundamento ou ondulação no pavimento;Colisão com objeto;Sem Vítimas;Plena Noite;Não Informado;Nevoeiro/Neblina;Simples;Declive;-27.762.031;-51.997.066
24/07/2024;07:55:00;MEDIANEIRA;Manobra de mudança de faixa;Colisão lateral mesmo sentido;Com Vítimas Feridas;Pleno dia;Crescente;Sol;Dupla;"Declive;Reta";-2.531.758.044;-5.415.684.223
20/08/2024;08:47:00;SAO JOSE;Acumulo de areia ou detritos sobre o pavimento;Tombamento;Com Vítimas Feridas;Pleno dia;Crescente;Garoa/Chuvisco;Simples;Rotatória;-275.884;-486.128
20/08/2024;09:00:00;FORTALEZA;Manobra de mudança de faixa;Queda de ocupante de veículo;Com Vítimas Feridas;Pleno dia;Crescente;Céu Claro;Múltipla;Reta;-373.776.157;-3.857.848.048
20/08/2024;09:30:00;SAPEACU;Ultrapassagem Indevida;Colisão frontal;Com Vítimas Feridas;Pleno dia;Crescente;Nublado;Simples;"Declive;Curva";-1.282.656.598;-3.919.998.114
16/08/2024;17:20:00;GARIBALDI;Conversão proibida;Colisão transversal;Com Vítimas Feridas;Pleno dia;Crescente;Céu Claro;Simples;"Aclive;Reta";-2.922.340.328;-5.151.618.004
20/08/2024;09:15:00;BRASILIA;Velocidade Incompatível;Colisão traseira;Sem Vítimas;Pleno dia;Decrescente;Céu Claro;Dupla;Reta;-15.795.264;-48.063.801
20/08/2024;09:30:00;RIO DE JANEIRO;Manobra de mudança de faixa;Colisão traseira;Com Vítimas Feridas;Pleno dia;Crescente;Céu Claro;Dupla;Reta;-2.286.942.567;-4.359.816.381
05/08/2024;17:15:00;SALGUEIRO;Animais na Pista;Atropelamento de Animal;Sem Vítimas;Pleno dia;Crescente;Céu Claro;Simples;Reta;-805.986.546;-3.910.271.397
14/08/2024;12:30:00;NOVO HAMBURGO;Restrição de visibilidade em curvas horizontais;Colisão com objeto;Sem Vítimas;Pleno dia;Não Informado;Céu Claro;Simples;Curva;-2.970.151.967;-5.114.691.767
20/08/2024;11:34:00;ABREU E LIMA;Manobra de mudança de faixa;Colisão lateral mesmo sentido;Com Vítimas Feridas;Pleno dia;Crescente;Céu Claro;Múltipla;Reta;-791.274.571;-3.490.020.633
20/08/2024;12:00:00;BELEM DE SAO FRANCISCO;Animais na Pista;Atropelamento de Animal;Sem Vítimas;Pleno dia;Crescente;Céu Claro;Simples;Reta;-8.628.277;-39.068.179
20/08/2024;14:03:00;SAO GONCALO DO AMARANTE;Manobra de mudança de faixa;Colisão transversal;Sem Vítimas;Pleno dia;Decrescente;Céu Claro;Dupla;Aclive;-575.570.118;-3.530.728.507
20/08/2024;10:50:00;MARACAJU;Velocidade Incompatível;Saída de leito carroçável;Com Vítimas Feridas;Pleno dia;Crescente;Céu Claro;Simples;Reta;-2.110.946;-55.357.796
03/07/2024;10:10:00;SAO PAULO;Manobra de mudança de faixa;Colisão lateral mesmo sentido;Com Vítimas Feridas;Pleno dia;Crescente;Céu Claro;Dupla;"Aclive;Curva";-2.337.208.014;-4.655.700.294
13/08/2024;20:45:00;FEIRA DE SANTANA;Animais na Pista;Atropelamento de Animal;Com Vítimas Feridas;Plena Noite;Crescente;Céu Claro;Dupla;"Reta;Declive";-122.787.803;-389.965.655
20/08/2024;15:50:00;BALNEARIO CAMBORIU;Desrespeitar a preferência no cruzamento;Colisão transversal;Com Vítimas Feridas;Pleno dia;Decrescente;Céu Claro;Simples;"Reta;Viaduto";-270.157.238;-4.861.192.763
09/08/2024;09:40:00;RANCHO QUEIMADO;Curva acentuada;Queda de ocupante de veículo;Com Vítimas Feridas;Pleno dia;Crescente;Céu Claro;Simples;Reta;-27.692.705;-49.091.351
20/08/2024;17:00:00;TRES MARIAS;Acesso irregular;Colisão transversal;Com Vítimas Feridas;Pleno dia;Crescente;Céu Claro;Simples;"Reta;Declive";-1.819.945.877;-4.523.770.577
20/08/2024;15:00:00;HUMAITA;Desrespeitar a preferência no cruzamento;Colisão transversal;Com Vítimas Feridas;Pleno dia;Crescente;Céu Claro;Simples;Reta;-7.503.405;-6.302.902
20/08/2024;17:20:00;PARNAIBA;Manobra de mudança de faixa;Colisão lateral mesmo sentido;Com Vítimas Feridas;Pleno dia;Crescente;Céu Claro;Simples;Reta;-2.910.035;-41.753.662
20/08/2024;13:35:00;LAGUNA;Desrespeitar a preferência no cruzamento;Colisão lateral mesmo sentido;Com Vítimas Feridas;Pleno dia;Decrescente;Nublado;Múltipla;"Rotatória;Aclive";-2.841.679.416;-4.879.529.064
20/08/2024;17:10:00;CANINDE;Manobra de mudança de faixa;Saída de leito carroçável;Com Vítimas Feridas;Pleno dia;Crescente;Céu Claro;Simples;Reta;-445.498.715;-3.934.433.577
20/08/2024;17:11:00;JACAREZINHO;Ultrapassagem Indevida;Colisão frontal;Com Vítimas Feridas;Pleno dia;Crescente;Céu Claro;Simples;Reta;-2.318.366.424;-4.998.244.728
20/08/2024;19:35:00;SANTA MARIA;Demais falhas na via;Tombamento;Com Vítimas Feridas;Plena Noite;Crescente;Chuva;Dupla;"Em Obras;Reta";-29.696.018;-53.850.956
20/08/2024;19:29:00;BELO HORIZONTE;Manobra de mudança de faixa;Colisão traseira;Com Vítimas Feridas;Plena Noite;Crescente;Céu Claro;Dupla;"Declive;Reta";-199.244.866;-4.401.477.098
20/08/2024;19:50:00;FORTALEZA;Manobra de mudança de faixa;Colisão lateral mesmo sentido;Com Vítimas Feridas;Plena Noite;Decrescente;Céu Claro;Múltipla;Reta;-377.640.182;-385.154.357
20/08/2024;20:20:00;SANTA MARIA;Demais falhas na via;Tombamento;Com Vítimas Feridas;Plena Noite;Decrescente;Nublado;Dupla;"Reta;Em Obras";-29.696.018;-53.850.956
20/08/2024;18:15:00;UBATUBA;Ultrapassagem Indevida;Colisão lateral sentido oposto;Com Vítimas Feridas;Plena Noite;Decrescente;Nublado;Simples;Reta;-2.345.627.795;-4.507.111.896
24/08/2024;05:00:00;LONDRINA;Velocidade Incompatível;Saída de leito carroçável;Sem Vítimas;Plena Noite;Crescente;Chuva;Dupla;"Curva;Em Obras";-2.329.534.824;-512.086.165
20/08/2024;21:30:00;SERRA TALHADA;Ultrapassagem Indevida;Colisão transversal;Com Vítimas Feridas;Plena Noite;Decrescente;Céu Claro;Simples;"Reta;Declive";-7.981.944;-38.289.467
20/08/2024;21:50:00;SAO MIGUEL DO OESTE;Velocidade Incompatível;Saída de leito carroçável;Sem Vítimas;Pleno dia;Crescente;Céu Claro;Simples;Curva;-2.671.908.804;-535.157.791
20/08/2024;23:00:00;PORTO ALEGRE;Velocidade Incompatível;Colisão traseira;Com Vítimas Feridas;Plena Noite;Crescente;Céu Claro;Dupla;Curva;-29.973.856;-51.197.853
21/08/2024;00:35:00;JABOATAO DOS GUARARAPES;Iluminação deficiente;Queda de ocupante de veículo;Com Vítimas Feridas;Plena Noite;Decrescente;Céu Claro;Dupla;Reta;-808.195.464;-3.499.545.022
21/08/2024;03:00:00;CANDEIAS DO JAMARI;Animais na Pista;Atropelamento de Animal;Com Vítimas Feridas;Pleno dia;Crescente;Nevoeiro/Neblina;Simples;Reta;-885.860.999;-6.344.479.296
21/08/2024;06:40:00;ITAPEMA;Pista Escorregadia;Tombamento;Com Vítimas Feridas;Amanhecer;Crescente;Nublado;Dupla;Retorno Regulamentado;-27.144.717;-4.861.063.935
21/08/2024;06:57:00;SAO JOSE DO RIO PRETO;Manobra de mudança de faixa;Colisão traseira;Com Vítimas Feridas;Pleno dia;Decrescente;Céu Claro;Dupla;"Reta;Aclive";-2.074.488.916;-4.933.894.564
21/08/2024;07:40:00;CASCAVEL;Manobra de mudança de faixa;Colisão lateral mesmo sentido;Com Vítimas Feridas;Pleno dia;Crescente;Céu Claro;Simples;"Reta;Aclive";-2.498.082.053;-5.348.254.989
21/08/2024;07:50:00;SAO JOSE DOS CAMPOS;Manobra de mudança de faixa;Colisão lateral mesmo sentido;Com Vítimas Feridas;Pleno dia;Crescente;Céu Claro;Dupla;Reta;-231.572.739;-4.579.554.605
21/08/2024;07:50:00;JOINVILLE;Desrespeitar a preferência no cruzamento;Colisão transversal;Com Vítimas Feridas;Pleno dia;Crescente;Céu Claro;Dupla;"Rotatória;Viaduto";-262.628.107;-4.890.192.257
21/08/2024;05:50:00;NOVA XAVANTINA;Deficiência do Sistema de Iluminação/Sinalização;Saída de leito carroçável;Com Vítimas Feridas;Amanhecer;Crescente;Céu Claro;Simples;Reta;-1.461.526.101;-5.235.791.414
21/08/2024;09:11:00;CABEDELO;Manobra de mudança de faixa;Colisão lateral mesmo sentido;Com Vítimas Feridas;Pleno dia;Decrescente;Céu Claro;Dupla;Reta;-70.355;-348.429
21/08/2024;09:20:00;LINHARES;Desrespeitar a preferência no cruzamento;Colisão transversal;Sem Vítimas;Pleno dia;Decrescente;Céu Claro;Simples;"Reta;Interseção de Vias";-1.938.787.399;-4.006.752.766
13/08/2024;17:40:00;SANTO ANTONIO DE JESUS;Desrespeitar a preferência no cruzamento;Colisão transversal;Com Vítimas Feridas;Anoitecer;Decrescente;Céu Claro;Simples;Interseção de Vias;-130.815.032;-3.927.559.444
21/08/2024;12:30:00;POUSO ALEGRE;Velocidade Incompatível;Saída de leito carroçável;Com Vítimas Feridas;Pleno dia;Crescente;Céu Claro;Dupla;Curva;-22.450.796;-46.000.139
21/08/2024;13:30:00;NITEROI;Manobra de mudança de faixa;Colisão lateral mesmo sentido;Com Vítimas Feridas;Pleno dia;Decrescente;Céu Claro;Múltipla;Reta;-2.286.981.096;-4.311.046.465
21/08/2024;15:20:00;RECIFE;Ausência de sinalização;Tombamento;Com Vítimas Feridas;Pleno dia;Crescente;Céu Claro;Dupla;Reta;-8.065.192;-34.943.913
09/08/2024;19:30:00;SAO JOSE DOS PINHAIS;Animais na Pista;Atropelamento de Animal;Com Vítimas Feridas;Plena Noite;Crescente;Céu Claro;Dupla;Reta;-2.570.434.399;-4.914.198.595
15/08/2024;16:40:00;ABADIANIA;Manobra de mudança de faixa;Colisão traseira;Com Vítimas Feridas;Pleno dia;Crescente;Céu Claro;Dupla;Retorno Regulamentado;-16.187.183;-48.685.855