data_inversa;horario;municipio;causa_acidente;tipo_acidente;classificacao_acidente;fase_dia;sentido_via;condicao_metereologica;tipo_pista;tracado_via;latitude;longitude
21/08/2024;17:00:00;FORTALEZA;Afundamento ou ondulação no pavimento;Tombamento;Com Vítimas Feridas;Pleno dia;Decrescente;Céu Claro;Múltipla;"Aclive;Reta";-386.088.501;-3.849.715.296
21/08/2024;17:30:00;CARUARU;Manobra de mudança de faixa;Colisão lateral mesmo sentido;Com Vítimas Feridas;Anoitecer;Decrescente;Céu Claro;Dupla;"Interseção de Vias;Reta";-829.983.303;-35.989.662
21/08/2024;18:20:00;RECIFE;Acostamento em desnível;Queda de ocupante de veículo;Com Vítimas Feridas;Plena Noite;Decrescente;Céu Claro;Dupla;Reta;-807.663.102;-3.494.277.871
21/08/2024;16:30:00;PETROPOLIS;Ultrapassagem Indevida;Colisão transversal;Com Vítimas Feridas;Pleno dia;Decrescente;Céu Claro;Dupla;Retorno Regulamentado;-2.227.821.816;-4.311.580.971
21/08/2024;16:00:00;BUERAREMA;Velocidade Incompatível;Saída de leito carroçável;Com Vítimas Feridas;Pleno dia;Decrescente;Céu Claro;Simples;Reta;-1.492.143.124;-3.929.382.324
21/08/2024;18:50:00;CANDEIAS DO JAMARI;Desrespeitar a preferência no cruzamento;Colisão transversal;Com Vítimas Feridas;Plena Noite;Crescente;Céu Claro;Simples;Interseção de Vias;-8.798.112;-63.708.916
21/08/2024;18:50:00;IPIXUNA DO PARA;Deficiência do Sistema de Iluminação/Sinalização;Colisão traseira;Com Vítimas Feridas;Plena Noite;Decrescente;Céu Claro;Simples;Reta;-253.902.584;-4.749.819.061
21/08/2024;17:49:00;MADALENA;Manobra de mudança de faixa;Colisão lateral sentido oposto;Com Vítimas Feridas;Anoitecer;Crescente;Céu Claro;Simples;Reta;-477.066.372;-3.949.630.525
21/08/2024;21:40:00;BETIM;Manobra de mudança de faixa;Colisão lateral mesmo sentido;Com Vítimas Feridas;Plena Noite;Decrescente;Céu Claro;Dupla;"Em Obras;Reta";-1.998.890.883;-4.420.522.016
21/08/2024;20:50:00;RIBAS DO RIO PARDO;Iluminação deficiente;Colisão lateral mesmo sentido;Com Vítimas Feridas;Plena Noite;Decrescente;Céu Claro;Simples;Reta;-2.045.637.858;-5.378.459.597
10/05/2024;15:50:00;SIMOES FILHO;Manobra de mudança de faixa;Colisão lateral mesmo sentido;Com Vítimas Feridas;Pleno dia;Decrescente;Nublado;Dupla;Reta;-1.284.664.721;-3.841.741.648
22/08/2024;07:50:00;CEARA-MIRIM;Acesso irregular;Colisão traseira;Com Vítimas Feridas;Pleno dia;Crescente;Céu Claro;Simples;Reta;-56.485.583;-3.544.127.004
22/08/2024;08:00:00;CONTAGEM;Manobra de mudança de faixa;Colisão lateral mesmo sentido;Com Vítimas Feridas;Pleno dia;Decrescente;Céu Claro;Dupla;"Aclive;Curva";-1.996.366.832;-4.404.109.955
14/08/2024;15:00:00;CANDEIAS;Manobra de mudança de faixa;Saída de leito carroçável;Com Vítimas Feridas;Pleno dia;Crescente;Céu Claro;Dupla;Reta;-126.628.675;-384.708.716
22/08/2024;07:40:00;GUARULHOS;Frear bruscamente;Colisão traseira;Com Vítimas Feridas;Pleno dia;Crescente;Sol;Múltipla;Reta;-2.346.472.809;-4.649.793.962
22/08/2024;07:00:00;GUARATINGUETA;Manobra de mudança de faixa;Capotamento;Com Vítimas Feridas;Pleno dia;Crescente;Céu Claro;Dupla;Reta;-2.277.454.618;-4.513.807.087
22/08/2024;07:20:00;TOLEDO;Afundamento ou ondulação no pavimento;Tombamento;Com Vítimas Feridas;Pleno dia;Decrescente;Céu Claro;Dupla;Reta;-2.469.105.846;-5.374.643.486
22/08/2024;08:30:00;MORRETES;Manobra de mudança de faixa;Saída de leito carroçável;Com Vítimas Feridas;Pleno dia;Crescente;Nublado;Dupla;Reta;-25.538.105;-48.769.788
22/08/2024;08:30:00;CURITIBA;Manobra de mudança de faixa;Colisão lateral mesmo sentido;Com Vítimas Feridas;Pleno dia;Decrescente;Céu Claro;Múltipla;"Interseção de Vias;Curva;Aclive";-25.542.501;-49.313.011
22/08/2024;09:20:00;FUNDAO;Acesso irregular;Colisão lateral mesmo sentido;Com Vítimas Feridas;Pleno dia;Crescente;Nublado;Simples;Reta;-1.993.558.165;-4.040.603.211
22/08/2024;10:20:00;CAMPOS DOS GOYTACAZES;Curva acentuada;Queda de ocupante de veículo;Com Vítimas Feridas;Pleno dia;Crescente;Céu Claro;Simples;Rotatória;-21.816.525;-41.397.686
21/08/2024;17:00:00;GUARAPUAVA;Acumulo de areia ou detritos sobre o pavimento;Eventos atípicos;Sem Vítimas;Pleno dia;Decrescente;Céu Claro;Simples;Reta;-2.537.242.804;-5.128.148.999
07/08/2024;17:36:00;FEIRA DE SANTANA;Desrespeitar a preferência no cruzamento;Colisão transversal;Com Vítimas Feridas;Pleno dia;Decrescente;Céu Claro;Dupla;"Interseção de Vias;Viaduto";-122.562.978;-389.320.738
22/08/2024;14:40:00;SAO JOSE DOS PINHAIS;Manobra de mudança de faixa;Colisão lateral mesmo sentido;Com Vítimas Feridas;Pleno dia;Crescente;Céu Claro;Dupla;Reta;-25.490.222;-49.176.727
22/08/2024;16:30:00;VITORIA DA CONQUISTA;Conversão proibida;Colisão lateral mesmo sentido;Com Vítimas Feridas;Pleno dia;Decrescente;Sol;Dupla;Interseção de Vias;-14.869.555;-4.085.079
22/08/2024;15:00:00;SANTO ANTONIO DO SUDOESTE;Falta de acostamento;Saída de leito carroçável;Com Vítimas Feridas;Pleno dia;Decrescente;Céu Claro;Simples;Curva;-261.942.302;-5.364.766.821
22/08/2024;15:00:00;CARAVELAS;Acumulo de areia ou detritos sobre o pavimento;Queda de ocupante de veículo;Com Vítimas Feridas;Pleno dia;Crescente;Céu Claro;Simples;"Reta;Interseção de Vias";-1.773.043.392;-3.954.504.204
22/08/2024;17:50:00;PALHOCA;Conversão proibida;Colisão lateral mesmo sentido;Com Vítimas Feridas;Plena Noite;Crescente;Céu Claro;Simples;Reta;-27.678.635;-4.870.192
22/08/2024;17:45:00;DUQUE DE CAXIAS;Manobra de mudança de faixa;Colisão lateral mesmo sentido;Com Vítimas Feridas;Anoitecer;Decrescente;Céu Claro;Múltipla;"Reta;Declive";-2.268.289.906;-4.328.549.346
22/08/2024;18:50:00;SEROPEDICA;Acesso irregular;Colisão transversal;Com Vítimas Feridas;Plena Noite;Crescente;Céu Claro;Simples;Reta;-22.719.835;-43.725.739
22/08/2024;18:00:00;CAMPINA GRANDE;Acumulo de areia ou detritos sobre o pavimento;Tombamento;Com Vítimas Feridas;Plena Noite;Crescente;Céu Claro;Simples;"Desvio Temporário;Em Obras";-7.252;-359.334
05/08/2024;18:05:00;PALHOCA;Manobra de mudança de faixa;Colisão lateral mesmo sentido;Com Vítimas Feridas;Anoitecer;Crescente;Céu Claro;Dupla;Reta;-2.762.996.929;-4.865.903.871
11/08/2024;20:35:00;RIACHAO DO JACUIPE;Ultrapassagem Indevida;Colisão frontal;Com Vítimas Fatais;Plena Noite;Crescente;Céu Claro;Simples;Reta;-117.904.633;-3.942.407.122
22/08/2024;17:45:00;BRASILIA;Manobra de mudança de faixa;Colisão lateral mesmo sentido;Sem Vítimas;Anoitecer;Não Informado;Céu Claro;Dupla;Reta;-15.809.855;-47.950.023
22/08/2024;21:00:00;JAPARATUBA;Acumulo de areia ou detritos sobre o pavimento;Colisão com objeto;Com Vítimas Feridas;Plena Noite;Decrescente;Céu Claro;Dupla;"Curva;Declive;Ponte";-1.057.096.002;-3.696.427.168
22/08/2024;19:00:00;IRINEOPOLIS;Ultrapassagem Indevida;Colisão frontal;Com Vítimas Fatais;Plena Noite;Crescente;Nublado;Simples;Curva;-26.262.502;-50.722.105
23/08/2024;02:30:00;GUAPO;Animais na Pista;Atropelamento de Animal;Com Vítimas Feridas;Plena Noite;Decrescente;Céu Claro;Dupla;Reta;-169.153;-496.608
22/08/2024;11:05:00;PETROPOLIS;Acumulo de areia ou detritos sobre o pavimento;Queda de ocupante de veículo;Com Vítimas Feridas;Pleno dia;Crescente;Céu Claro;Dupla;"Curva;Aclive";-2.249.798.597;-4.322.878.703
23/08/2024;06:00:00;CAMPINA GRANDE DO SUL;Velocidade Incompatível;Saída de leito carroçável;Sem Vítimas;Pleno dia;Decrescente;Céu Claro;Simples;Curva;-2.510.840.189;-4.879.505.902
23/08/2024;07:00:00;ANAPOLIS;Manobra de mudança de faixa;Colisão lateral mesmo sentido;Com Vítimas Feridas;Pleno dia;Decrescente;Céu Claro;Dupla;"Reta;Retorno Regulamentado";-163.315;-488.885
23/08/2024;07:20:00;LINHARES;Manobra de mudança de faixa;Colisão traseira;Com Vítimas Feridas;Pleno dia;Crescente;Céu Claro;Dupla;"Reta;Interseção de Vias";-1.938.787.399;-4.006.752.766
23/08/2024;07:40:00;BETIM;Velocidade Incompatível;Saída de leito carroçável;Com Vítimas Feridas;Pleno dia;Crescente;Sol;Dupla;"Declive;Curva";-19.959.237;-44.087.603
23/08/2024;06:30:00;SALDANHA MARINHO;Velocidade Incompatível;Saída de leito carroçável;Com Vítimas Feridas;Amanhecer;Decrescente;Chuva;Simples;"Curva;Declive";-28.394.472;-53.056.217
23/08/2024;07:25:00;PATO BRANCO;Frear bruscamente;Tombamento;Com Vítimas Feridas;Pleno dia;Decrescente;Chuva;Simples;Reta;-2.620.228;-52.678.215
23/08/2024;08:15:00;FEIRA DE SANTANA;Manobra de mudança de faixa;Colisão traseira;Com Vítimas Feridas;Pleno dia;Decrescente;Céu Claro;Dupla;"Túnel;Curva;Interseção de Vias";-1.223.257.586;-3.897.248.506
23/08/2024;08:09:00;ARAPONGAS;Ultrapassagem Indevida;Colisão lateral mesmo sentido;Com Vítimas Feridas;Pleno dia;Crescente;Céu Claro;Simples;"Reta;Interseção de Vias";-2.341.134.762;-5.142.753.303
23/08/2024;08:50:00;JUIZ DE FORA;Falta de elemento de contenção que evite a saída do leito carroçável;Saída de leito carroçável;Com Vítimas Feridas;Pleno dia;Crescente;Céu Claro;Simples;"Declive;Reta";-2.170.555.685;-4.350.518.896
23/08/2024;07:45:00;SALVADOR;Pista Escorregadia;Tombamento;Com Vítimas Feridas;Pleno dia;Não Informado;Chuva;Simples;Interseção de Vias;-12.931.518;-38.342.852
23/08/2024;08:30:00;BALNEARIO CAMBORIU;Manobra de mudança de faixa;Colisão lateral mesmo sentido;Sem Vítimas;Pleno dia;Decrescente;Céu Claro;Dupla;Reta;-270.157.238;-4.861.192.763
23/08/2024;09:40:00;TRES RIOS;Desrespeitar a preferência no cruzamento;Colisão transversal;Com Vítimas Feridas;Pleno dia;Crescente;Céu Claro;Simples;Reta;-2.209.021.176;-4.306.349.116
13/07/2024;08:30:00;SAO MATEUS;Velocidade Incompatível;Colisão transversal;Com Vítimas Feridas;Pleno dia;Crescente;Céu Claro;Simples;Reta;-1.877.024.976;-3.986.802.529
23/08/2024;08:20:00;SAO JOSE DOS CAMPOS;Velocidade Incompatível;Colisão traseira;Com Vítimas Feridas;Pleno dia;Crescente;Sol;Dupla;"Reta;Aclive";-231.572.739;-4.579.554.605
23/08/2024;14:25:00;FORTALEZA;Manobra de mudança de faixa;Colisão lateral mesmo sentido;Com Vítimas Feridas;Pleno dia;Crescente;Céu Claro;Dupla;"Em Obras;Reta";-386.088.501;-3.849.715.296
23/08/2024;13:14:00;PORTO VELHO;Conversão proibida;Colisão transversal;Sem Vítimas;Pleno dia;Crescente;Céu Claro;Dupla;Reta;-880.046.614;-63.734.779
23/08/2024;15:10:00;GUARULHOS;Manobra de mudança de faixa;Colisão traseira;Com Vítimas Feridas;Pleno dia;Decrescente;Sol;Múltipla;Reta;-2.350.343.484;-4.656.638.712
26/07/2024;14:30:00;ATIBAIA;Velocidade Incompatível;Colisão traseira;Com Vítimas Feridas;Pleno dia;Decrescente;Céu Claro;Dupla;"Reta;Aclive";-2.310.506.237;-4.656.881.577
23/08/2024;15:30:00;TUBARAO;Acumulo de água sobre o pavimento;Saída de leito carroçável;Com Vítimas Feridas;Pleno dia;Decrescente;Chuva;Múltipla;Reta;-2.849.351.117;-4.904.178.985
23/08/2024;16:00:00;GUARAMIRIM;Desrespeitar a preferência no cruzamento;Colisão transversal;Com Vítimas Feridas;Pleno dia;Crescente;Chuva;Dupla;Viaduto;-2.647.584.353;-489.937.858
23/08/2024;15:30:00;MURIAE;Conversão proibida;Colisão frontal;Com Vítimas Feridas;Pleno dia;Decrescente;Sol;Simples;Interseção de Vias;-2.112.725.696;-4.235.052.695
23/08/2024;17:00:00;CAXIAS;Desrespeitar a preferência no cruzamento;Colisão lateral mesmo sentido;Com Vítimas Feridas;Pleno dia;Decrescente;Céu Claro;Simples;Rotatória;-4.877.648;-43.338.158
23/08/2024;17:30:00;PORTO ALEGRE;Velocidade Incompatível;Colisão traseira;Com Vítimas Feridas;Anoitecer;Crescente;Garoa/Chuvisco;Múltipla;Reta;-29.973.856;-51.197.853
23/08/2024;15:52:00;CUIABA;Manobra de mudança de faixa;Colisão transversal;Com Vítimas Feridas;Pleno dia;Decrescente;Céu Claro;Simples;Reta;-1.568.206.569;-5.592.335.686
23/08/2024;17:45:00;RODEIO;Conversão proibida;Colisão transversal;Com Vítimas Feridas;Anoitecer;Decrescente;Céu Claro;Simples;Reta;-26.948.805;-49.316.097
23/08/2024;18:10:00;LONDRINA;Velocidade Incompatível;Colisão traseira;Com Vítimas Feridas;Anoitecer;Decrescente;Nublado;Dupla;"Em Obras;Reta";-2.329.577.998;-5.119.068.861
23/08/2024;19:10:00;ITAJAI;Manobra de mudança de faixa;Saída de leito carroçável;Com Vítimas Feridas;Plena Noite;Crescente;Nublado;Múltipla;Reta;-269.639.319;-4.868.328.024
23/08/2024;19:10:00;CURVELO;Animais na Pista;Eventos atípicos;Sem Vítimas;Plena Noite;Decrescente;Céu Claro;Simples;Reta;-1.914.497.555;-4.460.882.653
23/08/2024;18:20:00;ITAGUAI;Frear bruscamente;Colisão traseira;Com Vítimas Feridas;Anoitecer;Decrescente;Ignorado;Simples;Reta;-2.287.672.058;-4.381.631.971
23/08/2024;13:00:00;PINHALZINHO;Chuva;Saída de leito carroçável;Sem Vítimas;Pleno dia;Crescente;Chuva;Simples;"Reta;Declive";-26.830.677;-5.304.443
23/08/2024;18:40:00;RIO GRANDE;Animais na Pista;Atropelamento de Animal;Com Vítimas Feridas;Plena Noite;Decrescente;Nublado;Simples;"Reta;Interseção de Vias";-32.045.532;-52.075.783
23/08/2024;19:00:00;CURVELO;Animais na Pista;Atropelamento de Animal;Com Vítimas Feridas;Plena Noite;Crescente;Céu Claro;Simples;Reta;-1.914.605;-4.460.794
23/08/2024;18:10:00;CANDEIAS DO JAMARI;Ultrapassagem Indevida;Colisão frontal;Sem Vítimas;Anoitecer;Decrescente;Céu Claro;Simples;Reta;-877.981.958;-6.353.455.604
23/08/2024;17:30:00;NOVA SERRANA;Velocidade Incompatível;Tombamento;Com Vítimas Feridas;Anoitecer;Decrescente;Céu Claro;Dupla;Reta;-1.988.296.154;-4.490.293.014
23/08/2024;20:25:00;IJUI;Ultrapassagem Indevida;Colisão frontal;Com Vítimas Fatais;Plena Noite;Crescente;Céu Claro;Simples;Reta;-2.839.215.544;-5.389.480.591
23/08/2024;20:30:00;VITORIA DA CONQUISTA;Animais na Pista;Atropelamento de Animal;Com Vítimas Feridas;Plena Noite;Crescente;Céu Claro;Simples;"Reta;Declive";-15.129.807;-41.038.305
23/08/2024;21:20:00;BIGUACU;Manobra de mudança de faixa;Colisão traseira;Com Vítimas Feridas;Plena Noite;Decrescente;Céu Claro;Dupla;Reta;-2.751.844.497;-4.863.848.496
23/08/2024;18:45:00;LAGES;Desrespeitar a preferência no cruzamento;Colisão transversal;Com Vítimas Feridas;Plena Noite;Crescente;Nublado;Simples;Interseção de Vias;-278.179.842;-5.037.291.527
23/08/2024;21:00:00;PALHOCA;Ultrapassagem Indevida;Colisão lateral mesmo sentido;Com Vítimas Feridas;Plena Noite;Decrescente;Céu Claro;Simples;Interseção de Vias;-277.509.149;-4.863.460.277
23/08/2024;20:30:00;SANTA TERESINHA;Frear bruscamente;Colisão traseira;Com Vítimas Fatais;Plena Noite;Crescente;Nublado;Simples;"Reta;Aclive";-1.262.503.832;-3.959.296.284
23/08/2024;19:38:00;BALSA NOVA;Velocidade Incompatível;Capotamento;Sem Vítimas;Plena Noite;Decrescente;Chuva;Dupla;"Curva;Declive";-2.547.892.212;-4.964.378.357
23/08/2024;21:30:00;APUCARANA;Demais falhas na via;Tombamento;Com Vítimas Feridas;Plena Noite;Crescente;Nublado;Dupla;Curva;-2.358.235.322;-5.145.323.932
23/08/2024;22:30:00;CAMPINA GRANDE;Acumulo de areia ou detritos sobre o pavimento;Tombamento;Com Vítimas Feridas;Plena Noite;Crescente;Céu Claro;Simples;Reta;-7.265.778;-3.591.782
23/08/2024;20:40:00;ITAUBA;Deficiência do Sistema de Iluminação/Sinalização;Colisão traseira;Sem Vítimas;Plena Noite;Crescente;Céu Claro;Simples;Reta;-1.113.292.905;-5.531.238.556
24/08/2024;01:40:00;PAULO LOPES;Animais na Pista;Atropelamento de Animal;Sem Vítimas;Plena Noite;Crescente;Céu Claro;Dupla;Reta;-2.794.186.028;-4.866.644.267
24/08/2024;02:30:00;MAGE;Acostamento em desnível;Tombamento;Com Vítimas Feridas;Plena Noite;Crescente;Chuva;Simples;Reta;-2.265.715.069;-4.307.072.902
24/08/2024;01:15:00;ANTONIO DIAS;Deficiência do Sistema de Iluminação/Sinalização;Colisão frontal;Com Vítimas Feridas;Plena Noite;Decrescente;Céu Claro;Simples;"Desvio Temporário;Em Obras";-1.963.692.912;-428.301.537
24/08/2024;04:20:00;GUARULHOS;Iluminação deficiente;Colisão traseira;Com Vítimas Feridas;Plena Noite;Crescente;Nublado;Múltipla;"Reta;Declive";-234.324.306;-464.194.352
24/08/2024;05:50:00;TUBARAO;Manobra de mudança de faixa;Tombamento;Com Vítimas Feridas;Amanhecer;Crescente;Garoa/Chuvisco;Dupla;"Em Obras;Aclive";-2.847.311.347;-4.902.437.375
24/08/2024;02:00:00;BOM DESPACHO;Animais na Pista;Atropelamento de Animal;Sem Vítimas;Plena Noite;Decrescente;Céu Claro;Simples;Reta;-198.117.408;-4.510.677.395
24/08/2024;06:30:00;COLOMBO;Acesso irregular;Colisão frontal;Com Vítimas Feridas;Pleno dia;Crescente;Chuva;Simples;Interseção de Vias;-253.818;-491.643
23/08/2024;21:20:00;EUNAPOLIS;Manobra de mudança de faixa;Colisão frontal;Com Vítimas Fatais;Plena Noite;Decrescente;Céu Claro;Simples;Curva;-1.617.256;-39.594.995
24/08/2024;06:44:00;CURITIBA;Manobra de mudança de faixa;Colisão traseira;Com Vítimas Feridas;Pleno dia;Crescente;Chuva;Dupla;Reta;-254.810.735;-491.964.584
24/08/2024;05:40:00;NOVA IGUACU;Acesso irregular;Colisão frontal;Com Vítimas Feridas;Amanhecer;Decrescente;Nublado;Simples;Reta;-22.854.782;-43.601.933
24/08/2024;07:20:00;MARIALVA;Manobra de mudança de faixa;Colisão traseira;Com Vítimas Feridas;Pleno dia;Crescente;Chuva;Dupla;Reta;-2.345.643.624;-5.184.510.713
24/08/2024;08:20:00;ANAPOLIS;Acesso irregular;Colisão traseira;Com Vítimas Feridas;Pleno dia;Crescente;Céu Claro;Dupla;Reta;-163.611;-489.328
24/08/2024;02:00:00;PICOS;Velocidade Incompatível;Colisão com objeto;Sem Vítimas;Plena Noite;Decrescente;Céu Claro;Simples;Reta;-708.609.373;-4.142.882.109
24/08/2024;07:45:00;DOM PEDRO DE ALCANTARA;Desrespeitar a preferência no cruzamento;Colisão lateral mesmo sentido;Com Vítimas Feridas;Pleno dia;Crescente;Nublado;Dupla;Reta;-2.940.232.826;-498.584.686
24/08/2024;08:00:00;MARINGA;Chuva;Saída de leito carroçável;Com Vítimas Feridas;Pleno dia;Decrescente;Chuva;Dupla;"Curva;Aclive";-2.336.498.136;-5.207.632.098
24/08/2024;08:00:00;CAMPINA GRANDE DO SUL;Velocidade Incompatível;Saída de leito carroçável;Com Vítimas Fatais;Pleno dia;Decrescente;Chuva;Dupla;Curva;-25.210.656;-48.897.041
24/08/2024;05:20:00;ENGENHEIRO CALDAS;Animais na Pista;Atropelamento de Animal;Com Vítimas Fatais;Amanhecer;Decrescente;Céu Claro;Simples;Reta;-1.923.400.711;-4.205.671.434
24/08/2024;07:40:00;GOVERNADOR VALADARES;Velocidade Incompatível;Capotamento;Sem Vítimas;Pleno dia;Decrescente;Céu Claro;Dupla;Reta;-1.884.936.788;-4.197.891.368
24/08/2024;06:45:00;NOVA SERRANA;Velocidade Incompatível;Saída de leito carroçável;Com Vítimas Feridas;Pleno dia;Decrescente;Sol;Dupla;Reta;-198.806.236;-4.491.232.265
24/08/2024;12:00:00;JOAO PESSOA;Manobra de mudança de faixa;Colisão lateral mesmo sentido;Com Vítimas Feridas;Pleno dia;Decrescente;Céu Claro;Simples;Reta;-71.562;-348.574
24/08/2024;12:00:00;MAIRIPORA;Ultrapassagem Indevida;Colisão com objeto;Com Vítimas Feridas;Pleno dia;Crescente;Céu Claro;Dupla;Curva;-23.302.805;-46.572.767
24/08/2024;12:31:00;JUQUITIBA;Velocidade Incompatível;Saída de leito carroçável;Com Vítimas Feridas;Pleno dia;Crescente;Garoa/Chuvisco;Dupla;Curva;-2.395.129.388;-4.710.220.309
24/08/2024;13:30:00;CAMPINA GRANDE DO SUL;Velocidade Incompatível;Saída de leito carroçável;Com Vítimas Feridas;Pleno dia;Decrescente;Chuva;Dupla;Reta;-2.514.802.509;-4.885.922.071
24/08/2024;14:30:00;BRASILIA;Manobra de mudança de faixa;Colisão traseira;Com Vítimas Feridas;Pleno dia;Crescente;Céu Claro;Dupla;Reta;-1.564.654;-47.766.422
24/08/2024;15:00:00;TABOLEIRO GRANDE;Afundamento ou ondulação no pavimento;Saída de leito carroçável;Com Vítimas Feridas;Pleno dia;Crescente;Céu Claro;Simples;Reta;-591.800.907;-3.809.427.096
24/08/2024;15:50:00;SERRA;Curva acentuada;Tombamento;Com Vítimas Feridas;Pleno dia;Crescente;Céu Claro;Simples;Curva;-20.218.122;-40.339.325
24/08/2024;16:00:00;RODEIO;Velocidade Incompatível;Colisão com objeto;Com Vítimas Feridas;Pleno dia;Crescente;Chuva;Simples;Curva;-2.695.947.485;-4.932.501.577
24/08/2024;14:14:00;CAMPINA GRANDE;Manobra de mudança de faixa;Colisão frontal;Com Vítimas Feridas;Pleno dia;Decrescente;Céu Claro;Simples;"Reta;Em Obras";-7.277.958;-3.589.792
24/08/2024;14:40:00;IBIRAMA;Velocidade Incompatível;Saída de leito carroçável;Com Vítimas Feridas;Pleno dia;Crescente;Chuva;Simples;"Aclive;Curva";-27.081.692;-49.502.277
24/08/2024;15:45:00;LINHARES;Manobra de mudança de faixa;Colisão lateral mesmo sentido;Com Vítimas Feridas;Pleno dia;Crescente;Céu Claro;Múltipla;Reta;-1.936.990.998;-4.006.560.718
24/08/2024;16:40:00;SAO GONCALO DO SAPUCAI;Velocidade Incompatível;Saída de leito carroçável;Com Vítimas Feridas;Pleno dia;Crescente;Céu Claro;Dupla;Reta;-2.197.761.923;-4.563.996.491
21/08/2024;18:00:00;SALVADOR;Manobra de mudança de faixa;Colisão lateral mesmo sentido;Com Vítimas Feridas;Plena Noite;Crescente;Nublado;Múltipla;Reta;-12.933.839;-3.847.190.701
24/08/2024;16:35:00;MANHUACU;Desrespeitar a preferência no cruzamento;Colisão transversal;Com Vítimas Feridas;Pleno dia;Crescente;Céu Claro;Simples;"Interseção de Vias;Reta";-2.025.692.664;-4.201.099.203
24/08/2024;15:00:00;AGUAS LINDAS DE GOIAS;Manobra de mudança de faixa;Queda de ocupante de veículo;Com Vítimas Feridas;Pleno dia;Crescente;Céu Claro;Múltipla;Reta;-15.783.543;-482.326
24/08/2024;18:30:00;SANTA MARGARIDA;Conversão proibida;Colisão transversal;Com Vítimas Feridas;Plena Noite;Crescente;Céu Claro;Simples;Reta;-2.030.577.418;-4.226.805.605
24/08/2024;18:44:00;VARZEA GRANDE;Demais falhas na via;Queda de ocupante de veículo;Com Vítimas Feridas;Plena Noite;Crescente;Ignorado;Dupla;Reta;-1.564.016.119;-5.620.218.158
24/08/2024;20:25:00;INDAIAL;Acesso irregular;Colisão lateral mesmo sentido;Com Vítimas Feridas;Plena Noite;Decrescente;Chuva;Simples;"Reta;Em Obras";-26.870.407;-49.221.844
24/08/2024;18:50:00;VITORIA DAS MISSOES;Acesso irregular;Colisão transversal;Sem Vítimas;Plena Noite;Crescente;Céu Claro;Simples;"Reta;Declive";-28.400.446;-54.383.514
24/08/2024;19:50:00;PARA DE MINAS;Animais na Pista;Atropelamento de Animal;Com Vítimas Fatais;Plena Noite;Crescente;Céu Claro;Dupla;"Aclive;Reta";-1.989.153.257;-4.465.110.157
24/08/2024;20:00:00;SAO MATEUS DO SUL;Iluminação deficiente;Atropelamento de Pedestre;Com Vítimas Feridas;Plena Noite;Crescente;Garoa/Chuvisco;Simples;Reta;-25.894.287;-50.368.565
24/08/2024;21:40:00;CAUCAIA;Manobra de mudança de faixa;Colisão lateral mesmo sentido;Com Vítimas Feridas;Plena Noite;Crescente;Céu Claro;Múltipla;Reta;-374.277.198;-3.861.324.191
24/08/2024;21:35:00;ITATIAIUCU;Pista Escorregadia;Queda de ocupante de veículo;Com Vítimas Feridas;Plena Noite;Decrescente;Céu Claro;Dupla;Curva;-2.019.896.036;-4.438.641.307
24/08/2024;22:35:00;VOLTA REDONDA;Manobra de mudança de faixa;Colisão transversal;Com Vítimas Feridas;Plena Noite;Crescente;Nublado;Simples;Reta;-2.247.750.785;-4.401.954.402
24/08/2024;19:30:00;TRES MARIAS;Ultrapassagem Indevida;Colisão frontal;Com Vítimas Fatais;Plena Noite;Crescente;Céu Claro;Simples;Reta;-1.822.833.211;-452.202.001
24/08/2024;17:40:00;BOM RETIRO;Velocidade Incompatível;Saída de leito carroçável;Com Vítimas Feridas;Plena Noite;Decrescente;Garoa/Chuvisco;Simples;Rotatória;-2.782.268.113;-4.956.938.982
25/08/2024;01:15:00;CAMBUI;Velocidade Incompatível;Saída de leito carroçável;Com Vítimas Feridas;Plena Noite;Decrescente;Garoa/Chuvisco;Dupla;"Aclive;Curva";-2.268.095.525;-4.610.143.304
25/08/2024;03:40:00;ATIBAIA;Ultrapassagem Indevida;Colisão com objeto;Com Vítimas Feridas;Plena Noite;Decrescente;Garoa/Chuvisco;Múltipla;Curva;-23.079.939;-46.569.862
25/08/2024;03:45:00;GOIANINHA;Animais na Pista;Atropelamento de Animal;Com Vítimas Fatais;Plena Noite;Decrescente;Céu Claro;Dupla;Reta;-627.145.987;-3.520.823.975
24/08/2024;22:00:00;RIBEIRAO DAS NEVES;Velocidade Incompatível;Capotamento;Sem Vítimas;Plena Noite;Crescente;Céu Claro;Dupla;Curva;-197.970.544;-441.080.512
25/08/2024;06:30:00;ANGRA DOS REIS;Pista Escorregadia;Queda de ocupante de veículo;Com Vítimas Feridas;Amanhecer;Crescente;Garoa/Chuvisco;Simples;Curva;-2.299.820.396;-4.426.554.599
25/08/2024;05:15:00;ITUIUTABA;Velocidade Incompatível;Tombamento;Com Vítimas Feridas;Plena Noite;Crescente;Céu Claro;Simples;Interseção de Vias;-1.895.717.176;-494.695.793
25/08/2024;07:30:00;UBERABA;Velocidade Incompatível;Saída de leito carroçável;Com Vítimas Feridas;Pleno dia;Crescente;Céu Claro;Dupla;"Retorno Regulamentado;Reta";-197.102.529;-4.798.304.473