data_inversa;horario;municipio;causa_acidente;tipo_acidente;classificacao_acidente;fase_dia;sentido_via;condicao_metereologica;tipo_pista;tracado_via;latitude;longitude
25/08/2024;07:00:00;ITAPEVA;Chuva;Colisão com objeto;Com Vítimas Feridas;Pleno dia;Decrescente;Chuva;Dupla;Curva;-2.279.911.462;-4.626.123.692
25/08/2024;07:00:00;EXTREMA;Velocidade Incompatível;Tombamento;Com Vítimas Feridas;Pleno dia;Decrescente;Chuva;Dupla;"Curva;Retorno Regulamentado";-2.281.688.487;-4.629.274.321
25/05/2024;13:20:00;ANGRA DOS REIS;Chuva;Colisão frontal;Com Vítimas Feridas;Pleno dia;Decrescente;Chuva;Simples;Curva;-2.300.539.889;-4.448.448.504
25/08/2024;09:00:00;BRAGANCA PAULISTA;Animais na Pista;Atropelamento de Animal;Com Vítimas Fatais;Pleno dia;Crescente;Nublado;Dupla;"Reta;Aclive";-2.302.018.004;-4.652.966.596
25/08/2024;10:30:00;DOIS IRMAOS;Velocidade Incompatível;Queda de ocupante de veículo;Com Vítimas Feridas;Pleno dia;Crescente;Céu Claro;Simples;Curva;-2.958.827.044;-5.109.917.696
25/08/2024;11:30:00;JUIZ DE FORA;Acesso irregular;Colisão transversal;Com Vítimas Feridas;Pleno dia;Decrescente;Céu Claro;Simples;Reta;-2.160.932.712;-4.345.892.723
25/08/2024;11:05:00;CORUMBA DE GOIAS;Velocidade Incompatível;Tombamento;Com Vítimas Fatais;Pleno dia;Crescente;Céu Claro;Simples;Curva;-1.588.092.998;-4.879.068.001
25/08/2024;12:40:00;CARUARU;Pista Escorregadia;Tombamento;Com Vítimas Feridas;Pleno dia;Decrescente;Céu Claro;Simples;"Viaduto;Aclive;Curva";-830.819.677;-3.595.467.594
25/08/2024;12:10:00;NOVA UNIAO;Conversão proibida;Colisão transversal;Com Vítimas Feridas;Pleno dia;Decrescente;Céu Claro;Dupla;"Reta;Retorno Regulamentado";-197.389.424;-4.355.688.756
25/08/2024;12:00:00;TRES LAGOAS;Acumulo de água sobre o pavimento;Saída de leito carroçável;Com Vítimas Feridas;Pleno dia;Crescente;Chuva;Simples;Curva;-2.059.634.182;-5.242.672.784
25/08/2024;13:40:00;TUBARAO;Manobra de mudança de faixa;Colisão traseira;Sem Vítimas;Pleno dia;Crescente;Céu Claro;Dupla;"Reta;Ponte";-2.848.154.562;-4.903.477.192
25/08/2024;13:30:00;JUQUITIBA;Pista Escorregadia;Colisão com objeto;Com Vítimas Feridas;Pleno dia;Decrescente;Garoa/Chuvisco;Dupla;Declive;-2.393.596.456;-4.707.098.892
25/08/2024;12:00:00;ESTIVA;Velocidade Incompatível;Saída de leito carroçável;Sem Vítimas;Pleno dia;Decrescente;Chuva;Dupla;Curva;-2.243.933.659;-4.598.467.827
25/08/2024;14:30:00;MAIRIPORA;Chuva;Tombamento;Com Vítimas Feridas;Pleno dia;Crescente;Chuva;Dupla;"Curva;Declive";-2.328.957.673;-4.658.729.853
25/08/2024;14:30:00;ITAPEVA;Chuva;Saída de leito carroçável;Com Vítimas Feridas;Pleno dia;Crescente;Chuva;Dupla;Curva;-2.277.434.834;-4.618.572.307
25/08/2024;15:25:00;ATALAIA;Acostamento em desnível;Saída de leito carroçável;Com Vítimas Feridas;Pleno dia;Crescente;Céu Claro;Simples;Curva;-950.727.405;-3.602.113.501
25/08/2024;15:00:00;BALNEARIO CAMBORIU;Condutor usando celular;Colisão transversal;Com Vítimas Feridas;Pleno dia;Crescente;Céu Claro;Simples;Declive;-2.700.218;-48.636.433
25/08/2024;15:00:00;ALFREDO WAGNER;Velocidade Incompatível;Saída de leito carroçável;Sem Vítimas;Pleno dia;Decrescente;Céu Claro;Simples;"Curva;Declive";-27.727.324;-49.360.542
25/08/2024;13:30:00;BARRA DO GARCAS;Velocidade Incompatível;Saída de leito carroçável;Com Vítimas Feridas;Pleno dia;Decrescente;Céu Claro;Simples;Reta;-1.575.017.401;-5.259.685.901
25/08/2024;13:43:00;FEIRA DE SANTANA;Velocidade Incompatível;Capotamento;Sem Vítimas;Pleno dia;Decrescente;Céu Claro;Dupla;"Declive;Reta";-1.233.921.226;-388.474.782
25/08/2024;17:27:00;ALHANDRA;Velocidade Incompatível;Saída de leito carroçável;Sem Vítimas;Pleno dia;Crescente;Céu Claro;Dupla;Interseção de Vias;-735.280.214;-3.494.934.624
25/08/2024;19:00:00;MATIAS BARBOSA;Iluminação deficiente;Saída de leito carroçável;Com Vítimas Feridas;Plena Noite;Crescente;Céu Claro;Dupla;"Curva;Retorno Regulamentado";-2.185.782.703;-4.337.661.004
25/08/2024;14:40:00;TUBARAO;Manobra de mudança de faixa;Colisão lateral mesmo sentido;Com Vítimas Feridas;Pleno dia;Crescente;Céu Claro;Dupla;"Curva;Declive";-2.845.567.521;-489.812.689
25/08/2024;16:15:00;SAO GONCALO DO AMARANTE;Manobra de mudança de faixa;Atropelamento de Pedestre;Com Vítimas Feridas;Pleno dia;Crescente;Céu Claro;Dupla;Reta;-575.570.118;-3.530.728.507
25/08/2024;18:55:00;ABREU E LIMA;Manobra de mudança de faixa;Colisão lateral mesmo sentido;Com Vítimas Feridas;Plena Noite;Crescente;Céu Claro;Múltipla;Reta;-791.455.656;-348.990.047
25/08/2024;18:45:00;PORTO VELHO;Frear bruscamente;Tombamento;Com Vítimas Feridas;Plena Noite;Crescente;Ignorado;Dupla;Reta;-8.766.685;-63.884.052
25/08/2024;18:33:00;RAFAEL FERNANDES;Ultrapassagem Indevida;Colisão lateral sentido oposto;Com Vítimas Feridas;Plena Noite;Decrescente;Céu Claro;Simples;"Reta;Declive";-617.538.396;-3.821.372.906
25/08/2024;17:30:00;VILA PROPICIO;Conversão proibida;Colisão transversal;Sem Vítimas;Plena Noite;Crescente;Céu Claro;Simples;Reta;-15.208.875;-48.697.312
25/08/2024;19:30:00;IBEMA;Conversão proibida;Colisão transversal;Com Vítimas Feridas;Plena Noite;Decrescente;Céu Claro;Simples;Reta;-2.511.202.586;-5.301.383.972
25/08/2024;20:00:00;RIO DE JANEIRO;Velocidade Incompatível;Colisão com objeto;Com Vítimas Fatais;Plena Noite;Decrescente;Chuva;Múltipla;Reta;-2.287.265.669;-4.360.655.915
25/08/2024;21:00:00;PINHALZINHO;Velocidade Incompatível;Saída de leito carroçável;Sem Vítimas;Plena Noite;Decrescente;Nublado;Simples;Curva;-26.832.605;-5.303.474
25/08/2024;22:15:00;ITABAIANA;Velocidade Incompatível;Colisão com objeto;Com Vítimas Feridas;Plena Noite;Crescente;Céu Claro;Simples;Declive;-10.739.394;-37.405.602
25/08/2024;20:00:00;PAPANDUVA;Velocidade Incompatível;Colisão com objeto;Sem Vítimas;Plena Noite;Decrescente;Céu Claro;Simples;"Curva;Declive";-2.638.519.214;-5.013.765.683
25/08/2024;21:00:00;ITABORAI;Chuva;Capotamento;Com Vítimas Feridas;Plena Noite;Decrescente;Chuva;Dupla;Reta;-2.276.365.068;-4.290.223.623
25/08/2024;22:20:00;PERITORO;Manobra de mudança de faixa;Colisão frontal;Com Vítimas Fatais;Plena Noite;Crescente;Céu Claro;Simples;Reta;-437.054;-44.340.851
25/08/2024;22:30:00;GUAPIMIRIM;Chuva;Colisão com objeto;Com Vítimas Feridas;Plena Noite;Crescente;Chuva;Múltipla;Reta;-2.267.551.484;-4.297.451.889
25/08/2024;22:45:00;MAGE;Animais na Pista;Atropelamento de Animal;Sem Vítimas;Plena Noite;Decrescente;Chuva;Simples;Reta;-2.266.151.289;-4.304.480.692
26/08/2024;00:02:00;AREIA BRANCA;Animais na Pista;Atropelamento de Animal;Com Vítimas Feridas;Plena Noite;Crescente;Céu Claro;Simples;Reta;-10.767.558;-37.328.533
26/08/2024;01:00:00;CANOAS;Acesso irregular;Colisão com objeto;Com Vítimas Feridas;Plena Noite;Decrescente;Céu Claro;Dupla;Reta;-2.995.942.501;-5.117.608.515
25/08/2024;18:26:00;TOLEDO;Velocidade Incompatível;Saída de leito carroçável;Com Vítimas Feridas;Anoitecer;Crescente;Céu Claro;Dupla;"Reta;Declive";-24.772.648;-53.684.278
26/08/2024;00:10:00;RIBAMAR FIQUENE;Manobra de mudança de faixa;Colisão frontal;Com Vítimas Fatais;Plena Noite;Decrescente;Céu Claro;Simples;Reta;-60.274;-4.738.271
26/08/2024;04:50:00;MACAIBA;Animais na Pista;Atropelamento de Animal;Com Vítimas Fatais;Amanhecer;Crescente;Céu Claro;Simples;Reta;-583.553.859;-3.528.918.711
26/08/2024;05:55:00;RIO CASCA;Velocidade Incompatível;Colisão transversal;Com Vítimas Feridas;Pleno dia;Crescente;Garoa/Chuvisco;Simples;Curva;-202.075.719;-4.267.303.285
26/08/2024;06:20:00;RIACHAO DO POCO;Acesso irregular;Colisão lateral mesmo sentido;Com Vítimas Feridas;Pleno dia;Decrescente;Céu Claro;Dupla;Reta;-71.807;-353.127
26/08/2024;07:35:00;RECIFE;Manobra de mudança de faixa;Colisão lateral mesmo sentido;Com Vítimas Feridas;Pleno dia;Decrescente;Sol;Dupla;Reta;-8.070.287;-34.951.263
26/08/2024;06:30:00;CANDIOTA;Animais na Pista;Atropelamento de Animal;Com Vítimas Fatais;Amanhecer;Crescente;Céu Claro;Simples;Reta;-3.139.675.406;-5.377.662.002
26/08/2024;06:15:00;PETROPOLIS;Velocidade Incompatível;Capotamento;Com Vítimas Feridas;Pleno dia;Crescente;Nublado;Dupla;"Curva;Declive";-2.255.193.866;-432.363.081
26/08/2024;03:00:00;BERURI;Pista Escorregadia;Tombamento;Com Vítimas Feridas;Plena Noite;Decrescente;Chuva;Simples;Reta;-531.207.581;-6.198.656.607
26/08/2024;01:20:00;JANGADA;Animais na Pista;Atropelamento de Animal;Sem Vítimas;Plena Noite;Crescente;Céu Claro;Simples;Reta;-1.519.309.101;-5.651.315.689
26/08/2024;09:00:00;RIO NEGRO;Desrespeitar a preferência no cruzamento;Colisão transversal;Com Vítimas Feridas;Pleno dia;Decrescente;Céu Claro;Simples;Interseção de Vias;-2.607.620.916;-4.975.230.908
26/08/2024;09:30:00;MACAE;Acumulo de água sobre o pavimento;Saída de leito carroçável;Com Vítimas Feridas;Pleno dia;Decrescente;Chuva;Simples;Reta;-2.228.567.504;-4.187.590.791
25/06/2024;07:50:00;NATAL;Manobra de mudança de faixa;Colisão traseira;Sem Vítimas;Pleno dia;Crescente;Sol;Múltipla;Reta;-583.176.615;-3.521.191.342
26/08/2024;08:20:00;BRASILIA;Manobra de mudança de faixa;Colisão lateral mesmo sentido;Com Vítimas Feridas;Pleno dia;Decrescente;Sol;Dupla;Reta;-15.658.386;-47.791.534
26/08/2024;07:10:00;SAPUCAIA;Pista Escorregadia;Colisão com objeto;Sem Vítimas;Pleno dia;Crescente;Chuva;Simples;Curva;-2.202.611.557;-4.277.434.143
26/08/2024;10:40:00;SANTOS DUMONT;Curva acentuada;Saída de leito carroçável;Com Vítimas Feridas;Pleno dia;Crescente;Garoa/Chuvisco;Simples;"Aclive;Curva";-2.139.953.901;-4.356.507.286
26/08/2024;10:10:00;CRISTIANO OTONI;Conversão proibida;Colisão transversal;Com Vítimas Feridas;Pleno dia;Decrescente;Nublado;Simples;"Reta;Declive";-2.078.886.969;-4.381.080.029
26/08/2024;11:45:00;FRANCISCO SA;Velocidade Incompatível;Saída de leito carroçável;Com Vítimas Feridas;Pleno dia;Crescente;Céu Claro;Simples;Curva;-166.553.239;-4.371.906.108
26/08/2024;11:30:00;PETROLINA;Conversão proibida;Colisão lateral mesmo sentido;Com Vítimas Feridas;Pleno dia;Crescente;Sol;Simples;"Interseção de Vias;Em Obras";-93.913.782;-4.051.923.037
26/08/2024;09:50:00;SANTA ROSA DO SUL;Manobra de mudança de faixa;Colisão lateral mesmo sentido;Com Vítimas Feridas;Pleno dia;Decrescente;Céu Claro;Múltipla;Reta;-2.915.289.482;-4.972.792.624
26/08/2024;12:40:00;ANAPOLIS;Pista Escorregadia;Tombamento;Com Vítimas Feridas;Pleno dia;Crescente;Céu Claro;Dupla;Rotatória;-16.298.529;-48.928.207
26/08/2024;13:20:00;MOSSORO;Conversão proibida;Colisão transversal;Com Vítimas Feridas;Pleno dia;Crescente;Céu Claro;Simples;Reta;-512.587.296;-3.734.293.919
26/08/2024;12:15:00;ERECHIM;Manobra de mudança de faixa;Colisão lateral mesmo sentido;Com Vítimas Feridas;Pleno dia;Decrescente;Céu Claro;Simples;Reta;-2.765.057.477;-5.225.569.725
22/07/2024;13:20:00;LAGES;Desrespeitar a preferência no cruzamento;Colisão transversal;Com Vítimas Feridas;Pleno dia;Crescente;Céu Claro;Simples;Interseção de Vias;-2.779.984.885;-5.036.332.675
26/08/2024;14:20:00;CABEDELO;Manobra de mudança de faixa;Colisão lateral mesmo sentido;Com Vítimas Feridas;Pleno dia;Crescente;Sol;Dupla;Reta;-70.772;-348.494
26/08/2024;14:50:00;RIO DE JANEIRO;Manobra de mudança de faixa;Colisão lateral mesmo sentido;Com Vítimas Feridas;Pleno dia;Decrescente;Céu Claro;Dupla;Reta;-2.288.537.839;-4.364.965.688
26/08/2024;14:40:00;MAUA DA SERRA;Velocidade Incompatível;Saída de leito carroçável;Com Vítimas Feridas;Pleno dia;Crescente;Céu Claro;Dupla;Curva;-2.394.255.214;-5.112.285.589
15/07/2024;05:10:00;QUEIMADAS;Ultrapassagem Indevida;Colisão frontal;Com Vítimas Fatais;Amanhecer;Decrescente;Céu Claro;Simples;Reta;-733.449.509;-3.589.813.347
11/08/2024;19:15:00;SERRA TALHADA;Manobra de mudança de faixa;Colisão lateral sentido oposto;Com Vítimas Feridas;Plena Noite;Decrescente;Céu Claro;Simples;Reta;-798.377.927;-383.208.774
26/08/2024;14:30:00;SEVERIANO DE ALMEIDA;Velocidade Incompatível;Saída de leito carroçável;Sem Vítimas;Pleno dia;Crescente;Sol;Simples;"Aclive;Curva";-2.743.436.534;-5.204.007.983
26/08/2024;16:20:00;BARRA MANSA;Restrição de visibilidade em curvas horizontais;Colisão traseira;Com Vítimas Feridas;Pleno dia;Decrescente;Céu Claro;Dupla;Curva;-2.251.669.896;-4.420.814.495
26/08/2024;16:45:00;FEIRA DE SANTANA;Velocidade Incompatível;Colisão traseira;Com Vítimas Feridas;Pleno dia;Crescente;Céu Claro;Dupla;Reta;-12.081.626;-389.693.841
26/08/2024;17:40:00;SAIRE;Animais na Pista;Atropelamento de Animal;Com Vítimas Feridas;Anoitecer;Decrescente;Céu Claro;Dupla;Reta;-822.728;-3.569.731
26/08/2024;09:40:00;MORMACO;Velocidade Incompatível;Engavetamento;Sem Vítimas;Pleno dia;Crescente;Céu Claro;Simples;Reta;-28.678.675;-52.603.878
26/08/2024;18:10:00;ATIBAIA;Conversão proibida;Colisão transversal;Com Vítimas Feridas;Plena Noite;Crescente;Céu Claro;Dupla;Reta;-2.323.727.986;-4.659.981.085
26/08/2024;17:00:00;JARDIM;Desrespeitar a preferência no cruzamento;Colisão transversal;Com Vítimas Feridas;Pleno dia;Decrescente;Céu Claro;Simples;Reta;-2.148.542.331;-5.615.040.947
26/08/2024;18:42:00;RECIFE;Manobra de mudança de faixa;Colisão traseira;Com Vítimas Feridas;Plena Noite;Decrescente;Céu Claro;Dupla;Reta;-8.042.334;-34.943.096
26/08/2024;19:00:00;PEIXE;Deficiência do Sistema de Iluminação/Sinalização;Colisão traseira;Com Vítimas Feridas;Plena Noite;Crescente;Céu Claro;Simples;Reta;-1.191.509.206;-4.872.088.604
26/08/2024;18:40:00;SAO JOAO DO RIO DO PEIXE;Animais na Pista;Atropelamento de Animal;Com Vítimas Fatais;Plena Noite;Decrescente;Céu Claro;Simples;Reta;-6.844.136;-38.382.595
26/08/2024;19:20:00;PIRIPIRI;Demais falhas na via;Queda de ocupante de veículo;Com Vítimas Feridas;Plena Noite;Decrescente;Céu Claro;Simples;Reta;-4.272.144;-41.761.505
24/08/2024;19:50:00;PRESIDENTE FIGUEIREDO;Acesso irregular;Colisão transversal;Com Vítimas Feridas;Plena Noite;Crescente;Céu Claro;Simples;Reta;-166.194.829;-6.017.527.948
26/08/2024;21:30:00;SANTA INES;Animais na Pista;Atropelamento de Animal;Com Vítimas Feridas;Plena Noite;Decrescente;Céu Claro;Simples;"Ponte;Reta";-3.681.815;-45.347.157
27/08/2024;06:30:00;MARINGA;Animais na Pista;Atropelamento de Animal;Com Vítimas Feridas;Pleno dia;Crescente;Céu Claro;Dupla;"Reta;Aclive";-2.340.058.741;-5.200.022.489
27/08/2024;05:30:00;SEROPEDICA;Acesso irregular;Atropelamento de Pedestre;Com Vítimas Feridas;Amanhecer;Decrescente;Céu Claro;Simples;Reta;-22.719.835;-43.725.739
27/08/2024;06:50:00;CORBELIA;Ultrapassagem Indevida;Colisão frontal;Com Vítimas Feridas;Pleno dia;Decrescente;Céu Claro;Simples;Reta;-247.166;-532.465
27/08/2024;07:55:00;VITORIA DA CONQUISTA;Conversão proibida;Colisão transversal;Com Vítimas Feridas;Pleno dia;Decrescente;Céu Claro;Simples;"Interseção de Vias;Reta";-14.902.369;-40.848.493
27/08/2024;07:40:00;SANTA TEREZA DO OESTE;Curva acentuada;Saída de leito carroçável;Com Vítimas Feridas;Pleno dia;Decrescente;Céu Claro;Dupla;Curva;-2.513.565.591;-5.358.359.882
19/08/2024;06:48:00;APUCARANA;Manobra de mudança de faixa;Colisão lateral mesmo sentido;Com Vítimas Feridas;Amanhecer;Crescente;Céu Claro;Dupla;"Interseção de Vias;Reta";-2.355.357.629;-5.144.632.459
31/07/2024;21:20:00;CABO DE SANTO AGOSTINHO;Animais na Pista;Atropelamento de Animal;Com Vítimas Feridas;Plena Noite;Decrescente;Céu Claro;Dupla;Reta;-826.025.316;-3.504.629.883
27/08/2024;11:15:00;GOIANIA;Manobra de mudança de faixa;Colisão traseira;Com Vítimas Feridas;Pleno dia;Crescente;Céu Claro;Dupla;Reta;-166.776;-492.314
25/08/2024;17:30:00;PORTO SEGURO;Conversão proibida;Colisão transversal;Sem Vítimas;Anoitecer;Decrescente;Céu Claro;Simples;Curva;-164.238.769;-3.910.203.391
27/08/2024;11:00:00;OURO PRETO;Ultrapassagem Indevida;Colisão lateral mesmo sentido;Com Vítimas Feridas;Pleno dia;Crescente;Céu Claro;Simples;Reta;-2.042.150.862;-438.800.127
27/08/2024;15:00:00;ARAUCARIA;Velocidade Incompatível;Colisão lateral sentido oposto;Sem Vítimas;Pleno dia;Crescente;Sol;Múltipla;"Reta;Aclive";-255.492.087;-49.338.192
27/08/2024;14:00:00;CAMPINA GRANDE DO SUL;Velocidade Incompatível;Colisão traseira;Com Vítimas Feridas;Pleno dia;Decrescente;Céu Claro;Dupla;Curva;-2.509.706.813;-4.865.517.895
27/08/2024;15:45:00;CASCAVEL;Manobra de mudança de faixa;Colisão lateral mesmo sentido;Com Vítimas Feridas;Pleno dia;Decrescente;Céu Claro;Dupla;"Declive;Reta";-249.770.857;-533.861.226
23/06/2024;17:23:00;SANTO AMARO DA IMPERATRIZ;Conversão proibida;Colisão traseira;Com Vítimas Feridas;Anoitecer;Decrescente;Céu Claro;Simples;Reta;-2.770.116;-48.800.175
27/08/2024;14:20:00;PIRIPIRI;Manobra de mudança de faixa;Colisão traseira;Com Vítimas Feridas;Pleno dia;Decrescente;Céu Claro;Simples;Reta;-425.889.335;-4.175.202.806
27/08/2024;11:50:00;BOA VISTA;Acumulo de água sobre o pavimento;Saída de leito carroçável;Com Vítimas Fatais;Pleno dia;Decrescente;Chuva;Simples;Reta;3.200.219;-60.835.611
27/08/2024;17:55:00;VITORIA DA CONQUISTA;Acumulo de areia ou detritos sobre o pavimento;Queda de ocupante de veículo;Com Vítimas Feridas;Anoitecer;Decrescente;Nevoeiro/Neblina;Dupla;Retorno Regulamentado;-14.861.189;-4.079.896
27/08/2024;17:20:00;ARARANGUA;Conversão proibida;Colisão transversal;Com Vítimas Feridas;Pleno dia;Decrescente;Céu Claro;Simples;Interseção de Vias;-2.895.849.284;-4.951.413.631
24/08/2024;13:20:00;LONDRINA;Chuva;Capotamento;Sem Vítimas;Pleno dia;Crescente;Chuva;Dupla;Reta;-2.329.275.363;-5.116.214.454
11/08/2024;22:59:00;BRASILIA;Manobra de mudança de faixa;Colisão lateral mesmo sentido;Com Vítimas Feridas;Plena Noite;Crescente;Céu Claro;Dupla;Reta;-15.794.133;-48.202.095
27/08/2024;20:00:00;PARANAGUA;Conversão proibida;Colisão transversal;Sem Vítimas;Plena Noite;Crescente;Céu Claro;Dupla;"Reta;Retorno Regulamentado";-2.556.380.488;-4.863.457.397
27/08/2024;19:20:00;ANAPOLIS;Animais na Pista;Queda de ocupante de veículo;Com Vítimas Feridas;Plena Noite;Crescente;Céu Claro;Dupla;"Reta;Declive";-1.629.265.436;-4.893.419.266
27/08/2024;16:45:00;FRONTEIRA;Afundamento ou ondulação no pavimento;Tombamento;Com Vítimas Feridas;Pleno dia;Crescente;Céu Claro;Simples;Reta;-2.028.330.203;-4.919.598.196
27/08/2024;19:00:00;CAMPO GRANDE;Ultrapassagem Indevida;Colisão frontal;Com Vítimas Feridas;Plena Noite;Crescente;Céu Claro;Dupla;Reta;-2.046.452.794;-5.455.291.421
27/08/2024;19:57:00;PORTO GRANDE;Pista Escorregadia;Saída de leito carroçável;Sem Vítimas;Plena Noite;Crescente;Chuva;Simples;Curva;0.56459771;-511.500.483
27/08/2024;22:40:00;SAO JOSE DOS CAMPOS;Manobra de mudança de faixa;Capotamento;Com Vítimas Feridas;Plena Noite;Crescente;Nublado;Dupla;Reta;-2.326.072.137;-4.595.179.176
27/08/2024;22:00:00;PERIQUITO;Animais na Pista;Atropelamento de Animal;Com Vítimas Fatais;Plena Noite;Decrescente;Céu Claro;Simples;Curva;-1.913.990.956;-422.213.803
28/08/2024;03:00:00;RECIFE;Animais na Pista;Atropelamento de Animal;Com Vítimas Feridas;Pleno dia;Decrescente;Céu Claro;Dupla;Reta;-806.776.119;-3.494.265.074
28/08/2024;05:00:00;PORTO VELHO;Conversão proibida;Colisão transversal;Com Vítimas Feridas;Plena Noite;Decrescente;Nublado;Múltipla;Reta;-8.784.831;-6.385.990.441
28/08/2024;06:30:00;SAO GONCALO;Manobra de mudança de faixa;Colisão lateral mesmo sentido;Com Vítimas Feridas;Pleno dia;Decrescente;Sol;Dupla;Reta;-2.279.115.777;-4.301.514.205
28/08/2024;04:00:00;NIOAQUE;Animais na Pista;Atropelamento de Animal;Com Vítimas Feridas;Plena Noite;Crescente;Céu Claro;Simples;Reta;-2.115.678.104;-5.584.975.897
28/08/2024;06:45:00;FAZENDA RIO GRANDE;Ultrapassagem Indevida;Colisão lateral mesmo sentido;Com Vítimas Feridas;Pleno dia;Decrescente;Céu Claro;Dupla;Reta;-25.625.538;-49.314.959
28/08/2024;06:30:00;DOMINGOS MARTINS;Desrespeitar a preferência no cruzamento;Colisão transversal;Com Vítimas Feridas;Amanhecer;Crescente;Céu Claro;Simples;Rotatória;-2.038.038.808;-4.063.351.035
28/08/2024;07:10:00;VILHENA;Manobra de mudança de faixa;Colisão transversal;Com Vítimas Feridas;Pleno dia;Crescente;Nublado;Simples;Interseção de Vias;-12.723.321;-6.012.801
28/08/2024;08:20:00;RIO LARGO;Manobra de mudança de faixa;Colisão lateral mesmo sentido;Com Vítimas Feridas;Pleno dia;Decrescente;Céu Claro;Dupla;Reta;-950.059.087;-3.581.127.569
28/08/2024;08:05:00;RIO GRANDE;Pista Escorregadia;Queda de ocupante de veículo;Com Vítimas Feridas;Pleno dia;Decrescente;Nevoeiro/Neblina;Simples;Curva;-3.211.099;-52.112.198
28/08/2024;08:05:00;MOSSORO;Manobra de mudança de faixa;Colisão traseira;Com Vítimas Feridas;Pleno dia;Decrescente;Céu Claro;Dupla;Reta;-51.914.673;-37.351.887
26/08/2024;09:00:00;BRASILIA;Manobra de mudança de faixa;Colisão traseira;Com Vítimas Feridas;Pleno dia;Decrescente;Céu Claro;Dupla;"Retorno Regulamentado;Reta";-15.787.066;-48.140.709
22/08/2024;17:55:00;PONTA PORA;Animais na Pista;Atropelamento de Animal;Com Vítimas Feridas;Anoitecer;Crescente;Vento;Simples;"Aclive;Reta";-2.256.428.726;-554.948.987
24/08/2024;06:40:00;FLORIANOPOLIS;Sinalização mal posicionada;Colisão traseira;Com Vítimas Feridas;Pleno dia;Decrescente;Céu Claro;Dupla;Reta;-27.602.955;-48.580.509
28/08/2024;13:30:00;MAIRIPORA;Animais na Pista;Engavetamento;Com Vítimas Feridas;Pleno dia;Crescente;Céu Claro;Dupla;Curva;-232.449.074;-4.659.562.343
28/08/2024;14:04:00;FEIRA DE SANTANA;Acesso irregular;Colisão transversal;Com Vítimas Feridas;Pleno dia;Decrescente;Céu Claro;Simples;Reta;-1.224.953.308;-3.893.362.525
28/08/2024;17:20:00;CAUCAIA;Manobra de mudança de faixa;Colisão traseira;Com Vítimas Feridas;Anoitecer;Crescente;Céu Claro;Dupla;Reta;-374.303.962;-3.861.511.946
28/08/2024;17:07:00;COLOMBO;Velocidade Incompatível;Saída de leito carroçável;Com Vítimas Feridas;Anoitecer;Decrescente;Nublado;Dupla;Reta;-25.370.745;-49.124.537
28/08/2024;14:15:00;CACIMBINHAS;Desrespeitar a preferência no cruzamento;Colisão transversal;Com Vítimas Feridas;Pleno dia;Decrescente;Céu Claro;Simples;Rotatória;-94.046.948;-3.699.317.598
28/08/2024;18:12:00;PETROLINA;Velocidade Incompatível;Atropelamento de Pedestre;Com Vítimas Feridas;Pleno dia;Decrescente;Céu Claro;Múltipla;Reta;-935.604.301;-4.047.854.198
28/08/2024;18:15:00;BRASILIA;Manobra de mudança de faixa;Colisão lateral mesmo sentido;Com Vítimas Feridas;Anoitecer;Crescente;Céu Claro;Dupla;Reta;-15.794.656;-48.096.779
28/08/2024;17:50:00;MONTES CLAROS DE GOIAS;Velocidade Incompatível;Saída de leito carroçável;Com Vítimas Feridas;Pleno dia;Crescente;Céu Claro;Simples;"Reta;Declive;Ponte";-1.593.515.252;-5.133.378.983
28/08/2024;18:20:00;JUPI;Iluminação deficiente;Colisão frontal;Com Vítimas Feridas;Plena Noite;Crescente;Céu Claro;Simples;Reta;-87.111.998;-364.199.245
28/08/2024;18:08:00;VITORIA DA CONQUISTA;Chuva;Queda de ocupante de veículo;Com Vítimas Feridas;Plena Noite;Decrescente;Chuva;Simples;Reta;-148.615.096;-4.087.532.043
28/08/2024;18:25:00;ITAQUIRAI;Animais na Pista;Atropelamento de Animal;Com Vítimas Feridas;Plena Noite;Decrescente;Céu Claro;Simples;Reta;-2.343.274.002;-5.420.588.915
28/08/2024;19:40:00;URUGUAIANA;Conversão proibida;Colisão frontal;Com Vítimas Feridas;Plena Noite;Crescente;Céu Claro;Simples;"Curva;Interseção de Vias;Aclive";-2.975.289.504;-5.699.389.997
28/08/2024;19:30:00;JATAIZINHO;Manobra de mudança de faixa;Colisão traseira;Com Vítimas Feridas;Plena Noite;Crescente;Céu Claro;Dupla;Reta;-2.328.125.305;-5.095.791.042
28/08/2024;15:43:00;CACERES;Frear bruscamente;Colisão traseira;Com Vítimas Feridas;Pleno dia;Crescente;Céu Claro;Simples;"Reta;Interseção de Vias";-1.614.892.769;-5.763.505.293
28/08/2024;18:50:00;GLORIA DOESTE;Ultrapassagem Indevida;Colisão lateral sentido oposto;Com Vítimas Feridas;Plena Noite;Crescente;Céu Claro;Simples;Reta;-1.581.510.729;-5.830.529.703
28/08/2024;20:25:00;JUIZ DE FORA;Animais na Pista;Atropelamento de Animal;Com Vítimas Feridas;Plena Noite;Decrescente;Céu Claro;Dupla;"Reta;Viaduto";-216.974.761;-4.345.105.916