data_inversa;horario;municipio;causa_acidente;tipo_acidente;classificacao_acidente;fase_dia;sentido_via;condicao_metereologica;tipo_pista;tracado_via;latitude;longitude
22/06/2024;16:15:00;APARECIDA DE GOIANIA;Manobra de mudança de faixa;Colisão traseira;Com Vítimas Feridas;Pleno dia;Crescente;Ignorado;Dupla;Reta;-167.451;-492.408
24/08/2024;11:10:00;FELIPE GUERRA;Demais falhas na via;Queda de ocupante de veículo;Com Vítimas Feridas;Pleno dia;Crescente;Céu Claro;Simples;Reta;-548.920.626;-3.769.623.864
28/08/2024;21:00:00;SAO JOSE;Falta de acostamento;Engavetamento;Com Vítimas Feridas;Plena Noite;Crescente;Céu Claro;Múltipla;Reta;-2.757.413.014;-4.861.363.083
29/08/2024;01:05:00;POUSO REDONDO;Manobra de mudança de faixa;Colisão frontal;Com Vítimas Feridas;Plena Noite;Crescente;Nublado;Simples;Reta;-27.252.682;-50.006.802
29/08/2024;06:10:00;JOAO PESSOA;Manobra de mudança de faixa;Colisão lateral mesmo sentido;Com Vítimas Feridas;Pleno dia;Decrescente;Céu Claro;Dupla;"Interseção de Vias;Reta";-71.651;-348.941
29/08/2024;05:30:00;SOUSA;Animais na Pista;Atropelamento de Animal;Com Vítimas Feridas;Pleno dia;Decrescente;Sol;Simples;Reta;-6.775.924;-38.192.514
29/08/2024;08:00:00;SERRA;Manobra de mudança de faixa;Colisão lateral mesmo sentido;Com Vítimas Feridas;Pleno dia;Decrescente;Nublado;Múltipla;Reta;-2.022.662.056;-4.027.075.088
29/08/2024;08:30:00;PETROLINA;Manobra de mudança de faixa;Colisão traseira;Com Vítimas Feridas;Pleno dia;Decrescente;Céu Claro;Dupla;"Reta;Retorno Regulamentado";-933.280.626;-4.046.631.575
29/08/2024;13:00:00;PARNAMIRIM;Pista Escorregadia;Tombamento;Com Vítimas Feridas;Pleno dia;Crescente;Céu Claro;Dupla;Túnel;-590.165.196;-3.525.928.517
29/08/2024;12:45:00;POMBOS;Manobra de mudança de faixa;Colisão transversal;Com Vítimas Feridas;Pleno dia;Crescente;Céu Claro;Dupla;Reta;-812.919.504;-3.535.716.398
29/08/2024;13:30:00;CANOAS;Manobra de mudança de faixa;Tombamento;Com Vítimas Feridas;Pleno dia;Decrescente;Céu Claro;Dupla;Reta;-2.989.950.167;-5.117.614.746
29/08/2024;13:20:00;BETIM;Velocidade Incompatível;Tombamento;Com Vítimas Feridas;Pleno dia;Crescente;Céu Claro;Dupla;Curva;-1.995.659.361;-4.412.622.893
29/08/2024;13:45:00;TUBARAO;Desrespeitar a preferência no cruzamento;Colisão transversal;Com Vítimas Feridas;Pleno dia;Decrescente;Nublado;Múltipla;"Interseção de Vias;Viaduto";-2.849.351.117;-4.904.178.985
29/08/2024;12:00:00;COLORADO DO OESTE;Ultrapassagem Indevida;Colisão transversal;Com Vítimas Feridas;Pleno dia;Crescente;Céu Claro;Simples;Reta;-1.312.928.032;-6.054.365.873
29/08/2024;13:20:00;RIBEIRA DO POMBAL;Acostamento em desnível;Queda de ocupante de veículo;Com Vítimas Feridas;Pleno dia;Crescente;Céu Claro;Simples;Reta;-1.082.231.943;-3.854.118.347
24/08/2024;06:30:00;FRANCISCO ALVES;Animais na Pista;Atropelamento de Animal;Sem Vítimas;Plena Noite;Crescente;Garoa/Chuvisco;Simples;Reta;-2.406.422.324;-5.384.166.312
13/08/2024;20:00:00;NOVA IGUACU;Manobra de mudança de faixa;Queda de ocupante de veículo;Com Vítimas Feridas;Plena Noite;Crescente;Céu Claro;Múltipla;Reta;-227.567.755;-4.343.107.234
29/08/2024;11:00:00;SAPUCAIA;Velocidade Incompatível;Saída de leito carroçável;Com Vítimas Feridas;Pleno dia;Crescente;Sol;Simples;"Aclive;Curva;Ponte";-2.196.021.372;-427.364.942
29/08/2024;16:20:00;GUARULHOS;Sinalização mal posicionada;Colisão lateral mesmo sentido;Com Vítimas Feridas;Pleno dia;Crescente;Céu Claro;Múltipla;"Declive;Em Obras;Reta";-2.349.659.264;-4.655.648.754
29/08/2024;12:00:00;SAO JOAO DE MERITI;Frear bruscamente;Colisão traseira;Sem Vítimas;Pleno dia;Crescente;Céu Claro;Dupla;Reta;-227.839.538;-4.338.195.488
29/08/2024;18:00:00;MORENO;Iluminação deficiente;Atropelamento de Pedestre;Com Vítimas Feridas;Plena Noite;Decrescente;Nublado;Dupla;"Reta;Retorno Regulamentado";-811.082.778;-3.520.125.807
29/08/2024;19:15:00;APODI;Manobra de mudança de faixa;Colisão lateral mesmo sentido;Com Vítimas Feridas;Plena Noite;Crescente;Céu Claro;Simples;Interseção de Vias;-567.531.095;-3.778.801.987
29/08/2024;19:45:00;LUZIANIA;Velocidade Incompatível;Colisão traseira;Com Vítimas Feridas;Plena Noite;Crescente;Céu Claro;Dupla;Reta;-16.145.123;-47.945.382
29/08/2024;20:20:00;GUARULHOS;Acesso irregular;Colisão com objeto;Com Vítimas Feridas;Plena Noite;Decrescente;Céu Claro;Múltipla;"Desvio Temporário;Em Obras;Reta";-2.346.472.809;-4.649.793.962
29/08/2024;19:30:00;FEIRA DE SANTANA;Conversão proibida;Colisão transversal;Com Vítimas Feridas;Plena Noite;Crescente;Garoa/Chuvisco;Simples;Reta;-1.223.220.397;-3.895.283.103
29/08/2024;19:10:00;IRAUCUBA;Animais na Pista;Atropelamento de Animal;Com Vítimas Feridas;Plena Noite;Decrescente;Céu Claro;Simples;Reta;-375.199.327;-3.998.592.198
07/07/2024;19:30:00;SAO JOAO DO ARAGUAIA;Velocidade Incompatível;Colisão traseira;Com Vítimas Feridas;Plena Noite;Crescente;Céu Claro;Simples;Reta;-545.190.108;-4.889.450.606
29/08/2024;21:20:00;CAMPOS DOS GOYTACAZES;Animais na Pista;Atropelamento de Animal;Com Vítimas Feridas;Plena Noite;Crescente;Céu Claro;Simples;Reta;-2.171.362.833;-411.635.068
29/08/2024;16:10:00;PRESIDENTE FIGUEIREDO;Pista esburacada;Saída de leito carroçável;Sem Vítimas;Pleno dia;Decrescente;Nublado;Simples;Reta;-104.365.891;-6.047.610.168
29/08/2024;21:30:00;RIO NEGRO;Animais na Pista;Atropelamento de Animal;Com Vítimas Feridas;Plena Noite;Crescente;Nublado;Simples;Declive;-2.606.998.593;-4.973.493.401
30/08/2024;00:15:00;XANXERE;Velocidade Incompatível;Colisão com objeto;Com Vítimas Feridas;Plena Noite;Decrescente;Céu Claro;Dupla;"Reta;Declive";-26.884.248;-52.408.395
27/06/2024;15:30:00;ITAGUAI;Manobra de mudança de faixa;Saída de leito carroçável;Com Vítimas Feridas;Pleno dia;Decrescente;Ignorado;Dupla;Reta;-2.286.787.912;-4.374.862.922
30/08/2024;06:50:00;CAETANOPOLIS;Acesso irregular;Colisão transversal;Com Vítimas Feridas;Pleno dia;Decrescente;Céu Claro;Dupla;"Reta;Declive";-19.353.756;-44.350.154
30/08/2024;06:00:00;CACAPAVA;Manobra de mudança de faixa;Colisão traseira;Com Vítimas Feridas;Pleno dia;Decrescente;Céu Claro;Múltipla;Reta;-2.312.742.083;-4.573.636.609
30/08/2024;08:10:00;BETIM;Manobra de mudança de faixa;Colisão lateral mesmo sentido;Com Vítimas Feridas;Pleno dia;Decrescente;Céu Claro;Dupla;Reta;-1.997.245.545;-4.429.894.567
30/08/2024;07:30:00;MARINGA;Manobra de mudança de faixa;Colisão traseira;Com Vítimas Feridas;Pleno dia;Crescente;Céu Claro;Dupla;Reta;-2.342.233.777;-5.190.408.111
30/08/2024;08:00:00;SAO JOSE;Manobra de mudança de faixa;Colisão lateral mesmo sentido;Com Vítimas Feridas;Pleno dia;Decrescente;Céu Claro;Dupla;Reta;-27.588.425;-48.612.919
30/08/2024;09:10:00;CARANDAI;Conversão proibida;Colisão transversal;Com Vítimas Feridas;Pleno dia;Decrescente;Céu Claro;Simples;"Interseção de Vias;Curva";-2.095.523.902;-4.379.141.328
30/08/2024;06:45:00;ATIBAIA;Velocidade Incompatível;Queda de ocupante de veículo;Com Vítimas Feridas;Pleno dia;Decrescente;Céu Claro;Dupla;Reta;-2.306.461.405;-4.657.048.121
30/08/2024;08:10:00;CHAPECO;Acesso irregular;Colisão traseira;Com Vítimas Feridas;Pleno dia;Decrescente;Céu Claro;Simples;"Aclive;Interseção de Vias;Reta";-2.700.359.519;-5.264.391.044
30/08/2024;12:45:00;TIBAGI;Velocidade Incompatível;Tombamento;Com Vítimas Feridas;Pleno dia;Crescente;Céu Claro;Dupla;"Declive;Curva";-24.877.613;-50.442.266
02/06/2024;17:00:00;ICARAIMA;Velocidade Incompatível;Queda de ocupante de veículo;Com Vítimas Feridas;Pleno dia;Decrescente;Céu Claro;Simples;Reta;-2.351.822.074;-5.346.823.461
30/08/2024;15:00:00;CARATINGA;Conversão proibida;Colisão transversal;Com Vítimas Feridas;Pleno dia;Crescente;Céu Claro;Simples;Curva;-1.974.300.101;-4.213.231.969
30/08/2024;16:00:00;IGARATINGA;Animais na Pista;Saída de leito carroçável;Com Vítimas Feridas;Pleno dia;Decrescente;Céu Claro;Dupla;Reta;-1.989.668.113;-4.465.663.188
30/08/2024;14:36:00;CODO;Manobra de mudança de faixa;Colisão frontal;Com Vítimas Feridas;Pleno dia;Crescente;Céu Claro;Simples;Reta;-4.518.064;-4.405.735
30/08/2024;16:40:00;BIGUACU;Acumulo de areia ou detritos sobre o pavimento;Tombamento;Com Vítimas Feridas;Pleno dia;Decrescente;Céu Claro;Dupla;Rotatória;-274.946;-486.561
30/08/2024;16:45:00;SAO PAULO;Manobra de mudança de faixa;Colisão lateral mesmo sentido;Com Vítimas Feridas;Pleno dia;Crescente;Céu Claro;Múltipla;Reta;-2.347.469.314;-4.656.112.919
30/08/2024;17:20:00;GUARULHOS;Manobra de mudança de faixa;Colisão lateral mesmo sentido;Com Vítimas Feridas;Pleno dia;Crescente;Céu Claro;Múltipla;Reta;-2.345.056.589;-4.646.258.105
30/08/2024;15:53:00;DUQUE DE CAXIAS;Manobra de mudança de faixa;Colisão lateral mesmo sentido;Com Vítimas Feridas;Pleno dia;Decrescente;Céu Claro;Múltipla;Reta;-22.779.423;-43.285.608
30/08/2024;15:55:00;SARANDI;Velocidade Incompatível;Colisão transversal;Com Vítimas Feridas;Pleno dia;Decrescente;Nublado;Simples;Curva;-2.804.054.638;-528.728.199
30/08/2024;17:45:00;VITORIA DA CONQUISTA;Iluminação deficiente;Colisão transversal;Com Vítimas Feridas;Plena Noite;Crescente;Céu Claro;Simples;"Reta;Declive";-1.485.785.935;-4.087.841.034
30/08/2024;18:50:00;PORTO ALEGRE;Manobra de mudança de faixa;Colisão traseira;Com Vítimas Feridas;Plena Noite;Decrescente;Nublado;Dupla;Reta;-30.033.535;-51.230.453
30/08/2024;17:50:00;MURIAE;Acesso irregular;Colisão lateral mesmo sentido;Com Vítimas Feridas;Anoitecer;Crescente;Céu Claro;Simples;Reta;-2.112.690.881;-4.234.244.401
30/08/2024;18:55:00;CONDE;Pista esburacada;Colisão traseira;Com Vítimas Feridas;Plena Noite;Decrescente;Céu Claro;Dupla;"Em Obras;Reta";-721.483.297;-349.117.521
30/08/2024;18:25:00;EXTREMOZ;Ultrapassagem Indevida;Colisão frontal;Com Vítimas Feridas;Plena Noite;Decrescente;Céu Claro;Simples;"Reta;Aclive";-569.866.248;-3.526.316.835
14/08/2024;23:00:00;CUNHA PORA;Velocidade Incompatível;Saída de leito carroçável;Com Vítimas Fatais;Plena Noite;Decrescente;Céu Claro;Simples;"Em Obras;Reta;Declive";-2.682.020.702;-5.318.127.085
30/08/2024;20:30:00;SERRA;Manobra de mudança de faixa;Colisão lateral mesmo sentido;Com Vítimas Feridas;Plena Noite;Crescente;Céu Claro;Dupla;Reta;-2.020.788.726;-403.133.509
30/08/2024;20:21:00;FORTALEZA;Curva acentuada;Colisão frontal;Com Vítimas Feridas;Plena Noite;Crescente;Céu Claro;Simples;Curva;-381.073.099;-3.850.074.867
30/08/2024;18:10:00;PORTO SEGURO;Deficiência do Sistema de Iluminação/Sinalização;Colisão traseira;Com Vítimas Feridas;Plena Noite;Crescente;Céu Claro;Simples;Reta;-163.736.741;-3.930.925.369
30/08/2024;21:30:00;GURUPI;Conversão proibida;Colisão transversal;Com Vítimas Feridas;Plena Noite;Crescente;Céu Claro;Simples;"Reta;Em Obras";-1.175.312.428;-4.909.074.565
30/08/2024;19:40:00;FEIRA DE SANTANA;Chuva;Tombamento;Com Vítimas Feridas;Plena Noite;Decrescente;Chuva;Dupla;Reta;-12.274.854;-3.893.199.089
31/08/2024;00:30:00;PALHOCA;Velocidade Incompatível;Colisão com objeto;Com Vítimas Feridas;Plena Noite;Decrescente;Nublado;Múltipla;Reta;-2.765.184.843;-4.867.604.941
31/08/2024;04:10:00;PORTO ALEGRE;Ausência de sinalização;Colisão lateral mesmo sentido;Sem Vítimas;Plena Noite;Decrescente;Céu Claro;Múltipla;Reta;-29.968.319;-51.157.398
30/08/2024;23:20:00;SANTO ESTEVAO;Demais falhas na via;Tombamento;Com Vítimas Feridas;Plena Noite;Crescente;Chuva;Dupla;"Reta;Declive";-124.225;-392.016
31/08/2024;06:45:00;SALGUEIRO;Desrespeitar a preferência no cruzamento;Colisão transversal;Com Vítimas Feridas;Pleno dia;Crescente;Céu Claro;Simples;Reta;-806.274.578;-3.912.400.961
31/08/2024;09:00:00;MACAPA;Acesso irregular;Colisão lateral mesmo sentido;Com Vítimas Feridas;Pleno dia;Decrescente;Céu Claro;Dupla;Reta;0.08282017;-5.107.776.189
31/08/2024;08:30:00;SEABRA;Ultrapassagem Indevida;Queda de ocupante de veículo;Com Vítimas Feridas;Pleno dia;Decrescente;Nublado;Simples;Reta;-1.247.613.698;-4.171.538.303
31/08/2024;08:21:00;SAO JOSE DOS CAMPOS;Manobra de mudança de faixa;Colisão lateral mesmo sentido;Com Vítimas Feridas;Pleno dia;Crescente;Céu Claro;Dupla;Reta;-2.316.153.216;-4.580.400.592
30/08/2024;20:30:00;COMODORO;Velocidade Incompatível;Saída de leito carroçável;Com Vítimas Feridas;Pleno dia;Crescente;Céu Claro;Simples;Reta;-1.350.335.995;-5.983.626.371
30/08/2024;12:55:00;HUMAITA;Acumulo de areia ou detritos sobre o pavimento;Saída de leito carroçável;Sem Vítimas;Pleno dia;Decrescente;Céu Claro;Simples;Reta;-756.154.522;-6.282.003.098
31/08/2024;12:50:00;VITORIA DA CONQUISTA;Manobra de mudança de faixa;Queda de ocupante de veículo;Com Vítimas Feridas;Pleno dia;Decrescente;Céu Claro;Simples;Curva;-1.483.075;-4.083.687
31/08/2024;11:25:00;PIRACURUCA;Manobra de mudança de faixa;Colisão traseira;Com Vítimas Feridas;Pleno dia;Decrescente;Sol;Dupla;"Reta;Retorno Regulamentado";-392.065;-41.712.273
31/08/2024;11:15:00;SAO PAULO;Velocidade Incompatível;Colisão com objeto;Com Vítimas Feridas;Pleno dia;Crescente;Céu Claro;Simples;Curva;-2.345.930.499;-4.657.161.179
31/08/2024;04:00:00;CASCAVEL;Manobra de mudança de faixa;Saída de leito carroçável;Sem Vítimas;Plena Noite;Decrescente;Céu Claro;Múltipla;"Declive;Interseção de Vias;Reta";-2.496.684.176;-5.340.258.186
31/08/2024;14:15:00;IGARAPE;Desrespeitar a preferência no cruzamento;Colisão transversal;Com Vítimas Feridas;Pleno dia;Decrescente;Sol;Múltipla;Rotatória;-2.007.417.758;-4.430.130.386
31/08/2024;13:30:00;JANIOPOLIS;Velocidade Incompatível;Saída de leito carroçável;Com Vítimas Fatais;Pleno dia;Crescente;Sol;Simples;Curva;-2.413.170.834;-5.280.741.705
31/08/2024;15:20:00;CASCAVEL;Acesso irregular;Colisão lateral mesmo sentido;Com Vítimas Feridas;Pleno dia;Decrescente;Céu Claro;Simples;Reta;-248.326;-533.005
31/08/2024;15:00:00;LAJEDO;Ultrapassagem Indevida;Colisão transversal;Com Vítimas Feridas;Pleno dia;Decrescente;Céu Claro;Simples;Reta;-865.805.731;-3.632.866.993
31/08/2024;13:50:00;VILHENA;Conversão proibida;Colisão transversal;Com Vítimas Feridas;Pleno dia;Crescente;Céu Claro;Simples;Reta;-1.273.672.751;-6.014.804.088
31/08/2024;16:25:00;CAMPINA GRANDE DO SUL;Velocidade Incompatível;Saída de leito carroçável;Com Vítimas Feridas;Pleno dia;Crescente;Nevoeiro/Neblina;Dupla;"Curva;Declive";-250.629.651;-485.697.392
31/08/2024;15:55:00;FLORES DE GOIAS;Ultrapassagem Indevida;Colisão lateral sentido oposto;Com Vítimas Feridas;Pleno dia;Crescente;Céu Claro;Simples;Curva;-1.484.403;-46.738.926
31/08/2024;17:30:00;TERRA ROXA;Velocidade Incompatível;Saída de leito carroçável;Com Vítimas Feridas;Pleno dia;Decrescente;Céu Claro;Simples;"Declive;Curva";-2.440.262.531;-5.415.584.277
31/08/2024;17:45:00;CAMPO MOURAO;Manobra de mudança de faixa;Colisão transversal;Com Vítimas Feridas;Anoitecer;Crescente;Céu Claro;Simples;"Aclive;Reta";-2.403.898.208;-5.240.911.903
31/08/2024;19:20:00;CACAPAVA DO SUL;Animais na Pista;Atropelamento de Animal;Com Vítimas Feridas;Plena Noite;Crescente;Nublado;Simples;Reta;-3.062.502.704;-5.339.522.614
31/08/2024;20:00:00;PAPANDUVA;Acesso irregular;Colisão transversal;Com Vítimas Feridas;Plena Noite;Crescente;Céu Claro;Simples;Reta;-26.390.938;-50.148.633
31/08/2024;18:50:00;OCAUCU;Ultrapassagem Indevida;Colisão lateral sentido oposto;Com Vítimas Feridas;Plena Noite;Crescente;Céu Claro;Simples;Reta;-2.236.820.795;-4.987.888.297
31/08/2024;20:50:00;CRISTIANO OTONI;Animais na Pista;Atropelamento de Animal;Com Vítimas Feridas;Plena Noite;Crescente;Céu Claro;Simples;Reta;-2.081.734.393;-4.381.138.816
31/08/2024;16:30:00;SALOA;Ultrapassagem Indevida;Colisão traseira;Com Vítimas Fatais;Pleno dia;Decrescente;Céu Claro;Simples;"Reta;Aclive";-895.879.207;-3.677.357.799
31/08/2024;21:35:00;BARRA DO PIRAI;Desrespeitar a preferência no cruzamento;Colisão transversal;Com Vítimas Feridas;Plena Noite;Crescente;Ignorado;Simples;Interseção de Vias;-2.245.028.541;-437.987.758
31/08/2024;22:45:00;NOVA ERA;Velocidade Incompatível;Saída de leito carroçável;Com Vítimas Feridas;Plena Noite;Crescente;Céu Claro;Dupla;Curva;-1.976.099.646;-430.362.466
31/08/2024;21:45:00;NOVA OLINDA DO MARANHAO;Velocidade Incompatível;Saída de leito carroçável;Com Vítimas Feridas;Plena Noite;Crescente;Céu Claro;Simples;Declive;-2.878.067;-45.685.135
31/08/2024;21:24:00;BRASILIA;Velocidade Incompatível;Saída de leito carroçável;Com Vítimas Fatais;Plena Noite;Crescente;Céu Claro;Dupla;Reta;-157.995.008;-4.807.531.357
31/08/2024;23:10:00;OROCO;Animais na Pista;Atropelamento de Animal;Com Vítimas Feridas;Plena Noite;Crescente;Céu Claro;Simples;Declive;-859.910.801;-3.959.480.498
31/08/2024;23:50:00;NOSSA SENHORA DO SOCORRO;Animais na Pista;Queda de ocupante de veículo;Com Vítimas Feridas;Plena Noite;Decrescente;Nublado;Dupla;Reta;-1.088.051.024;-3.713.355.535
01/09/2024;01:00:00;RIO PARDO;Demais falhas na via;Tombamento;Com Vítimas Feridas;Plena Noite;Crescente;Céu Claro;Simples;Reta;-3.011.973.978;-5.236.839.294
01/09/2024;02:30:00;APUCARANA;Velocidade Incompatível;Queda de ocupante de veículo;Com Vítimas Feridas;Plena Noite;Decrescente;Céu Claro;Dupla;Curva;-2.358.184.832;-5.143.366.909
31/08/2024;23:50:00;ENGENHEIRO CALDAS;Velocidade Incompatível;Saída de leito carroçável;Com Vítimas Feridas;Plena Noite;Crescente;Céu Claro;Simples;Reta;-19.175.292;-42.035.167
01/09/2024;06:30:00;SAO JOSE DOS CAMPOS;Conversão proibida;Colisão traseira;Com Vítimas Feridas;Pleno dia;Decrescente;Céu Claro;Dupla;Reta;-231.869.844;-458.548.078
31/08/2024;21:13:00;PALMEIRA DOS INDIOS;Velocidade Incompatível;Atropelamento de Pedestre;Com Vítimas Fatais;Plena Noite;Crescente;Céu Claro;Simples;"Reta;Viaduto";-9.428.287;-36.636.722
01/09/2024;06:20:00;SAPUCAIA;Acesso irregular;Colisão lateral mesmo sentido;Com Vítimas Feridas;Pleno dia;Decrescente;Céu Claro;Simples;Reta;-2.199.811.503;-4.292.231.799
01/09/2024;07:00:00;MADALENA;Velocidade Incompatível;Saída de leito carroçável;Com Vítimas Fatais;Pleno dia;Decrescente;Céu Claro;Simples;"Curva;Declive";-487.758.324;-3.960.270.982
01/09/2024;10:30:00;ITABIRITO;Acumulo de areia ou detritos sobre o pavimento;Tombamento;Com Vítimas Feridas;Pleno dia;Crescente;Céu Claro;Simples;Reta;-2.026.485.707;-439.573.481
01/09/2024;09:40:00;PETROLINA;Conversão proibida;Colisão transversal;Com Vítimas Feridas;Pleno dia;Decrescente;Céu Claro;Múltipla;"Reta;Interseção de Vias";-938.431.414;-4.051.917.531
01/09/2024;10:00:00;GUARAPUAVA;Conversão proibida;Colisão transversal;Com Vítimas Feridas;Pleno dia;Decrescente;Céu Claro;Simples;Reta;-2.535.756.121;-513.588.953
01/09/2024;10:26:00;ESTEIO;Manobra de mudança de faixa;Colisão lateral mesmo sentido;Sem Vítimas;Pleno dia;Crescente;Céu Claro;Dupla;Rotatória;-2.985.262.195;-5.117.968.329
01/09/2024;11:36:00;RIO NEGRINHO;Acesso irregular;Colisão transversal;Sem Vítimas;Pleno dia;Crescente;Céu Claro;Simples;Reta;-2.626.519.673;-49.434.177
01/09/2024;12:00:00;SAO PAULO;Estacionar ou parar em local proibido;Colisão traseira;Sem Vítimas;Pleno dia;Crescente;Céu Claro;Dupla;"Aclive;Curva";-2.340.319.901;-4.657.564.699
01/09/2024;11:30:00;GUAPIMIRIM;Ultrapassagem Indevida;Colisão frontal;Com Vítimas Feridas;Pleno dia;Decrescente;Céu Claro;Simples;Curva;-2.248.285.706;-4.299.723.936
01/09/2024;12:10:00;SAO GONCALO;Manobra de mudança de faixa;Colisão traseira;Com Vítimas Feridas;Pleno dia;Crescente;Céu Claro;Simples;Reta;-2.278.913.759;-4.300.550.909
01/09/2024;13:45:00;SAO JOSE DOS PINHAIS;Manobra de mudança de faixa;Colisão traseira;Com Vítimas Feridas;Pleno dia;Decrescente;Céu Claro;Múltipla;Curva;-25.560.913;-4.915.174
01/09/2024;12:15:00;NOVA PETROPOLIS;Velocidade Incompatível;Queda de ocupante de veículo;Com Vítimas Fatais;Pleno dia;Crescente;Céu Claro;Simples;"Curva;Aclive";-293.886.629;-5.112.565.041
01/09/2024;14:05:00;SILVEIRAS;Curva acentuada;Tombamento;Com Vítimas Fatais;Pleno dia;Crescente;Sol;Dupla;Curva;-2.262.396.436;-4.491.046.386
01/09/2024;14:00:00;ARCOVERDE;Ultrapassagem Indevida;Colisão frontal;Com Vítimas Feridas;Pleno dia;Decrescente;Céu Claro;Simples;Reta;-8.428.903;-37.059.719
01/09/2024;14:00:00;MURIAE;Manobra de mudança de faixa;Colisão com objeto;Com Vítimas Feridas;Pleno dia;Decrescente;Sol;Simples;"Aclive;Reta";-21.062.223;-42.366.087
01/09/2024;15:20:00;TEOLANDIA;Velocidade Incompatível;Saída de leito carroçável;Com Vítimas Fatais;Pleno dia;Decrescente;Nublado;Simples;Curva;-1.359.995.935;-3.948.930.397
01/09/2024;18:20:00;ITAPEMA;Manobra de mudança de faixa;Colisão lateral mesmo sentido;Com Vítimas Feridas;Plena Noite;Decrescente;Céu Claro;Dupla;Reta;-270.732.659;-4.859.672.716
01/09/2024;15:30:00;IMBITUVA;Velocidade Incompatível;Saída de leito carroçável;Com Vítimas Feridas;Pleno dia;Decrescente;Céu Claro;Simples;Curva;-2.536.657.176;-5.063.158.176
01/09/2024;13:35:00;GOIANIA;Velocidade Incompatível;Queda de ocupante de veículo;Com Vítimas Feridas;Pleno dia;Crescente;Céu Claro;Dupla;Reta;-165.959;-491.965
01/09/2024;19:00:00;DOM ELISEU;Ausência de sinalização;Atropelamento de Pedestre;Com Vítimas Feridas;Plena Noite;Decrescente;Céu Claro;Simples;Reta;-4.339.688;-4.776.602
01/09/2024;18:21:00;TANGARA;Animais na Pista;Atropelamento de Animal;Com Vítimas Feridas;Plena Noite;Decrescente;Céu Claro;Simples;Reta;-618.392.073;-3.577.550.021
01/09/2024;19:00:00;SEROPEDICA;Animais na Pista;Atropelamento de Animal;Com Vítimas Feridas;Plena Noite;Decrescente;Nublado;Dupla;Reta;-2.278.156.278;-4.375.305.176
01/09/2024;18:55:00;SANTIAGO;Desrespeitar a preferência no cruzamento;Colisão transversal;Com Vítimas Feridas;Plena Noite;Crescente;Céu Claro;Simples;"Aclive;Interseção de Vias;Reta";-2.923.311.256;-5.483.640.075
01/09/2024;20:10:00;AGRESTINA;Velocidade Incompatível;Queda de ocupante de veículo;Com Vítimas Feridas;Plena Noite;Crescente;Céu Claro;Simples;Reta;-8.438.719;-35.955.177
01/09/2024;19:00:00;TIO HUGO;Conversão proibida;Colisão frontal;Com Vítimas Feridas;Plena Noite;Decrescente;Céu Claro;Simples;"Reta;Declive";-2.857.827.533;-5.259.708.881
01/09/2024;16:00:00;UBERLANDIA;Animais na Pista;Tombamento;Com Vítimas Feridas;Pleno dia;Decrescente;Céu Claro;Dupla;Reta;-190.137.791;-482.072.524
12/08/2024;23:00:00;RIO BRANCO;Manobra de mudança de faixa;Colisão transversal;Com Vítimas Feridas;Plena Noite;Decrescente;Ignorado;Dupla;Reta;-998.368.613;-6.784.642.339
01/09/2024;20:50:00;ITAJUIPE;Velocidade Incompatível;Capotamento;Com Vítimas Feridas;Plena Noite;Crescente;Céu Claro;Simples;Reta;-14.681.381;-39.361.068
01/09/2024;20:00:00;SABARA;Conversão proibida;Colisão transversal;Com Vítimas Feridas;Plena Noite;Crescente;Céu Claro;Simples;"Reta;Declive";-1.984.339.604;-4.388.596.993
01/09/2024;21:50:00;MACAPA;Acesso irregular;Colisão lateral mesmo sentido;Com Vítimas Feridas;Plena Noite;Decrescente;Céu Claro;Múltipla;Retorno Regulamentado;0.07816717;-5.106.998.693
01/09/2024;20:00:00;ITAPEMA;Manobra de mudança de faixa;Colisão lateral mesmo sentido;Com Vítimas Feridas;Plena Noite;Decrescente;Nublado;Múltipla;Reta;-2.710.123.686;-4.861.807.962
01/09/2024;22:00:00;CURITIBA;Acesso irregular;Saída de leito carroçável;Com Vítimas Feridas;Plena Noite;Decrescente;Céu Claro;Dupla;Reta;-2.556.513.636;-4.924.675.108
01/09/2024;23:07:00;ARAPONGAS;Velocidade Incompatível;Tombamento;Com Vítimas Fatais;Plena Noite;Crescente;Nublado;Simples;Curva;-23.404.849;-514.284.627
02/09/2024;05:35:00;SAO MIGUEL DO IGUACU;Manobra de mudança de faixa;Colisão traseira;Com Vítimas Feridas;Amanhecer;Crescente;Céu Claro;Dupla;Reta;-2.537.728.075;-5.427.853.715
02/09/2024;05:00:00;RIO DE JANEIRO;Manobra de mudança de faixa;Colisão lateral mesmo sentido;Com Vítimas Feridas;Amanhecer;Decrescente;Nublado;Múltipla;"Reta;Ponte";-2.287.133.305;-4.320.407.695
02/09/2024;08:10:00;SAO JOAO DE MERITI;Condutor usando celular;Atropelamento de Pedestre;Com Vítimas Feridas;Pleno dia;Decrescente;Céu Claro;Dupla;Reta;-227.839.538;-4.338.195.488
02/09/2024;08:10:00;JOAO PESSOA;Pista Escorregadia;Tombamento;Com Vítimas Feridas;Pleno dia;Crescente;Chuva;Dupla;"Reta;Declive";-71.198;-348.453