data_inversa;horario;municipio;causa_acidente;tipo_acidente;classificacao_acidente;fase_dia;sentido_via;condicao_metereologica;tipo_pista;tracado_via;latitude;longitude
02/09/2024;03:30:00;CASIMIRO DE ABREU;Fumaça;Colisão traseira;Com Vítimas Feridas;Plena Noite;Decrescente;Garoa/Chuvisco;Dupla;Reta;-2.247.879.216;-4.215.282.907
02/09/2024;07:10:00;GUAPIMIRIM;Pista Escorregadia;Saída de leito carroçável;Com Vítimas Feridas;Pleno dia;Decrescente;Céu Claro;Dupla;"Curva;Aclive";-2.250.841.847;-4.299.821.493
02/09/2024;08:15:00;IRATI;Acesso irregular;Colisão frontal;Com Vítimas Feridas;Pleno dia;Crescente;Céu Claro;Simples;"Reta;Interseção de Vias";-2.549.753.795;-5.064.815.515
02/09/2024;09:00:00;BALNEARIO CAMBORIU;Ultrapassagem Indevida;Colisão lateral mesmo sentido;Com Vítimas Feridas;Pleno dia;Decrescente;Sol;Múltipla;Reta;-270.157.238;-4.861.192.763
02/09/2024;09:00:00;PRIMAVERA DO LESTE;Desrespeitar a preferência no cruzamento;Colisão transversal;Com Vítimas Feridas;Pleno dia;Crescente;Céu Claro;Simples;"Reta;Interseção de Vias";-155.628.096;-542.970.162
05/08/2024;16:51:00;CAMPO GRANDE;Animais na Pista;Atropelamento de Animal;Com Vítimas Feridas;Anoitecer;Crescente;Céu Claro;Simples;Curva;-2.056.572.179;-5.460.345.188
02/09/2024;11:10:00;CANAPOLIS;Velocidade Incompatível;Saída de leito carroçável;Com Vítimas Feridas;Pleno dia;Crescente;Sol;Dupla;Reta;-1.870.335.014;-4.914.238.824
02/09/2024;10:00:00;SALVADOR;Pista esburacada;Queda de ocupante de veículo;Com Vítimas Feridas;Pleno dia;Decrescente;Céu Claro;Múltipla;Reta;-1.292.628.699;-3.846.838.679
02/09/2024;09:45:00;ANGRA DOS REIS;Ultrapassagem Indevida;Colisão lateral sentido oposto;Com Vítimas Feridas;Pleno dia;Decrescente;Nublado;Simples;Curva;-2.295.738;-44.307.782
02/09/2024;11:00:00;VOLTA REDONDA;Ultrapassagem Indevida;Colisão com objeto;Com Vítimas Feridas;Pleno dia;Decrescente;Céu Claro;Simples;Curva;-2.247.341.979;-4.405.990.606
02/09/2024;12:28:00;LUZIANIA;Conversão proibida;Colisão transversal;Com Vítimas Feridas;Pleno dia;Crescente;Sol;Dupla;"Retorno Regulamentado;Reta";-16.131.315;-4.795.785
02/09/2024;11:55:00;TUBARAO;Manobra de mudança de faixa;Colisão lateral mesmo sentido;Com Vítimas Feridas;Pleno dia;Decrescente;Céu Claro;Múltipla;Reta;-2.844.404.822;-4.896.611.372
02/09/2024;12:00:00;ARAQUARI;Acesso irregular;Queda de ocupante de veículo;Com Vítimas Feridas;Pleno dia;Crescente;Céu Claro;Múltipla;Curva;-2.647.135.714;-4.874.457.217
02/09/2024;15:30:00;VIANA;Velocidade Incompatível;Colisão com objeto;Sem Vítimas;Pleno dia;Crescente;Céu Claro;Simples;Reta;-2.038.635.961;-4.047.272.969
02/09/2024;14:10:00;JARU;Desrespeitar a preferência no cruzamento;Colisão transversal;Com Vítimas Feridas;Pleno dia;Crescente;Céu Claro;Simples;"Reta;Interseção de Vias";-10.432.443;-62.479.584
02/09/2024;16:00:00;LAVRINHAS;Ultrapassagem Indevida;Colisão lateral mesmo sentido;Com Vítimas Feridas;Pleno dia;Crescente;Céu Claro;Simples;Curva;-2.258.368.521;-4.487.772.952
02/09/2024;11:40:00;JACAREI;Pista Escorregadia;Colisão com objeto;Com Vítimas Feridas;Pleno dia;Não Informado;Céu Claro;Simples;"Declive;Curva";-2.326.640.776;-4.603.935.063
16/07/2024;13:50:00;GOVERNADOR VALADARES;Ultrapassagem Indevida;Colisão frontal;Com Vítimas Fatais;Pleno dia;Crescente;Céu Claro;Simples;"Curva;Aclive";-1.874.077.618;-4.198.358.104
02/09/2024;15:00:00;SIMOES FILHO;Pista esburacada;Queda de ocupante de veículo;Com Vítimas Feridas;Pleno dia;Crescente;Céu Claro;Simples;Reta;-1.284.664.721;-3.841.741.648
02/09/2024;10:30:00;SACRAMENTO;Fumaça;Colisão traseira;Sem Vítimas;Pleno dia;Decrescente;Céu Claro;Simples;Reta;-1.966.828.463;-4.761.093.008
02/09/2024;18:00:00;GARANHUNS;Animais na Pista;Atropelamento de Animal;Com Vítimas Feridas;Anoitecer;Decrescente;Céu Claro;Simples;Curva;-8.899.433;-36.503.017
02/09/2024;18:22:00;MURIAE;Conversão proibida;Colisão lateral mesmo sentido;Com Vítimas Feridas;Plena Noite;Crescente;Céu Claro;Simples;"Reta;Interseção de Vias";-2.114.052.708;-4.238.134.417
02/09/2024;18:18:00;QUEIMADOS;Ultrapassagem Indevida;Atropelamento de Pedestre;Com Vítimas Feridas;Plena Noite;Decrescente;Céu Claro;Dupla;Curva;-2.273.336.575;-4.355.659.479
02/09/2024;17:40:00;AREAL;Pista Escorregadia;Tombamento;Com Vítimas Fatais;Plena Noite;Decrescente;Céu Claro;Dupla;Curva;-2.227.324.877;-4.311.117.232
02/09/2024;18:20:00;MONTES CLAROS;Ausência de sinalização;Colisão traseira;Com Vítimas Feridas;Anoitecer;Crescente;Céu Claro;Simples;Reta;-1.666.359.617;-4.377.730.598
02/09/2024;19:00:00;CANOAS;Manobra de mudança de faixa;Colisão lateral mesmo sentido;Com Vítimas Feridas;Plena Noite;Decrescente;Nublado;Simples;Reta;-2.994.142.398;-5.117.697.062
02/09/2024;17:05:00;TUBARAO;Manobra de mudança de faixa;Colisão lateral mesmo sentido;Com Vítimas Feridas;Pleno dia;Crescente;Sol;Dupla;Reta;-2.846.730.446;-4.900.604.302
02/09/2024;18:34:00;FORTALEZA;Manobra de mudança de faixa;Colisão lateral mesmo sentido;Com Vítimas Feridas;Plena Noite;Decrescente;Céu Claro;Dupla;"Reta;Aclive";-386.088.501;-3.849.715.296
02/09/2024;17:40:00;MARABA;Ultrapassagem Indevida;Colisão frontal;Com Vítimas Feridas;Anoitecer;Crescente;Céu Claro;Simples;Reta;-537.851.903;-4.907.674.765
02/09/2024;19:55:00;SAO LUIS;Conversão proibida;Tombamento;Com Vítimas Feridas;Plena Noite;Crescente;Céu Claro;Dupla;Reta;-268.053.538;-4.429.512.283
02/09/2024;18:50:00;LORENA;Desrespeitar a preferência no cruzamento;Colisão frontal;Com Vítimas Feridas;Plena Noite;Crescente;Céu Claro;Simples;Reta;-2.274.708.138;-4.509.973.038
02/09/2024;20:20:00;PARATY;Animais na Pista;Atropelamento de Animal;Sem Vítimas;Plena Noite;Crescente;Céu Claro;Simples;Curva;-2.304.630.778;-4.461.015.485
02/09/2024;21:00:00;SAO JOAQUIM DE BICAS;Velocidade Incompatível;Colisão traseira;Com Vítimas Feridas;Plena Noite;Decrescente;Nublado;Múltipla;Reta;-2.007.738.209;-4.430.434.488
02/09/2024;17:30:00;AREAL;Pista Escorregadia;Tombamento;Com Vítimas Feridas;Anoitecer;Decrescente;Nublado;Dupla;Curva;-2.227.178.231;-4.310.777.664
02/09/2024;21:12:00;COXIM;Desrespeitar a preferência no cruzamento;Colisão transversal;Com Vítimas Feridas;Plena Noite;Decrescente;Céu Claro;Simples;"Reta;Rotatória;Interseção de Vias";-1.850.137.286;-5.473.270.825
02/09/2024;22:05:00;FORTALEZA;Animais na Pista;Tombamento;Com Vítimas Feridas;Plena Noite;Crescente;Céu Claro;Dupla;"Reta;Aclive";-3.802.624;-3.850.400.499
02/09/2024;17:00:00;CEREJEIRAS;Manobra de mudança de faixa;Colisão lateral mesmo sentido;Com Vítimas Feridas;Anoitecer;Crescente;Céu Claro;Dupla;Reta;-1.318.889.171;-60.808.424
02/09/2024;22:45:00;BETIM;Velocidade Incompatível;Colisão com objeto;Com Vítimas Feridas;Plena Noite;Decrescente;Nublado;Dupla;Curva;-1.999.676.497;-4.420.958.506
02/09/2024;22:00:00;ITAPECURU MIRIM;Conversão proibida;Colisão transversal;Sem Vítimas;Plena Noite;Decrescente;Céu Claro;Simples;Reta;-339.827.306;-4.435.676.617
02/09/2024;23:40:00;APARECIDA DE GOIANIA;Falta de acostamento;Colisão frontal;Com Vítimas Fatais;Plena Noite;Decrescente;Céu Claro;Dupla;Aclive;-167.451;-492.408
03/09/2024;04:30:00;CRUZ ALTA;Animais na Pista;Atropelamento de Animal;Sem Vítimas;Plena Noite;Crescente;Céu Claro;Simples;Reta;-2.868.560.601;-5.359.898.197
03/09/2024;03:50:00;MANGARATIBA;Pista Escorregadia;Capotamento;Com Vítimas Feridas;Plena Noite;Decrescente;Garoa/Chuvisco;Simples;Curva;-2.303.122.833;-44.133.811
03/09/2024;06:40:00;PORTO BELO;Manobra de mudança de faixa;Colisão lateral mesmo sentido;Com Vítimas Feridas;Pleno dia;Crescente;Nublado;Dupla;Reta;-2.719.096.301;-4.861.259.017
03/09/2024;07:50:00;PALHOCA;Manobra de mudança de faixa;Colisão traseira;Com Vítimas Feridas;Pleno dia;Decrescente;Céu Claro;Múltipla;Reta;-276.167.305;-486.457.265
03/09/2024;07:05:00;CAXIAS DO SUL;Manobra de mudança de faixa;Colisão lateral mesmo sentido;Com Vítimas Feridas;Pleno dia;Decrescente;Céu Claro;Simples;"Rotatória;Curva;Interseção de Vias";-2.918.579.758;-5.117.713.005
03/09/2024;08:00:00;IGARASSU;Manobra de mudança de faixa;Colisão lateral mesmo sentido;Sem Vítimas;Pleno dia;Decrescente;Nublado;Simples;Reta;-79.005.152;-3.490.180.641
03/09/2024;07:50:00;JATAI;Animais na Pista;Tombamento;Com Vítimas Feridas;Pleno dia;Decrescente;Céu Claro;Dupla;Curva;-17.921.089;-51.712.803
06/08/2024;19:00:00;PALHOCA;Afundamento ou ondulação no pavimento;Tombamento;Com Vítimas Feridas;Plena Noite;Crescente;Céu Claro;Simples;"Reta;Em Obras";-27.672.798;-48.694.286
03/09/2024;08:30:00;MIRANDA;Velocidade Incompatível;Colisão com objeto;Sem Vítimas;Pleno dia;Crescente;Céu Claro;Simples;Reta;-19.982.372;-56.828.795
03/09/2024;11:00:00;VITORIA DA CONQUISTA;Manobra de mudança de faixa;Colisão transversal;Com Vítimas Feridas;Pleno dia;Crescente;Sol;Simples;Reta;-1.484.491.705;-4.081.455.231
03/09/2024;12:30:00;CAMPOS DOS GOYTACAZES;Velocidade Incompatível;Saída de leito carroçável;Com Vítimas Feridas;Pleno dia;Decrescente;Céu Claro;Dupla;Curva;-2.186.957.661;-415.470.863
03/09/2024;12:30:00;AGUAS LINDAS DE GOIAS;Manobra de mudança de faixa;Colisão traseira;Com Vítimas Feridas;Pleno dia;Crescente;Céu Claro;Múltipla;Reta;-1.573.733.681;-4.827.407.468
03/09/2024;12:50:00;ITAQUIRAI;Demais Fenômenos da natureza;Queda de ocupante de veículo;Com Vítimas Feridas;Pleno dia;Decrescente;Céu Claro;Dupla;Reta;-2.347.441.924;-5.418.829.399
03/09/2024;13:35:00;TERESINA;Desrespeitar a preferência no cruzamento;Colisão transversal;Com Vítimas Feridas;Pleno dia;Decrescente;Sol;Múltipla;"Reta;Declive;Interseção de Vias;Viaduto";-516.483.402;-4.276.899.508
16/06/2024;13:25:00;CORRENTE;Manobra de mudança de faixa;Colisão lateral mesmo sentido;Com Vítimas Feridas;Pleno dia;Decrescente;Céu Claro;Dupla;"Reta;Retorno Regulamentado";-10.433.427;-45.166.357
03/09/2024;14:10:00;PORTO SEGURO;Acesso irregular;Colisão traseira;Com Vítimas Feridas;Pleno dia;Decrescente;Sol;Simples;Reta;-1.643.763.962;-390.813.791
03/09/2024;16:45:00;JUIZ DE FORA;Velocidade Incompatível;Tombamento;Com Vítimas Feridas;Pleno dia;Crescente;Céu Claro;Dupla;"Reta;Declive";-2.179.926.451;-4.340.729.012
03/09/2024;17:10:00;PARNAIBA;Desrespeitar a preferência no cruzamento;Colisão transversal;Com Vítimas Feridas;Pleno dia;Crescente;Céu Claro;Dupla;"Reta;Interseção de Vias";-2.903.314;-41.750.664
06/08/2024;03:30:00;OURO BRANCO;Animais na Pista;Atropelamento de Animal;Sem Vítimas;Plena Noite;Crescente;Nublado;Simples;Reta;-914.285.263;-3.735.969.012
03/09/2024;18:00:00;FORTALEZA;Manobra de mudança de faixa;Colisão lateral mesmo sentido;Com Vítimas Feridas;Plena Noite;Crescente;Céu Claro;Múltipla;Reta;-379.467.116;-3.850.772.734
03/09/2024;17:15:00;GUARULHOS;Velocidade Incompatível;Colisão traseira;Com Vítimas Feridas;Anoitecer;Decrescente;Nublado;Múltipla;"Declive;Interseção de Vias";-2.343.971.486;-4.643.667.806
26/08/2024;09:51:00;PETROLINA;Conversão proibida;Colisão traseira;Com Vítimas Feridas;Pleno dia;Decrescente;Ignorado;Simples;Reta;-907.761.377;-4.031.585.455
03/09/2024;16:25:00;DUQUE DE CAXIAS;Manobra de mudança de faixa;Colisão lateral mesmo sentido;Com Vítimas Feridas;Pleno dia;Decrescente;Céu Claro;Dupla;Reta;-2.277.280.597;-4.328.626.763
03/09/2024;18:50:00;ARARANGUA;Desrespeitar a preferência no cruzamento;Colisão transversal;Com Vítimas Feridas;Plena Noite;Crescente;Céu Claro;Simples;"Rotatória;Em Obras;Interseção de Vias";-289.391.154;-4.949.727.058
03/09/2024;19:18:00;RIBEIRAO DAS NEVES;Acostamento em desnível;Saída de leito carroçável;Com Vítimas Feridas;Plena Noite;Decrescente;Céu Claro;Dupla;Reta;-1.978.164.295;-4.411.733.194
03/09/2024;19:45:00;TIJUCAS DO SUL;Velocidade Incompatível;Saída de leito carroçável;Sem Vítimas;Plena Noite;Crescente;Céu Claro;Dupla;Reta;-2.576.503.801;-4.912.449.804
03/09/2024;16:40:00;PONTE SERRADA;Desrespeitar a preferência no cruzamento;Colisão transversal;Com Vítimas Feridas;Pleno dia;Crescente;Céu Claro;Simples;Rotatória;-26.855.036;-52.059.551
17/08/2024;16:35:00;ALTAMIRA;Ultrapassagem Indevida;Saída de leito carroçável;Com Vítimas Feridas;Pleno dia;Decrescente;Ignorado;Simples;Reta;-816.985.897;-5.512.662.635
03/09/2024;21:00:00;ANGRA DOS REIS;Manobra de mudança de faixa;Colisão lateral mesmo sentido;Com Vítimas Feridas;Plena Noite;Crescente;Céu Claro;Dupla;Reta;-2.296.828.891;-4.429.864.663
03/09/2024;23:30:00;ARES;Demais falhas na via;Queda de ocupante de veículo;Com Vítimas Feridas;Plena Noite;Crescente;Céu Claro;Dupla;Reta;-61.884.521;-352.132.263
04/09/2024;01:00:00;SETE LAGOAS;Demais Fenômenos da natureza;Tombamento;Com Vítimas Feridas;Plena Noite;Decrescente;Nublado;Simples;Reta;-1.946.099.279;-4.430.121.988
04/09/2024;04:00:00;FLORES DE GOIAS;Animais na Pista;Atropelamento de Animal;Com Vítimas Feridas;Amanhecer;Crescente;Céu Claro;Simples;Reta;-14.880.402;-46.853.172
04/09/2024;06:30:00;QUEIMADAS;Animais na Pista;Atropelamento de Animal;Com Vítimas Feridas;Pleno dia;Decrescente;Céu Claro;Simples;Reta;-729.900.408;-3.589.187.256
04/09/2024;07:10:00;ESTRELA;Animais na Pista;Atropelamento de Animal;Com Vítimas Feridas;Pleno dia;Crescente;Nublado;Dupla;Reta;-29.491.436;-5.195.174
04/09/2024;07:20:00;BLUMENAU;Acesso irregular;Colisão transversal;Com Vítimas Feridas;Pleno dia;Crescente;Céu Claro;Simples;"Curva;Interseção de Vias";-26.862.286;-49.093.903
04/09/2024;08:30:00;BRASILIA;Manobra de mudança de faixa;Colisão traseira;Com Vítimas Feridas;Pleno dia;Crescente;Céu Claro;Dupla;Reta;-16.038.666;-47.979.691
04/09/2024;07:15:00;VILHENA;Acumulo de água sobre o pavimento;Queda de ocupante de veículo;Com Vítimas Feridas;Amanhecer;Decrescente;Céu Claro;Simples;Reta;-1.271.452.302;-601.262.149
04/09/2024;07:35:00;MANHUACU;Velocidade Incompatível;Tombamento;Com Vítimas Feridas;Pleno dia;Decrescente;Céu Claro;Simples;"Curva;Declive";-2.016.991.998;-4.218.875.093
04/09/2024;08:15:00;RIO GRANDE;Manobra de mudança de faixa;Saída de leito carroçável;Com Vítimas Feridas;Pleno dia;Decrescente;Garoa/Chuvisco;Dupla;Curva;-320.858.159;-5.223.789.595
04/09/2024;09:05:00;IMBITUBA;Conversão proibida;Colisão transversal;Com Vítimas Feridas;Pleno dia;Crescente;Céu Claro;Simples;Reta;-2.829.220.304;-4.871.018.095
04/09/2024;05:30:00;RIO DO SUL;Ultrapassagem Indevida;Colisão frontal;Com Vítimas Feridas;Amanhecer;Decrescente;Céu Claro;Simples;Reta;-2.718.862.806;-4.961.330.295
04/09/2024;09:00:00;TERESINA;Manobra de mudança de faixa;Tombamento;Com Vítimas Feridas;Pleno dia;Crescente;Sol;Múltipla;Reta;-512.861.853;-4.280.706.778
29/08/2024;17:55:00;DOIS IRMAOS;Acesso irregular;Colisão transversal;Com Vítimas Feridas;Plena Noite;Decrescente;Céu Claro;Simples;"Curva;Aclive";-2.962.222.179;-5.113.039.371
19/05/2024;15:00:00;ITAGUAI;Ultrapassagem Indevida;Colisão traseira;Com Vítimas Feridas;Pleno dia;Decrescente;Céu Claro;Dupla;Reta;-2.288.087.914;-4.382.441.392
04/09/2024;12:09:00;MEDIANEIRA;Manobra de mudança de faixa;Colisão traseira;Com Vítimas Feridas;Pleno dia;Crescente;Céu Claro;Dupla;Reta;-2.529.056.476;-5.410.646.111
04/09/2024;12:35:00;FLOR DA SERRA DO SUL;Condutor usando celular;Colisão com objeto;Sem Vítimas;Pleno dia;Crescente;Nublado;Simples;Curva;-2.624.777.443;-5.322.052.002
04/09/2024;15:00:00;NATAL;Acumulo de areia ou detritos sobre o pavimento;Tombamento;Com Vítimas Feridas;Pleno dia;Decrescente;Céu Claro;Dupla;"Desvio Temporário;Em Obras;Reta";-577.974.228;-3.524.835.706
04/09/2024;10:45:00;SORRISO;Demais Fenômenos da natureza;Eventos atípicos;Sem Vítimas;Pleno dia;Decrescente;Céu Claro;Simples;Reta;-1.305.065.412;-5.590.808.272
11/08/2024;09:30:00;BETIM;Manobra de mudança de faixa;Colisão lateral mesmo sentido;Com Vítimas Feridas;Pleno dia;Decrescente;Sol;Dupla;Curva;-1.997.534.531;-4.426.036.477
04/09/2024;15:10:00;IGARASSU;Acesso irregular;Colisão transversal;Com Vítimas Feridas;Pleno dia;Decrescente;Céu Claro;Múltipla;Reta;-784.753.808;-3.490.977.038
04/09/2024;13:30:00;CAMPANHA;Velocidade Incompatível;Colisão traseira;Com Vítimas Feridas;Pleno dia;Decrescente;Céu Claro;Dupla;"Em Obras;Reta";-2.174.873.501;-4.538.842.699
04/09/2024;17:00:00;SAO LEOPOLDO;Manobra de mudança de faixa;Colisão lateral mesmo sentido;Com Vítimas Feridas;Pleno dia;Decrescente;Chuva;Dupla;"Reta;Em Obras";-29.758.751;-5.115.186.806
04/09/2024;15:40:00;UIRAUNA;Conversão proibida;Colisão transversal;Com Vítimas Feridas;Pleno dia;Decrescente;Céu Claro;Simples;Reta;-6.530.987;-38.414.745
04/09/2024;17:15:00;PIMENTA BUENO;Afundamento ou ondulação no pavimento;Tombamento;Com Vítimas Feridas;Pleno dia;Crescente;Céu Claro;Simples;"Reta;Em Obras";-1.159.383.384;-6.124.554.291
04/09/2024;18:55:00;PALHOCA;Manobra de mudança de faixa;Colisão lateral mesmo sentido;Com Vítimas Feridas;Plena Noite;Crescente;Céu Claro;Dupla;Reta;-2.762.996.929;-4.865.903.871
04/09/2024;18:40:00;CUNHA PORA;Faixas de trânsito com largura insuficiente;Saída de leito carroçável;Com Vítimas Feridas;Plena Noite;Decrescente;Chuva;Simples;"Declive;Curva";-2.683.661.705;-5.317.563.409
04/09/2024;17:20:00;BARRA MANSA;Conversão proibida;Colisão frontal;Com Vítimas Feridas;Anoitecer;Crescente;Céu Claro;Simples;"Reta;Aclive";-2.254.313.289;-4.411.298.586
04/09/2024;16:30:00;BARRA MANSA;Acumulo de areia ou detritos sobre o pavimento;Tombamento;Com Vítimas Feridas;Pleno dia;Decrescente;Céu Claro;Dupla;"Retorno Regulamentado;Aclive";-2.253.244.798;-4.419.565.304
04/09/2024;19:20:00;JATAI;Animais na Pista;Atropelamento de Animal;Com Vítimas Fatais;Plena Noite;Crescente;Céu Claro;Dupla;"Reta;Declive";-17.922.171;-51.704.082
04/09/2024;16:30:00;SEROPEDICA;Frear bruscamente;Colisão traseira;Com Vítimas Feridas;Pleno dia;Decrescente;Nublado;Dupla;Reta;-22.747.673;-43.699.196
19/08/2024;01:40:00;CACHOEIRA;Animais na Pista;Atropelamento de Animal;Com Vítimas Feridas;Plena Noite;Decrescente;Céu Claro;Simples;"Reta;Ponte";-1.259.211.136;-3.898.746.556
04/09/2024;19:25:00;MATELANDIA;Chuva;Queda de ocupante de veículo;Com Vítimas Feridas;Plena Noite;Decrescente;Garoa/Chuvisco;Dupla;Aclive;-2.525.275.526;-5.399.939.905
04/09/2024;20:00:00;TRES LAGOAS;Ultrapassagem Indevida;Colisão frontal;Com Vítimas Feridas;Plena Noite;Crescente;Céu Claro;Simples;Reta;-2.068.972.877;-522.077.529
04/09/2024;20:20:00;PINHALZINHO;Ultrapassagem Indevida;Colisão frontal;Com Vítimas Feridas;Plena Noite;Crescente;Chuva;Dupla;Reta;-26.828.749;-52.997.929
04/09/2024;20:00:00;SAO JOAO DA FRONTEIRA;Demais falhas na via;Tombamento;Com Vítimas Feridas;Plena Noite;Decrescente;Céu Claro;Simples;"Reta;Em Obras";-398.143.854;-4.135.578.717
04/09/2024;18:30:00;RIO LARGO;Animais na Pista;Atropelamento de Animal;Com Vítimas Feridas;Plena Noite;Crescente;Céu Claro;Dupla;"Reta;Interseção de Vias";-945.849.606;-3.582.849.117
04/09/2024;22:30:00;PONTES E LACERDA;Animais na Pista;Atropelamento de Animal;Com Vítimas Feridas;Plena Noite;Crescente;Nevoeiro/Neblina;Simples;"Curva;Declive";-151.374.179;-594.994.399
05/09/2024;00:10:00;PONTES E LACERDA;Acesso irregular;Colisão frontal;Com Vítimas Feridas;Plena Noite;Decrescente;Céu Claro;Simples;Reta;-152.335.648;-593.447.938
04/09/2024;23:10:00;SOBRAL;Animais na Pista;Atropelamento de Animal;Com Vítimas Fatais;Plena Noite;Crescente;Céu Claro;Simples;"Reta;Declive";-3.751.452;-4.030.688
27/08/2024;13:30:00;SAO GABRIEL DO OESTE;Animais na Pista;Tombamento;Com Vítimas Feridas;Pleno dia;Crescente;Sol;Simples;Reta;-1.939.817.658;-5.456.591.606
05/09/2024;02:30:00;PIRAI;Velocidade Incompatível;Queda de ocupante de veículo;Com Vítimas Feridas;Plena Noite;Decrescente;Nublado;Dupla;"Em Obras;Curva";-2.263.023.454;-4.391.033.921
04/09/2024;19:35:00;LAGUNA;Estacionar ou parar em local proibido;Colisão traseira;Com Vítimas Feridas;Plena Noite;Crescente;Garoa/Chuvisco;Múltipla;Reta;-28.400.448;-48.786.327
05/09/2024;06:30:00;FLORIANOPOLIS;Manobra de mudança de faixa;Colisão lateral mesmo sentido;Com Vítimas Feridas;Pleno dia;Decrescente;Garoa/Chuvisco;Múltipla;Reta;-2.759.845;-48.571.995
05/09/2024;07:20:00;CEU AZUL;Velocidade Incompatível;Colisão com objeto;Com Vítimas Feridas;Amanhecer;Decrescente;Nevoeiro/Neblina;Simples;"Reta;Declive;Interseção de Vias;Rotatória;Retorno Regulamentado";-2.512.585.236;-5.381.903.487
05/09/2024;06:50:00;BIGUACU;Velocidade Incompatível;Saída de leito carroçável;Sem Vítimas;Pleno dia;Crescente;Chuva;Dupla;Curva;-2.742.536.698;-4.862.465.876
05/09/2024;08:02:00;SAO JOSE;Manobra de mudança de faixa;Colisão traseira;Com Vítimas Feridas;Pleno dia;Crescente;Céu Claro;Dupla;Reta;-2.751.844.497;-4.863.848.496
05/09/2024;07:05:00;BUTIA;Conversão proibida;Colisão transversal;Com Vítimas Feridas;Pleno dia;Decrescente;Céu Claro;Simples;Reta;-30.129.343;-51.961.823
05/09/2024;07:50:00;PARNAMIRIM;Manobra de mudança de faixa;Queda de ocupante de veículo;Com Vítimas Feridas;Pleno dia;Decrescente;Céu Claro;Dupla;Reta;-588.858.217;-3.524.018.997
05/09/2024;08:00:00;PANAMBI;Velocidade Incompatível;Saída de leito carroçável;Com Vítimas Feridas;Pleno dia;Decrescente;Céu Claro;Simples;Reta;-2.825.660.916;-5.348.166.093
05/09/2024;07:30:00;BIGUACU;Manobra de mudança de faixa;Colisão traseira;Com Vítimas Feridas;Pleno dia;Crescente;Chuva;Dupla;Reta;-2.752.658.712;-4.863.506.019
05/09/2024;09:00:00;MARABA;Manobra de mudança de faixa;Colisão transversal;Com Vítimas Feridas;Pleno dia;Decrescente;Céu Claro;Simples;Reta;-535.038.318;-4.911.434
05/09/2024;08:30:00;MORRETES;Chuva;Colisão com objeto;Sem Vítimas;Pleno dia;Crescente;Chuva;Dupla;"Curva;Aclive";-25.547.373;-48.790.559
09/07/2024;19:00:00;DOM ELISEU;Conversão proibida;Colisão lateral mesmo sentido;Com Vítimas Fatais;Plena Noite;Decrescente;Céu Claro;Simples;Reta;-4.322.023;-47.732.643
05/09/2024;10:10:00;CAXIAS DO SUL;Curva acentuada;Colisão com objeto;Com Vítimas Feridas;Pleno dia;Decrescente;Garoa/Chuvisco;Dupla;"Curva;Aclive";-2.918.101.623;-5.116.581.917
05/09/2024;10:00:00;JOINVILLE;Desrespeitar a preferência no cruzamento;Colisão frontal;Com Vítimas Feridas;Pleno dia;Decrescente;Chuva;Simples;Interseção de Vias;-2.617.483.309;-4.890.767.978
05/09/2024;08:00:00;VILHENA;Desrespeitar a preferência no cruzamento;Colisão transversal;Com Vítimas Feridas;Pleno dia;Decrescente;Nevoeiro/Neblina;Simples;Interseção de Vias;-1.271.452.302;-601.262.149
19/07/2024;19:00:00;FEIRA DE SANTANA;Acesso irregular;Colisão com objeto;Com Vítimas Feridas;Plena Noite;Decrescente;Céu Claro;Simples;Reta;-12.229.301;-38.964.527
05/09/2024;11:25:00;CANTAGALO;Desrespeitar a preferência no cruzamento;Colisão transversal;Com Vítimas Feridas;Pleno dia;Crescente;Céu Claro;Simples;"Interseção de Vias;Reta";-2.537.888.864;-5.212.410.439
05/09/2024;11:40:00;CARATINGA;Ausência de sinalização;Colisão traseira;Com Vítimas Feridas;Pleno dia;Crescente;Céu Claro;Dupla;"Reta;Aclive";-1.977.654.011;-4.213.327.989
05/09/2024;12:00:00;CRISTALINA;Animais na Pista;Capotamento;Com Vítimas Feridas;Pleno dia;Decrescente;Céu Claro;Dupla;Reta;-16.676.939;-47.708.216
13/07/2024;15:30:00;MARINGA;Manobra de mudança de faixa;Colisão lateral mesmo sentido;Com Vítimas Feridas;Pleno dia;Crescente;Céu Claro;Dupla;Reta;-2.341.278.295;-5.193.223.786
27/07/2024;14:50:00;MAIRIPORA;Frear bruscamente;Engavetamento;Com Vítimas Feridas;Pleno dia;Crescente;Céu Claro;Dupla;"Reta;Declive";-2.328.270.705;-4.658.787.791
05/09/2024;13:42:00;CALCADO;Ultrapassagem Indevida;Colisão frontal;Com Vítimas Fatais;Pleno dia;Decrescente;Céu Claro;Simples;Reta;-866.427.961;-3.635.636.509
05/09/2024;11:20:00;TERESINA;Manobra de mudança de faixa;Colisão lateral mesmo sentido;Com Vítimas Feridas;Pleno dia;Crescente;Sol;Múltipla;Reta;-5.061.626;-42.696.655
05/09/2024;14:00:00;TIJUCAS DO SUL;Chuva;Colisão com objeto;Com Vítimas Feridas;Pleno dia;Decrescente;Chuva;Simples;"Curva;Declive";-258.516.758;-4.900.332.398