data_inversa;horario;municipio;causa_acidente;tipo_acidente;classificacao_acidente;fase_dia;sentido_via;condicao_metereologica;tipo_pista;tracado_via;latitude;longitude
05/09/2024;14:40:00;BRASILIA;Falta de elemento de contenção que evite a saída do leito carroçável;Saída de leito carroçável;Com Vítimas Feridas;Pleno dia;Crescente;Céu Claro;Múltipla;Reta;-15.794.656;-48.096.779
05/09/2024;15:30:00;LUZIANIA;Velocidade Incompatível;Saída de leito carroçável;Com Vítimas Feridas;Pleno dia;Crescente;Céu Claro;Dupla;Reta;-16.218.542;-47.915.731
20/08/2024;07:00:00;RONDONOPOLIS;Desrespeitar a preferência no cruzamento;Colisão transversal;Com Vítimas Feridas;Pleno dia;Crescente;Céu Claro;Dupla;Retorno Regulamentado;-165.011.709;-5.463.072.394
05/09/2024;16:00:00;BARRA DO TURVO;Pista Escorregadia;Colisão com objeto;Com Vítimas Feridas;Pleno dia;Crescente;Garoa/Chuvisco;Dupla;Curva;-25.041.697;-48.549.812
05/09/2024;16:15:00;LUZIANIA;Velocidade Incompatível;Saída de leito carroçável;Com Vítimas Feridas;Pleno dia;Decrescente;Céu Claro;Dupla;Reta;-16.131.158;-47.957.739
05/09/2024;16:30:00;SAO BENTO DO SUL;Chuva;Saída de leito carroçável;Com Vítimas Feridas;Pleno dia;Crescente;Chuva;Simples;Curva;-26.364;-49.336
05/09/2024;18:00:00;SANTA ISABEL;Demais falhas na via;Saída de leito carroçável;Com Vítimas Feridas;Plena Noite;Decrescente;Nublado;Dupla;Reta;-2.333.202.124;-4.613.661.688
05/09/2024;18:20:00;ITAGUAI;Manobra de mudança de faixa;Colisão lateral mesmo sentido;Com Vítimas Feridas;Plena Noite;Decrescente;Céu Claro;Múltipla;Reta;-2.287.854.523;-4.373.100.666
05/09/2024;16:00:00;RIO BRANCO;Curva acentuada;Capotamento;Com Vítimas Feridas;Pleno dia;Crescente;Nublado;Simples;Curva;-10.002.803;-67.497.756
05/09/2024;19:15:00;SAO JOSE;Animais na Pista;Queda de ocupante de veículo;Com Vítimas Feridas;Plena Noite;Decrescente;Céu Claro;Dupla;Reta;-275.884;-486.128
05/09/2024;17:20:00;VITORIA DA CONQUISTA;Desrespeitar a preferência no cruzamento;Colisão transversal;Sem Vítimas;Anoitecer;Decrescente;Céu Claro;Simples;Declive;-1.485.279.867;-408.005.619
05/09/2024;18:50:00;SAO JOAO DO MANHUACU;Conversão proibida;Colisão frontal;Com Vítimas Feridas;Plena Noite;Decrescente;Céu Claro;Simples;Reta;-2.038.752.606;-4.214.687.854
05/09/2024;19:56:00;CARUARU;Demais falhas na via;Colisão com objeto;Com Vítimas Feridas;Plena Noite;Decrescente;Céu Claro;Dupla;Reta;-83.016;-359.882
05/09/2024;19:10:00;VITORIA DA CONQUISTA;Desrespeitar a preferência no cruzamento;Colisão transversal;Com Vítimas Feridas;Plena Noite;Decrescente;Céu Claro;Dupla;Reta;-1.486.947.357;-4.085.085.869
05/09/2024;19:05:00;CACIMBINHAS;Deficiência do Sistema de Iluminação/Sinalização;Colisão traseira;Com Vítimas Feridas;Plena Noite;Decrescente;Céu Claro;Simples;Reta;-93.996.897;-36.957.234
05/09/2024;21:10:00;ARIQUEMES;Animais na Pista;Atropelamento de Animal;Com Vítimas Feridas;Plena Noite;Decrescente;Céu Claro;Simples;Reta;-993.398.403;-6.305.522.959
05/09/2024;21:30:00;DAVINOPOLIS;Animais na Pista;Atropelamento de Animal;Com Vítimas Fatais;Plena Noite;Crescente;Céu Claro;Simples;Reta;-5.618.424;-47.413.895
05/09/2024;23:00:00;ABREU E LIMA;Velocidade Incompatível;Colisão traseira;Com Vítimas Feridas;Plena Noite;Crescente;Céu Claro;Múltipla;Reta;-791.742.448;-3.489.704.561
05/09/2024;22:45:00;BETIM;Animais na Pista;Atropelamento de Animal;Com Vítimas Feridas;Plena Noite;Decrescente;Céu Claro;Dupla;Reta;-1.997.562.699;-44.197.751
05/09/2024;22:23:00;SAO JOAO DO MANHUACU;Deficiência do Sistema de Iluminação/Sinalização;Colisão com objeto;Com Vítimas Feridas;Plena Noite;Decrescente;Céu Claro;Simples;"Curva;Aclive";-2.040.532;-4.215.181
06/09/2024;02:40:00;CAMPINA GRANDE DO SUL;Chuva;Saída de leito carroçável;Com Vítimas Feridas;Plena Noite;Crescente;Chuva;Dupla;"Curva;Declive";-2.508.123.277;-4.862.449.108
06/09/2024;03:49:00;SANTA RITA;Animais na Pista;Atropelamento de Animal;Com Vítimas Feridas;Plena Noite;Decrescente;Céu Claro;Dupla;Reta;-710.808.295;-3.496.293.885
06/09/2024;01:15:00;BARRA DO TURVO;Velocidade Incompatível;Colisão com objeto;Com Vítimas Feridas;Plena Noite;Crescente;Chuva;Múltipla;"Curva;Declive";-2.495.016.699;-4.842.400.302
06/09/2024;06:00:00;BRASILIA;Manobra de mudança de faixa;Colisão lateral mesmo sentido;Com Vítimas Feridas;Pleno dia;Decrescente;Céu Claro;Dupla;Reta;-16.025.443;-47.979.322
06/09/2024;07:15:00;CONTENDA;Velocidade Incompatível;Saída de leito carroçável;Com Vítimas Feridas;Amanhecer;Decrescente;Nublado;Simples;Curva;-25.709.007;-49.600.727
06/09/2024;07:15:00;CARIACICA;Manobra de mudança de faixa;Colisão lateral mesmo sentido;Com Vítimas Feridas;Pleno dia;Decrescente;Nublado;Dupla;Reta;-2.028.927.747;-4.039.181.575
06/09/2024;08:05:00;BLUMENAU;Ausência de sinalização;Colisão transversal;Com Vítimas Feridas;Pleno dia;Decrescente;Nublado;Simples;Interseção de Vias;-26.871.065;-49.110.374
06/09/2024;04:40:00;CAMPO MAIOR;Manobra de mudança de faixa;Colisão lateral sentido oposto;Com Vítimas Feridas;Plena Noite;Decrescente;Ignorado;Simples;Reta;-4.654.975;-42.053.921
06/09/2024;07:50:00;SANTANA DO IPANEMA;Velocidade Incompatível;Colisão transversal;Com Vítimas Feridas;Pleno dia;Crescente;Céu Claro;Simples;Reta;-938.718.651;-3.715.250.001
06/09/2024;08:30:00;IBIRACU;Ultrapassagem Indevida;Colisão frontal;Com Vítimas Feridas;Pleno dia;Crescente;Céu Claro;Simples;Curva;-1.980.700.903;-4.036.767.233
06/09/2024;08:15:00;SANTO ANTONIO DA PLATINA;Afundamento ou ondulação no pavimento;Tombamento;Com Vítimas Feridas;Pleno dia;Crescente;Céu Claro;Simples;Reta;-2.322.262.134;-5.002.015.382
06/09/2024;09:00:00;NOVA VICOSA;Desrespeitar a preferência no cruzamento;Colisão transversal;Com Vítimas Feridas;Pleno dia;Crescente;Céu Claro;Simples;Reta;-1.788.437.368;-3.984.544.595
06/09/2024;09:50:00;SAO BORJA;Animais na Pista;Atropelamento de Animal;Com Vítimas Feridas;Pleno dia;Decrescente;Sol;Simples;Reta;-2.867.626.901;-5.597.066.432
28/07/2024;09:57:00;JAICOS;Manobra de mudança de faixa;Colisão lateral mesmo sentido;Com Vítimas Feridas;Pleno dia;Decrescente;Céu Claro;Simples;Declive;-739.273.353;-411.677.994
03/09/2024;07:15:00;GUARAMIRIM;Desrespeitar a preferência no cruzamento;Colisão transversal;Com Vítimas Feridas;Pleno dia;Crescente;Nublado;Simples;Interseção de Vias;-2.645.270.808;-4.890.967.369
06/09/2024;10:45:00;SAO JOSE;Acesso irregular;Colisão transversal;Com Vítimas Feridas;Pleno dia;Crescente;Céu Claro;Múltipla;Reta;-276.167.305;-486.457.265
30/08/2024;07:40:00;SAO MATEUS;Manobra de mudança de faixa;Colisão transversal;Com Vítimas Feridas;Pleno dia;Crescente;Céu Claro;Dupla;"Reta;Retorno Regulamentado";-187.165.195;-3.987.436.378
06/09/2024;12:00:00;SANHARO;Desvio temporário;Capotamento;Com Vítimas Feridas;Pleno dia;Crescente;Sol;Dupla;Reta;-835.374.275;-3.649.159.602
06/09/2024;10:00:00;SALVADOR;Demais falhas na via;Queda de ocupante de veículo;Com Vítimas Feridas;Pleno dia;Decrescente;Céu Claro;Dupla;Reta;-1.283.798.396;-3.841.427.011
06/09/2024;12:15:00;NOVA IGUACU;Frear bruscamente;Engavetamento;Com Vítimas Feridas;Pleno dia;Crescente;Sol;Múltipla;Reta;-2.273.945.655;-4.353.160.858
06/09/2024;12:00:00;CAICARA DO RIO DO VENTO;Ultrapassagem Indevida;Saída de leito carroçável;Com Vítimas Feridas;Pleno dia;Crescente;Céu Claro;Simples;Declive;-5.749.925;-36.054.335
06/09/2024;09:30:00;RIO BRANCO;Acumulo de areia ou detritos sobre o pavimento;Saída de leito carroçável;Com Vítimas Feridas;Pleno dia;Crescente;Sol;Simples;Curva;-999.795.696;-6.749.100.235
06/09/2024;14:30:00;CURITIBA;Manobra de mudança de faixa;Colisão traseira;Com Vítimas Feridas;Pleno dia;Crescente;Nublado;Dupla;"Reta;Em Obras";-2.548.347.054;-491.913.271
03/08/2024;21:00:00;IBIPORA;Acesso irregular;Colisão transversal;Com Vítimas Feridas;Plena Noite;Crescente;Céu Claro;Dupla;"Reta;Aclive";-2.326.011.652;-5.100.375.795
06/09/2024;17:25:00;PETROLINA;Manobra de mudança de faixa;Queda de ocupante de veículo;Com Vítimas Feridas;Anoitecer;Crescente;Céu Claro;Dupla;Reta;-934.807.826;-4.047.441.248
06/09/2024;17:00:00;CAARAPO;Velocidade Incompatível;Colisão traseira;Com Vítimas Fatais;Anoitecer;Decrescente;Céu Claro;Dupla;Reta;-2.276.273.923;-547.778.223
06/09/2024;18:00:00;APARECIDA DE GOIANIA;Ausência de sinalização;Colisão traseira;Com Vítimas Feridas;Anoitecer;Decrescente;Céu Claro;Múltipla;Reta;-167.977;-492.386
06/09/2024;17:10:00;ARARANGUA;Animais na Pista;Atropelamento de Animal;Com Vítimas Feridas;Pleno dia;Decrescente;Céu Claro;Simples;Reta;-2.898.712.406;-4.954.395.294
06/09/2024;17:45:00;SETE LAGOAS;Frear bruscamente;Colisão traseira;Com Vítimas Feridas;Anoitecer;Crescente;Céu Claro;Dupla;Reta;-1.945.272;-44.314
06/09/2024;18:25:00;NOVA IGUACU;Manobra de mudança de faixa;Colisão lateral mesmo sentido;Com Vítimas Feridas;Plena Noite;Crescente;Céu Claro;Dupla;Reta;-22.769.902;-43.408.036
06/09/2024;17:00:00;MORRETES;Pista esburacada;Tombamento;Com Vítimas Feridas;Pleno dia;Decrescente;Nublado;Múltipla;Reta;-2.554.134.292;-4.868.821.697
06/09/2024;18:20:00;FLORIANOPOLIS;Manobra de mudança de faixa;Colisão lateral mesmo sentido;Com Vítimas Feridas;Plena Noite;Crescente;Nublado;Dupla;Reta;-27.600.384;-48.599.705
06/09/2024;06:40:00;CACHOEIRO DE ITAPEMIRIM;Ultrapassagem Indevida;Colisão transversal;Com Vítimas Feridas;Pleno dia;Decrescente;Nublado;Simples;Reta;-2.083.723.289;-4.116.733.095
06/09/2024;18:40:00;COLATINA;Demais falhas na via;Tombamento;Com Vítimas Feridas;Plena Noite;Decrescente;Céu Claro;Múltipla;"Reta;Em Obras";-1.950.865.703;-4.065.581.416
18/08/2024;08:00:00;RANCHO QUEIMADO;Velocidade Incompatível;Saída de leito carroçável;Com Vítimas Feridas;Amanhecer;Crescente;Céu Claro;Simples;"Declive;Curva";-27.695.963;-490.695
06/09/2024;17:20:00;CORREIA PINTO;Desrespeitar a preferência no cruzamento;Colisão transversal;Com Vítimas Feridas;Pleno dia;Decrescente;Céu Claro;Simples;Rotatória;-2.757.012.897;-5.037.318.791
06/09/2024;19:35:00;BLUMENAU;Acesso irregular;Colisão transversal;Com Vítimas Feridas;Plena Noite;Crescente;Nublado;Simples;Curva;-26.878.952;-4.917.421
06/09/2024;18:30:00;ARAUCARIA;Manobra de mudança de faixa;Colisão lateral mesmo sentido;Com Vítimas Feridas;Anoitecer;Decrescente;Céu Claro;Dupla;"Reta;Interseção de Vias";-25.570.036;-49.384.193
06/09/2024;19:59:00;COLATINA;Demais falhas na via;Queda de ocupante de veículo;Com Vítimas Feridas;Plena Noite;Decrescente;Céu Claro;Simples;"Reta;Em Obras;Interseção de Vias;Declive";-1.950.128.488;-4.065.265.414
06/09/2024;18:45:00;COLATINA;Demais falhas na via;Tombamento;Sem Vítimas;Plena Noite;Decrescente;Céu Claro;Múltipla;"Reta;Em Obras";-19.514.467;-40.660.786
06/09/2024;19:30:00;GUARAPARI;Velocidade Incompatível;Saída de leito carroçável;Com Vítimas Feridas;Plena Noite;Crescente;Céu Claro;Dupla;"Curva;Declive";-2.052.834.469;-4.048.236.575
06/09/2024;21:30:00;TERESINA;Animais na Pista;Atropelamento de Animal;Sem Vítimas;Plena Noite;Crescente;Céu Claro;Múltipla;Reta;-512.826.443;-4.279.292.384
06/09/2024;20:00:00;ITAGUAI;Manobra de mudança de faixa;Colisão lateral mesmo sentido;Com Vítimas Feridas;Plena Noite;Crescente;Nublado;Dupla;Reta;-2.289.720.365;-4.385.639.217
06/09/2024;22:00:00;APARECIDA DE GOIANIA;Manobra de mudança de faixa;Colisão lateral mesmo sentido;Com Vítimas Feridas;Plena Noite;Decrescente;Céu Claro;Múltipla;Reta;-167.977;-492.386
06/09/2024;20:30:00;DUQUE DE CAXIAS;Velocidade Incompatível;Colisão lateral mesmo sentido;Com Vítimas Feridas;Plena Noite;Decrescente;Céu Claro;Múltipla;Reta;-2.278.185.499;-4.328.571.273
06/09/2024;21:55:00;RECIFE;Velocidade Incompatível;Colisão traseira;Com Vítimas Feridas;Plena Noite;Decrescente;Céu Claro;Dupla;Reta;-8.024.815;-34.942.722
07/09/2024;01:10:00;SEBERI;Velocidade Incompatível;Saída de leito carroçável;Com Vítimas Feridas;Plena Noite;Decrescente;Céu Claro;Simples;Curva;-2.744.487.742;-5.341.458.321
06/09/2024;22:00:00;ANGRA DOS REIS;Desrespeitar a preferência no cruzamento;Colisão transversal;Com Vítimas Feridas;Plena Noite;Decrescente;Nublado;Simples;Reta;-22.929.671;-44.380.688
07/09/2024;00:40:00;FEIRA DE SANTANA;Acumulo de areia ou detritos sobre o pavimento;Tombamento;Com Vítimas Feridas;Plena Noite;Crescente;Céu Claro;Dupla;Viaduto;-12.268.362;-38.988.907
07/09/2024;00:20:00;RIBEIRAO DAS NEVES;Restrição de visibilidade em curvas horizontais;Colisão frontal;Sem Vítimas;Plena Noite;Não Informado;Céu Claro;Simples;Interseção de Vias;-1.978.479.575;-4.410.461.426
07/09/2024;00:30:00;GOIANIA;Animais na Pista;Atropelamento de Animal;Com Vítimas Feridas;Pleno dia;Crescente;Céu Claro;Dupla;"Reta;Declive";-167.002;-493.335
07/09/2024;03:40:00;OEIRAS;Ultrapassagem Indevida;Colisão frontal;Com Vítimas Fatais;Plena Noite;Crescente;Céu Claro;Simples;"Reta;Aclive";-69.864;-42.089.097
07/09/2024;02:35:00;GUARACIABA;Velocidade Incompatível;Saída de leito carroçável;Sem Vítimas;Plena Noite;Decrescente;Céu Claro;Simples;Curva;-2.662.425.308;-5.351.596.135
07/09/2024;06:50:00;LINDOESTE;Velocidade Incompatível;Saída de leito carroçável;Com Vítimas Feridas;Amanhecer;Decrescente;Sol;Dupla;"Curva;Declive";-2.524.175.091;-5.358.673.496
07/09/2024;00:50:00;CONTAGEM;Velocidade Incompatível;Colisão traseira;Com Vítimas Feridas;Plena Noite;Decrescente;Céu Claro;Múltipla;Curva;-1.995.889.605;-44.069.202
06/09/2024;17:00:00;DUQUE DE CAXIAS;Acesso irregular;Colisão transversal;Com Vítimas Fatais;Anoitecer;Decrescente;Céu Claro;Dupla;Reta;-2.265.237.271;-4.323.918.118
07/09/2024;08:45:00;BENTO GONCALVES;Chuva;Saída de leito carroçável;Com Vítimas Feridas;Pleno dia;Decrescente;Chuva;Dupla;"Aclive;Curva";-2.917.909.489;-5.151.855.675
07/09/2024;08:50:00;MACAIBA;Conversão proibida;Colisão transversal;Com Vítimas Feridas;Pleno dia;Decrescente;Sol;Dupla;"Reta;Desvio Temporário";-586.484.905;-3.534.931.012
07/09/2024;08:52:00;CACHOEIRO DE ITAPEMIRIM;Acesso irregular;Colisão traseira;Com Vítimas Feridas;Pleno dia;Crescente;Vento;Dupla;Reta;-20.841.324;-4.115.929
07/09/2024;09:30:00;ERECHIM;Velocidade Incompatível;Tombamento;Com Vítimas Feridas;Pleno dia;Decrescente;Nublado;Simples;Curva;-2.761.448.106;-5.223.956.251
07/09/2024;10:00:00;SAO JOAO DE MERITI;Desrespeitar a preferência no cruzamento;Colisão traseira;Com Vítimas Feridas;Pleno dia;Crescente;Céu Claro;Dupla;Reta;-2.278.923.555;-4.337.275.272
07/09/2024;10:30:00;ABREU E LIMA;Manobra de mudança de faixa;Colisão traseira;Com Vítimas Feridas;Pleno dia;Crescente;Céu Claro;Dupla;Reta;-79.169.968;-3.489.689.272
07/09/2024;10:45:00;TRES BARRAS;Manobra de mudança de faixa;Colisão lateral mesmo sentido;Com Vítimas Feridas;Pleno dia;Decrescente;Céu Claro;Simples;Reta;-2.617.859.527;-5.018.749.694
07/09/2024;09:50:00;SAO JOSE DOS PINHAIS;Manobra de mudança de faixa;Colisão lateral mesmo sentido;Com Vítimas Feridas;Pleno dia;Decrescente;Sol;Dupla;Reta;-25.587.102;-48.950.949
07/09/2024;12:10:00;CALIFORNIA;Velocidade Incompatível;Saída de leito carroçável;Com Vítimas Feridas;Pleno dia;Decrescente;Céu Claro;Dupla;Curva;-23.698.707;-5.133.494
07/09/2024;10:30:00;TUBARAO;Desrespeitar a preferência no cruzamento;Colisão transversal;Com Vítimas Feridas;Pleno dia;Crescente;Céu Claro;Múltipla;"Reta;Interseção de Vias";-2.846.574.303;-4.899.598.718
07/09/2024;07:00:00;ITAPECURU MIRIM;Manobra de mudança de faixa;Tombamento;Com Vítimas Fatais;Amanhecer;Crescente;Céu Claro;Simples;"Reta;Ponte";-324.245;-44.376.033
07/09/2024;10:40:00;JARAGUA DO SUL;Ultrapassagem Indevida;Colisão frontal;Com Vítimas Feridas;Pleno dia;Decrescente;Nublado;Simples;"Curva;Aclive";-26.456.423;-49.186.346
07/09/2024;12:36:00;PAUDALHO;Velocidade Incompatível;Capotamento;Sem Vítimas;Pleno dia;Decrescente;Céu Claro;Dupla;"Curva;Declive";-786.263.797;-3.520.765.997
07/09/2024;13:55:00;PORTELANDIA;Restrição de visibilidade em curvas horizontais;Saída de leito carroçável;Com Vítimas Feridas;Pleno dia;Crescente;Sol;Simples;Reta;-17.418.779;-52.627.911
07/09/2024;10:40:00;SAPUCAIA;Velocidade Incompatível;Colisão traseira;Com Vítimas Feridas;Pleno dia;Decrescente;Céu Claro;Simples;Reta;-2.199.811.503;-4.292.231.799
07/09/2024;14:40:00;CONTENDA;Manobra de mudança de faixa;Colisão lateral mesmo sentido;Sem Vítimas;Pleno dia;Decrescente;Sol;Simples;"Reta;Rotatória;Declive";-2.567.467.455;-4.951.466.103
07/09/2024;15:25:00;PAULISTA;Acesso irregular;Colisão transversal;Com Vítimas Feridas;Pleno dia;Decrescente;Céu Claro;Múltipla;Reta;-792.358.799;-3.489.607.201
07/09/2024;08:30:00;BOM JESUS;Manobra de mudança de faixa;Colisão transversal;Com Vítimas Feridas;Pleno dia;Crescente;Céu Claro;Dupla;"Curva;Aclive";-9.075.797;-44.358.155
07/09/2024;17:45:00;MATELANDIA;Acumulo de areia ou detritos sobre o pavimento;Saída de leito carroçável;Com Vítimas Feridas;Pleno dia;Decrescente;Céu Claro;Dupla;Reta;-2.525.373.991;-5.399.430.513
07/09/2024;18:10:00;FORTALEZA;Manobra de mudança de faixa;Colisão traseira;Com Vítimas Feridas;Plena Noite;Decrescente;Céu Claro;Múltipla;Reta;-37.867.209;-385.114.568
07/09/2024;18:30:00;ESTRELA DE ALAGOAS;Manobra de mudança de faixa;Colisão frontal;Com Vítimas Feridas;Plena Noite;Decrescente;Céu Claro;Simples;Reta;-939.355.673;-3.674.054.595
07/09/2024;19:15:00;GUARULHOS;Manobra de mudança de faixa;Colisão lateral mesmo sentido;Com Vítimas Feridas;Plena Noite;Crescente;Céu Claro;Múltipla;Reta;-2.348.071.896;-4.653.271.603
07/09/2024;20:00:00;FATIMA;Ultrapassagem Indevida;Colisão frontal;Sem Vítimas;Plena Noite;Crescente;Céu Claro;Simples;"Reta;Declive";-1.079.611.112;-4.890.237.808
07/09/2024;19:05:00;RIO PARDO;Manobra de mudança de faixa;Colisão frontal;Com Vítimas Feridas;Plena Noite;Decrescente;Céu Claro;Simples;Reta;-2.989.802.883;-5.239.251.137
07/09/2024;20:05:00;NOVA SERRANA;Ultrapassagem Indevida;Colisão traseira;Com Vítimas Feridas;Plena Noite;Crescente;Céu Claro;Simples;"Reta;Aclive";-1.984.483.257;-4.503.905.296
07/09/2024;19:50:00;SANTANA DO LIVRAMENTO;Animais na Pista;Tombamento;Com Vítimas Feridas;Plena Noite;Decrescente;Nublado;Simples;"Reta;Interseção de Vias";-3.085.294.393;-5.552.435.803
07/09/2024;20:00:00;CONCEICAO DO JACUIPE;Manobra de mudança de faixa;Colisão lateral mesmo sentido;Com Vítimas Feridas;Plena Noite;Decrescente;Céu Claro;Dupla;Reta;-1.236.788.059;-3.881.554.127
07/09/2024;21:30:00;TEIXEIRA DE FREITAS;Velocidade Incompatível;Colisão traseira;Com Vítimas Feridas;Plena Noite;Decrescente;Céu Claro;Simples;"Reta;Interseção de Vias";-17.543.426;-3.971.727
07/09/2024;20:40:00;NOVA IGUACU;Manobra de mudança de faixa;Colisão traseira;Com Vítimas Feridas;Plena Noite;Crescente;Céu Claro;Dupla;Reta;-227.516.014;-4.343.849.831
03/09/2024;18:50:00;TUBARAO;Manobra de mudança de faixa;Colisão lateral mesmo sentido;Com Vítimas Feridas;Plena Noite;Crescente;Céu Claro;Dupla;Curva;-2.846.730.446;-4.900.604.302
07/09/2024;23:20:00;QUATRO PONTES;Velocidade Incompatível;Saída de leito carroçável;Sem Vítimas;Plena Noite;Decrescente;Céu Claro;Simples;Rotatória;-2.460.653.919;-5.397.359.506
07/09/2024;20:00:00;REMIGIO;Deficiência do Sistema de Iluminação/Sinalização;Colisão lateral mesmo sentido;Com Vítimas Feridas;Plena Noite;Crescente;Céu Claro;Simples;"Declive;Curva";-696.178;-35.802.777
07/09/2024;23:50:00;CHOROZINHO;Desrespeitar a preferência no cruzamento;Colisão transversal;Com Vítimas Feridas;Plena Noite;Crescente;Céu Claro;Simples;Reta;-43.140.702;-3.849.723.925
07/09/2024;21:10:00;VACARIA;Desrespeitar a preferência no cruzamento;Colisão transversal;Sem Vítimas;Plena Noite;Decrescente;Nublado;Simples;"Reta;Interseção de Vias";-2.850.544.881;-5.091.448.545
07/09/2024;23:50:00;GOVERNADOR VALADARES;Velocidade Incompatível;Tombamento;Com Vítimas Feridas;Pleno dia;Decrescente;Céu Claro;Dupla;Reta;-18.835.552;-4.198.926.799
08/09/2024;00:05:00;SAO JOSE DOS CAMPOS;Estacionar ou parar em local proibido;Colisão com objeto;Com Vítimas Feridas;Plena Noite;Decrescente;Céu Claro;Dupla;Reta;-2.317.426.078;-4.582.940.111
07/09/2024;22:39:00;VASSOURAS;Conversão proibida;Colisão transversal;Com Vítimas Feridas;Pleno dia;Crescente;Céu Claro;Simples;Reta;-224.117.254;-436.727.614
08/09/2024;02:20:00;RIO DO SUL;Ultrapassagem Indevida;Colisão frontal;Com Vítimas Feridas;Plena Noite;Crescente;Nevoeiro/Neblina;Simples;"Reta;Ponte";-27.233.143;-49.672.886
08/09/2024;02:50:00;GUARULHOS;Velocidade Incompatível;Colisão com objeto;Com Vítimas Feridas;Plena Noite;Crescente;Céu Claro;Múltipla;Em Obras;-2.344.695.693;-4.645.394.103
08/09/2024;01:00:00;TIANGUA;Velocidade Incompatível;Sinistro pessoal de trânsito;Sem Vítimas;Plena Noite;Decrescente;Céu Claro;Dupla;Reta;-368.901.102;-4.097.669.036
07/09/2024;19:00:00;GLORIA DE DOURADOS;Manobra de mudança de faixa;Colisão lateral sentido oposto;Com Vítimas Feridas;Plena Noite;Crescente;Céu Claro;Simples;"Reta;Declive";-2.247.006.786;-5.425.570.065
08/09/2024;07:00:00;NOVA UNIAO;Acesso irregular;Atropelamento de Pedestre;Com Vítimas Feridas;Pleno dia;Crescente;Céu Claro;Dupla;Reta;-197.440.281;-4.361.553.391
08/09/2024;08:00:00;ITABUNA;Ultrapassagem Indevida;Capotamento;Com Vítimas Feridas;Pleno dia;Decrescente;Céu Claro;Simples;Curva;-1.490.324;-39.289.012
08/09/2024;08:00:00;MANDAGUARI;Velocidade Incompatível;Saída de leito carroçável;Com Vítimas Feridas;Pleno dia;Crescente;Sol;Simples;Rotatória;-235.499.708;-5.166.760.683
12/08/2024;06:30:00;GUARULHOS;Manobra de mudança de faixa;Colisão traseira;Com Vítimas Feridas;Pleno dia;Crescente;Céu Claro;Múltipla;Reta;-2.344.333.014;-4.644.531.294
08/09/2024;08:30:00;MAGE;Animais na Pista;Queda de ocupante de veículo;Com Vítimas Feridas;Pleno dia;Crescente;Céu Claro;Dupla;Reta;-2.265.608.024;-4.312.511.494
08/09/2024;09:00:00;EXTREMA;Velocidade Incompatível;Tombamento;Com Vítimas Feridas;Pleno dia;Decrescente;Nublado;Dupla;"Declive;Curva";-2.280.561.765;-4.625.965.118
08/09/2024;11:38:00;CALUMBI;Ultrapassagem Indevida;Colisão lateral mesmo sentido;Com Vítimas Feridas;Pleno dia;Crescente;Céu Claro;Simples;Reta;-803.984.859;-3.807.675.593
08/09/2024;11:08:00;PORTO VELHO;Desrespeitar a preferência no cruzamento;Colisão transversal;Com Vítimas Feridas;Pleno dia;Decrescente;Céu Claro;Dupla;Reta;-8.766.685;-63.884.052
08/09/2024;11:40:00;EWBANK DA CAMARA;Velocidade Incompatível;Colisão lateral sentido oposto;Com Vítimas Feridas;Pleno dia;Crescente;Céu Claro;Simples;Curva;-2.149.531.809;-4.353.514.132
08/09/2024;12:25:00;BAIXO GUANDU;Ultrapassagem Indevida;Saída de leito carroçável;Com Vítimas Feridas;Pleno dia;Crescente;Céu Claro;Simples;Reta;-1.951.753.177;-4.101.967.578
08/09/2024;14:00:00;LINHARES;Manobra de mudança de faixa;Colisão traseira;Com Vítimas Feridas;Pleno dia;Decrescente;Céu Claro;Múltipla;Reta;-1.935.188.295;-400.636.685
08/09/2024;13:30:00;GOIANAPOLIS;Fumaça;Colisão traseira;Com Vítimas Feridas;Pleno dia;Crescente;Céu Claro;Dupla;Reta;-16.45;-490.316
08/09/2024;13:45:00;FEIRA DE SANTANA;Acesso irregular;Colisão transversal;Com Vítimas Feridas;Pleno dia;Decrescente;Céu Claro;Dupla;Reta;-12.258.195;-38.932.182
12/07/2024;10:48:00;SOBRADO;Acumulo de água sobre o pavimento;Capotamento;Com Vítimas Feridas;Pleno dia;Crescente;Chuva;Dupla;Declive;-71.901;-352.505
08/09/2024;15:45:00;ITAPEMA;Manobra de mudança de faixa;Colisão lateral mesmo sentido;Com Vítimas Feridas;Pleno dia;Decrescente;Céu Claro;Dupla;Reta;-2.708.139.206;-4.860.130.993
08/09/2024;15:50:00;OLIVEIRA;Velocidade Incompatível;Tombamento;Com Vítimas Feridas;Pleno dia;Decrescente;Céu Claro;Dupla;Curva;-2.086.147.692;-4.484.048.107
08/09/2024;16:00:00;MONTES CLAROS;Pista Escorregadia;Tombamento;Com Vítimas Feridas;Pleno dia;Crescente;Céu Claro;Simples;"Reta;Aclive";-166.754.567;-437.987.724
08/09/2024;17:35:00;JOAO MONLEVADE;Pista Escorregadia;Tombamento;Com Vítimas Feridas;Pleno dia;Decrescente;Céu Claro;Simples;Curva;-1.985.643.939;-4.324.280.693