data_inversa;horario;municipio;causa_acidente;tipo_acidente;classificacao_acidente;fase_dia;sentido_via;condicao_metereologica;tipo_pista;tracado_via;latitude;longitude
08/09/2024;17:00:00;PIRAI;Manobra de mudança de faixa;Colisão lateral mesmo sentido;Com Vítimas Feridas;Pleno dia;Decrescente;Céu Claro;Dupla;Curva;-2.266.934.677;-4.385.528.603
08/09/2024;17:20:00;SAO MATEUS;Ultrapassagem Indevida;Colisão lateral sentido oposto;Com Vítimas Feridas;Anoitecer;Crescente;Céu Claro;Simples;Reta;-1.878.487.912;-3.987.911.084
08/09/2024;17:30:00;OLIVEIRA FORTES;Velocidade Incompatível;Saída de leito carroçável;Com Vítimas Feridas;Anoitecer;Crescente;Céu Claro;Dupla;"Curva;Declive";-2.131.059.847;-4.360.380.204
08/09/2024;14:30:00;FRONTEIRAS;Frear bruscamente;Colisão traseira;Com Vítimas Feridas;Pleno dia;Decrescente;Céu Claro;Simples;Reta;-708.424.705;-40.582.401
08/09/2024;18:00:00;RIO BONITO;Acesso irregular;Atropelamento de Pedestre;Com Vítimas Fatais;Plena Noite;Decrescente;Céu Claro;Dupla;Reta;-2.271.852.325;-4.268.689.289
08/09/2024;18:30:00;CAUCAIA;Manobra de mudança de faixa;Colisão lateral mesmo sentido;Com Vítimas Feridas;Plena Noite;Decrescente;Céu Claro;Dupla;Reta;-374.296.918;-3.861.330.997
08/09/2024;18:30:00;JUATUBA;Manobra de mudança de faixa;Colisão lateral mesmo sentido;Sem Vítimas;Plena Noite;Crescente;Céu Claro;Dupla;Reta;-1.997.059;-4.429.402
08/09/2024;18:30:00;TERESINA;Manobra de mudança de faixa;Colisão lateral mesmo sentido;Sem Vítimas;Plena Noite;Crescente;Céu Claro;Dupla;Reta;-514.169.858;-4.278.157.276
08/09/2024;19:00:00;ITAPECERICA DA SERRA;Manobra de mudança de faixa;Colisão lateral mesmo sentido;Com Vítimas Feridas;Plena Noite;Decrescente;Céu Claro;Dupla;Reta;-2.372.290.969;-4.689.096.614
08/09/2024;19:30:00;GOIANIA;Acesso irregular;Colisão transversal;Com Vítimas Feridas;Plena Noite;Crescente;Céu Claro;Dupla;"Reta;Retorno Regulamentado";-1.673.044.118;-4.939.074.581
16/08/2024;06:15:00;NOSSA SENHORA DO SOCORRO;Manobra de mudança de faixa;Colisão frontal;Com Vítimas Fatais;Pleno dia;Crescente;Céu Claro;Simples;"Aclive;Curva";-1.087.130.226;-3.716.701.627
08/09/2024;16:20:00;CATUJI;Afundamento ou ondulação no pavimento;Tombamento;Com Vítimas Feridas;Pleno dia;Decrescente;Céu Claro;Simples;"Em Obras;Aclive;Curva";-173.756.538;-4.152.881.674
08/09/2024;18:56:00;CACHOEIRA DO SUL;Acesso irregular;Colisão traseira;Com Vítimas Feridas;Plena Noite;Decrescente;Céu Claro;Simples;Interseção de Vias;-3.003.964;-52.894.356
08/09/2024;19:15:00;LINHARES;Manobra de mudança de faixa;Queda de ocupante de veículo;Com Vítimas Feridas;Plena Noite;Crescente;Céu Claro;Múltipla;Reta;-1.933.458.987;-4.006.755.477
08/09/2024;19:30:00;ARAUCARIA;Desrespeitar a preferência no cruzamento;Colisão transversal;Com Vítimas Feridas;Plena Noite;Crescente;Céu Claro;Simples;"Reta;Rotatória";-2.560.602.232;-4.942.093.313
08/09/2024;14:10:00;CATUJI;Afundamento ou ondulação no pavimento;Tombamento;Com Vítimas Feridas;Pleno dia;Decrescente;Sol;Simples;"Em Obras;Curva;Aclive";-173.756.538;-4.152.881.674
08/09/2024;17:45:00;PORTO ESPERIDIAO;Animais na Pista;Atropelamento de Animal;Com Vítimas Feridas;Anoitecer;Decrescente;Céu Claro;Simples;Reta;-1.559.718.675;-5.887.010.998
27/08/2024;14:30:00;MURITIBA;Ultrapassagem Indevida;Colisão frontal;Com Vítimas Feridas;Pleno dia;Decrescente;Céu Claro;Simples;Reta;-1.265.351.724;-3.912.236.761
08/09/2024;19:30:00;ARARANGUA;Manobra de mudança de faixa;Saída de leito carroçável;Com Vítimas Feridas;Plena Noite;Decrescente;Nublado;Dupla;Reta;-2.890.109.548;-4.947.563.052
08/09/2024;22:00:00;SABARA;Velocidade Incompatível;Colisão com objeto;Com Vítimas Feridas;Plena Noite;Crescente;Céu Claro;Simples;Curva;-1.980.927.691;-4.378.706.001
08/09/2024;21:10:00;FLORIANO;Animais na Pista;Atropelamento de Animal;Sem Vítimas;Pleno dia;Crescente;Céu Claro;Simples;Reta;-687.722.295;-4.284.814.096
09/09/2024;04:33:00;JABOATAO DOS GUARARAPES;Velocidade Incompatível;Saída de leito carroçável;Com Vítimas Fatais;Amanhecer;Crescente;Ignorado;Dupla;Reta;-815.112.589;-349.428.866
09/09/2024;05:20:00;CAUCAIA;Velocidade Incompatível;Colisão frontal;Com Vítimas Feridas;Amanhecer;Decrescente;Céu Claro;Simples;"Curva;Em Obras";-3.760.385;-38.694.333
08/09/2024;11:30:00;PARAIBA DO SUL;Demais falhas na via;Queda de ocupante de veículo;Com Vítimas Feridas;Pleno dia;Decrescente;Céu Claro;Simples;Reta;-2.214.586.313;-4.329.275.992
09/09/2024;08:40:00;FORTALEZA;Manobra de mudança de faixa;Colisão lateral mesmo sentido;Com Vítimas Feridas;Pleno dia;Decrescente;Céu Claro;Múltipla;Reta;-377.019.802;-3.851.724.508
09/09/2024;08:50:00;ITAJAI;Manobra de mudança de faixa;Colisão lateral mesmo sentido;Com Vítimas Feridas;Pleno dia;Decrescente;Nublado;Dupla;Reta;-2.687.905.605;-4.872.603.512
09/09/2024;09:00:00;PALHOCA;Velocidade Incompatível;Colisão com objeto;Com Vítimas Feridas;Pleno dia;Crescente;Chuva;Dupla;Curva;-27.795.666;-48.638.153
09/09/2024;06:20:00;MURIAE;Ultrapassagem Indevida;Colisão lateral mesmo sentido;Com Vítimas Feridas;Pleno dia;Crescente;Céu Claro;Simples;"Declive;Curva";-2.113.692.575;-4.230.183.406
09/09/2024;07:30:00;NOSSA SENHORA DO SOCORRO;Conversão proibida;Colisão transversal;Com Vítimas Feridas;Pleno dia;Crescente;Céu Claro;Dupla;Retorno Regulamentado;-1.090.212.319;-3.714.494.787
09/09/2024;09:00:00;BELEM;Desrespeitar a preferência no cruzamento;Colisão transversal;Com Vítimas Feridas;Pleno dia;Crescente;Céu Claro;Simples;Interseção de Vias;-958.359.382;-364.979.069
09/09/2024;10:10:00;BETIM;Manobra de mudança de faixa;Colisão lateral mesmo sentido;Com Vítimas Feridas;Pleno dia;Crescente;Céu Claro;Dupla;Reta;-1.997.018.187;-4.418.210.416
09/09/2024;11:00:00;CACHOEIRINHA;Manobra de mudança de faixa;Colisão lateral mesmo sentido;Sem Vítimas;Pleno dia;Decrescente;Céu Claro;Múltipla;"Reta;Em Obras";-2.996.376;-51.097.771
09/09/2024;09:00:00;ITAPERUNA;Frear bruscamente;Colisão traseira;Com Vítimas Feridas;Pleno dia;Crescente;Céu Claro;Simples;Reta;-2.114.909.195;-42.155.194
09/09/2024;10:40:00;TERESINA;Velocidade Incompatível;Colisão traseira;Com Vítimas Feridas;Pleno dia;Decrescente;Céu Claro;Dupla;Reta;-508.284;-42.750.385
09/09/2024;13:10:00;MALLET;Conversão proibida;Colisão transversal;Com Vítimas Feridas;Pleno dia;Crescente;Céu Claro;Simples;Reta;-2.588.072.767;-5.083.652.623
09/09/2024;12:55:00;MEDIANEIRA;Manobra de mudança de faixa;Colisão lateral mesmo sentido;Com Vítimas Feridas;Pleno dia;Crescente;Céu Claro;Dupla;Reta;-2.531.261.205;-5.414.871.997
09/09/2024;16:00:00;CAMPO LARGO;Velocidade Incompatível;Saída de leito carroçável;Com Vítimas Feridas;Pleno dia;Decrescente;Céu Claro;Dupla;Curva;-2.544.344.167;-4.945.985.402
09/09/2024;15:30:00;CASIMIRO DE ABREU;Acesso irregular;Colisão transversal;Com Vítimas Feridas;Pleno dia;Crescente;Céu Claro;Simples;"Reta;Retorno Regulamentado";-2.247.647.633;-4.220.045.535
09/09/2024;17:00:00;SAO GONCALO DO AMARANTE;Animais na Pista;Atropelamento de Animal;Com Vítimas Feridas;Pleno dia;Crescente;Céu Claro;Simples;Reta;-36.717.776;-3.910.726.798
09/09/2024;17:30:00;VOLTA REDONDA;Ultrapassagem Indevida;Colisão transversal;Com Vítimas Feridas;Pleno dia;Crescente;Céu Claro;Simples;Reta;-2.247.750.785;-4.401.954.402
30/08/2024;18:10:00;SAO JOSE DE MIPIBU;Iluminação deficiente;Atropelamento de Pedestre;Com Vítimas Feridas;Plena Noite;Crescente;Céu Claro;Dupla;"Curva;Interseção de Vias";-607.054.896;-3.523.785.797
09/09/2024;17:40:00;SAO JOSE;Manobra de mudança de faixa;Colisão lateral mesmo sentido;Com Vítimas Feridas;Anoitecer;Decrescente;Céu Claro;Dupla;Reta;-2.754.018.513;-4.862.287.714
09/09/2024;17:20:00;JUAZEIRO;Desrespeitar a preferência no cruzamento;Colisão transversal;Com Vítimas Feridas;Pleno dia;Crescente;Céu Claro;Simples;"Em Obras;Rotatória";-9.442.873;-40.492.978
09/09/2024;16:05:00;JI-PARANA;Manobra de mudança de faixa;Colisão lateral mesmo sentido;Com Vítimas Feridas;Pleno dia;Crescente;Céu Claro;Dupla;Reta;-10.865.874;-61.968.647
09/09/2024;18:15:00;FOZ DO IGUACU;Velocidade Incompatível;Colisão traseira;Com Vítimas Feridas;Anoitecer;Decrescente;Céu Claro;Múltipla;"Reta;Retorno Regulamentado";-2.550.257.577;-5.453.868.311
09/09/2024;21:00:00;CRISTINAPOLIS;Manobra de mudança de faixa;Colisão transversal;Com Vítimas Feridas;Plena Noite;Crescente;Céu Claro;Simples;Curva;-1.146.981.308;-3.774.693.679
09/09/2024;21:00:00;JOINVILLE;Manobra de mudança de faixa;Saída de leito carroçável;Sem Vítimas;Plena Noite;Crescente;Nublado;Dupla;Curva;-262.411.301;-4.891.227.415
09/09/2024;20:30:00;TERESINA;Velocidade Incompatível;Colisão traseira;Com Vítimas Fatais;Plena Noite;Decrescente;Céu Claro;Múltipla;Viaduto;-512.536.829;-4.279.483.438
09/09/2024;21:35:00;NOBRES;Desrespeitar a preferência no cruzamento;Colisão transversal;Com Vítimas Feridas;Plena Noite;Decrescente;Céu Claro;Simples;"Viaduto;Reta;Retorno Regulamentado";-1.472.093.353;-5.631.979.537
09/09/2024;22:40:00;CASCAVEL;Velocidade Incompatível;Colisão traseira;Com Vítimas Feridas;Plena Noite;Decrescente;Céu Claro;Simples;Reta;-2.495.882.576;-5.339.887.619
10/09/2024;00:00:00;JUAZEIRO;Animais na Pista;Atropelamento de Animal;Com Vítimas Feridas;Pleno dia;Decrescente;Céu Claro;Simples;Reta;-945.259.129;-4.048.292.825
09/09/2024;19:30:00;VILHENA;Desrespeitar a preferência no cruzamento;Colisão transversal;Com Vítimas Feridas;Plena Noite;Crescente;Céu Claro;Simples;Reta;-1.271.452.302;-601.262.149
10/09/2024;06:30:00;RIO NEGRINHO;Acesso irregular;Colisão transversal;Com Vítimas Feridas;Pleno dia;Decrescente;Céu Claro;Simples;Reta;-2.623.763.684;-4.948.434.497
10/09/2024;07:00:00;LINHARES;Animais na Pista;Atropelamento de Animal;Com Vítimas Feridas;Pleno dia;Crescente;Céu Claro;Simples;Aclive;-1.928.406.301;-4.008.688.713
10/09/2024;07:50:00;PALHOCA;Manobra de mudança de faixa;Tombamento;Com Vítimas Feridas;Pleno dia;Crescente;Nublado;Múltipla;Reta;-2.762.329.313;-4.865.245.588
10/09/2024;08:10:00;QUIXABA;Ultrapassagem Indevida;Colisão com objeto;Com Vítimas Feridas;Pleno dia;Crescente;Céu Claro;Simples;Reta;-69.868;-371.796
10/09/2024;08:00:00;CUIABA;Velocidade Incompatível;Saída de leito carroçável;Com Vítimas Feridas;Pleno dia;Decrescente;Sol;Simples;Reta;-157.027.442;-560.763.427
10/09/2024;08:20:00;SAO GONCALO DO AMARANTE;Manobra de mudança de faixa;Colisão lateral mesmo sentido;Com Vítimas Feridas;Pleno dia;Crescente;Chuva;Dupla;"Aclive;Reta";-5.774.175;-352.578
09/07/2024;12:15:00;PIRIPIRI;Acumulo de areia ou detritos sobre o pavimento;Tombamento;Com Vítimas Feridas;Pleno dia;Crescente;Céu Claro;Simples;Reta;-437.233;-41.831.642
10/09/2024;11:00:00;NOVA SERRANA;Desrespeitar a preferência no cruzamento;Colisão transversal;Com Vítimas Feridas;Pleno dia;Decrescente;Sol;Dupla;Rotatória;-1.986.407.629;-4.499.799.371
31/08/2024;13:30:00;FEIRA DE SANTANA;Pista esburacada;Tombamento;Com Vítimas Feridas;Pleno dia;Crescente;Nublado;Dupla;Viaduto;-1.226.997.463;-3.898.747.558
11/08/2024;17:40:00;JABOATAO DOS GUARARAPES;Acesso irregular;Colisão lateral mesmo sentido;Com Vítimas Feridas;Plena Noite;Decrescente;Céu Claro;Múltipla;Reta;-8.078.327;-34.981.573
10/09/2024;13:10:00;GOVERNADOR VALADARES;Desrespeitar a preferência no cruzamento;Colisão transversal;Com Vítimas Feridas;Pleno dia;Decrescente;Sol;Simples;"Interseção de Vias;Reta";-1.888.401.297;-4.194.924.399
10/09/2024;14:30:00;BRASILIA;Frear bruscamente;Capotamento;Com Vítimas Feridas;Anoitecer;Crescente;Céu Claro;Dupla;Declive;-15.581.073;-4.750.346
10/09/2024;13:30:00;VITORIA DA CONQUISTA;Desrespeitar a preferência no cruzamento;Colisão traseira;Com Vítimas Feridas;Pleno dia;Crescente;Nublado;Dupla;"Reta;Retorno Regulamentado";-1.487.820.456;-4.085.474.253
10/09/2024;15:20:00;ITATIAIA;Desrespeitar a preferência no cruzamento;Colisão frontal;Sem Vítimas;Pleno dia;Crescente;Sol;Simples;"Reta;Interseção de Vias";-22.488.885;-44.552.696
10/09/2024;15:20:00;BETIM;Manobra de mudança de faixa;Colisão lateral mesmo sentido;Com Vítimas Feridas;Pleno dia;Decrescente;Céu Claro;Dupla;"Aclive;Reta";-1.995.594.491;-4.410.721.699
10/09/2024;15:40:00;AGUAS LINDAS DE GOIAS;Estacionar ou parar em local proibido;Atropelamento de Pedestre;Com Vítimas Feridas;Pleno dia;Crescente;Céu Claro;Dupla;"Curva;Aclive";-15.767.021;-48.229.945
06/09/2024;14:00:00;COLINAS;Conversão proibida;Colisão transversal;Com Vítimas Feridas;Pleno dia;Crescente;Sol;Simples;Reta;-608.639.296;-4.417.666.495
10/09/2024;15:45:00;SAO LUIS;Manobra de mudança de faixa;Colisão lateral mesmo sentido;Com Vítimas Feridas;Pleno dia;Decrescente;Sol;Dupla;Reta;-253.073;-443.068
10/09/2024;17:20:00;JOAO PESSOA;Manobra de mudança de faixa;Colisão lateral mesmo sentido;Com Vítimas Feridas;Plena Noite;Crescente;Céu Claro;Dupla;Reta;-71.281;-348.466
10/09/2024;17:15:00;SAO JOSE DO RIO PRETO;Conversão proibida;Colisão lateral mesmo sentido;Com Vítimas Feridas;Pleno dia;Crescente;Céu Claro;Dupla;"Rotatória;Curva";-2.086.715.501;-4.941.334.398
10/09/2024;12:00:00;COLORADO DO OESTE;Ultrapassagem Indevida;Colisão lateral mesmo sentido;Com Vítimas Feridas;Pleno dia;Decrescente;Sol;Dupla;"Reta;Aclive";-131.173.435;-6.052.293.293
10/09/2024;17:20:00;TRES MARIAS;Acesso irregular;Colisão transversal;Com Vítimas Feridas;Pleno dia;Decrescente;Céu Claro;Simples;"Declive;Interseção de Vias";-1.821.264.695;-4.522.480.595
10/09/2024;18:00:00;BALNEARIO CAMBORIU;Manobra de mudança de faixa;Colisão lateral mesmo sentido;Com Vítimas Feridas;Plena Noite;Decrescente;Céu Claro;Simples;"Túnel;Reta";-2.703.881.189;-4.860.025.148
10/09/2024;18:40:00;APUCARANA;Manobra de mudança de faixa;Colisão lateral mesmo sentido;Com Vítimas Feridas;Plena Noite;Decrescente;Céu Claro;Dupla;Reta;-23.566.738;-51.522.077
25/08/2024;18:50:00;VITORIA DA CONQUISTA;Manobra de mudança de faixa;Colisão lateral mesmo sentido;Com Vítimas Feridas;Plena Noite;Decrescente;Ignorado;Múltipla;"Aclive;Reta";-149.123.767;-408.755.816
10/09/2024;20:00:00;POUSO ALTO;Velocidade Incompatível;Saída de leito carroçável;Com Vítimas Feridas;Plena Noite;Decrescente;Céu Claro;Simples;Curva;-2.217.341.665;-4.496.429.443
10/09/2024;23:00:00;MATELANDIA;Desrespeitar a preferência no cruzamento;Colisão transversal;Com Vítimas Feridas;Plena Noite;Decrescente;Céu Claro;Simples;"Reta;Interseção de Vias";-2.519.531.108;-539.414.978
11/09/2024;01:35:00;NOVO HAMBURGO;Iluminação deficiente;Colisão com objeto;Sem Vítimas;Plena Noite;Decrescente;Nublado;Simples;Reta;-2.965.121.313;-511.444.433
16/07/2024;21:30:00;FORMOSA;Acostamento em desnível;Colisão frontal;Com Vítimas Feridas;Plena Noite;Crescente;Céu Claro;Simples;Reta;-15.446.499;-47.097.328
11/09/2024;07:22:00;BIGUACU;Animais na Pista;Colisão com objeto;Com Vítimas Feridas;Pleno dia;Decrescente;Nevoeiro/Neblina;Dupla;Reta;-2.749.815.117;-4.865.661.236
11/09/2024;08:10:00;GOIANIA;Condutor usando celular;Colisão traseira;Com Vítimas Feridas;Pleno dia;Crescente;Sol;Dupla;"Reta;Declive;Viaduto";-166.461;-492.114
11/09/2024;06:45:00;FRANCISCO SA;Conversão proibida;Colisão frontal;Com Vítimas Feridas;Pleno dia;Crescente;Sol;Simples;Reta;-1.664.567.192;-4.370.581.503
11/09/2024;08:00:00;SALVADOR;Manobra de mudança de faixa;Colisão lateral mesmo sentido;Com Vítimas Feridas;Pleno dia;Crescente;Céu Claro;Dupla;Reta;-1.295.020.997;-3.847.073.108
11/09/2024;06:00:00;ITAPUA DO OESTE;Fumaça;Saída de leito carroçável;Com Vítimas Feridas;Pleno dia;Decrescente;Céu Claro;Simples;Curva;-947.248.596;-6.310.176.543
11/09/2024;06:35:00;PONTES E LACERDA;Acesso irregular;Colisão frontal;Com Vítimas Feridas;Pleno dia;Crescente;Nevoeiro/Neblina;Simples;Reta;-1.522.419.218;-5.931.889.821
11/09/2024;08:10:00;PORTO ALEGRE;Manobra de mudança de faixa;Colisão lateral mesmo sentido;Com Vítimas Feridas;Pleno dia;Decrescente;Nublado;Dupla;Reta;-29.994.816;-51.217.403
11/09/2024;09:40:00;SEROPEDICA;Ultrapassagem Indevida;Colisão transversal;Com Vítimas Feridas;Pleno dia;Crescente;Céu Claro;Simples;Reta;-22.747.673;-43.699.196
11/09/2024;12:00:00;BIGUACU;Acesso irregular;Colisão traseira;Com Vítimas Feridas;Pleno dia;Decrescente;Céu Claro;Dupla;Interseção de Vias;-2.751.844.497;-4.863.848.496
11/09/2024;10:30:00;MORENO;Chuva;Saída de leito carroçável;Com Vítimas Feridas;Pleno dia;Crescente;Chuva;Dupla;Curva;-810.678.602;-3.515.841.205
11/09/2024;13:20:00;SOORETAMA;Desrespeitar a preferência no cruzamento;Colisão transversal;Com Vítimas Feridas;Pleno dia;Crescente;Céu Claro;Dupla;Reta;-19.193.953;-400.951
11/09/2024;07:50:00;CAETE;Velocidade Incompatível;Colisão traseira;Com Vítimas Feridas;Pleno dia;Crescente;Céu Claro;Dupla;"Reta;Declive";-1.978.353.087;-4.366.633.394
11/09/2024;13:28:00;MASSARANDUBA;Velocidade Incompatível;Saída de leito carroçável;Com Vítimas Feridas;Pleno dia;Crescente;Chuva;Dupla;"Curva;Aclive";-7.276.882;-35.772.982
11/09/2024;10:10:00;MARINGA;Manobra de mudança de faixa;Colisão lateral mesmo sentido;Com Vítimas Feridas;Pleno dia;Crescente;Céu Claro;Múltipla;Reta;-2.341.269.173;-5.193.158.327
11/09/2024;15:00:00;CURITIBA;Manobra de mudança de faixa;Saída de leito carroçável;Com Vítimas Feridas;Pleno dia;Crescente;Céu Claro;Dupla;Reta;-2.542.759.083;-4.938.790.863
11/09/2024;15:30:00;RAFAEL JAMBEIRO;Frear bruscamente;Saída de leito carroçável;Sem Vítimas;Pleno dia;Crescente;Céu Claro;Dupla;Reta;-1.256.115.018;-3.947.426.391
11/09/2024;16:15:00;LAJEADO;Desrespeitar a preferência no cruzamento;Colisão transversal;Com Vítimas Feridas;Anoitecer;Crescente;Céu Claro;Simples;Reta;-29.451.736;-51.965.893
11/09/2024;14:00:00;CAMPO VERDE;Demais Fenômenos da natureza;Incêndio;Sem Vítimas;Pleno dia;Crescente;Ignorado;Simples;Reta;-1.569.104.309;-5.532.232.685
11/09/2024;17:35:00;BALNEARIO CAMBORIU;Manobra de mudança de faixa;Colisão lateral mesmo sentido;Com Vítimas Feridas;Pleno dia;Decrescente;Céu Claro;Múltipla;Reta;-27.008.113;-48.617.245
03/06/2024;10:15:00;CASTANHAL;Demais falhas na via;Tombamento;Com Vítimas Feridas;Pleno dia;Decrescente;Sol;Simples;Reta;-129.440.507;-4.788.382.304
11/09/2024;17:00:00;CONTAGEM;Manobra de mudança de faixa;Colisão traseira;Com Vítimas Feridas;Anoitecer;Decrescente;Céu Claro;Dupla;Reta;-198.754.469;-4.405.345.586
11/09/2024;18:28:00;RECIFE;Manobra de mudança de faixa;Colisão lateral mesmo sentido;Com Vítimas Feridas;Plena Noite;Crescente;Chuva;Dupla;"Reta;Viaduto";-800.800.604;-3.493.756.535
11/09/2024;17:30:00;CAMPO GRANDE;Desrespeitar a preferência no cruzamento;Tombamento;Com Vítimas Feridas;Pleno dia;Crescente;Céu Claro;Simples;"Reta;Aclive";-204.336.361;-5.454.376.745
11/09/2024;17:50:00;SAO LOURENCO DA MATA;Animais na Pista;Atropelamento de Animal;Com Vítimas Feridas;Plena Noite;Crescente;Céu Claro;Dupla;Reta;-797.432.974;-3.508.598.372
11/09/2024;17:12:00;PETROLINA;Manobra de mudança de faixa;Colisão traseira;Com Vítimas Feridas;Pleno dia;Decrescente;Céu Claro;Dupla;"Retorno Regulamentado;Reta";-933.211.208;-4.046.621.385
11/09/2024;18:55:00;SAO MIGUEL DO GUAPORE;Animais na Pista;Atropelamento de Animal;Com Vítimas Feridas;Plena Noite;Decrescente;Ignorado;Simples;Ponte;-1.175.890.656;-6.284.579.301
11/09/2024;18:25:00;PIRACURUCA;Animais na Pista;Atropelamento de Animal;Com Vítimas Feridas;Anoitecer;Crescente;Céu Claro;Simples;Reta;-394.366;-41.722.809
11/09/2024;17:40:00;RIACHAO;Desrespeitar a preferência no cruzamento;Colisão transversal;Com Vítimas Feridas;Anoitecer;Decrescente;Céu Claro;Simples;Reta;-742.656.741;-4.677.520.752
11/09/2024;20:20:00;VILA PROPICIO;Velocidade Incompatível;Saída de leito carroçável;Com Vítimas Fatais;Plena Noite;Crescente;Céu Claro;Simples;Reta;-15.178.607;-48.702.935
12/09/2024;02:50:00;HUMAITA;Afundamento ou ondulação no pavimento;Saída de leito carroçável;Com Vítimas Feridas;Plena Noite;Crescente;Céu Claro;Dupla;Reta;-728.319.806;-6.316.523.786
12/09/2024;07:30:00;LAGES;Desrespeitar a preferência no cruzamento;Colisão transversal;Com Vítimas Feridas;Pleno dia;Crescente;Céu Claro;Simples;Interseção de Vias;-2.779.544.281;-5.036.187.437
12/09/2024;08:52:00;CUSTODIA;Manobra de mudança de faixa;Colisão frontal;Com Vítimas Feridas;Pleno dia;Crescente;Céu Claro;Simples;Reta;-809.062.964;-3.760.175.697
12/09/2024;07:30:00;MANGARATIBA;Velocidade Incompatível;Queda de ocupante de veículo;Com Vítimas Feridas;Pleno dia;Decrescente;Céu Claro;Simples;Curva;-22.973.969;-44.087.093
12/09/2024;09:30:00;ITAPERUNA;Animais na Pista;Queda de ocupante de veículo;Com Vítimas Feridas;Pleno dia;Crescente;Céu Claro;Simples;Reta;-2.118.452.104;-4.193.630.101
12/09/2024;11:00:00;PONTA GROSSA;Desrespeitar a preferência no cruzamento;Colisão transversal;Com Vítimas Feridas;Pleno dia;Crescente;Sol;Dupla;"Reta;Retorno Regulamentado";-2.506.082.803;-5.021.845.202
12/09/2024;10:00:00;VITORIA DA CONQUISTA;Acumulo de água sobre o pavimento;Tombamento;Com Vítimas Feridas;Pleno dia;Decrescente;Garoa/Chuvisco;Simples;Rotatória;-1.489.971.945;-4.085.504.293
12/09/2024;11:15:00;MAMBORE;Acesso irregular;Colisão transversal;Com Vítimas Feridas;Pleno dia;Decrescente;Céu Claro;Simples;Reta;-241.633;-524.829
12/09/2024;12:00:00;RESENDE;Manobra de mudança de faixa;Engavetamento;Com Vítimas Feridas;Pleno dia;Decrescente;Céu Claro;Dupla;"Reta;Declive";-224.550.412;-4.438.649.998
12/09/2024;12:40:00;RECIFE;Estacionar ou parar em local proibido;Colisão traseira;Com Vítimas Feridas;Pleno dia;Crescente;Céu Claro;Múltipla;Reta;-8.055.921;-34.946.593
12/09/2024;06:55:00;SAO GONCALO;Manobra de mudança de faixa;Colisão lateral mesmo sentido;Com Vítimas Feridas;Pleno dia;Crescente;Céu Claro;Dupla;Reta;-2.281.049.093;-4.306.983.304
12/09/2024;13:40:00;BARRA DO PIRAI;Velocidade Incompatível;Queda de ocupante de veículo;Com Vítimas Fatais;Pleno dia;Decrescente;Céu Claro;Simples;"Curva;Declive";-224.441.491;-4.379.169.192
12/09/2024;13:46:00;LINHARES;Demais Fenômenos da natureza;Incêndio;Sem Vítimas;Pleno dia;Crescente;Céu Claro;Múltipla;Reta;-1.936.990.998;-4.006.560.718
12/09/2024;07:00:00;GUAPO;Estacionar ou parar em local proibido;Incêndio;Sem Vítimas;Pleno dia;Decrescente;Céu Claro;Dupla;Reta;-169.324;-496.679
12/09/2024;15:40:00;RIO DE JANEIRO;Condutor usando celular;Colisão traseira;Com Vítimas Feridas;Pleno dia;Crescente;Céu Claro;Dupla;Reta;-2.286.939.305;-43.175.642
12/09/2024;17:42:00;SANTO ANTONIO DE JESUS;Conversão proibida;Colisão frontal;Com Vítimas Feridas;Anoitecer;Decrescente;Céu Claro;Simples;Reta;-1.291.623.322;-3.924.441.528
12/09/2024;18:00:00;CAMPO ALEGRE DE GOIAS;Acumulo de areia ou detritos sobre o pavimento;Tombamento;Com Vítimas Feridas;Anoitecer;Decrescente;Céu Claro;Dupla;Curva;-172.794;-477.614
12/09/2024;18:45:00;LINHARES;Manobra de mudança de faixa;Colisão lateral mesmo sentido;Com Vítimas Feridas;Plena Noite;Crescente;Céu Claro;Dupla;Reta;-1.937.887.202;-4.006.657.892
12/09/2024;19:00:00;PORTO BELO;Acesso irregular;Colisão transversal;Com Vítimas Feridas;Plena Noite;Decrescente;Céu Claro;Simples;Viaduto;-2.716.292;-4.861.129
12/09/2024;19:00:00;FOZ DO IGUACU;Ultrapassagem Indevida;Colisão frontal;Com Vítimas Feridas;Plena Noite;Decrescente;Chuva;Simples;"Curva;Rotatória";-2.548.750.984;-5.450.317.706
12/09/2024;17:30:00;NOSSA SENHORA DO SOCORRO;Desrespeitar a preferência no cruzamento;Colisão transversal;Com Vítimas Feridas;Anoitecer;Decrescente;Céu Claro;Dupla;Reta;-1.088.958.218;-3.713.256.719
12/09/2024;18:12:00;SAO LUIS;Manobra de mudança de faixa;Colisão lateral mesmo sentido;Sem Vítimas;Plena Noite;Crescente;Céu Claro;Dupla;Reta;-253.073;-443.068
12/09/2024;19:20:00;ILHEUS;Conversão proibida;Colisão traseira;Com Vítimas Feridas;Plena Noite;Crescente;Céu Claro;Dupla;Reta;-14.782.208;-39.240.118
12/09/2024;18:50:00;BOA VISTA;Pista esburacada;Tombamento;Com Vítimas Feridas;Plena Noite;Crescente;Céu Claro;Simples;Reta;2.770.736;-6.076.128