data_inversa;horario;municipio;causa_acidente;tipo_acidente;classificacao_acidente;fase_dia;sentido_via;condicao_metereologica;tipo_pista;tracado_via;latitude;longitude
12/09/2024;21:00:00;SOBRADO;Velocidade Incompatível;Saída de leito carroçável;Com Vítimas Fatais;Plena Noite;Crescente;Céu Claro;Dupla;Retorno Regulamentado;-7.188.292;-35.280.698
12/09/2024;20:10:00;VACARIA;Pista esburacada;Colisão com objeto;Com Vítimas Feridas;Plena Noite;Crescente;Chuva;Simples;"Curva;Declive";-2.858.229.507;-5.102.378.683
12/09/2024;18:40:00;ITABORAI;Acostamento em desnível;Queda de ocupante de veículo;Com Vítimas Feridas;Plena Noite;Crescente;Céu Claro;Simples;Reta;-2.273.998.606;-4.295.374.823
12/09/2024;19:40:00;ITABORAI;Acesso irregular;Colisão lateral mesmo sentido;Com Vítimas Feridas;Plena Noite;Crescente;Céu Claro;Simples;"Curva;Aclive";-2.276.398.788;-4.292.731.895
12/09/2024;21:40:00;MACAU;Desrespeitar a preferência no cruzamento;Colisão frontal;Com Vítimas Feridas;Plena Noite;Decrescente;Céu Claro;Simples;"Reta;Interseção de Vias";-515.585.435;-365.838.237
12/09/2024;16:30:00;GOVERNADOR VALADARES;Manobra de mudança de faixa;Colisão lateral mesmo sentido;Com Vítimas Feridas;Pleno dia;Crescente;Céu Claro;Dupla;Reta;-1.888.102.703;-4.195.910.802
12/09/2024;21:45:00;SAO JOAO DO ARAGUAIA;Animais na Pista;Atropelamento de Animal;Com Vítimas Fatais;Plena Noite;Decrescente;Céu Claro;Simples;"Reta;Aclive";-541.919.096;-4.893.656.196
13/09/2024;05:30:00;PORTO AMAZONAS;Velocidade Incompatível;Colisão traseira;Com Vítimas Feridas;Plena Noite;Decrescente;Céu Claro;Simples;"Reta;Declive";-2.547.065.839;-4.979.387.999
12/09/2024;20:04:00;JARU;Desrespeitar a preferência no cruzamento;Colisão transversal;Com Vítimas Feridas;Plena Noite;Crescente;Nublado;Simples;"Aclive;Interseção de Vias";-1.044.457.274;-6.246.568.412
13/09/2024;06:55:00;CABEDELO;Velocidade Incompatível;Colisão traseira;Com Vítimas Feridas;Pleno dia;Decrescente;Nublado;Dupla;"Reta;Retorno Regulamentado";-70.772;-348.494
13/09/2024;06:40:00;IGARAPE;Velocidade Incompatível;Queda de ocupante de veículo;Com Vítimas Feridas;Pleno dia;Crescente;Céu Claro;Dupla;"Curva;Aclive";-2.011.114.297;-44.321.755
13/09/2024;07:00:00;BETIM;Velocidade Incompatível;Tombamento;Com Vítimas Feridas;Pleno dia;Decrescente;Céu Claro;Simples;"Curva;Declive";-199.564.844;-441.116.974
13/09/2024;06:50:00;RIBEIRAO VERMELHO;Ultrapassagem Indevida;Saída de leito carroçável;Com Vítimas Feridas;Pleno dia;Crescente;Céu Claro;Dupla;Reta;-2.115.537.584;-4.511.394.611
13/09/2024;07:51:00;FOZ DO IGUACU;Manobra de mudança de faixa;Colisão lateral mesmo sentido;Com Vítimas Feridas;Pleno dia;Crescente;Nublado;Dupla;Reta;-2.550.823.541;-5.454.619.865
07/07/2024;15:00:00;LAGES;Animais na Pista;Colisão frontal;Com Vítimas Fatais;Pleno dia;Crescente;Chuva;Simples;"Reta;Declive";-277.792.769;-50.235.691
13/09/2024;09:45:00;GUARULHOS;Manobra de mudança de faixa;Colisão lateral mesmo sentido;Com Vítimas Feridas;Pleno dia;Crescente;Céu Claro;Múltipla;Reta;-23.457.972;-46.479.927
13/09/2024;09:30:00;ITAJAI;Manobra de mudança de faixa;Colisão lateral mesmo sentido;Com Vítimas Feridas;Pleno dia;Crescente;Nublado;Dupla;Reta;-269.043.179;-4.871.555.481
13/09/2024;12:00:00;GUARULHOS;Manobra de mudança de faixa;Colisão traseira;Com Vítimas Feridas;Pleno dia;Crescente;Sol;Múltipla;Reta;-2.343.502;-46.426.221
13/09/2024;12:30:00;MONTES CLAROS;Acesso irregular;Colisão transversal;Com Vítimas Feridas;Pleno dia;Crescente;Céu Claro;Simples;Rotatória;-16.716.154;-43.863.327
13/09/2024;12:05:00;BALNEARIO CAMBORIU;Manobra de mudança de faixa;Colisão lateral mesmo sentido;Com Vítimas Feridas;Pleno dia;Crescente;Céu Claro;Múltipla;Reta;-2.700.218;-48.636.433
13/09/2024;12:30:00;RANCHO QUEIMADO;Velocidade Incompatível;Colisão com objeto;Com Vítimas Feridas;Pleno dia;Decrescente;Chuva;Simples;Curva;-27.685.799;-48.974.514
03/07/2024;18:20:00;FRANCISCO SA;Acesso irregular;Tombamento;Com Vítimas Feridas;Anoitecer;Decrescente;Ignorado;Simples;Reta;-16.493.197;-4.352.061
13/09/2024;13:25:00;JABOATAO DOS GUARARAPES;Chuva;Tombamento;Com Vítimas Feridas;Pleno dia;Crescente;Chuva;Dupla;"Curva;Interseção de Vias;Aclive;Retorno Regulamentado";-80.730.937;-3.499.190.714
13/09/2024;12:15:00;RODEIO;Velocidade Incompatível;Saída de leito carroçável;Com Vítimas Feridas;Pleno dia;Decrescente;Nublado;Simples;"Curva;Declive";-26.958.838;-49.324.978
13/09/2024;06:30:00;ATALAIA;Falta de elemento de contenção que evite a saída do leito carroçável;Saída de leito carroçável;Sem Vítimas;Pleno dia;Crescente;Céu Claro;Simples;Reta;-947.069.023;-3.617.244.318
07/08/2024;18:10:00;ESTANCIA VELHA;Acesso irregular;Colisão transversal;Sem Vítimas;Anoitecer;Crescente;Chuva;Simples;"Reta;Interseção de Vias;Rotatória;Retorno Regulamentado";-2.965.121.313;-511.444.433
25/08/2024;21:00:00;CAREIRO;Manobra de mudança de faixa;Colisão frontal;Com Vítimas Feridas;Plena Noite;Decrescente;Ignorado;Simples;Reta;-336.925.602;-5.987.913.159
13/09/2024;15:25:00;TAPES;Acumulo de água sobre o pavimento;Saída de leito carroçável;Com Vítimas Feridas;Pleno dia;Crescente;Chuva;Dupla;Curva;-3.058.930.823;-5.153.699.468
13/09/2024;14:50:00;BUJARI;Condutor usando celular;Saída de leito carroçável;Com Vítimas Feridas;Pleno dia;Decrescente;Sol;Simples;"Reta;Declive";-983.896.251;-6.794.010.271
13/09/2024;15:00:00;NIOAQUE;Desrespeitar a preferência no cruzamento;Colisão transversal;Com Vítimas Feridas;Pleno dia;Decrescente;Céu Claro;Simples;"Rotatória;Reta";-2.114.910.819;-5.582.499.862
13/09/2024;15:54:00;RIO BRANCO;Desrespeitar a preferência no cruzamento;Colisão lateral mesmo sentido;Com Vítimas Feridas;Pleno dia;Crescente;Céu Claro;Dupla;Rotatória;-995.359.291;-6.786.119.892
13/09/2024;17:40:00;SAO JOSE DO RIO PRETO;Pista Escorregadia;Tombamento;Com Vítimas Feridas;Anoitecer;Crescente;Céu Claro;Dupla;"Reta;Declive";-2.080.502.876;-4.935.574.909
13/09/2024;16:30:00;IMPERATRIZ;Ultrapassagem Indevida;Colisão lateral mesmo sentido;Com Vítimas Feridas;Pleno dia;Crescente;Céu Claro;Simples;"Reta;Interseção de Vias";-5.508.798;-47.471.718
13/09/2024;18:10:00;CAMPOS DOS GOYTACAZES;Frear bruscamente;Colisão traseira;Com Vítimas Feridas;Plena Noite;Decrescente;Céu Claro;Dupla;Reta;-2.175.371.806;-41.344.292
13/09/2024;17:20:00;SARANDI;Chuva;Saída de leito carroçável;Sem Vítimas;Pleno dia;Crescente;Chuva;Simples;Reta;-28.008.314;-52.889.538
13/09/2024;18:00:00;TIO HUGO;Conversão proibida;Colisão transversal;Com Vítimas Feridas;Anoitecer;Decrescente;Nevoeiro/Neblina;Simples;Reta;-28.568.123;-52.596.741
13/09/2024;18:10:00;ARARANGUA;Manobra de mudança de faixa;Tombamento;Com Vítimas Feridas;Anoitecer;Decrescente;Nublado;Dupla;"Curva;Aclive";-2.895.289.779;-4.953.035.831
08/09/2024;08:50:00;INGA;Velocidade Incompatível;Saída de leito carroçável;Com Vítimas Feridas;Pleno dia;Decrescente;Chuva;Dupla;"Curva;Declive";-720.266.233;-3.555.390.358
13/09/2024;13:10:00;ITABORAI;Manobra de mudança de faixa;Colisão lateral mesmo sentido;Com Vítimas Feridas;Pleno dia;Crescente;Céu Claro;Dupla;Reta;-2.276.942.037;-4.291.873.581
13/09/2024;19:00:00;NAVEGANTES;Velocidade Incompatível;Saída de leito carroçável;Com Vítimas Feridas;Plena Noite;Crescente;Céu Claro;Dupla;Curva;-2.684.499;-4.871.505
13/09/2024;21:35:00;SANTAREM;Pista esburacada;Tombamento;Com Vítimas Feridas;Plena Noite;Crescente;Céu Claro;Simples;Reta;-264.079.049;-5.477.472.712
13/09/2024;22:00:00;PIRAPORA;Animais na Pista;Atropelamento de Animal;Com Vítimas Feridas;Plena Noite;Decrescente;Céu Claro;Simples;Reta;-1.733.324.402;-4.489.769.078
13/09/2024;16:15:00;MANHUACU;Velocidade Incompatível;Colisão traseira;Com Vítimas Feridas;Pleno dia;Decrescente;Céu Claro;Simples;"Reta;Aclive";-202.532.742;-41.992.629
13/09/2024;19:00:00;CHAPECO;Chuva;Queda de ocupante de veículo;Com Vítimas Feridas;Plena Noite;Decrescente;Garoa/Chuvisco;Dupla;Reta;-2.702.885.905;-5.263.380.035
14/09/2024;06:30:00;SAO JOSE;Pista Escorregadia;Tombamento;Com Vítimas Feridas;Amanhecer;Crescente;Nublado;Dupla;Curva;-27.588.425;-48.612.919
14/09/2024;06:30:00;CAXIAS DO SUL;Velocidade Incompatível;Colisão com objeto;Sem Vítimas;Amanhecer;Decrescente;Garoa/Chuvisco;Dupla;"Curva;Aclive";-291.267.449;-5.112.768.983
14/09/2024;05:15:00;SAO MIGUEL DO OESTE;Estacionar ou parar em local proibido;Tombamento;Com Vítimas Feridas;Plena Noite;Crescente;Ignorado;Dupla;Reta;-2.675.038.301;-5.350.086.841
14/09/2024;06:15:00;ATALAIA;Ultrapassagem Indevida;Colisão frontal;Com Vítimas Feridas;Pleno dia;Crescente;Céu Claro;Simples;Curva;-949.408.508;-36.109.717
14/09/2024;08:35:00;PALHOCA;Manobra de mudança de faixa;Colisão lateral mesmo sentido;Com Vítimas Feridas;Pleno dia;Decrescente;Nublado;Múltipla;Reta;-2.764.443;-4.867.057
14/09/2024;09:00:00;MANHUACU;Velocidade Incompatível;Saída de leito carroçável;Sem Vítimas;Pleno dia;Decrescente;Céu Claro;Simples;"Curva;Declive";-2.025.373.412;-4.212.287.611
14/09/2024;08:45:00;CORUPA;Pista Escorregadia;Saída de leito carroçável;Com Vítimas Feridas;Pleno dia;Crescente;Chuva;Simples;"Curva;Declive";-263.833.143;-4.931.223.107
14/09/2024;09:10:00;TOLEDO;Velocidade Incompatível;Saída de leito carroçável;Com Vítimas Feridas;Pleno dia;Crescente;Garoa/Chuvisco;Dupla;"Curva;Declive";-2.475.937.749;-5.369.548.744
14/09/2024;02:00:00;PORTO VELHO;Animais na Pista;Colisão com objeto;Com Vítimas Feridas;Plena Noite;Crescente;Nevoeiro/Neblina;Simples;"Reta;Em Obras";-807.167.856;-6.358.506.313
14/09/2024;08:30:00;CURITIBA;Velocidade Incompatível;Colisão com objeto;Sem Vítimas;Pleno dia;Crescente;Nublado;Dupla;Reta;-25.427.137;-4.938.565
14/09/2024;13:20:00;IRATI;Velocidade Incompatível;Saída de leito carroçável;Com Vítimas Feridas;Pleno dia;Crescente;Garoa/Chuvisco;Simples;Curva;-2.544.787.918;-5.067.017.111
14/09/2024;14:00:00;ITABORAI;Manobra de mudança de faixa;Colisão lateral mesmo sentido;Com Vítimas Feridas;Pleno dia;Decrescente;Sol;Dupla;Reta;-227.670.498;-4.291.019.601
14/09/2024;09:40:00;TIJUCAS DO SUL;Velocidade Incompatível;Saída de leito carroçável;Com Vítimas Feridas;Pleno dia;Decrescente;Garoa/Chuvisco;Dupla;Reta;-258.461.583;-49.068.884
14/09/2024;14:30:00;BRASILIA;Pista Escorregadia;Queda de ocupante de veículo;Com Vítimas Feridas;Pleno dia;Decrescente;Céu Claro;Dupla;Reta;-16.029.741;-47.978.867
14/09/2024;14:00:00;PALMARES;Curva acentuada;Colisão com objeto;Com Vítimas Feridas;Pleno dia;Crescente;Céu Claro;Dupla;Curva;-869.657;-35.610.342
14/09/2024;13:30:00;RIO DE JANEIRO;Manobra de mudança de faixa;Colisão transversal;Com Vítimas Feridas;Pleno dia;Crescente;Céu Claro;Dupla;Reta;-2.288.064.129;-4.363.218.994
14/09/2024;13:10:00;DUQUE DE CAXIAS;Manobra de mudança de faixa;Colisão lateral mesmo sentido;Com Vítimas Feridas;Pleno dia;Crescente;Céu Claro;Múltipla;Reta;-2.270.948.502;-4.329.040.354
14/09/2024;15:10:00;DOURADOS;Manobra de mudança de faixa;Colisão lateral mesmo sentido;Com Vítimas Feridas;Pleno dia;Decrescente;Nublado;Dupla;Reta;-2.224.489.388;-5.477.203.018
14/09/2024;15:30:00;CRUZ DAS ALMAS;Animais na Pista;Atropelamento de Animal;Com Vítimas Feridas;Pleno dia;Decrescente;Nublado;Simples;Reta;-1.266.234.801;-3.912.855.327
14/09/2024;16:40:00;SATUBA;Desrespeitar a preferência no cruzamento;Colisão transversal;Com Vítimas Feridas;Pleno dia;Decrescente;Sol;Simples;"Reta;Em Obras";-957.104.402;-3.581.496.835
14/09/2024;16:40:00;CEARA-MIRIM;Conversão proibida;Colisão transversal;Com Vítimas Feridas;Plena Noite;Crescente;Céu Claro;Simples;"Reta;Aclive";-565.014.162;-3.543.018.937
14/09/2024;15:15:00;JACI;Falta de elemento de contenção que evite a saída do leito carroçável;Saída de leito carroçável;Com Vítimas Fatais;Pleno dia;Crescente;Céu Claro;Simples;"Curva;Aclive;Em Obras;Viaduto";-2.096.277.956;-4.956.805.716
14/09/2024;17:48:00;CAMPOS DOS GOYTACAZES;Manobra de mudança de faixa;Colisão lateral mesmo sentido;Com Vítimas Feridas;Pleno dia;Crescente;Céu Claro;Dupla;"Curva;Interseção de Vias;Rotatória";-21.766.159;-41.347.174
14/09/2024;17:05:00;DUQUE DE CAXIAS;Velocidade Incompatível;Colisão lateral mesmo sentido;Com Vítimas Feridas;Pleno dia;Decrescente;Céu Claro;Múltipla;"Curva;Declive";-2.262.897.902;-4.328.579.508
14/09/2024;15:00:00;CORUPA;Velocidade Incompatível;Saída de leito carroçável;Com Vítimas Feridas;Pleno dia;Decrescente;Chuva;Simples;"Curva;Aclive";-263.839.118;-49.321.661
14/09/2024;19:10:00;SANTA MARIA;Animais na Pista;Atropelamento de Animal;Com Vítimas Feridas;Plena Noite;Decrescente;Nublado;Simples;"Reta;Aclive";-2.976.125.014;-5.378.681.035
14/09/2024;17:55:00;BARRA DO GARCAS;Ultrapassagem Indevida;Colisão frontal;Com Vítimas Fatais;Anoitecer;Crescente;Céu Claro;Simples;Reta;-1.569.918.393;-5.223.602.509
11/09/2024;07:30:00;DUQUE DE CAXIAS;Manobra de mudança de faixa;Colisão lateral mesmo sentido;Com Vítimas Feridas;Pleno dia;Crescente;Céu Claro;Dupla;Reta;-2.265.737.709;-4.324.724.694
14/09/2024;19:00:00;FOZ DO IGUACU;Ultrapassagem Indevida;Colisão lateral mesmo sentido;Sem Vítimas;Plena Noite;Decrescente;Céu Claro;Simples;Reta;-256.015;-545.021
14/09/2024;19:00:00;ELDORADO DO SUL;Acesso irregular;Colisão traseira;Com Vítimas Feridas;Anoitecer;Decrescente;Céu Claro;Simples;Reta;-30.089.678;-51.628.311
14/09/2024;20:20:00;SAO JOSE;Velocidade Incompatível;Colisão traseira;Com Vítimas Feridas;Plena Noite;Crescente;Garoa/Chuvisco;Dupla;"Reta;Aclive";-2.754.018.513;-4.862.287.714
14/09/2024;19:10:00;APARECIDA;Desrespeitar a preferência no cruzamento;Colisão transversal;Com Vítimas Feridas;Plena Noite;Crescente;Céu Claro;Simples;Interseção de Vias;-22.849.216;-45.236.801
14/09/2024;19:30:00;PONTA GROSSA;Velocidade Incompatível;Tombamento;Com Vítimas Feridas;Plena Noite;Decrescente;Nublado;Dupla;Curva;-2.506.328.699;-5.021.441.817
14/09/2024;20:00:00;AGUA BOA;Falta de acostamento;Saída de leito carroçável;Com Vítimas Feridas;Plena Noite;Decrescente;Céu Claro;Simples;Reta;-1.395.159.596;-5.211.096.305
14/09/2024;20:10:00;SANTO ANTONIO DO LEVERGER;Fumaça;Colisão com objeto;Com Vítimas Feridas;Plena Noite;Crescente;Céu Claro;Dupla;Reta;-1.579.348.889;-556.077.944
14/09/2024;14:00:00;NOVA GLORIA;Acesso irregular;Colisão transversal;Com Vítimas Feridas;Pleno dia;Crescente;Céu Claro;Simples;"Reta;Aclive";-15.129.216;-49.511.303
14/09/2024;19:40:00;CANAPI;Animais na Pista;Saída de leito carroçável;Com Vítimas Feridas;Plena Noite;Crescente;Nublado;Simples;Reta;-919.639.165;-3.752.342.911
14/09/2024;19:30:00;SANTANA DO IPANEMA;Demais falhas na via;Queda de ocupante de veículo;Com Vítimas Feridas;Plena Noite;Crescente;Céu Claro;Simples;Reta;-938.256.709;-372.204.121
14/09/2024;22:10:00;CAMPOS DOS GOYTACAZES;Desrespeitar a preferência no cruzamento;Colisão transversal;Com Vítimas Feridas;Plena Noite;Crescente;Céu Claro;Simples;"Curva;Interseção de Vias";-217.544.797.094;-413.465.269.799
14/09/2024;22:20:00;SAO JOSE;Acesso irregular;Colisão transversal;Com Vítimas Feridas;Plena Noite;Decrescente;Céu Claro;Múltipla;Reta;-2.760.465.353;-486.331.594
14/09/2024;21:20:00;JITAUNA;Animais na Pista;Atropelamento de Animal;Sem Vítimas;Plena Noite;Decrescente;Garoa/Chuvisco;Simples;Reta;-1.400.984.943;-3.989.588.438
14/09/2024;18:50:00;BONFIM;Manobra de mudança de faixa;Colisão lateral sentido oposto;Com Vítimas Feridas;Plena Noite;Crescente;Céu Claro;Simples;Reta;33.593.671;-5.983.377
14/09/2024;22:00:00;CAMPINA GRANDE DO SUL;Velocidade Incompatível;Saída de leito carroçável;Com Vítimas Feridas;Plena Noite;Crescente;Chuva;Dupla;"Curva;Declive";-2.516.445.203;-4.886.237.697
14/09/2024;23:50:00;BARREIRAS;Ultrapassagem Indevida;Colisão frontal;Com Vítimas Fatais;Plena Noite;Decrescente;Céu Claro;Simples;Curva;-1.232.932.219;-4.500.755.539
14/09/2024;17:55:00;TRES RIOS;Estacionar ou parar em local proibido;Colisão traseira;Com Vítimas Feridas;Anoitecer;Decrescente;Céu Claro;Dupla;Reta;-2.215.998.336;-4.315.738.678
15/09/2024;00:20:00;SANTA MARIANA;Velocidade Incompatível;Colisão traseira;Com Vítimas Feridas;Plena Noite;Crescente;Nublado;Simples;Reta;-2.314.757.405;-5.055.333.138
15/09/2024;01:00:00;ITABAIANA;Afundamento ou ondulação no pavimento;Tombamento;Com Vítimas Feridas;Plena Noite;Crescente;Nublado;Simples;Reta;-10.667.386;-37.446.014
14/09/2024;21:30:00;INHAMBUPE;Animais na Pista;Atropelamento de Animal;Com Vítimas Feridas;Plena Noite;Decrescente;Céu Claro;Simples;Reta;-1.194.270.591;-3.836.817.053
15/09/2024;03:15:00;MORRETES;Pista Escorregadia;Colisão com objeto;Com Vítimas Feridas;Plena Noite;Decrescente;Chuva;Dupla;"Curva;Declive";-2.557.183.811;-4.883.586.205
15/09/2024;05:30:00;ITAJAI;Velocidade Incompatível;Colisão traseira;Com Vítimas Feridas;Plena Noite;Crescente;Garoa/Chuvisco;Dupla;Reta;-2.687.064.015;-4.872.954.134
15/09/2024;07:52:00;CARIACICA;Velocidade Incompatível;Queda de ocupante de veículo;Com Vítimas Fatais;Pleno dia;Decrescente;Céu Claro;Dupla;"Curva;Ponte";-2.034.029.997;-4.040.405.712
15/09/2024;08:30:00;IBIRACU;Velocidade Incompatível;Saída de leito carroçável;Com Vítimas Fatais;Pleno dia;Crescente;Céu Claro;Simples;Reta;-1.987.635.624;-4.041.496.163
15/09/2024;08:20:00;ITABAIANA;Ausência de sinalização;Colisão transversal;Com Vítimas Feridas;Pleno dia;Decrescente;Céu Claro;Simples;"Reta;Retorno Regulamentado";-10.676.047;-37.443.279
15/09/2024;08:00:00;CAMPINA GRANDE DO SUL;Velocidade Incompatível;Colisão com objeto;Com Vítimas Feridas;Pleno dia;Crescente;Chuva;Dupla;"Curva;Declive";-2.530.335.724;-4.894.378.885
15/09/2024;09:20:00;FLEXEIRAS;Acumulo de água sobre o pavimento;Saída de leito carroçável;Com Vítimas Feridas;Pleno dia;Decrescente;Chuva;Dupla;Reta;-916.377.891;-3.577.034.503
11/09/2024;12:45:00;PATOS DE MINAS;Acumulo de areia ou detritos sobre o pavimento;Queda de ocupante de veículo;Com Vítimas Feridas;Pleno dia;Crescente;Céu Claro;Simples;Reta;-1.864.392.302;-4.649.892.399
15/09/2024;09:45:00;ROLANDIA;Chuva;Colisão com objeto;Com Vítimas Feridas;Pleno dia;Decrescente;Chuva;Dupla;Viaduto;-2.335.016.601;-5.138.679.677
15/09/2024;08:17:00;TAQUARITINGA DO NORTE;Velocidade Incompatível;Saída de leito carroçável;Com Vítimas Feridas;Pleno dia;Crescente;Céu Claro;Simples;Reta;-7.923.709;-36.116.184
02/08/2024;23:21:00;JABOATAO DOS GUARARAPES;Acumulo de areia ou detritos sobre o pavimento;Queda de ocupante de veículo;Com Vítimas Feridas;Plena Noite;Crescente;Ignorado;Dupla;Curva;-807.917.241;-3.498.718.609
15/09/2024;10:20:00;SANTA TEREZA DO OESTE;Chuva;Saída de leito carroçável;Com Vítimas Feridas;Pleno dia;Decrescente;Chuva;Dupla;Curva;-2.513.565.591;-5.358.359.882
15/09/2024;08:30:00;SAO VICENTE DO SUL;Desrespeitar a preferência no cruzamento;Colisão transversal;Com Vítimas Feridas;Pleno dia;Decrescente;Sol;Simples;Interseção de Vias;-2.968.464.966;-5.466.548.248
15/09/2024;08:10:00;CUSTODIA;Conversão proibida;Colisão traseira;Com Vítimas Feridas;Pleno dia;Decrescente;Céu Claro;Simples;Reta;-809.683.644;-3.756.954.549
15/09/2024;09:40:00;PICADA CAFE;Velocidade Incompatível;Saída de leito carroçável;Com Vítimas Feridas;Pleno dia;Decrescente;Sol;Simples;Curva;-2.949.944.247;-5.112.184.894
15/09/2024;13:05:00;UBATUBA;Conversão proibida;Colisão transversal;Com Vítimas Feridas;Pleno dia;Crescente;Chuva;Simples;"Interseção de Vias;Reta";-2.345.627.795;-4.507.111.896
15/09/2024;12:25:00;UBIRATA;Ultrapassagem Indevida;Colisão frontal;Com Vítimas Fatais;Pleno dia;Crescente;Chuva;Simples;"Curva;Declive";-245.521.667;-52.951.246
15/09/2024;12:04:00;PORTO VELHO;Frear bruscamente;Tombamento;Com Vítimas Feridas;Pleno dia;Crescente;Sol;Simples;Reta;-880.037.213;-6.383.262.707
15/09/2024;13:12:00;RECIFE;Manobra de mudança de faixa;Colisão traseira;Com Vítimas Feridas;Pleno dia;Decrescente;Céu Claro;Múltipla;"Reta;Retorno Regulamentado";-8.075.418;-34.967.835
15/09/2024;14:40:00;AGUAS MORNAS;Velocidade Incompatível;Saída de leito carroçável;Com Vítimas Feridas;Pleno dia;Crescente;Chuva;Simples;Curva;-27.712.931;-48.943.741
15/09/2024;14:30:00;MORRETES;Chuva;Saída de leito carroçável;Com Vítimas Feridas;Pleno dia;Crescente;Chuva;Dupla;Curva;-25.582.405;-4.886.918
15/09/2024;10:20:00;GENERAL CARNEIRO;Ausência de sinalização;Saída de leito carroçável;Sem Vítimas;Pleno dia;Crescente;Céu Claro;Simples;Curva;-1.568.523.501;-5.384.637.301
15/09/2024;10:45:00;ITAMONTE;Curva acentuada;Colisão frontal;Com Vítimas Feridas;Pleno dia;Crescente;Céu Claro;Simples;"Curva;Declive";-2.235.016.131;-4.480.499.305
15/09/2024;15:20:00;SANTA MARIA;Afundamento ou ondulação no pavimento;Queda de ocupante de veículo;Com Vítimas Feridas;Pleno dia;Decrescente;Céu Claro;Dupla;"Viaduto;Declive";-2.969.703.732;-5.378.760.338
15/09/2024;14:30:00;ARAUCARIA;Pista Escorregadia;Saída de leito carroçável;Com Vítimas Feridas;Pleno dia;Crescente;Chuva;Simples;Reta;-25.627.626;-49.454.449
15/09/2024;15:00:00;BALSA NOVA;Chuva;Saída de leito carroçável;Sem Vítimas;Pleno dia;Crescente;Chuva;Múltipla;"Curva;Aclive";-254.727.778;-4.969.901.562
15/09/2024;12:10:00;CACHOEIRO DE ITAPEMIRIM;Manobra de mudança de faixa;Queda de ocupante de veículo;Com Vítimas Feridas;Pleno dia;Decrescente;Sol;Simples;Reta;-2.082.758.347;-4.118.252.617
15/09/2024;14:40:00;CAMPINA GRANDE DO SUL;Chuva;Saída de leito carroçável;Com Vítimas Feridas;Pleno dia;Decrescente;Céu Claro;Dupla;Curva;-2.514.802.509;-4.885.922.071
15/09/2024;14:25:00;PELOTAS;Animais na Pista;Atropelamento de Animal;Com Vítimas Feridas;Pleno dia;Decrescente;Céu Claro;Dupla;Ponte;-3.172.136.584;-5.238.140.629
15/09/2024;13:45:00;CATUJI;Afundamento ou ondulação no pavimento;Colisão frontal;Com Vítimas Feridas;Pleno dia;Decrescente;Céu Claro;Simples;Curva;-1.738.510.132;-4.152.475.834
15/09/2024;17:10:00;GUARATUBA;Velocidade Incompatível;Saída de leito carroçável;Com Vítimas Feridas;Anoitecer;Crescente;Chuva;Dupla;Declive;-2.589.653.586;-4.892.954.081
15/09/2024;17:15:00;BARRA DO TURVO;Chuva;Capotamento;Com Vítimas Feridas;Pleno dia;Crescente;Chuva;Simples;Curva;-2.503.712.755;-4.854.705.202
15/09/2024;16:30:00;MIRACATU;Chuva;Saída de leito carroçável;Sem Vítimas;Pleno dia;Crescente;Chuva;Dupla;Curva;-241.220.177;-4.727.047.772
15/09/2024;18:15:00;MAGE;Demais falhas na via;Queda de ocupante de veículo;Com Vítimas Feridas;Anoitecer;Crescente;Céu Claro;Simples;Rotatória;-226.663.848;-4.302.770.248
15/09/2024;11:05:00;MANHUACU;Desrespeitar a preferência no cruzamento;Colisão transversal;Com Vítimas Feridas;Pleno dia;Crescente;Céu Claro;Simples;Rotatória;-2.025.932.046;-4.202.298.331
15/09/2024;18:25:00;PONTA GROSSA;Velocidade Incompatível;Saída de leito carroçável;Com Vítimas Feridas;Plena Noite;Decrescente;Chuva;Dupla;"Reta;Ponte";-2.524.573.824;-5.002.282.262
15/09/2024;19:05:00;CAXIAS DO SUL;Desrespeitar a preferência no cruzamento;Colisão lateral mesmo sentido;Com Vítimas Feridas;Anoitecer;Crescente;Céu Claro;Dupla;Interseção de Vias;-291.878.353;-5.118.281.364
15/09/2024;18:45:00;CARATINGA;Ultrapassagem Indevida;Colisão lateral mesmo sentido;Com Vítimas Feridas;Plena Noite;Decrescente;Céu Claro;Simples;Reta;-19.794.033;-4.213.731.414
31/08/2024;19:00:00;SERRA;Velocidade Incompatível;Tombamento;Com Vítimas Feridas;Plena Noite;Crescente;Céu Claro;Simples;Curva;-20.218.122;-40.339.325
15/09/2024;17:30:00;BATAGUASSU;Velocidade Incompatível;Saída de leito carroçável;Com Vítimas Feridas;Plena Noite;Decrescente;Garoa/Chuvisco;Dupla;Reta;-2.172.532.728;-5.226.607.499
09/08/2024;23:40:00;BOM JARDIM DE MINAS;Velocidade Incompatível;Saída de leito carroçável;Com Vítimas Feridas;Plena Noite;Crescente;Ignorado;Simples;"Curva;Declive";-2.194.149.828;-4.423.500.199
15/09/2024;13:58:00;BIGUACU;Acumulo de água sobre o pavimento;Saída de leito carroçável;Sem Vítimas;Pleno dia;Crescente;Chuva;Dupla;"Reta;Retorno Regulamentado";-2.733.081.601;-4.862.697.562