data_inversa;horario;municipio;causa_acidente;tipo_acidente;classificacao_acidente;fase_dia;sentido_via;condicao_metereologica;tipo_pista;tracado_via;latitude;longitude
08/09/2024;09:40:00;BONFIM;Velocidade Incompatível;Saída de leito carroçável;Com Vítimas Feridas;Pleno dia;Crescente;Céu Claro;Simples;Rotatória;331.139.503;-5.994.697.031
22/08/2024;18:30:00;VITORIA DA CONQUISTA;Manobra de mudança de faixa;Colisão traseira;Com Vítimas Feridas;Plena Noite;Decrescente;Ignorado;Simples;Retorno Regulamentado;-1.489.949.135;-4.085.504.293
19/09/2024;12:10:00;BRASILIA;Manobra de mudança de faixa;Queda de ocupante de veículo;Com Vítimas Feridas;Pleno dia;Crescente;Céu Claro;Dupla;"Declive;Reta";-15.890.521;-48.086.864
19/09/2024;13:35:00;SAO LEOPOLDO;Desvio temporário;Colisão lateral mesmo sentido;Com Vítimas Feridas;Pleno dia;Decrescente;Céu Claro;Múltipla;Reta;-2.974.980.902;-5.115.125.361
19/09/2024;09:15:00;SENA MADUREIRA;Conversão proibida;Colisão traseira;Com Vítimas Feridas;Pleno dia;Crescente;Céu Claro;Simples;"Reta;Declive";-899.905.387;-6.889.375.897
03/09/2024;19:30:00;VARJAO DE MINAS;Ultrapassagem Indevida;Saída de leito carroçável;Com Vítimas Feridas;Anoitecer;Crescente;Céu Claro;Simples;"Aclive;Reta";-1.830.733.942;-4.595.871.881
19/09/2024;16:00:00;PANAMBI;Ultrapassagem Indevida;Colisão lateral mesmo sentido;Com Vítimas Feridas;Pleno dia;Decrescente;Céu Claro;Simples;Reta;-28.349.045;-53.511.333
19/09/2024;16:00:00;MORRETES;Velocidade Incompatível;Colisão com objeto;Com Vítimas Feridas;Pleno dia;Decrescente;Garoa/Chuvisco;Dupla;Reta;-25.560.102;-4.880.735
22/05/2024;20:00:00;RIO BRANCO;Manobra de mudança de faixa;Colisão lateral mesmo sentido;Com Vítimas Feridas;Plena Noite;Crescente;Céu Claro;Dupla;Rotatória;-995.359.291;-6.786.119.892
19/09/2024;18:00:00;NOVA IGUACU;Manobra de mudança de faixa;Colisão lateral mesmo sentido;Com Vítimas Feridas;Plena Noite;Decrescente;Céu Claro;Múltipla;Reta;-2.274.421.443;-43.509.822
19/09/2024;18:30:00;JABOATAO DOS GUARARAPES;Iluminação deficiente;Queda de ocupante de veículo;Com Vítimas Feridas;Plena Noite;Decrescente;Céu Claro;Dupla;"Reta;Aclive";-808.577.691;-3.500.345.603
19/09/2024;18:10:00;CAMPINA GRANDE DO SUL;Chuva;Saída de leito carroçável;Com Vítimas Feridas;Amanhecer;Crescente;Chuva;Dupla;Curva;-2.517.611.697;-48.874.256
19/09/2024;17:10:00;CARATINGA;Conversão proibida;Colisão lateral mesmo sentido;Com Vítimas Feridas;Pleno dia;Decrescente;Céu Claro;Simples;Interseção de Vias;-19.794.033;-4.213.731.414
19/09/2024;19:00:00;ORIZANIA;Animais na Pista;Atropelamento de Animal;Com Vítimas Feridas;Plena Noite;Decrescente;Nublado;Simples;Reta;-2.047.145.115;-4.217.948.655
19/09/2024;11:40:00;BOM RETIRO;Falta de elemento de contenção que evite a saída do leito carroçável;Saída de leito carroçável;Com Vítimas Feridas;Pleno dia;Decrescente;Nublado;Simples;Curva;-27.792.959;-49.415.504
19/09/2024;16:50:00;PORTO VELHO;Ultrapassagem Indevida;Queda de ocupante de veículo;Com Vítimas Feridas;Pleno dia;Crescente;Céu Claro;Dupla;"Reta;Retorno Regulamentado";-8.766.685;-63.884.052
19/09/2024;19:15:00;MIRANDA;Velocidade Incompatível;Saída de leito carroçável;Com Vítimas Fatais;Plena Noite;Crescente;Céu Claro;Simples;Reta;-2.021.854.602;-5.640.954.601
19/09/2024;20:40:00;DOIS IRMAOS;Ultrapassagem Indevida;Colisão lateral mesmo sentido;Com Vítimas Feridas;Plena Noite;Decrescente;Nublado;Simples;"Aclive;Reta";-2.962.222.179;-5.113.039.371
19/09/2024;21:00:00;SIDROLANDIA;Conversão proibida;Colisão lateral mesmo sentido;Com Vítimas Feridas;Plena Noite;Decrescente;Céu Claro;Dupla;"Reta;Retorno Regulamentado";-2.093.616.918;-5.496.170.372
19/09/2024;20:00:00;CAMPINA GRANDE DO SUL;Velocidade Incompatível;Colisão com objeto;Com Vítimas Feridas;Pleno dia;Crescente;Chuva;Simples;Curva;-2.517.611.697;-48.874.256
19/09/2024;19:50:00;GUARACIABA;Acumulo de areia ou detritos sobre o pavimento;Tombamento;Com Vítimas Feridas;Plena Noite;Crescente;Céu Claro;Simples;"Reta;Em Obras;Declive";-2.665.911.819;-5.351.816.757
19/09/2024;18:00:00;CATUJI;Afundamento ou ondulação no pavimento;Tombamento;Com Vítimas Feridas;Plena Noite;Decrescente;Céu Claro;Simples;Reta;-1.739.927.496;-4.151.977.491
20/09/2024;00:15:00;TURUCU;Chuva;Colisão com objeto;Com Vítimas Feridas;Plena Noite;Crescente;Chuva;Simples;Reta;-3.145.150.701;-5.220.482.999
19/09/2024;20:20:00;ANTONINA;Chuva;Saída de leito carroçável;Com Vítimas Feridas;Plena Noite;Crescente;Chuva;Dupla;Curva;-2.510.922.624;-4.874.659.689
20/09/2024;00:35:00;EXTREMA;Pista Escorregadia;Saída de leito carroçável;Sem Vítimas;Plena Noite;Decrescente;Chuva;Dupla;Curva;-2.285.421.396;-4.633.740.277
20/09/2024;02:40:00;PRUDENTOPOLIS;Ultrapassagem Indevida;Colisão frontal;Com Vítimas Feridas;Plena Noite;Decrescente;Nevoeiro/Neblina;Simples;Reta;-25.370.431;-50.901.875
20/09/2024;04:45:00;CORNELIO PROCOPIO;Acumulo de água sobre o pavimento;Colisão com objeto;Com Vítimas Feridas;Amanhecer;Decrescente;Chuva;Dupla;Reta;-232.469.918;-5.072.790.563
20/09/2024;04:30:00;RUSSAS;Animais na Pista;Atropelamento de Animal;Com Vítimas Feridas;Amanhecer;Crescente;Céu Claro;Simples;Reta;-483.761.647;-3.804.630.931
19/09/2024;19:30:00;POUSO ALTO;Manobra de mudança de faixa;Colisão frontal;Com Vítimas Feridas;Plena Noite;Crescente;Céu Claro;Simples;Reta;-2.219.645.715;-4.497.441.512
20/09/2024;06:50:00;RIBEIRAO DAS NEVES;Manobra de mudança de faixa;Colisão traseira;Com Vítimas Feridas;Pleno dia;Crescente;Céu Claro;Dupla;Reta;-197.970.544;-441.080.512
20/09/2024;07:20:00;BLUMENAU;Desrespeitar a preferência no cruzamento;Colisão transversal;Com Vítimas Feridas;Pleno dia;Crescente;Garoa/Chuvisco;Simples;"Interseção de Vias;Reta";-2.687.320.274;-4.911.418.676
20/09/2024;07:10:00;ITAPEMA;Manobra de mudança de faixa;Colisão lateral mesmo sentido;Com Vítimas Feridas;Pleno dia;Crescente;Nublado;Múltipla;Reta;-2.710.123.686;-4.861.807.962
20/09/2024;04:20:00;ERECHIM;Desrespeitar a preferência no cruzamento;Colisão transversal;Com Vítimas Feridas;Plena Noite;Decrescente;Garoa/Chuvisco;Simples;Rotatória;-2.765.623.359;-5.227.554.709
20/09/2024;06:55:00;GUARAPARI;Conversão proibida;Colisão transversal;Com Vítimas Feridas;Pleno dia;Crescente;Garoa/Chuvisco;Dupla;Reta;-2.051.234.104;-4.047.639.192
20/09/2024;07:00:00;TERESINA;Afundamento ou ondulação no pavimento;Tombamento;Com Vítimas Feridas;Pleno dia;Crescente;Céu Claro;Dupla;Reta;-508.041.787;-4.275.898.218
20/09/2024;08:36:00;BELEM;Conversão proibida;Colisão transversal;Com Vítimas Feridas;Pleno dia;Não Informado;Céu Claro;Múltipla;Reta;-142.223.583;-4.845.124.915
20/09/2024;07:25:00;OSORIO;Acesso irregular;Colisão com objeto;Com Vítimas Feridas;Pleno dia;Decrescente;Chuva;Múltipla;"Interseção de Vias;Reta";-29.894.957;-50.286.026
20/09/2024;08:05:00;ITAJAI;Manobra de mudança de faixa;Colisão lateral mesmo sentido;Com Vítimas Feridas;Pleno dia;Crescente;Nublado;Dupla;Reta;-26.895.859;-4.871.903
20/09/2024;08:29:00;ESTEIO;Velocidade Incompatível;Colisão com objeto;Com Vítimas Feridas;Pleno dia;Decrescente;Chuva;Múltipla;Desvio Temporário;-29.861.333;-51.180.858
20/09/2024;08:55:00;FEIRA DE SANTANA;Manobra de mudança de faixa;Colisão lateral mesmo sentido;Com Vítimas Feridas;Pleno dia;Crescente;Céu Claro;Dupla;Reta;-1.228.462.524;-3.891.926.018
20/09/2024;08:30:00;POSSE;Ultrapassagem Indevida;Colisão frontal;Com Vítimas Feridas;Pleno dia;Crescente;Céu Claro;Simples;"Reta;Declive";-14.306.107;-46.449.326
20/09/2024;11:25:00;MAGE;Conversão proibida;Colisão transversal;Com Vítimas Feridas;Pleno dia;Decrescente;Céu Claro;Dupla;Reta;-226.687.122;-4.301.862.696
20/09/2024;08:30:00;PICOS;Manobra de mudança de faixa;Colisão lateral mesmo sentido;Com Vítimas Feridas;Pleno dia;Decrescente;Céu Claro;Dupla;"Reta;Interseção de Vias";-70.776.992;-4.144.117.384
20/09/2024;12:00:00;TUBARAO;Acumulo de água sobre o pavimento;Saída de leito carroçável;Com Vítimas Feridas;Pleno dia;Decrescente;Chuva;Múltipla;"Curva;Interseção de Vias";-2.847.311.347;-4.902.437.375
20/09/2024;12:00:00;RIO DE JANEIRO;Manobra de mudança de faixa;Colisão lateral mesmo sentido;Com Vítimas Feridas;Pleno dia;Crescente;Céu Claro;Dupla;Reta;-2.287.911.609;-4.362.323.999
20/09/2024;11:30:00;EUGENOPOLIS;Velocidade Incompatível;Tombamento;Com Vítimas Feridas;Pleno dia;Decrescente;Céu Claro;Simples;Curva;-2.113.150.637;-4.219.367.509
20/09/2024;10:15:00;VACARIA;Pista Escorregadia;Saída de leito carroçável;Com Vítimas Feridas;Pleno dia;Decrescente;Chuva;Dupla;"Curva;Aclive";-2.857.792.673;-5.102.295.399
20/09/2024;13:50:00;NOVA IGUACU;Velocidade Incompatível;Colisão traseira;Com Vítimas Feridas;Pleno dia;Decrescente;Céu Claro;Múltipla;Reta;-227.651.616;-434.154.728
20/09/2024;15:25:00;FOZ DO IGUACU;Chuva;Queda de ocupante de veículo;Com Vítimas Feridas;Pleno dia;Crescente;Chuva;Dupla;Rotatória;-2.557.482.439;-5.455.190.957
20/09/2024;15:40:00;SAO JOSE;Acumulo de água sobre o pavimento;Colisão com objeto;Com Vítimas Feridas;Pleno dia;Decrescente;Chuva;Múltipla;Reta;-275.650.044;-4.861.460.082
20/09/2024;15:30:00;GARANHUNS;Acesso irregular;Colisão transversal;Com Vítimas Feridas;Pleno dia;Crescente;Céu Claro;Simples;Reta;-88.792.555;-364.850.045
20/09/2024;15:45:00;BRASILIA;Velocidade Incompatível;Saída de leito carroçável;Com Vítimas Feridas;Pleno dia;Crescente;Céu Claro;Dupla;Curva;-15.595.603;-47.649.715
10/08/2024;14:46:00;PEIXE;Velocidade Incompatível;Saída de leito carroçável;Com Vítimas Feridas;Pleno dia;Crescente;Céu Claro;Simples;Reta;-1.211.015.893;-4.852.987.289
20/09/2024;14:30:00;PALMEIRA;Acumulo de água sobre o pavimento;Saída de leito carroçável;Sem Vítimas;Pleno dia;Decrescente;Chuva;Dupla;Reta;-25.387.061;-49.802.507
20/09/2024;17:15:00;PALHOCA;Velocidade Incompatível;Colisão com objeto;Com Vítimas Feridas;Pleno dia;Crescente;Garoa/Chuvisco;Dupla;"Curva;Aclive";-27.795.666;-48.638.153
20/09/2024;16:20:00;PAULISTA;Manobra de mudança de faixa;Colisão lateral mesmo sentido;Com Vítimas Feridas;Plena Noite;Decrescente;Céu Claro;Dupla;Reta;-796.346.213;-3.491.513.486
20/09/2024;17:10:00;AGUAS MORNAS;Pista Escorregadia;Saída de leito carroçável;Com Vítimas Feridas;Anoitecer;Crescente;Chuva;Simples;"Curva;Aclive";-27.712.931;-48.943.741
20/09/2024;10:30:00;CAPAO ALTO;Chuva;Saída de leito carroçável;Com Vítimas Feridas;Pleno dia;Crescente;Chuva;Simples;Reta;-281.756.848;-5.069.748.402
20/09/2024;17:30:00;SIDROLANDIA;Manobra de mudança de faixa;Colisão lateral mesmo sentido;Com Vítimas Feridas;Pleno dia;Crescente;Céu Claro;Simples;"Reta;Interseção de Vias";-2.094.357.358;-5.496.636.086
20/09/2024;17:40:00;CACHOEIRA DO SUL;Acesso irregular;Colisão transversal;Com Vítimas Feridas;Anoitecer;Crescente;Céu Claro;Simples;"Reta;Interseção de Vias";-3.003.550.492;-5.291.456.559
20/09/2024;19:00:00;CAPITAO LEONIDAS MARQUES;Manobra de mudança de faixa;Colisão frontal;Com Vítimas Feridas;Anoitecer;Crescente;Chuva;Simples;Reta;-2.550.497.764;-5.359.384.574
20/09/2024;10:15:00;SANTANA DO LIVRAMENTO;Ultrapassagem Indevida;Saída de leito carroçável;Com Vítimas Feridas;Pleno dia;Crescente;Céu Claro;Simples;Reta;-3.069.285.892;-5.513.219.731
20/09/2024;19:30:00;BRASILIA;Velocidade Incompatível;Colisão traseira;Sem Vítimas;Plena Noite;Decrescente;Céu Claro;Dupla;"Reta;Retorno Regulamentado";-15.902.322;-48.126.225
20/09/2024;18:30:00;MURIAE;Desrespeitar a preferência no cruzamento;Colisão transversal;Com Vítimas Feridas;Pleno dia;Crescente;Céu Claro;Simples;Curva;-2.112.839.937;-4.232.458.406
20/09/2024;19:59:00;SERRA;Conversão proibida;Colisão transversal;Com Vítimas Feridas;Plena Noite;Crescente;Céu Claro;Dupla;Curva;-20.138.397;-40.292.213
20/09/2024;08:20:00;PONTE SERRADA;Pista Escorregadia;Saída de leito carroçável;Com Vítimas Feridas;Pleno dia;Crescente;Chuva;Simples;Curva;-26.805.368;-51.720.055
20/09/2024;19:04:00;PAUDALHO;Animais na Pista;Atropelamento de Animal;Com Vítimas Feridas;Plena Noite;Decrescente;Céu Claro;Dupla;Reta;-788.298.505;-3.518.197.309
20/09/2024;18:50:00;IMBITUBA;Manobra de mudança de faixa;Colisão transversal;Com Vítimas Feridas;Plena Noite;Decrescente;Nublado;Múltipla;Reta;-28.145.227;-48.691.904
20/09/2024;20:10:00;MOSSORO;Conversão proibida;Colisão transversal;Com Vítimas Feridas;Plena Noite;Decrescente;Céu Claro;Dupla;Retorno Regulamentado;-523.060.158;-3.732.092.142
20/09/2024;21:00:00;ARUJA;Velocidade Incompatível;Queda de ocupante de veículo;Com Vítimas Feridas;Plena Noite;Crescente;Nublado;Dupla;Declive;-2.340.809.408;-4.633.859.597
20/09/2024;21:15:00;PARAOPEBA;Velocidade Incompatível;Saída de leito carroçável;Sem Vítimas;Plena Noite;Decrescente;Céu Claro;Dupla;"Reta;Aclive";-1.919.144.984;-4.448.681.487
20/09/2024;19:55:00;TIJUCAS DO SUL;Velocidade Incompatível;Saída de leito carroçável;Com Vítimas Feridas;Plena Noite;Crescente;Garoa/Chuvisco;Dupla;Curva;-2.584.165.409;-49.042.472
23/08/2024;18:45:00;TAUA;Velocidade Incompatível;Colisão traseira;Com Vítimas Feridas;Plena Noite;Decrescente;Céu Claro;Simples;Reta;-603.656.638;-4.032.096.583
20/09/2024;17:30:00;CHOPINZINHO;Pista Escorregadia;Colisão lateral sentido oposto;Com Vítimas Feridas;Anoitecer;Decrescente;Chuva;Múltipla;Curva;-2.576.110.804;-522.554.565
20/09/2024;23:45:00;FLORIANOPOLIS;Manobra de mudança de faixa;Saída de leito carroçável;Com Vítimas Feridas;Pleno dia;Crescente;Nublado;Simples;Reta;-27.592.646;-48.604.034
21/09/2024;00:50:00;RIBEIRA DO POMBAL;Animais na Pista;Atropelamento de Animal;Com Vítimas Feridas;Plena Noite;Crescente;Céu Claro;Simples;Reta;-1.082.555.019;-3.854.553.223
21/09/2024;00:45:00;CAMANDUCAIA;Velocidade Incompatível;Colisão com objeto;Com Vítimas Feridas;Plena Noite;Crescente;Chuva;Dupla;"Declive;Curva";-2.276.288.568;-461.703.229
21/09/2024;06:35:00;BETIM;Manobra de mudança de faixa;Colisão lateral mesmo sentido;Com Vítimas Feridas;Pleno dia;Crescente;Céu Claro;Múltipla;"Reta;Aclive";-19.956.157;-4.410.370.997
21/09/2024;07:40:00;TIBAGI;Acumulo de água sobre o pavimento;Tombamento;Sem Vítimas;Pleno dia;Crescente;Garoa/Chuvisco;Dupla;Curva;-2.485.445.193;-5.046.069.175
21/09/2024;08:50:00;MANGARATIBA;Desrespeitar a preferência no cruzamento;Colisão transversal;Com Vítimas Feridas;Pleno dia;Crescente;Sol;Simples;"Retorno Regulamentado;Reta";-2.292.618.815;-4.396.323.294
21/09/2024;08:00:00;ENTRE-IJUIS;Acesso irregular;Colisão traseira;Com Vítimas Feridas;Pleno dia;Crescente;Céu Claro;Simples;Reta;-28.395.473;-54.364.975
21/09/2024;01:20:00;BARRA DO GARCAS;Animais na Pista;Saída de leito carroçável;Com Vítimas Feridas;Plena Noite;Crescente;Céu Claro;Simples;Reta;-15.878.143;-52.316.788
21/09/2024;08:40:00;PORTO VELHO;Desrespeitar a preferência no cruzamento;Colisão transversal;Com Vítimas Feridas;Pleno dia;Crescente;Céu Claro;Múltipla;Interseção de Vias;-877.142.528;-6.388.364.196
21/09/2024;10:50:00;JOAO PINHEIRO;Conversão proibida;Colisão transversal;Sem Vítimas;Pleno dia;Crescente;Céu Claro;Simples;"Curva;Aclive";-1.774.968.182;-4.616.992.584
21/09/2024;10:20:00;BOA VISTA;Pista Escorregadia;Queda de ocupante de veículo;Com Vítimas Feridas;Pleno dia;Decrescente;Céu Claro;Simples;Rotatória;282.714.493;-6.080.623.627
21/09/2024;12:25:00;LINHARES;Desrespeitar a preferência no cruzamento;Colisão lateral mesmo sentido;Com Vítimas Feridas;Pleno dia;Crescente;Céu Claro;Múltipla;Interseção de Vias;-1.937.887.202;-4.006.657.892
21/09/2024;09:40:00;SAPUCAIA;Velocidade Incompatível;Tombamento;Com Vítimas Feridas;Pleno dia;Decrescente;Céu Claro;Simples;Curva;-2.204.069.679;-4.278.234.959
21/09/2024;12:30:00;UBERABA;Velocidade Incompatível;Tombamento;Com Vítimas Feridas;Pleno dia;Decrescente;Céu Claro;Dupla;"Reta;Em Obras";-191.797.979;-4.815.768.268
21/09/2024;12:40:00;ITAJAI;Manobra de mudança de faixa;Colisão traseira;Com Vítimas Feridas;Pleno dia;Decrescente;Céu Claro;Múltipla;Reta;-2.686.192.886;-487.286.704
21/09/2024;12:50:00;MAUA DA SERRA;Manobra de mudança de faixa;Colisão com objeto;Com Vítimas Feridas;Pleno dia;Crescente;Céu Claro;Dupla;Curva;-2.389.688.324;-512.255.977
21/09/2024;10:34:00;BACABAL;Ultrapassagem Indevida;Colisão frontal;Com Vítimas Feridas;Pleno dia;Crescente;Sol;Simples;"Aclive;Reta";-4.208.332;-44.602.352
21/09/2024;15:40:00;CUMARI;Velocidade Incompatível;Saída de leito carroçável;Sem Vítimas;Pleno dia;Decrescente;Céu Claro;Dupla;Aclive;-183.061;-480.148
21/09/2024;16:10:00;CONCORDIA;Desrespeitar a preferência no cruzamento;Colisão transversal;Com Vítimas Feridas;Pleno dia;Decrescente;Céu Claro;Simples;Reta;-27.204.384;-51.949.116
21/09/2024;16:30:00;ARAQUARI;Desrespeitar a preferência no cruzamento;Colisão transversal;Com Vítimas Feridas;Pleno dia;Decrescente;Céu Claro;Simples;Reta;-2.637.043.169;-4.869.219.602
21/09/2024;17:30:00;SAO LEOPOLDO;Conversão proibida;Colisão transversal;Com Vítimas Feridas;Pleno dia;Decrescente;Céu Claro;Dupla;Reta;-2.977.605.895;-5.115.508.618
21/09/2024;16:40:00;PORTO ALEGRE;Velocidade Incompatível;Colisão traseira;Com Vítimas Feridas;Pleno dia;Decrescente;Céu Claro;Simples;Reta;-29.997.789;-5.120.779
21/09/2024;12:30:00;JAGUAQUARA;Ultrapassagem Indevida;Saída de leito carroçável;Com Vítimas Feridas;Pleno dia;Crescente;Céu Claro;Simples;Reta;-1.359.052.255;-4.008.563.787
21/09/2024;17:10:00;PINHALZINHO;Velocidade Incompatível;Saída de leito carroçável;Com Vítimas Feridas;Pleno dia;Decrescente;Sol;Simples;Curva;-26.831.865;-53.016.579
21/09/2024;17:30:00;BARAO DE COTEGIPE;Acumulo de água sobre o pavimento;Saída de leito carroçável;Com Vítimas Feridas;Pleno dia;Crescente;Céu Claro;Simples;Curva;-2.763.521.597;-523.542.738
21/09/2024;17:50:00;CEU AZUL;Conversão proibida;Colisão transversal;Com Vítimas Feridas;Pleno dia;Crescente;Céu Claro;Simples;Reta;-2.514.015.274;-5.382.955.233
21/09/2024;18:30:00;SAO JOSE;Ultrapassagem Indevida;Colisão lateral mesmo sentido;Com Vítimas Feridas;Plena Noite;Crescente;Céu Claro;Dupla;Curva;-27.592.646;-48.604.034
21/09/2024;13:40:00;BARBACENA;Acesso irregular;Queda de ocupante de veículo;Com Vítimas Feridas;Pleno dia;Crescente;Céu Claro;Dupla;Reta;-21.231.297;-43.726.896
21/09/2024;16:40:00;JOAO PINHEIRO;Manobra de mudança de faixa;Colisão lateral mesmo sentido;Sem Vítimas;Pleno dia;Decrescente;Céu Claro;Simples;Reta;-1.771.046.924;-4.626.721.306
21/09/2024;19:52:00;SOBRAL;Animais na Pista;Colisão lateral mesmo sentido;Com Vítimas Feridas;Plena Noite;Crescente;Céu Claro;Simples;Reta;-374.992.395;-4.030.821.493
21/09/2024;19:00:00;BRASILIA;Ultrapassagem Indevida;Colisão lateral sentido oposto;Com Vítimas Feridas;Plena Noite;Crescente;Céu Claro;Simples;Reta;-15.719.034;-48.196.686
21/09/2024;19:45:00;VACARIA;Animais na Pista;Atropelamento de Animal;Sem Vítimas;Plena Noite;Decrescente;Céu Claro;Simples;Curva;-28.508.183;-50.912.724
21/09/2024;20:50:00;ITAGUAI;Animais na Pista;Atropelamento de Animal;Com Vítimas Feridas;Plena Noite;Decrescente;Nublado;Múltipla;Reta;-2.278.694.384;-437.688.446
21/09/2024;15:00:00;INDAIAL;Velocidade Incompatível;Colisão lateral mesmo sentido;Com Vítimas Feridas;Pleno dia;Decrescente;Nublado;Múltipla;Reta;-26.877.615;-49.239.231
21/09/2024;20:20:00;TERRA DE AREIA;Manobra de mudança de faixa;Colisão lateral mesmo sentido;Sem Vítimas;Plena Noite;Crescente;Nublado;Dupla;Reta;-2.959.966.133;-5.008.022.057
21/09/2024;22:00:00;JUATUBA;Manobra de mudança de faixa;Colisão lateral mesmo sentido;Com Vítimas Feridas;Plena Noite;Crescente;Céu Claro;Dupla;"Reta;Declive";-1.998.290.644;-4.424.492.623
21/09/2024;21:15:00;RIACHAO DAS NEVES;Animais na Pista;Atropelamento de Animal;Com Vítimas Feridas;Plena Noite;Decrescente;Céu Claro;Simples;Reta;-119.096.257;-4.487.805.232
21/09/2024;23:00:00;MURIAE;Pista Escorregadia;Saída de leito carroçável;Com Vítimas Feridas;Plena Noite;Crescente;Chuva;Simples;Curva;-2.121.281.687;-4.238.921.469
21/09/2024;23:10:00;FORMOSA;Ultrapassagem Indevida;Colisão frontal;Com Vítimas Feridas;Plena Noite;Crescente;Céu Claro;Simples;Reta;-15.551.152;-47.178.364
21/09/2024;22:50:00;SANTA CRUZ;Estacionar ou parar em local proibido;Colisão frontal;Com Vítimas Feridas;Plena Noite;Decrescente;Céu Claro;Simples;Reta;-619.373.096;-3.605.898.802
22/09/2024;00:07:00;SAUDADES;Velocidade Incompatível;Capotamento;Sem Vítimas;Plena Noite;Decrescente;Céu Claro;Simples;"Em Obras;Aclive;Curva";-26.831.865;-53.016.579
22/09/2024;01:55:00;JOAO PESSOA;Pista Escorregadia;Tombamento;Com Vítimas Feridas;Plena Noite;Decrescente;Chuva;Dupla;Curva;-716.470.016;-3.489.993.643
22/09/2024;04:20:00;ITUMBIARA;Velocidade Incompatível;Atropelamento de Pedestre;Com Vítimas Fatais;Plena Noite;Crescente;Ignorado;Simples;"Reta;Interseção de Vias";-18.379.971;-4.920.985
22/09/2024;00:30:00;ITAPEMA;Manobra de mudança de faixa;Colisão lateral mesmo sentido;Com Vítimas Feridas;Plena Noite;Decrescente;Nublado;Dupla;Curva;-27.056.089;-48.599.449
22/09/2024;05:25:00;GUARULHOS;Velocidade Incompatível;Colisão com objeto;Sem Vítimas;Amanhecer;Crescente;Céu Claro;Múltipla;Reta;-2.349.659.264;-4.655.648.754
22/09/2024;04:40:00;PONTE ALTA DO NORTE;Velocidade Incompatível;Capotamento;Com Vítimas Feridas;Plena Noite;Decrescente;Nevoeiro/Neblina;Simples;"Curva;Declive";-2.716.859.697;-5.046.434.991
22/09/2024;02:35:00;CHAPECO;Velocidade Incompatível;Saída de leito carroçável;Com Vítimas Feridas;Plena Noite;Decrescente;Céu Claro;Dupla;Curva;-2.702.885.905;-5.263.380.035
22/09/2024;07:30:00;BARRA VELHA;Velocidade Incompatível;Colisão com objeto;Com Vítimas Feridas;Pleno dia;Decrescente;Céu Claro;Dupla;Reta;-2.664.253.985;-4.868.950.684
22/09/2024;06:40:00;BALNEARIO CAMBORIU;Manobra de mudança de faixa;Colisão lateral mesmo sentido;Sem Vítimas;Pleno dia;Decrescente;Nublado;Dupla;Reta;-2.699.064.209;-4.866.310.912
22/09/2024;02:00:00;JI-PARANA;Velocidade Incompatível;Colisão com objeto;Com Vítimas Fatais;Plena Noite;Decrescente;Céu Claro;Dupla;Reta;-1.088.987.987;-6.193.126.772
21/09/2024;22:51:00;CAMPO VERDE;Animais na Pista;Atropelamento de Animal;Com Vítimas Feridas;Plena Noite;Decrescente;Nublado;Simples;"Declive;Reta";-1.547.156.133;-5.500.330.391
22/09/2024;09:15:00;JABOATAO DOS GUARARAPES;Acumulo de água sobre o pavimento;Colisão com objeto;Com Vítimas Feridas;Pleno dia;Decrescente;Chuva;Dupla;Curva;-809.137.732;-3.502.917.918
22/09/2024;09:25:00;DOMINGOS MARTINS;Ultrapassagem Indevida;Colisão lateral sentido oposto;Com Vítimas Feridas;Pleno dia;Crescente;Sol;Simples;"Curva;Aclive";-2.038.272.783;-4.060.236.812
22/09/2024;07:29:00;VILHENA;Conversão proibida;Colisão transversal;Com Vítimas Feridas;Pleno dia;Crescente;Céu Claro;Simples;Reta;-1.273.437.947;-6.015.696.986
22/09/2024;09:30:00;UBERLANDIA;Velocidade Incompatível;Colisão traseira;Com Vítimas Feridas;Pleno dia;Crescente;Céu Claro;Dupla;"Reta;Declive";-18.986.906;-48.211.853
22/09/2024;05:30:00;ARIQUEMES;Ultrapassagem Indevida;Colisão frontal;Com Vítimas Feridas;Pleno dia;Decrescente;Céu Claro;Simples;Reta;-1.022.931.551;-6.275.479.234
22/09/2024;12:00:00;SETE LAGOAS;Velocidade Incompatível;Saída de leito carroçável;Com Vítimas Feridas;Pleno dia;Decrescente;Céu Claro;Dupla;"Reta;Declive";-1.943.835.777;-4.433.103.681
22/09/2024;11:30:00;CAMPINA GRANDE;Pista Escorregadia;Saída de leito carroçável;Com Vítimas Feridas;Pleno dia;Crescente;Chuva;Dupla;Curva;-72.818;-357.675
22/09/2024;14:40:00;IPUIUNA;Velocidade Incompatível;Saída de leito carroçável;Com Vítimas Fatais;Pleno dia;Crescente;Céu Claro;Simples;Curva;-2.209.242.798;-4.621.275.209
22/09/2024;13:00:00;SALVADOR;Velocidade Incompatível;Colisão traseira;Com Vítimas Feridas;Pleno dia;Crescente;Céu Claro;Dupla;Reta;-1.287.957.905;-3.843.213.893
22/09/2024;15:30:00;CAMPOS DOS GOYTACAZES;Manobra de mudança de faixa;Capotamento;Com Vítimas Feridas;Pleno dia;Decrescente;Nublado;Dupla;Curva;-2.182.626.899;-4.149.641.201