data_inversa;horario;municipio;causa_acidente;tipo_acidente;classificacao_acidente;fase_dia;sentido_via;condicao_metereologica;tipo_pista;tracado_via;latitude;longitude
26/09/2024;13:50:00;MONTENEGRO;Desrespeitar a preferência no cruzamento;Colisão transversal;Com Vítimas Feridas;Pleno dia;Decrescente;Chuva;Simples;"Curva;Retorno Regulamentado";-2.965.332;-51.455.828
26/09/2024;15:50:00;CAXIAS DO SUL;Frear bruscamente;Engavetamento;Com Vítimas Feridas;Pleno dia;Decrescente;Garoa/Chuvisco;Dupla;Reta;-2.912.288.584;-5.112.300.038
17/08/2024;11:00:00;BRASILIA;Manobra de mudança de faixa;Colisão com objeto;Com Vítimas Feridas;Pleno dia;Decrescente;Céu Claro;Dupla;Curva;-15.976.897;-47.990.129
26/09/2024;14:34:00;GRAVATAI;Acumulo de água sobre o pavimento;Saída de leito carroçável;Sem Vítimas;Pleno dia;Crescente;Chuva;Múltipla;Reta;-29.952.908;-51.048.054
26/09/2024;16:20:00;ROLANDIA;Conversão proibida;Colisão lateral mesmo sentido;Com Vítimas Feridas;Pleno dia;Crescente;Céu Claro;Simples;Reta;-233.159.193;-5.137.629.211
26/09/2024;17:42:00;JOAO PESSOA;Manobra de mudança de faixa;Colisão lateral mesmo sentido;Com Vítimas Feridas;Anoitecer;Decrescente;Céu Claro;Dupla;Reta;-71.337;-348.544
26/09/2024;18:00:00;CANOINHAS;Desrespeitar a preferência no cruzamento;Queda de ocupante de veículo;Com Vítimas Feridas;Anoitecer;Decrescente;Chuva;Simples;Reta;-261.893.047;-5.037.170.989
26/09/2024;17:50:00;FORTALEZA;Manobra de mudança de faixa;Colisão lateral mesmo sentido;Com Vítimas Feridas;Anoitecer;Crescente;Céu Claro;Dupla;Reta;-384.394.724;-3.849.891.546
26/09/2024;17:45:00;LUZIANIA;Manobra de mudança de faixa;Colisão lateral mesmo sentido;Com Vítimas Feridas;Pleno dia;Crescente;Céu Claro;Dupla;Reta;-16.145.123;-47.945.382
26/09/2024;16:00:00;PIANCO;Velocidade Incompatível;Saída de leito carroçável;Com Vítimas Feridas;Pleno dia;Crescente;Céu Claro;Simples;Reta;-719.693.595;-3.780.719.699
26/09/2024;17:30:00;CAMPINA GRANDE;Conversão proibida;Colisão transversal;Com Vítimas Feridas;Anoitecer;Decrescente;Vento;Simples;"Reta;Interseção de Vias";-71.806;-359.873
26/09/2024;18:30:00;MOSSORO;Desrespeitar a preferência no cruzamento;Colisão transversal;Com Vítimas Feridas;Plena Noite;Decrescente;Céu Claro;Simples;Interseção de Vias;-518.717.768;-3.730.390.524
25/08/2024;15:35:00;CARUARU;Acesso irregular;Colisão lateral mesmo sentido;Sem Vítimas;Pleno dia;Crescente;Céu Claro;Dupla;"Interseção de Vias;Curva";-82.937;-359.864
26/09/2024;18:10:00;ITAJAI;Manobra de mudança de faixa;Colisão lateral mesmo sentido;Com Vítimas Feridas;Anoitecer;Crescente;Céu Claro;Dupla;Reta;-2.694.802.427;-4.868.338.515
01/08/2024;10:45:00;TEOTONIO VILELA;Conversão proibida;Colisão transversal;Com Vítimas Feridas;Pleno dia;Crescente;Céu Claro;Simples;Reta;-990.706.536;-3.635.090.419
26/09/2024;18:35:00;CONGONHAS;Conversão proibida;Colisão transversal;Com Vítimas Feridas;Plena Noite;Decrescente;Céu Claro;Simples;"Aclive;Curva;Interseção de Vias";-2.057.051.498;-4.381.191.334
26/09/2024;18:20:00;JARU;Animais na Pista;Atropelamento de Animal;Com Vítimas Feridas;Plena Noite;Decrescente;Céu Claro;Dupla;Declive;-10.432.443;-62.479.584
26/09/2024;21:45:00;JUIZ DE FORA;Velocidade Incompatível;Saída de leito carroçável;Com Vítimas Feridas;Pleno dia;Crescente;Nublado;Dupla;Curva;-2.168.759.907;-4.345.049.615
26/09/2024;21:20:00;MONTENEGRO;Deficiência do Sistema de Iluminação/Sinalização;Colisão traseira;Com Vítimas Feridas;Plena Noite;Decrescente;Chuva;Simples;Reta;-29.816.236;-51.483.341
26/09/2024;21:30:00;SALVADOR;Pista esburacada;Queda de ocupante de veículo;Com Vítimas Feridas;Plena Noite;Crescente;Céu Claro;Dupla;Reta;-1.287.206.398;-3.842.746.403
26/09/2024;21:15:00;PARANAVAI;Acumulo de água sobre o pavimento;Saída de leito carroçável;Com Vítimas Feridas;Plena Noite;Crescente;Chuva;Dupla;Reta;-230.482.793;-524.557.511
26/09/2024;21:00:00;AMAJARI;Pista esburacada;Capotamento;Com Vítimas Fatais;Plena Noite;Decrescente;Céu Claro;Simples;Reta;3.859.951;-60.999.702
27/09/2024;00:15:00;FLORIANOPOLIS;Chuva;Colisão lateral mesmo sentido;Com Vítimas Feridas;Plena Noite;Decrescente;Garoa/Chuvisco;Múltipla;Curva;-27.603.289;-48.590.416
27/09/2024;02:00:00;RECIFE;Acesso irregular;Colisão lateral mesmo sentido;Com Vítimas Feridas;Plena Noite;Crescente;Nublado;Dupla;Reta;-810.146.485;-3.494.901.577
27/09/2024;04:15:00;ITAGUAI;Animais na Pista;Atropelamento de Animal;Com Vítimas Feridas;Plena Noite;Crescente;Nublado;Múltipla;Curva;-2.285.146;-43.781.728
23/09/2024;06:20:00;IGARASSU;Acesso irregular;Colisão traseira;Com Vítimas Feridas;Pleno dia;Crescente;Céu Claro;Múltipla;"Reta;Declive";-787.406.004;-3.490.588.126
27/09/2024;05:45:00;PORTO SEGURO;Velocidade Incompatível;Saída de leito carroçável;Com Vítimas Feridas;Pleno dia;Decrescente;Céu Claro;Simples;Reta;-1.643.071.712;-3.909.561.713
26/09/2024;17:00:00;PEDRA BRANCA DO AMAPARI;Acumulo de areia ou detritos sobre o pavimento;Saída de leito carroçável;Com Vítimas Feridas;Pleno dia;Crescente;Céu Claro;Simples;Curva;101.652.534;-5.222.780.228
27/09/2024;07:10:00;SAO JOSE DOS PINHAIS;Manobra de mudança de faixa;Colisão lateral mesmo sentido;Com Vítimas Feridas;Pleno dia;Crescente;Céu Claro;Dupla;Reta;-2.551.726.115;-4.911.540.707
27/09/2024;06:50:00;FORTALEZA;Manobra de mudança de faixa;Colisão lateral mesmo sentido;Com Vítimas Feridas;Pleno dia;Crescente;Céu Claro;Simples;"Curva;Viaduto";-377.866.493;-3.851.490.171
27/09/2024;06:55:00;CARATINGA;Desrespeitar a preferência no cruzamento;Colisão transversal;Com Vítimas Feridas;Pleno dia;Decrescente;Céu Claro;Simples;"Reta;Interseção de Vias";-1.976.651.171;-4.213.119.507
27/09/2024;07:10:00;PONTA GROSSA;Velocidade Incompatível;Colisão com objeto;Sem Vítimas;Pleno dia;Crescente;Céu Claro;Dupla;"Reta;Declive";-2.510.510.299;-5.019.484.878
13/06/2024;17:25:00;ESCADA;Acesso irregular;Colisão traseira;Com Vítimas Feridas;Anoitecer;Decrescente;Chuva;Dupla;Reta;-8.392.345;-35.257.055
27/09/2024;06:05:00;PORTO VELHO;Acumulo de água sobre o pavimento;Saída de leito carroçável;Com Vítimas Feridas;Pleno dia;Decrescente;Céu Claro;Simples;Curva;-841.124.374;-6.396.514.893
27/09/2024;08:20:00;CUIABA;Manobra de mudança de faixa;Colisão traseira;Com Vítimas Feridas;Pleno dia;Decrescente;Céu Claro;Múltipla;"Retorno Regulamentado;Reta";-1.568.569.395;-5.591.512.398
27/09/2024;09:50:00;MORRETES;Chuva;Colisão com objeto;Com Vítimas Feridas;Pleno dia;Decrescente;Chuva;Dupla;"Curva;Declive";-255.614.511;-488.121.176
27/09/2024;09:50:00;SEROPEDICA;Acesso irregular;Colisão transversal;Com Vítimas Feridas;Pleno dia;Decrescente;Céu Claro;Simples;Reta;-22.719.835;-43.725.739
27/09/2024;10:45:00;PELOTAS;Animais na Pista;Atropelamento de Animal;Com Vítimas Feridas;Pleno dia;Decrescente;Céu Claro;Simples;Reta;-3.174.307.729;-5.239.966.642
27/09/2024;10:15:00;BARRA DO GARCAS;Ultrapassagem Indevida;Colisão lateral mesmo sentido;Com Vítimas Feridas;Pleno dia;Crescente;Céu Claro;Simples;"Declive;Reta";-1.588.749.699;-5.226.810.568
27/09/2024;12:50:00;EUSEBIO;Manobra de mudança de faixa;Colisão lateral mesmo sentido;Com Vítimas Feridas;Pleno dia;Decrescente;Céu Claro;Dupla;Retorno Regulamentado;-391.990.954;-3.850.708.377
27/09/2024;12:45:00;GASPAR;Desrespeitar a preferência no cruzamento;Colisão transversal;Com Vítimas Feridas;Pleno dia;Crescente;Sol;Simples;Em Obras;-2.686.602.749;-4.903.231.502
27/09/2024;10:00:00;ANGRA DOS REIS;Velocidade Incompatível;Colisão traseira;Com Vítimas Feridas;Pleno dia;Crescente;Nublado;Dupla;Reta;-2.300.976.021;-4.429.153.237
27/09/2024;13:40:00;UBATUBA;Conversão proibida;Colisão transversal;Com Vítimas Feridas;Pleno dia;Decrescente;Céu Claro;Simples;Reta;-2.341.495.528;-4.503.516.778
27/09/2024;11:00:00;SAO PAULO;Pista Escorregadia;Colisão com objeto;Sem Vítimas;Pleno dia;Crescente;Nevoeiro/Neblina;Dupla;"Declive;Curva";-2.338.372.401;-4.656.502.116
27/09/2024;14:15:00;MAGE;Manobra de mudança de faixa;Colisão lateral mesmo sentido;Com Vítimas Feridas;Pleno dia;Decrescente;Sol;Dupla;Reta;-2.264.080.106;-4.306.288.894
27/09/2024;17:45:00;ITAPEMA;Manobra de mudança de faixa;Colisão lateral mesmo sentido;Com Vítimas Feridas;Anoitecer;Decrescente;Céu Claro;Dupla;Reta;-271.089.649;-4.861.277.586
27/09/2024;16:00:00;GAVIAO;Conversão proibida;Colisão transversal;Com Vítimas Feridas;Pleno dia;Crescente;Céu Claro;Simples;Reta;-11.555.047;-39.685.798
27/09/2024;15:30:00;RIO BRANCO;Desrespeitar a preferência no cruzamento;Queda de ocupante de veículo;Com Vítimas Feridas;Pleno dia;Decrescente;Céu Claro;Dupla;"Rotatória;Interseção de Vias";-9.977.578;-678.489
27/09/2024;17:00:00;VILHENA;Frear bruscamente;Tombamento;Com Vítimas Feridas;Pleno dia;Decrescente;Céu Claro;Dupla;Reta;-1.273.306.632;-6.012.981.255
27/09/2024;18:30:00;ITAMARAJU;Ultrapassagem Indevida;Colisão frontal;Com Vítimas Fatais;Plena Noite;Decrescente;Ignorado;Simples;Reta;-1.688.334.004;-395.152.962
27/09/2024;18:30:00;PIMENTA BUENO;Demais falhas na via;Colisão com objeto;Com Vítimas Feridas;Pleno dia;Crescente;Céu Claro;Simples;"Reta;Em Obras";-1.159.383.384;-6.124.554.291
27/09/2024;14:30:00;TRAIRAO;Conversão proibida;Colisão transversal;Com Vítimas Feridas;Pleno dia;Decrescente;Céu Claro;Simples;Reta;-48.884.589;-5.617.556.711
27/09/2024;19:00:00;TAIPU;Curva acentuada;Colisão frontal;Com Vítimas Feridas;Plena Noite;Crescente;Céu Claro;Simples;"Curva;Aclive";-5.622.565;-35.601.342
27/09/2024;20:45:00;CURITIBA;Manobra de mudança de faixa;Colisão lateral mesmo sentido;Com Vítimas Feridas;Plena Noite;Decrescente;Céu Claro;Dupla;Reta;-2.556.929.797;-4.931.018.829
27/09/2024;16:55:00;CASIMIRO DE ABREU;Manobra de mudança de faixa;Colisão transversal;Com Vítimas Feridas;Pleno dia;Crescente;Nublado;Dupla;Reta;-2.249.157.051;-4.211.796.332
27/09/2024;18:30:00;ARARIPINA;Manobra de mudança de faixa;Colisão lateral sentido oposto;Com Vítimas Feridas;Plena Noite;Crescente;Nublado;Simples;"Reta;Interseção de Vias";-7.588.004;-4.049.662
27/09/2024;18:20:00;PONTO NOVO;Animais na Pista;Atropelamento de Animal;Com Vítimas Feridas;Anoitecer;Crescente;Céu Claro;Simples;Reta;-1.090.205.298;-4.010.854.569
27/09/2024;21:00:00;CAMPO GRANDE;Deficiência do Sistema de Iluminação/Sinalização;Colisão traseira;Sem Vítimas;Plena Noite;Crescente;Céu Claro;Simples;Reta;-2.056.943.371;-5.469.148.813
27/09/2024;22:45:00;MANHUACU;Animais na Pista;Tombamento;Com Vítimas Feridas;Plena Noite;Crescente;Nublado;Simples;Reta;-2.004.079.579;-4.217.396.159
27/09/2024;22:30:00;FORTALEZA;Condutor usando celular;Colisão traseira;Com Vítimas Feridas;Plena Noite;Decrescente;Céu Claro;Múltipla;Reta;-377.019.802;-3.851.724.508
27/09/2024;22:00:00;PARAOPEBA;Velocidade Incompatível;Colisão traseira;Com Vítimas Feridas;Plena Noite;Decrescente;Céu Claro;Dupla;Reta;-1.923.100.428;-4.443.562.244
27/09/2024;19:30:00;BREJOES;Ultrapassagem Indevida;Colisão frontal;Com Vítimas Fatais;Plena Noite;Decrescente;Céu Claro;Simples;Reta;-1.305.560.097;-3.995.874.093
27/09/2024;21:40:00;MOSSORO;Animais na Pista;Atropelamento de Animal;Com Vítimas Feridas;Plena Noite;Crescente;Céu Claro;Dupla;Reta;-518.138.457;-3.736.832.252
27/09/2024;18:25:00;NOVA IGUACU;Manobra de mudança de faixa;Colisão lateral mesmo sentido;Com Vítimas Feridas;Plena Noite;Crescente;Garoa/Chuvisco;Dupla;Reta;-2.274.647.215;-4.344.594.311
27/09/2024;23:15:00;PRUDENTOPOLIS;Conversão proibida;Colisão transversal;Com Vítimas Feridas;Plena Noite;Decrescente;Céu Claro;Simples;Reta;-25.301.951;-51.150.447
28/09/2024;03:00:00;SEROPEDICA;Animais na Pista;Atropelamento de Animal;Com Vítimas Feridas;Amanhecer;Decrescente;Nublado;Dupla;Reta;-2.272.454.443;-4.366.145.706
28/09/2024;05:20:00;NATAL;Ausência de sinalização;Colisão frontal;Com Vítimas Feridas;Pleno dia;Crescente;Céu Claro;Simples;"Declive;Curva;Em Obras;Ponte";-5.777.664;-3.524.937
28/09/2024;04:30:00;TERESINA;Manobra de mudança de faixa;Colisão transversal;Com Vítimas Feridas;Amanhecer;Crescente;Céu Claro;Múltipla;Reta;-516.483.402;-4.276.899.508
24/09/2024;17:40:00;PORTO SEGURO;Desrespeitar a preferência no cruzamento;Colisão transversal;Com Vítimas Feridas;Anoitecer;Crescente;Céu Claro;Simples;Reta;-1.643.517.732;-3.907.201.198
28/09/2024;08:12:00;JABOATAO DOS GUARARAPES;Condutor usando celular;Colisão com objeto;Com Vítimas Feridas;Pleno dia;Decrescente;Céu Claro;Dupla;Reta;-807.764.447;-3.497.863.609
27/09/2024;05:50:00;RIO CASCA;Acostamento em desnível;Atropelamento de Pedestre;Com Vítimas Fatais;Amanhecer;Decrescente;Céu Claro;Simples;Reta;-2.022.891.636;-4.262.843.995
28/09/2024;07:30:00;CUMARI;Demais falhas na via;Queda de ocupante de veículo;Com Vítimas Feridas;Pleno dia;Crescente;Sol;Dupla;"Reta;Declive";-183.636;-480.502
04/08/2024;17:10:00;SAO CRISTOVAO;Conversão proibida;Colisão transversal;Com Vítimas Fatais;Pleno dia;Decrescente;Céu Claro;Dupla;Reta;-1.095.841.469;-3.724.489.601
28/09/2024;10:10:00;SAO JOSE;Manobra de mudança de faixa;Colisão lateral mesmo sentido;Com Vítimas Feridas;Pleno dia;Decrescente;Céu Claro;Múltipla;Reta;-2.753.413.705;-4.863.003.205
28/09/2024;09:33:00;ALTOS;Ultrapassagem Indevida;Colisão lateral mesmo sentido;Com Vítimas Feridas;Pleno dia;Crescente;Céu Claro;Simples;Reta;-5.038.756;-42.450.893
28/09/2024;10:10:00;DOMINGOS MARTINS;Pista Escorregadia;Colisão frontal;Com Vítimas Feridas;Pleno dia;Crescente;Chuva;Simples;"Curva;Aclive";-2.038.521.335;-4.064.485.887
28/09/2024;11:45:00;CAMBUI;Conversão proibida;Colisão transversal;Sem Vítimas;Pleno dia;Decrescente;Sol;Dupla;"Interseção de Vias;Curva";-2.268.841.562;-4.610.648.041
28/09/2024;08:20:00;SAPEACU;Manobra de mudança de faixa;Colisão frontal;Com Vítimas Feridas;Pleno dia;Crescente;Céu Claro;Simples;Reta;-1.272.022.368;-3.918.128.014
28/09/2024;10:33:00;VALPARAISO DE GOIAS;Manobra de mudança de faixa;Colisão lateral mesmo sentido;Com Vítimas Feridas;Pleno dia;Decrescente;Céu Claro;Dupla;Reta;-1.606.079.456;-4.798.302.412
28/09/2024;13:15:00;BRASILIA;Ultrapassagem Indevida;Colisão lateral mesmo sentido;Com Vítimas Feridas;Pleno dia;Crescente;Céu Claro;Simples;Reta;-15.729.602;-48.121.304
28/09/2024;13:30:00;DOMINGOS MARTINS;Pista Escorregadia;Saída de leito carroçável;Com Vítimas Feridas;Pleno dia;Crescente;Chuva;Simples;"Curva;Aclive";-2.037.309.781;-405.917.608
28/09/2024;14:50:00;GUARULHOS;Manobra de mudança de faixa;Colisão lateral mesmo sentido;Com Vítimas Feridas;Pleno dia;Crescente;Nublado;Múltipla;"Reta;Aclive";-2.342.870.023;-4.641.085.991
28/09/2024;10:20:00;ITAGUAI;Acesso irregular;Colisão lateral mesmo sentido;Com Vítimas Feridas;Pleno dia;Decrescente;Céu Claro;Dupla;Reta;-2.288.503.992;-4.383.250.205
28/09/2024;14:40:00;JOAO PESSOA;Acumulo de areia ou detritos sobre o pavimento;Tombamento;Com Vítimas Feridas;Pleno dia;Decrescente;Céu Claro;Simples;"Curva;Viaduto";-716.470.016;-3.489.993.643
28/09/2024;15:20:00;RECIFE;Manobra de mudança de faixa;Colisão frontal;Com Vítimas Feridas;Pleno dia;Decrescente;Céu Claro;Simples;Reta;-799.905.898;-3.493.899.295
28/09/2024;13:50:00;IVINHEMA;Desrespeitar a preferência no cruzamento;Colisão transversal;Sem Vítimas;Pleno dia;Decrescente;Céu Claro;Simples;"Reta;Interseção de Vias";-22.387.425;-53.593.133
28/09/2024;16:25:00;SANTA MARIANA;Desrespeitar a preferência no cruzamento;Colisão transversal;Com Vítimas Feridas;Pleno dia;Crescente;Céu Claro;Simples;Interseção de Vias;-2.314.677.397;-5.049.888.548
28/09/2024;12:30:00;JATAI;Conversão proibida;Colisão transversal;Sem Vítimas;Pleno dia;Decrescente;Céu Claro;Simples;"Curva;Declive;Interseção de Vias";-18.002.443;-51.569.942
28/09/2024;15:30:00;PORANGATU;Acumulo de areia ou detritos sobre o pavimento;Queda de ocupante de veículo;Com Vítimas Feridas;Pleno dia;Decrescente;Céu Claro;Simples;"Reta;Em Obras";-13.419.951;-49.130.875
28/09/2024;10:00:00;QUEIMADOS;Manobra de mudança de faixa;Colisão lateral mesmo sentido;Com Vítimas Feridas;Pleno dia;Decrescente;Céu Claro;Dupla;Reta;-2.272.980.637;-4.356.512.004
28/09/2024;14:00:00;ANGRA DOS REIS;Velocidade Incompatível;Colisão frontal;Com Vítimas Feridas;Pleno dia;Decrescente;Nublado;Simples;Curva;-2.291.478.203;-4.434.596.302
28/09/2024;18:20:00;VASSOURAS;Manobra de mudança de faixa;Colisão transversal;Com Vítimas Feridas;Plena Noite;Crescente;Céu Claro;Simples;"Reta;Interseção de Vias";-2.238.996.804;-4.364.928.296
28/09/2024;18:30:00;PETROPOLIS;Chuva;Capotamento;Com Vítimas Feridas;Plena Noite;Crescente;Chuva;Dupla;Curva;-2.251.183.137;-4.323.076.171
28/09/2024;11:55:00;DUQUE DE CAXIAS;Manobra de mudança de faixa;Colisão lateral mesmo sentido;Com Vítimas Feridas;Pleno dia;Decrescente;Céu Claro;Dupla;Reta;-22.745.676;-432.881
28/09/2024;18:45:00;ITAITINGA;Velocidade Incompatível;Colisão com objeto;Com Vítimas Feridas;Plena Noite;Decrescente;Céu Claro;Dupla;Reta;-394.905.489;-3.851.212.845
28/09/2024;19:20:00;TUBARAO;Manobra de mudança de faixa;Colisão lateral mesmo sentido;Com Vítimas Feridas;Plena Noite;Crescente;Céu Claro;Múltipla;Curva;-2.843.460.043;-4.895.818.949
28/09/2024;18:20:00;SAO BORJA;Acostamento em desnível;Tombamento;Com Vítimas Feridas;Pleno dia;Decrescente;Céu Claro;Simples;Reta;-28.664.211;-55.940.098
28/09/2024;18:15:00;BUJARI;Animais na Pista;Atropelamento de Animal;Com Vítimas Feridas;Plena Noite;Decrescente;Nublado;Simples;Reta;-980.047.769;-680.023.168
28/09/2024;19:00:00;PINHALZINHO;Afundamento ou ondulação no pavimento;Queda de ocupante de veículo;Com Vítimas Feridas;Plena Noite;Crescente;Céu Claro;Simples;"Reta;Em Obras";-26.863.194;-52.974.529
28/09/2024;19:30:00;ICARAIMA;Velocidade Incompatível;Saída de leito carroçável;Com Vítimas Feridas;Plena Noite;Decrescente;Céu Claro;Simples;Curva;-2.339.435;-53.626.625
28/09/2024;19:20:00;RIO VERDE;Manobra de mudança de faixa;Colisão lateral mesmo sentido;Sem Vítimas;Plena Noite;Crescente;Chuva;Dupla;Reta;-176.437;-507.904
28/09/2024;18:40:00;FLORIANO;Manobra de mudança de faixa;Colisão transversal;Com Vítimas Feridas;Plena Noite;Decrescente;Céu Claro;Dupla;Reta;-6.777.731;-43.031.559
28/09/2024;21:20:00;MANGARATIBA;Ultrapassagem Indevida;Colisão frontal;Com Vítimas Feridas;Plena Noite;Decrescente;Céu Claro;Simples;Reta;-2.291.608.393;-4.394.022.903
28/09/2024;21:34:00;RECIFE;Manobra de mudança de faixa;Colisão lateral mesmo sentido;Com Vítimas Feridas;Plena Noite;Crescente;Céu Claro;Dupla;Reta;-797.063.209;-3.492.064.675
28/09/2024;22:40:00;PETROLINA;Acesso irregular;Queda de ocupante de veículo;Com Vítimas Feridas;Plena Noite;Crescente;Céu Claro;Dupla;Reta;-934.009.199;-4.047.032.001
28/09/2024;22:30:00;VITORIA DO XINGU;Animais na Pista;Atropelamento de Animal;Com Vítimas Feridas;Plena Noite;Crescente;Céu Claro;Simples;"Declive;Reta";-3.121.691;-5.177.373
28/09/2024;23:00:00;GENERAL CARNEIRO;Velocidade Incompatível;Colisão com objeto;Sem Vítimas;Plena Noite;Decrescente;Céu Claro;Simples;"Reta;Interseção de Vias";-2.638.747.069;-5.127.494.363
29/09/2024;00:20:00;SAO FRANCISCO DO SUL;Velocidade Incompatível;Colisão com objeto;Com Vítimas Feridas;Plena Noite;Decrescente;Nublado;Simples;"Em Obras;Reta";-2.625.329.566;-4.861.916.042
29/09/2024;00:40:00;ACAILANDIA;Ultrapassagem Indevida;Colisão transversal;Com Vítimas Feridas;Plena Noite;Decrescente;Céu Claro;Simples;Reta;-490.264.174;-4.739.968.016
29/09/2024;01:00:00;CORUMBA DE GOIAS;Acesso irregular;Eventos atípicos;Com Vítimas Feridas;Plena Noite;Crescente;Chuva;Simples;"Aclive;Reta";-1.595.966.349;-4.881.554.865
29/09/2024;01:30:00;BETIM;Velocidade Incompatível;Queda de ocupante de veículo;Com Vítimas Feridas;Plena Noite;Crescente;Céu Claro;Múltipla;"Reta;Declive";-1.996.844.812;-4.418.089.628
29/09/2024;01:30:00;PARA DE MINAS;Animais na Pista;Atropelamento de Animal;Sem Vítimas;Plena Noite;Crescente;Vento;Dupla;Aclive;-1.988.636.461;-4.461.874.008
29/09/2024;01:00:00;FEIRA DE SANTANA;Desrespeitar a preferência no cruzamento;Colisão transversal;Com Vítimas Feridas;Plena Noite;Crescente;Nublado;Simples;"Reta;Interseção de Vias";-1.222.064.702;-3.896.561.131
29/09/2024;03:50:00;QUELUZ;Curva acentuada;Colisão com objeto;Com Vítimas Feridas;Plena Noite;Decrescente;Céu Claro;Dupla;Curva;-2.253.531.603;-4.476.219.097
29/09/2024;02:00:00;VARZEA GRANDE;Animais na Pista;Atropelamento de Animal;Sem Vítimas;Plena Noite;Crescente;Céu Claro;Dupla;Reta;-15.630.562;-56.204.918
29/09/2024;04:45:00;FLORIANO;Velocidade Incompatível;Queda de ocupante de veículo;Com Vítimas Feridas;Amanhecer;Crescente;Céu Claro;Simples;Reta;-682.903.004;-4.291.384.303
29/09/2024;05:35:00;CAMPINA GRANDE DO SUL;Velocidade Incompatível;Capotamento;Com Vítimas Feridas;Amanhecer;Crescente;Céu Claro;Dupla;Reta;-253.719;-49.134
29/09/2024;06:00:00;GUARULHOS;Velocidade Incompatível;Queda de ocupante de veículo;Com Vítimas Feridas;Pleno dia;Decrescente;Céu Claro;Múltipla;"Reta;Aclive";-23.457.972;-46.479.927
29/09/2024;06:20:00;VENDA NOVA DO IMIGRANTE;Velocidade Incompatível;Tombamento;Com Vítimas Feridas;Pleno dia;Decrescente;Céu Claro;Simples;Reta;-2.034.889.991;-41.102.073
29/09/2024;04:00:00;CURITIBANOS;Velocidade Incompatível;Colisão traseira;Com Vítimas Feridas;Plena Noite;Crescente;Céu Claro;Simples;"Declive;Reta";-2.731.521.433;-5.054.543.051
28/09/2024;23:00:00;JANGADA;Manobra de mudança de faixa;Colisão lateral sentido oposto;Com Vítimas Feridas;Plena Noite;Crescente;Céu Claro;Simples;Reta;-152.127.334;-5.650.419.616
29/09/2024;07:30:00;SANTOS DUMONT;Curva acentuada;Saída de leito carroçável;Com Vítimas Feridas;Pleno dia;Crescente;Céu Claro;Simples;Curva;-2.137.012.696;-4.357.558.994
29/09/2024;05:30:00;ITABELA;Curva acentuada;Tombamento;Com Vítimas Feridas;Pleno dia;Decrescente;Céu Claro;Simples;"Curva;Declive";-16.744.017;-39.454.727
29/09/2024;02:58:00;JI-PARANA;Animais na Pista;Atropelamento de Animal;Com Vítimas Feridas;Plena Noite;Decrescente;Céu Claro;Simples;Reta;-1.084.031.861;-6.200.639.574
24/08/2024;20:30:00;UBATUBA;Ultrapassagem Indevida;Colisão frontal;Com Vítimas Feridas;Plena Noite;Crescente;Nublado;Simples;Reta;-2.344.410.908;-4.508.375.708
29/09/2024;10:00:00;JATAIZINHO;Manobra de mudança de faixa;Saída de leito carroçável;Com Vítimas Feridas;Pleno dia;Crescente;Céu Claro;Dupla;"Reta;Aclive";-2.328.451.064;-5.094.386.101
29/09/2024;10:06:00;LINHARES;Velocidade Incompatível;Colisão traseira;Com Vítimas Feridas;Pleno dia;Crescente;Nublado;Dupla;Reta;-1.936.468.674;-4.006.503.582
29/09/2024;11:15:00;APUCARANA;Velocidade Incompatível;Tombamento;Com Vítimas Feridas;Pleno dia;Decrescente;Céu Claro;Dupla;Curva;-2.358.054.376;-5.143.596.583
23/08/2024;16:30:00;MAUA DA SERRA;Chuva;Tombamento;Com Vítimas Feridas;Pleno dia;Crescente;Chuva;Dupla;"Declive;Curva";-2.394.940.698;-5.111.940.888
29/09/2024;13:50:00;ELDORADO DO SUL;Desrespeitar a preferência no cruzamento;Colisão transversal;Com Vítimas Feridas;Pleno dia;Decrescente;Sol;Dupla;Reta;-30.006.546;-51.312.927
29/09/2024;14:45:00;PALHOCA;Manobra de mudança de faixa;Colisão lateral mesmo sentido;Com Vítimas Feridas;Pleno dia;Crescente;Céu Claro;Dupla;Curva;-276.427;-486.695
29/09/2024;15:30:00;GUARULHOS;Manobra de mudança de faixa;Colisão lateral mesmo sentido;Com Vítimas Feridas;Pleno dia;Crescente;Céu Claro;Múltipla;Reta;-2.348.071.896;-4.653.271.603
28/09/2024;12:30:00;ZE DOCA;Conversão proibida;Colisão transversal;Com Vítimas Fatais;Pleno dia;Decrescente;Céu Claro;Simples;"Reta;Interseção de Vias";-3.115.709;-45.642.311
29/09/2024;14:30:00;TERESOPOLIS;Desrespeitar a preferência no cruzamento;Colisão transversal;Com Vítimas Feridas;Pleno dia;Decrescente;Céu Claro;Simples;Reta;-2.239.843.405;-4.295.507.553
25/09/2024;22:30:00;ITABORAI;Iluminação deficiente;Colisão transversal;Com Vítimas Feridas;Plena Noite;Crescente;Nublado;Dupla;Reta;-2.277.062;-4.292.223