data_inversa;horario;municipio;causa_acidente;tipo_acidente;classificacao_acidente;fase_dia;sentido_via;condicao_metereologica;tipo_pista;tracado_via;latitude;longitude
11/10/2024;10:35:00;ITAPERUNA;Chuva;Saída de leito carroçável;Com Vítimas Feridas;Pleno dia;Crescente;Chuva;Simples;"Curva;Declive";-21.341.824;-4.171.171
11/10/2024;11:30:00;TRIUNFO;Manobra de mudança de faixa;Colisão lateral mesmo sentido;Com Vítimas Feridas;Pleno dia;Crescente;Céu Claro;Dupla;Reta;-29.694.038;-51.695.747
11/10/2024;12:20:00;FUNDAO;Velocidade Incompatível;Saída de leito carroçável;Com Vítimas Feridas;Pleno dia;Crescente;Chuva;Simples;Curva;-1.998.434.998;-4.041.371.315
11/10/2024;11:30:00;SAO JOSE;Velocidade Incompatível;Saída de leito carroçável;Sem Vítimas;Pleno dia;Crescente;Garoa/Chuvisco;Dupla;Curva;-27.588.425;-48.612.919
11/10/2024;11:53:00;NATAL;Manobra de mudança de faixa;Colisão lateral mesmo sentido;Com Vítimas Feridas;Pleno dia;Decrescente;Céu Claro;Dupla;Reta;-583.176.615;-3.521.191.342
11/10/2024;12:55:00;TIBAGI;Velocidade Incompatível;Colisão com objeto;Com Vítimas Feridas;Pleno dia;Crescente;Chuva;Dupla;Reta;-24.675.366;-50.598.954
11/10/2024;11:15:00;MURIAE;Desrespeitar a preferência no cruzamento;Colisão transversal;Com Vítimas Feridas;Pleno dia;Decrescente;Céu Claro;Simples;"Reta;Interseção de Vias";-2.112.725.696;-4.235.052.695
11/10/2024;14:20:00;PARATY;Condutor usando celular;Colisão lateral sentido oposto;Com Vítimas Feridas;Pleno dia;Crescente;Céu Claro;Simples;Reta;-2.302.314.418;-4.450.045.173
11/10/2024;14:20:00;CARAZINHO;Ultrapassagem Indevida;Colisão frontal;Com Vítimas Feridas;Pleno dia;Crescente;Chuva;Simples;Reta;-28.317.753;-52.806.843
11/10/2024;13:45:00;CANDIOTA;Desrespeitar a preferência no cruzamento;Colisão lateral sentido oposto;Com Vítimas Feridas;Pleno dia;Crescente;Garoa/Chuvisco;Simples;Interseção de Vias;-3.146.954.305;-5.365.591.903
11/10/2024;14:45:00;GUARAPUAVA;Chuva;Colisão frontal;Com Vítimas Fatais;Pleno dia;Crescente;Chuva;Simples;"Curva;Aclive";-2.541.478.153;-5.156.217.701
16/06/2024;17:44:00;PIRAPORA;Manobra de mudança de faixa;Colisão traseira;Com Vítimas Feridas;Anoitecer;Crescente;Céu Claro;Simples;Reta;-1.736.147.194;-4.491.972.105
11/10/2024;15:15:00;ANAPOLIS;Acostamento em desnível;Queda de ocupante de veículo;Com Vítimas Feridas;Pleno dia;Crescente;Garoa/Chuvisco;Simples;Reta;-1.628.128.823;-4.894.258.908
11/10/2024;15:10:00;GUARAMIRIM;Manobra de mudança de faixa;Colisão lateral mesmo sentido;Com Vítimas Feridas;Pleno dia;Crescente;Chuva;Dupla;Reta;-2.647.947.677;-4.900.298.702
11/10/2024;13:00:00;LINDOESTE;Velocidade Incompatível;Saída de leito carroçável;Com Vítimas Feridas;Pleno dia;Crescente;Chuva;Dupla;"Curva;Aclive";-2.534.495.402;-5.358.666.028
11/10/2024;15:30:00;PONTA GROSSA;Velocidade Incompatível;Saída de leito carroçável;Com Vítimas Feridas;Amanhecer;Crescente;Garoa/Chuvisco;Dupla;Curva;-25.004.518;-50.359.123
11/10/2024;10:00:00;ITAMARAJU;Ultrapassagem Indevida;Saída de leito carroçável;Com Vítimas Feridas;Pleno dia;Decrescente;Nublado;Simples;"Curva;Declive";-17.106.385;-39.565.122
11/10/2024;16:30:00;ALAGOINHAS;Desrespeitar a preferência no cruzamento;Colisão transversal;Com Vítimas Feridas;Pleno dia;Crescente;Céu Claro;Simples;"Rotatória;Interseção de Vias";-1.215.963.868;-3.841.162.324
11/10/2024;17:00:00;INDAIAL;Acumulo de água sobre o pavimento;Saída de leito carroçável;Com Vítimas Feridas;Pleno dia;Decrescente;Chuva;Dupla;Reta;-26.895.243;-49.262.104
11/10/2024;18:21:00;MAIRIPORA;Pista Escorregadia;Saída de leito carroçável;Com Vítimas Feridas;Plena Noite;Crescente;Chuva;Dupla;Curva;-2.335.047.979;-4.655.267.274
11/10/2024;18:40:00;PARACATU;Velocidade Incompatível;Colisão transversal;Com Vítimas Feridas;Plena Noite;Decrescente;Chuva;Simples;"Rotatória;Declive;Reta;Interseção de Vias";-1.723.101.648;-4.685.390.396
10/10/2024;06:10:00;IBIRAPITANGA;Ultrapassagem Indevida;Colisão frontal;Com Vítimas Feridas;Amanhecer;Crescente;Garoa/Chuvisco;Simples;Curva;-1.404.414.135;-393.966.413
11/10/2024;18:15:00;SAO GONCALO;Manobra de mudança de faixa;Colisão traseira;Com Vítimas Feridas;Anoitecer;Decrescente;Céu Claro;Simples;Reta;-2.282.835.879;-4.309.208.739
11/10/2024;19:50:00;PALHOCA;Pista Escorregadia;Colisão lateral mesmo sentido;Com Vítimas Feridas;Plena Noite;Decrescente;Garoa/Chuvisco;Simples;Reta;-2.765.981.409;-4.867.747.798
11/10/2024;19:35:00;SOLEDADE;Animais na Pista;Atropelamento de Animal;Com Vítimas Feridas;Plena Noite;Crescente;Nevoeiro/Neblina;Simples;"Em Obras;Reta";-2.878.601;-5.252.786
11/10/2024;19:40:00;GUARATINGUETA;Chuva;Tombamento;Com Vítimas Feridas;Plena Noite;Crescente;Chuva;Dupla;Reta;-2.282.867.578;-452.088.941
11/10/2024;20:20:00;BIGUACU;Chuva;Saída de leito carroçável;Com Vítimas Feridas;Plena Noite;Decrescente;Chuva;Dupla;Curva;-2.747.730.273;-4.864.127.329
11/10/2024;18:50:00;SANTA RITA;Iluminação deficiente;Atropelamento de Pedestre;Com Vítimas Feridas;Plena Noite;Decrescente;Céu Claro;Dupla;Reta;-71.432;-349.869
11/10/2024;18:50:00;CANOAS;Manobra de mudança de faixa;Colisão lateral mesmo sentido;Com Vítimas Feridas;Plena Noite;Crescente;Nublado;Dupla;Reta;-29.879.208;-5.118.045.622
11/10/2024;19:30:00;NOVA ALVORADA DO SUL;Animais na Pista;Atropelamento de Animal;Com Vítimas Feridas;Plena Noite;Crescente;Nublado;Simples;Reta;-2.107.073.806;-5.449.450.723
11/10/2024;18:50:00;RIO VERDE;Acumulo de água sobre o pavimento;Saída de leito carroçável;Com Vítimas Feridas;Plena Noite;Decrescente;Nublado;Dupla;"Curva;Aclive";-178.382;-514.222
11/10/2024;17:14:00;DOM CAVATI;Ultrapassagem Indevida;Queda de ocupante de veículo;Com Vítimas Feridas;Anoitecer;Crescente;Nublado;Simples;Reta;-1.939.396.202;-4.211.351.393
11/10/2024;21:15:00;MACAIBA;Manobra de mudança de faixa;Colisão lateral mesmo sentido;Com Vítimas Feridas;Plena Noite;Decrescente;Céu Claro;Dupla;Rotatória;-586.484.905;-3.534.931.012
11/10/2024;20:40:00;FLORIANOPOLIS;Manobra de mudança de faixa;Colisão lateral mesmo sentido;Com Vítimas Feridas;Plena Noite;Crescente;Chuva;Múltipla;Aclive;-2.759.845;-48.571.995
11/10/2024;18:00:00;BRASILIA;Chuva;Queda de ocupante de veículo;Com Vítimas Feridas;Plena Noite;Crescente;Chuva;Dupla;Reta;-15.688.145;-47.858.797
11/10/2024;17:00:00;BARRA DO TURVO;Pista Escorregadia;Tombamento;Sem Vítimas;Pleno dia;Decrescente;Chuva;Dupla;"Declive;Curva";-2.495.749.618;-4.846.440.871
11/10/2024;19:45:00;PEDRO OSORIO;Animais na Pista;Atropelamento de Animal;Com Vítimas Feridas;Plena Noite;Crescente;Garoa/Chuvisco;Simples;Reta;-3.193.074.395;-5.273.663.202
11/10/2024;16:30:00;CARATINGA;Ultrapassagem Indevida;Colisão lateral mesmo sentido;Com Vítimas Feridas;Pleno dia;Crescente;Céu Claro;Simples;Reta;-1.978.510.701;-4.213.445.297
11/10/2024;22:20:00;BRASILIA;Deficiência do Sistema de Iluminação/Sinalização;Colisão traseira;Com Vítimas Feridas;Plena Noite;Crescente;Nublado;Simples;Reta;-15.948.113;-47.845.235
11/10/2024;21:20:00;ROSARIO DO SUL;Ausência de sinalização;Saída de leito carroçável;Com Vítimas Feridas;Plena Noite;Crescente;Nevoeiro/Neblina;Simples;Interseção de Vias;-3.023.029.793;-5.473.011.017
11/10/2024;09:15:00;ANASTACIO;Acumulo de água sobre o pavimento;Saída de leito carroçável;Com Vítimas Feridas;Pleno dia;Crescente;Chuva;Simples;Reta;-2.042.876.086;-5.604.164.691
11/10/2024;18:50:00;CARDOSO MOREIRA;Acesso irregular;Colisão frontal;Com Vítimas Feridas;Plena Noite;Crescente;Nublado;Simples;Reta;-2.152.299.039;-4.154.655.933
11/10/2024;21:30:00;VILHENA;Desrespeitar a preferência no cruzamento;Colisão transversal;Com Vítimas Feridas;Pleno dia;Crescente;Céu Claro;Dupla;Reta;-1.274.140.004;-6.013.026.401
11/10/2024;21:40:00;SANTOS DUMONT;Pista Escorregadia;Colisão frontal;Sem Vítimas;Plena Noite;Crescente;Chuva;Simples;Curva;-2.139.953.901;-4.356.507.286
11/10/2024;09:40:00;SANTO ANTONIO DO SUDOESTE;Ultrapassagem Indevida;Saída de leito carroçável;Sem Vítimas;Pleno dia;Decrescente;Chuva;Simples;Declive;-2.613.618.179;-5.368.172.121
11/10/2024;22:00:00;EXTREMA;Velocidade Incompatível;Saída de leito carroçável;Com Vítimas Feridas;Plena Noite;Crescente;Chuva;Dupla;Curva;-22.827.483;-46.314.089
11/10/2024;18:00:00;SAO GONCALO DO SAPUCAI;Velocidade Incompatível;Saída de leito carroçável;Com Vítimas Feridas;Plena Noite;Decrescente;Chuva;Dupla;Curva;-2.186.536.321;-4.553.455.982
12/10/2024;00:40:00;PIRAI;Acumulo de água sobre o pavimento;Capotamento;Com Vítimas Feridas;Plena Noite;Decrescente;Chuva;Dupla;Curva;-2.266.641.265;-4.384.604.931
11/10/2024;23:48:00;VILHENA;Velocidade Incompatível;Colisão traseira;Com Vítimas Feridas;Plena Noite;Crescente;Céu Claro;Simples;"Interseção de Vias;Reta";-1.273.672.751;-6.014.804.088
12/10/2024;01:45:00;TEIXEIRA DE FREITAS;Animais na Pista;Atropelamento de Animal;Sem Vítimas;Plena Noite;Crescente;Céu Claro;Simples;Reta;-1.754.548.662;-3.971.863.903
11/10/2024;20:30:00;SANTO AMARO DA IMPERATRIZ;Frear bruscamente;Queda de ocupante de veículo;Com Vítimas Feridas;Plena Noite;Decrescente;Garoa/Chuvisco;Simples;Reta;-27.695.198;-48.793.308
12/10/2024;04:30:00;CANDIOTA;Neblina;Colisão com objeto;Com Vítimas Feridas;Plena Noite;Crescente;Nevoeiro/Neblina;Simples;"Reta;Ponte";-3.143.956.414;-5.369.449.854
12/10/2024;06:15:00;ITAPEVA;Velocidade Incompatível;Colisão lateral mesmo sentido;Com Vítimas Feridas;Pleno dia;Crescente;Nublado;Dupla;Curva;-227.671.484;-4.622.667.493
11/10/2024;23:30:00;ITAGUAI;Iluminação deficiente;Colisão traseira;Com Vítimas Fatais;Plena Noite;Decrescente;Chuva;Dupla;Reta;-2.287.672.058;-4.381.631.971
12/10/2024;06:00:00;SANTOS DUMONT;Curva acentuada;Colisão frontal;Com Vítimas Feridas;Amanhecer;Decrescente;Chuva;Simples;Curva;-2.137.012.696;-4.357.558.994
12/10/2024;06:00:00;SERITINGA;Velocidade Incompatível;Saída de leito carroçável;Com Vítimas Feridas;Amanhecer;Decrescente;Chuva;Simples;Curva;-2.193.295.838;-4.452.278.892
12/10/2024;06:05:00;MURIAE;Chuva;Saída de leito carroçável;Com Vítimas Feridas;Pleno dia;Crescente;Chuva;Simples;Curva;-2.121.283.022;-4.238.932.659
12/10/2024;04:00:00;CARIACICA;Manobra de mudança de faixa;Colisão lateral mesmo sentido;Sem Vítimas;Plena Noite;Decrescente;Nublado;Dupla;Curva;-2.031.252.357;-4.039.532.304
12/10/2024;07:00:00;EXTREMA;Chuva;Saída de leito carroçável;Com Vítimas Feridas;Pleno dia;Decrescente;Chuva;Dupla;"Curva;Declive";-2.282.914.914;-4.631.469.547
12/10/2024;04:00:00;ALPERCATA;Animais na Pista;Atropelamento de Animal;Com Vítimas Feridas;Amanhecer;Crescente;Ignorado;Simples;Curva;-1.894.601.944;-4.195.023.848
12/10/2024;08:00:00;JUIZ DE FORA;Velocidade Incompatível;Colisão frontal;Com Vítimas Feridas;Pleno dia;Crescente;Garoa/Chuvisco;Simples;Curva;-215.606.587;-4.349.865.196
12/10/2024;09:00:00;ITABUNA;Fumaça;Saída de leito carroçável;Sem Vítimas;Pleno dia;Crescente;Céu Claro;Simples;Viaduto;-1.481.430.047;-3.929.770.947
12/10/2024;10:45:00;NAVEGANTES;Velocidade Incompatível;Colisão traseira;Com Vítimas Feridas;Pleno dia;Crescente;Céu Claro;Dupla;Reta;-2.683.477;-48.706.151
12/10/2024;11:25:00;SAO JOAO DE MERITI;Manobra de mudança de faixa;Colisão lateral mesmo sentido;Com Vítimas Feridas;Pleno dia;Crescente;Céu Claro;Múltipla;Reta;-2.278.055.198;-4.339.208.599
12/10/2024;10:10:00;PETROLINA;Conversão proibida;Colisão lateral mesmo sentido;Com Vítimas Feridas;Pleno dia;Crescente;Céu Claro;Dupla;Reta;-938.491.309;-4.052.809.509
12/10/2024;08:10:00;PETROPOLIS;Pista Escorregadia;Atropelamento de Pedestre;Com Vítimas Feridas;Pleno dia;Decrescente;Garoa/Chuvisco;Dupla;Curva;-2.234.399.896;-4.313.243.691
12/10/2024;01:00:00;PORTO VELHO;Ausência de sinalização;Saída de leito carroçável;Com Vítimas Feridas;Plena Noite;Crescente;Céu Claro;Simples;"Reta;Em Obras";-970.010.533;-6.514.423.789
12/10/2024;12:40:00;NAVEGANTES;Desrespeitar a preferência no cruzamento;Colisão transversal;Com Vítimas Feridas;Pleno dia;Decrescente;Nublado;Simples;Interseção de Vias;-26.861.937;-48.681.618
12/10/2024;12:00:00;NATAL;Manobra de mudança de faixa;Colisão transversal;Com Vítimas Feridas;Pleno dia;Crescente;Céu Claro;Simples;Declive;-5.800.019;-35.238.174
12/10/2024;12:45:00;ITAJAI;Manobra de mudança de faixa;Colisão lateral mesmo sentido;Com Vítimas Feridas;Pleno dia;Crescente;Nublado;Dupla;Reta;-2.688.747.187;-4.872.252.969
12/10/2024;13:00:00;PARANAGUA;Velocidade Incompatível;Tombamento;Com Vítimas Feridas;Pleno dia;Decrescente;Nublado;Múltipla;Curva;-25.568.198;-48.615.292
12/10/2024;11:50:00;CAXIAS DO SUL;Manobra de mudança de faixa;Colisão lateral mesmo sentido;Com Vítimas Feridas;Pleno dia;Decrescente;Céu Claro;Dupla;Curva;-2.915.996.905;-5.115.645.292
12/10/2024;11:40:00;BOM JESUS;Velocidade Incompatível;Colisão com objeto;Com Vítimas Feridas;Pleno dia;Crescente;Sol;Simples;"Curva;Declive";-2.862.438.435;-5.067.804.337
12/10/2024;14:40:00;JOAO PESSOA;Velocidade Incompatível;Saída de leito carroçável;Com Vítimas Feridas;Pleno dia;Crescente;Céu Claro;Dupla;"Reta;Declive";-71.677;-348.855
12/10/2024;11:20:00;OCAUCU;Demais falhas na via;Capotamento;Sem Vítimas;Pleno dia;Decrescente;Céu Claro;Simples;Reta;-2.247.408.219;-4.988.847.353
12/10/2024;14:30:00;LAGOA VERMELHA;Animais na Pista;Atropelamento de Animal;Com Vítimas Feridas;Pleno dia;Crescente;Céu Claro;Simples;Reta;-28.292.328;-51.403.725
12/10/2024;15:00:00;ABADIANIA;Pista Escorregadia;Saída de leito carroçável;Com Vítimas Feridas;Pleno dia;Decrescente;Chuva;Dupla;Reta;-162.138;-487.457
12/10/2024;15:00:00;SANTA TEREZA DO OESTE;Desrespeitar a preferência no cruzamento;Colisão transversal;Com Vítimas Feridas;Pleno dia;Crescente;Céu Claro;Simples;Interseção de Vias;-2.505.111.043;-5.362.214.392
12/10/2024;16:04:00;BRASILIA;Pista Escorregadia;Colisão transversal;Com Vítimas Feridas;Pleno dia;Decrescente;Chuva;Múltipla;Declive;-15.788.868;-48.220.242
12/10/2024;16:30:00;INDIANOPOLIS;Chuva;Colisão frontal;Com Vítimas Feridas;Pleno dia;Crescente;Chuva;Simples;Curva;-18.883.234;-47.927.516
12/10/2024;16:30:00;CAETE;Velocidade Incompatível;Saída de leito carroçável;Com Vítimas Feridas;Pleno dia;Decrescente;Nublado;Simples;Curva;-1.978.885.371;-4.370.613.892
12/10/2024;16:00:00;NITEROI;Manobra de mudança de faixa;Colisão lateral mesmo sentido;Com Vítimas Feridas;Pleno dia;Decrescente;Céu Claro;Múltipla;Reta;-2.287.381.074;-4.312.640.997
12/10/2024;18:00:00;ITATIAIA;Manobra de mudança de faixa;Colisão lateral mesmo sentido;Com Vítimas Feridas;Anoitecer;Decrescente;Céu Claro;Dupla;Reta;-2.246.797.868;-4.451.030.403
12/10/2024;18:50:00;PARACATU;Deficiência do Sistema de Iluminação/Sinalização;Colisão traseira;Com Vítimas Feridas;Plena Noite;Decrescente;Nublado;Simples;"Reta;Aclive";-1.739.371.065;-4.673.333.352
12/10/2024;20:50:00;ARAPONGAS;Manobra de mudança de faixa;Colisão transversal;Com Vítimas Feridas;Plena Noite;Crescente;Céu Claro;Simples;Reta;-2.340.719.564;-5.142.812.848
12/10/2024;21:00:00;ITAJAI;Pista esburacada;Tombamento;Com Vítimas Feridas;Plena Noite;Decrescente;Nublado;Múltipla;Reta;-2.693.668.609;-4.869.876.905
12/10/2024;17:50:00;SAO FRANCISCO DO SUL;Conversão proibida;Colisão transversal;Com Vítimas Feridas;Anoitecer;Crescente;Nublado;Simples;Reta;-2.625.465.152;-486.203.438
12/10/2024;20:05:00;ERECHIM;Desrespeitar a preferência no cruzamento;Colisão transversal;Sem Vítimas;Plena Noite;Decrescente;Céu Claro;Simples;Rotatória;-2.766.399.295;-5.228.752.971
12/10/2024;19:15:00;ABARE;Animais na Pista;Capotamento;Sem Vítimas;Plena Noite;Crescente;Céu Claro;Simples;Reta;-886.751.717;-3.925.426.434
12/10/2024;21:20:00;SAO JOSE;Velocidade Incompatível;Colisão com objeto;Com Vítimas Feridas;Plena Noite;Decrescente;Céu Claro;Simples;Curva;-27.591.936;-48.618.244
12/10/2024;22:20:00;CAMPO MOURAO;Animais na Pista;Atropelamento de Animal;Com Vítimas Feridas;Plena Noite;Crescente;Céu Claro;Simples;Reta;-2.405.873.125;-5.241.944.989
12/10/2024;22:30:00;JAGUARUNA;Manobra de mudança de faixa;Colisão lateral mesmo sentido;Com Vítimas Feridas;Plena Noite;Decrescente;Céu Claro;Dupla;Reta;-2.857.012.526;-4.905.326.843
12/10/2024;22:45:00;MAFRA;Velocidade Incompatível;Colisão com objeto;Com Vítimas Feridas;Plena Noite;Decrescente;Céu Claro;Simples;Curva;-2.616.857.105;-4.981.820.938
12/10/2024;21:20:00;ASSIS BRASIL;Afundamento ou ondulação no pavimento;Colisão frontal;Com Vítimas Fatais;Plena Noite;Decrescente;Céu Claro;Simples;Reta;-1.084.562.799;-6.946.276.801
13/10/2024;03:00:00;PARNAMIRIM;Pista Escorregadia;Queda de ocupante de veículo;Com Vítimas Feridas;Plena Noite;Crescente;Garoa/Chuvisco;Dupla;Reta;-5.937.378;-3.526.483
13/10/2024;03:45:00;LORENA;Animais na Pista;Atropelamento de Animal;Com Vítimas Feridas;Plena Noite;Crescente;Céu Claro;Simples;Reta;-22.725.021;-45.103.531
13/10/2024;03:00:00;ARAPONGAS;Ausência de sinalização;Atropelamento de Pedestre;Com Vítimas Fatais;Plena Noite;Crescente;Céu Claro;Dupla;Reta;-23.371.529;-51.410.505
13/10/2024;00:15:00;TEOFILO OTONI;Animais na Pista;Atropelamento de Animal;Com Vítimas Feridas;Plena Noite;Decrescente;Nublado;Simples;Reta;-1.782.616.139;-4.150.619.857
13/10/2024;05:30:00;JEQUITAI;Velocidade Incompatível;Saída de leito carroçável;Com Vítimas Fatais;Amanhecer;Crescente;Céu Claro;Simples;Curva;-171.623.307;-4.438.164.499
13/10/2024;05:50:00;TRES CORACOES;Velocidade Incompatível;Queda de ocupante de veículo;Com Vítimas Feridas;Pleno dia;Crescente;Céu Claro;Dupla;"Curva;Aclive";-216.960.517;-4.536.128.707
13/10/2024;01:00:00;NOVA SERRANA;Velocidade Incompatível;Capotamento;Sem Vítimas;Plena Noite;Decrescente;Céu Claro;Simples;Curva;-1.989.666.118;-4.485.116.191
13/10/2024;07:20:00;BRANQUINHA;Desrespeitar a preferência no cruzamento;Colisão transversal;Com Vítimas Feridas;Pleno dia;Crescente;Céu Claro;Simples;"Curva;Declive";-92.457.014;-3.600.588.206
13/10/2024;08:45:00;JOINVILLE;Demais falhas na via;Colisão com objeto;Com Vítimas Feridas;Pleno dia;Crescente;Garoa/Chuvisco;Dupla;Reta;-2.625.472.505;-4.890.561.309
13/10/2024;08:45:00;CANTA;Acesso irregular;Colisão transversal;Com Vítimas Feridas;Pleno dia;Crescente;Céu Claro;Simples;Reta;2.780.354;-6.060.918.994
13/10/2024;11:00:00;ORTIGUEIRA;Velocidade Incompatível;Saída de leito carroçável;Com Vítimas Feridas;Pleno dia;Crescente;Céu Claro;Simples;"Curva;Declive";-2.441.657.128;-5.078.151.322
13/10/2024;11:40:00;NOVA PRATA;Ultrapassagem Indevida;Colisão traseira;Sem Vítimas;Pleno dia;Decrescente;Sol;Simples;"Reta;Declive";-2.880.000.398;-5.161.054.097
11/10/2024;16:00:00;ALAGOINHAS;Desrespeitar a preferência no cruzamento;Colisão transversal;Com Vítimas Feridas;Pleno dia;Decrescente;Sol;Simples;Interseção de Vias;-1.224.215.428;-3.840.952.438
13/10/2024;10:50:00;ITAPECURU MIRIM;Desrespeitar a preferência no cruzamento;Colisão transversal;Com Vítimas Feridas;Pleno dia;Decrescente;Céu Claro;Simples;Interseção de Vias;-33.279.719;-4.444.236.412
12/10/2024;19:26:00;ELDORADO DO CARAJAS;Manobra de mudança de faixa;Colisão frontal;Com Vítimas Feridas;Anoitecer;Crescente;Nublado;Simples;Reta;-58.772.901;-4.920.296.457
12/10/2024;13:00:00;GENERAL CARNEIRO;Velocidade Incompatível;Saída de leito carroçável;Sem Vítimas;Pleno dia;Decrescente;Céu Claro;Simples;Curva;-1.562.211.981;-5.283.378.091
13/10/2024;15:35:00;POSSE;Sistema de drenagem ineficiente;Tombamento;Com Vítimas Feridas;Pleno dia;Crescente;Chuva;Simples;"Aclive;Reta";-14.347.785;-46.439.873
13/10/2024;14:10:00;SINOP;Velocidade Incompatível;Saída de leito carroçável;Sem Vítimas;Pleno dia;Crescente;Nublado;Dupla;"Rotatória;Reta";-120.138;-5.551.719
13/10/2024;16:45:00;VALPARAISO DE GOIAS;Manobra de mudança de faixa;Colisão traseira;Sem Vítimas;Pleno dia;Decrescente;Nublado;Dupla;Reta;-16.108.482;-47.972.524
13/10/2024;16:20:00;CURITIBA;Demais falhas na via;Colisão traseira;Com Vítimas Feridas;Pleno dia;Decrescente;Garoa/Chuvisco;Dupla;"Interseção de Vias;Curva";-255.427.706;-4.930.924.773
13/10/2024;17:55:00;PALMAS;Velocidade Incompatível;Colisão traseira;Com Vítimas Fatais;Anoitecer;Crescente;Ignorado;Múltipla;Reta;-1.028.758;-482.974
13/10/2024;17:30:00;JACIARA;Manobra de mudança de faixa;Colisão lateral mesmo sentido;Com Vítimas Feridas;Plena Noite;Crescente;Céu Claro;Dupla;Reta;-1.596.077.957;-5.496.772.983
13/10/2024;18:40:00;PARNAMIRIM;Manobra de mudança de faixa;Colisão lateral mesmo sentido;Com Vítimas Feridas;Plena Noite;Crescente;Céu Claro;Dupla;Reta;-5.892.745;-35.257.225
13/10/2024;18:45:00;NITEROI;Manobra de mudança de faixa;Colisão lateral mesmo sentido;Com Vítimas Feridas;Plena Noite;Decrescente;Céu Claro;Simples;"Reta;Ponte";-2.287.381.074;-4.312.640.997
13/10/2024;15:30:00;CAMPO ALEGRE DE GOIAS;Chuva;Saída de leito carroçável;Com Vítimas Feridas;Pleno dia;Decrescente;Chuva;Dupla;Reta;-176.528;-477.496
13/10/2024;18:49:00;BALNEARIO CAMBORIU;Manobra de mudança de faixa;Colisão lateral mesmo sentido;Com Vítimas Feridas;Plena Noite;Decrescente;Nublado;Dupla;Reta;-270.157.238;-4.861.192.763
11/09/2024;14:40:00;ITAPERUNA;Desrespeitar a preferência no cruzamento;Colisão transversal;Com Vítimas Feridas;Pleno dia;Crescente;Céu Claro;Simples;Interseção de Vias;-2.114.611.224;-4.216.801.643
13/10/2024;20:10:00;JITAUNA;Iluminação deficiente;Atropelamento de Pedestre;Com Vítimas Feridas;Plena Noite;Crescente;Nublado;Simples;Reta;-1.403.369.611;-3.983.098.436
13/10/2024;20:45:00;GOIANAPOLIS;Velocidade Incompatível;Saída de leito carroçável;Com Vítimas Feridas;Plena Noite;Crescente;Chuva;Dupla;Curva;-164.118;-490.004
13/10/2024;17:46:00;RIO BRANCO;Chuva;Atropelamento de Pedestre;Com Vítimas Feridas;Plena Noite;Crescente;Chuva;Dupla;Reta;-998.588.117;-6.784.523.538
13/10/2024;20:30:00;ILHOTA;Animais na Pista;Atropelamento de Animal;Com Vítimas Feridas;Plena Noite;Crescente;Nublado;Dupla;Reta;-26.849.277;-48.801.674
13/10/2024;22:00:00;RIO VERDE;Manobra de mudança de faixa;Colisão lateral mesmo sentido;Sem Vítimas;Plena Noite;Crescente;Céu Claro;Dupla;Reta;-177.481;-508.763
13/10/2024;21:20:00;BOCAIUVA DO SUL;Conversão proibida;Colisão frontal;Com Vítimas Feridas;Plena Noite;Crescente;Céu Claro;Simples;Reta;-25.217.236;-49.114.784
13/10/2024;21:45:00;NOVA SERRANA;Animais na Pista;Queda de ocupante de veículo;Com Vítimas Feridas;Plena Noite;Decrescente;Céu Claro;Dupla;Reta;-1.989.280.962;-44.878.453
13/10/2024;21:30:00;FELIXLANDIA;Afundamento ou ondulação no pavimento;Saída de leito carroçável;Com Vítimas Feridas;Plena Noite;Decrescente;Nublado;Simples;Reta;-1.853.204.079;-4.505.066.383
13/10/2024;23:40:00;ALTAMIRA;Animais na Pista;Atropelamento de Animal;Sem Vítimas;Plena Noite;Decrescente;Céu Claro;Simples;Reta;-317.014.185;-52.088.718
13/10/2024;17:45:00;DOM CAVATI;Animais na Pista;Atropelamento de Animal;Com Vítimas Feridas;Anoitecer;Crescente;Céu Claro;Simples;Reta;-19.385.223;-421.121.509
13/10/2024;18:30:00;ALPERCATA;Animais na Pista;Saída de leito carroçável;Sem Vítimas;Plena Noite;Crescente;Céu Claro;Simples;Curva;-1.896.299.507;-4.197.075.176
13/10/2024;18:30:00;TARUMIRIM;Ultrapassagem Indevida;Colisão frontal;Com Vítimas Feridas;Plena Noite;Crescente;Céu Claro;Simples;Curva;-1.932.538.599;-4.207.393.491
13/10/2024;23:00:00;VILHENA;Acumulo de água sobre o pavimento;Colisão frontal;Com Vítimas Fatais;Plena Noite;Crescente;Chuva;Simples;"Reta;Declive";-1.236.103.512;-6.062.575.836
14/10/2024;03:00:00;RIBEIRA DO POMBAL;Falta de acostamento;Colisão traseira;Com Vítimas Feridas;Plena Noite;Crescente;Céu Claro;Simples;Reta;-1.085.300.373;-3.859.149.914
14/10/2024;03:00:00;ACU;Animais na Pista;Atropelamento de Animal;Com Vítimas Feridas;Plena Noite;Crescente;Céu Claro;Simples;Reta;-5.588;-36.978
14/10/2024;03:00:00;SARANDI;Animais na Pista;Atropelamento de Animal;Com Vítimas Feridas;Plena Noite;Crescente;Céu Claro;Dupla;Reta;-2.345.158.337;-5.185.390.234