data_inversa;horario;municipio;causa_acidente;tipo_acidente;classificacao_acidente;fase_dia;sentido_via;condicao_metereologica;tipo_pista;tracado_via;latitude;longitude
14/10/2024;06:45:00;BRASILIA;Manobra de mudança de faixa;Colisão lateral mesmo sentido;Com Vítimas Feridas;Pleno dia;Decrescente;Céu Claro;Múltipla;Reta;-15.794.656;-48.096.779
14/10/2024;07:45:00;BALNEARIO CAMBORIU;Desrespeitar a preferência no cruzamento;Colisão transversal;Com Vítimas Feridas;Pleno dia;Crescente;Céu Claro;Múltipla;Interseção de Vias;-270.050.108;-4.862.677.494
14/10/2024;07:30:00;GUARULHOS;Ultrapassagem Indevida;Colisão lateral mesmo sentido;Com Vítimas Feridas;Amanhecer;Crescente;Nublado;Múltipla;Reta;-23.457.972;-46.479.927
14/10/2024;08:15:00;ANAPOLIS;Animais na Pista;Atropelamento de Animal;Com Vítimas Feridas;Pleno dia;Crescente;Céu Claro;Dupla;Reta;-16.264.801;-48.982.357
14/10/2024;06:50:00;BAIXO GUANDU;Desrespeitar a preferência no cruzamento;Colisão transversal;Com Vítimas Feridas;Pleno dia;Crescente;Nublado;Simples;Reta;-1.951.753.177;-4.101.967.578
14/10/2024;08:00:00;SALVADOR;Manobra de mudança de faixa;Colisão traseira;Com Vítimas Feridas;Pleno dia;Crescente;Céu Claro;Múltipla;"Declive;Curva";-1.291.888.605;-3.846.502.095
14/10/2024;08:35:00;UBERLANDIA;Manobra de mudança de faixa;Colisão traseira;Sem Vítimas;Pleno dia;Decrescente;Céu Claro;Dupla;Reta;-1.881.603.099;-4.825.003.475
14/10/2024;06:40:00;PETROPOLIS;Velocidade Incompatível;Saída de leito carroçável;Com Vítimas Feridas;Pleno dia;Crescente;Nevoeiro/Neblina;Dupla;Reta;-2.251.183.137;-4.323.076.171
03/10/2024;04:50:00;POUSO REDONDO;Ausência de sinalização;Saída de leito carroçável;Com Vítimas Fatais;Plena Noite;Crescente;Chuva;Dupla;"Em Obras;Reta";-272.562.302;-499.384.456
14/10/2024;08:00:00;ERECHIM;Desrespeitar a preferência no cruzamento;Colisão transversal;Com Vítimas Feridas;Pleno dia;Decrescente;Sol;Simples;"Rotatória;Aclive";-2.764.260.101;-5.224.512.935
14/10/2024;09:00:00;MAGE;Manobra de mudança de faixa;Colisão transversal;Com Vítimas Feridas;Pleno dia;Crescente;Céu Claro;Múltipla;Reta;-2.260.969.336;-4.303.076.263
14/10/2024;08:20:00;CACHOEIRA PAULISTA;Frear bruscamente;Queda de ocupante de veículo;Com Vítimas Feridas;Pleno dia;Decrescente;Céu Claro;Simples;"Retorno Regulamentado;Curva;Ponte";-2.265.158.707;-4.495.734.939
14/10/2024;09:02:00;JOAO PESSOA;Frear bruscamente;Colisão traseira;Sem Vítimas;Pleno dia;Não Informado;Céu Claro;Dupla;Reta;-709.798.726;-348.464.191
14/10/2024;09:50:00;ITABAIANA;Desrespeitar a preferência no cruzamento;Colisão transversal;Com Vítimas Feridas;Pleno dia;Crescente;Sol;Simples;Reta;-10.667.386;-37.446.014
27/08/2024;07:20:00;SANTA CRUZ;Frear bruscamente;Colisão traseira;Com Vítimas Feridas;Pleno dia;Crescente;Céu Claro;Simples;Reta;-620.524.036;-360.260.342
14/10/2024;10:00:00;ERECHIM;Conversão proibida;Colisão lateral mesmo sentido;Com Vítimas Feridas;Pleno dia;Decrescente;Céu Claro;Simples;"Reta;Interseção de Vias";-2.765.513.812;-5.226.579.899
14/10/2024;10:30:00;ITALVA;Conversão proibida;Colisão frontal;Com Vítimas Feridas;Pleno dia;Decrescente;Céu Claro;Simples;Reta;-2.141.323.494;-4.169.207.047
14/10/2024;09:45:00;TERESINA;Desrespeitar a preferência no cruzamento;Colisão transversal;Sem Vítimas;Pleno dia;Crescente;Céu Claro;Dupla;"Reta;Interseção de Vias;Aclive";-516.483.402;-4.276.899.508
14/10/2024;08:10:00;SAO GONCALO DO SAPUCAI;Velocidade Incompatível;Saída de leito carroçável;Com Vítimas Feridas;Pleno dia;Decrescente;Céu Claro;Dupla;Reta;-2.191.931.581;-4.559.934.602
14/10/2024;09:15:00;INDAIAL;Frear bruscamente;Tombamento;Com Vítimas Feridas;Pleno dia;Crescente;Céu Claro;Múltipla;"Reta;Declive";-26.901.979;-49.268.745
14/10/2024;12:00:00;ITAGUAI;Curva acentuada;Queda de ocupante de veículo;Com Vítimas Feridas;Pleno dia;Crescente;Céu Claro;Dupla;Curva;-22.848.257;-43.769.794
14/10/2024;07:03:00;PARA DE MINAS;Manobra de mudança de faixa;Colisão lateral mesmo sentido;Com Vítimas Feridas;Pleno dia;Decrescente;Sol;Dupla;"Retorno Regulamentado;Interseção de Vias;Reta";-1.989.963.382;-4.469.608.755
14/10/2024;11:00:00;BONFIM;Velocidade Incompatível;Saída de leito carroçável;Com Vítimas Fatais;Pleno dia;Crescente;Céu Claro;Simples;"Rotatória;Declive";331.139.503;-5.994.697.031
14/10/2024;14:53:00;JABOATAO DOS GUARARAPES;Manobra de mudança de faixa;Colisão lateral mesmo sentido;Com Vítimas Feridas;Pleno dia;Crescente;Céu Claro;Dupla;Reta;-807.917.241;-3.498.718.609
14/10/2024;14:15:00;ANTONINA;Velocidade Incompatível;Colisão com objeto;Com Vítimas Feridas;Pleno dia;Decrescente;Garoa/Chuvisco;Dupla;Curva;-2.510.922.624;-4.874.659.689
14/10/2024;10:30:00;SAO JOSE DA VITORIA;Chuva;Saída de leito carroçável;Com Vítimas Feridas;Pleno dia;Decrescente;Chuva;Simples;Curva;-1.498.091.242;-3.933.543.446
14/10/2024;15:00:00;IMBITUBA;Manobra de mudança de faixa;Colisão lateral mesmo sentido;Com Vítimas Feridas;Pleno dia;Decrescente;Céu Claro;Múltipla;Reta;-28.278.057;-48.700.386
14/10/2024;15:20:00;GUARATINGUETA;Estacionar ou parar em local proibido;Colisão traseira;Com Vítimas Feridas;Pleno dia;Crescente;Céu Claro;Dupla;Reta;-227.884.419;-451.576.405
14/10/2024;16:00:00;SAO JOSE DOS CAMPOS;Falta de acostamento;Colisão lateral sentido oposto;Com Vítimas Feridas;Pleno dia;Crescente;Céu Claro;Dupla;Reta;-2.320.700.047;-4.588.626.861
14/10/2024;16:40:00;TEOFILO OTONI;Desrespeitar a preferência no cruzamento;Colisão transversal;Com Vítimas Feridas;Pleno dia;Crescente;Céu Claro;Dupla;"Reta;Interseção de Vias;Rotatória";-1.785.105.696;-4.151.454.492
14/10/2024;17:35:00;ITAPEMA;Manobra de mudança de faixa;Colisão transversal;Com Vítimas Feridas;Anoitecer;Crescente;Céu Claro;Dupla;Reta;-27.126.536;-48.609.642
10/10/2024;05:15:00;SANTA IZABEL DO PARA;Condutor usando celular;Saída de leito carroçável;Sem Vítimas;Plena Noite;Crescente;Céu Claro;Dupla;Reta;-129.146.197;-48.164.561
14/10/2024;18:15:00;PORTO UNIAO;Ultrapassagem Indevida;Colisão lateral mesmo sentido;Com Vítimas Feridas;Pleno dia;Crescente;Nublado;Simples;Reta;-2.626.911.537;-5.105.679.274
14/10/2024;19:19:00;BARREIRAS;Velocidade Incompatível;Saída de leito carroçável;Com Vítimas Feridas;Plena Noite;Decrescente;Céu Claro;Simples;"Curva;Aclive";-1.213.486.192;-4.510.989.547
14/10/2024;12:39:00;COLORADO DO OESTE;Desrespeitar a preferência no cruzamento;Colisão transversal;Com Vítimas Feridas;Pleno dia;Crescente;Céu Claro;Dupla;"Reta;Declive";-1.311.692.454;-6.051.411.889
08/10/2024;14:00:00;LAJEDINHO;Manobra de mudança de faixa;Saída de leito carroçável;Com Vítimas Feridas;Pleno dia;Decrescente;Céu Claro;Simples;Curva;-1.244.275.629;-4.078.160.294
14/10/2024;19:16:00;FORTALEZA;Manobra de mudança de faixa;Colisão lateral mesmo sentido;Com Vítimas Feridas;Plena Noite;Crescente;Céu Claro;Múltipla;Reta;-3.737.804;-38.578.061
14/10/2024;18:25:00;BOM JESUS;Pista esburacada;Tombamento;Com Vítimas Feridas;Plena Noite;Decrescente;Céu Claro;Simples;Reta;-68.861;-386.152
14/10/2024;16:00:00;CLAUDIA;Frear bruscamente;Colisão traseira;Com Vítimas Feridas;Pleno dia;Crescente;Nublado;Simples;Curva;-1.141.928.812;-5.535.139.561
14/10/2024;19:50:00;COCAL;Manobra de mudança de faixa;Colisão transversal;Sem Vítimas;Plena Noite;Crescente;Céu Claro;Simples;Reta;-3.622.775;-41.686.401
14/10/2024;20:20:00;JUTI;Iluminação deficiente;Colisão traseira;Com Vítimas Feridas;Plena Noite;Decrescente;Céu Claro;Simples;Reta;-2.285.963.099;-5.462.834.999
14/10/2024;21:05:00;NAZARE DA MATA;Pista Escorregadia;Tombamento;Com Vítimas Feridas;Plena Noite;Decrescente;Nublado;Simples;Reta;-7.751.132;-35.232.628
14/10/2024;23:05:00;CAMPOS DOS GOYTACAZES;Animais na Pista;Colisão traseira;Com Vítimas Feridas;Plena Noite;Crescente;Nublado;Simples;Declive;-2.158.933.207;-4.131.689.933
14/10/2024;22:30:00;FEIRA DE SANTANA;Pista Escorregadia;Saída de leito carroçável;Com Vítimas Feridas;Plena Noite;Decrescente;Céu Claro;Dupla;Reta;-1.233.691.767;-3.884.990.638
14/10/2024;22:20:00;FEIRA DE SANTANA;Velocidade Incompatível;Queda de ocupante de veículo;Com Vítimas Feridas;Plena Noite;Decrescente;Céu Claro;Dupla;Reta;-1.231.183.923;-3.888.331.817
15/10/2024;00:15:00;BRASILIA;Iluminação deficiente;Saída de leito carroçável;Com Vítimas Feridas;Plena Noite;Crescente;Garoa/Chuvisco;Simples;Rotatória;-15.954.415;-47.596.806
15/10/2024;03:45:00;SAO GONCALO DO AMARANTE;Animais na Pista;Atropelamento de Animal;Com Vítimas Feridas;Plena Noite;Crescente;Céu Claro;Dupla;Reta;-575.570.118;-3.530.728.507
15/10/2024;05:30:00;NOSSA SENHORA DO SOCORRO;Desrespeitar a preferência no cruzamento;Colisão transversal;Com Vítimas Feridas;Pleno dia;Crescente;Céu Claro;Dupla;Rotatória;-1.090.212.319;-3.714.494.787
15/10/2024;06:30:00;ITABAIANA;Desrespeitar a preferência no cruzamento;Colisão transversal;Com Vítimas Feridas;Pleno dia;Decrescente;Sol;Simples;Reta;-10.676.047;-37.443.279
15/10/2024;06:00:00;CORUPA;Pista Escorregadia;Saída de leito carroçável;Com Vítimas Feridas;Amanhecer;Decrescente;Chuva;Simples;"Rotatória;Interseção de Vias;Reta";-2.644.050.838;-4.922.097.087
15/10/2024;07:20:00;CURITIBA;Manobra de mudança de faixa;Colisão traseira;Com Vítimas Feridas;Amanhecer;Decrescente;Nublado;Dupla;Reta;-25.582.486;-49.313.338
15/10/2024;07:20:00;RIO LARGO;Manobra de mudança de faixa;Colisão lateral mesmo sentido;Com Vítimas Feridas;Pleno dia;Crescente;Céu Claro;Dupla;Reta;-950.059.087;-3.581.127.569
15/10/2024;07:20:00;MIRACATU;Curva acentuada;Capotamento;Com Vítimas Feridas;Amanhecer;Crescente;Nublado;Dupla;Curva;-241.220.177;-4.727.047.772
14/10/2024;06:10:00;FEIRA DE SANTANA;Velocidade Incompatível;Queda de ocupante de veículo;Com Vítimas Feridas;Pleno dia;Crescente;Céu Claro;Dupla;Viaduto;-1.222.064.702;-3.896.561.131
15/10/2024;06:45:00;CARUARU;Manobra de mudança de faixa;Colisão transversal;Com Vítimas Feridas;Pleno dia;Decrescente;Céu Claro;Dupla;Viaduto;-827.576.841;-3.598.180.711
15/10/2024;06:30:00;GUARULHOS;Manobra de mudança de faixa;Colisão lateral mesmo sentido;Com Vítimas Feridas;Pleno dia;Crescente;Nublado;Múltipla;"Aclive;Reta";-234.261.538;-464.055.945
15/10/2024;08:45:00;ABREU E LIMA;Ultrapassagem Indevida;Colisão lateral mesmo sentido;Com Vítimas Feridas;Pleno dia;Crescente;Céu Claro;Múltipla;Reta;-790.938.602;-3.490.123.228
15/10/2024;09:25:00;MAIRIPORA;Manobra de mudança de faixa;Colisão lateral mesmo sentido;Sem Vítimas;Pleno dia;Crescente;Céu Claro;Múltipla;Reta;-2.332.451.103;-4.658.021.504
11/10/2024;18:00:00;CATALAO;Chuva;Saída de leito carroçável;Com Vítimas Feridas;Anoitecer;Crescente;Chuva;Dupla;Reta;-178.922;-477.935
15/10/2024;05:40:00;JAGUAQUARA;Manobra de mudança de faixa;Capotamento;Com Vítimas Fatais;Amanhecer;Decrescente;Céu Claro;Simples;Reta;-1.336.571.005;-4.001.844.065
15/10/2024;09:00:00;IBIRAPITANGA;Pista Escorregadia;Colisão frontal;Com Vítimas Feridas;Pleno dia;Decrescente;Chuva;Simples;Curva;-14.134.143;-39.358.196
15/10/2024;12:00:00;ASCURRA;Desrespeitar a preferência no cruzamento;Colisão transversal;Com Vítimas Feridas;Pleno dia;Crescente;Chuva;Simples;Curva;-26.955.355;-49.373.169
15/10/2024;11:10:00;ARAQUARI;Acesso irregular;Colisão frontal;Com Vítimas Feridas;Pleno dia;Decrescente;Chuva;Simples;Reta;-2.642.576.441;-4.878.741.376
07/10/2024;15:30:00;ESCADA;Manobra de mudança de faixa;Colisão lateral mesmo sentido;Sem Vítimas;Pleno dia;Crescente;Céu Claro;Dupla;Reta;-836.958.202;-3.522.919.699
15/10/2024;13:00:00;GUARULHOS;Manobra de mudança de faixa;Colisão lateral mesmo sentido;Com Vítimas Feridas;Pleno dia;Decrescente;Céu Claro;Múltipla;"Reta;Declive";-2.345.056.589;-4.646.258.105
26/09/2024;14:09:00;PORTO VELHO;Manobra de mudança de faixa;Colisão lateral mesmo sentido;Com Vítimas Feridas;Pleno dia;Crescente;Céu Claro;Múltipla;"Interseção de Vias;Retorno Regulamentado;Reta";-874.800.504;-6.388.841.093
15/10/2024;12:50:00;BARRA VELHA;Desrespeitar a preferência no cruzamento;Colisão transversal;Sem Vítimas;Pleno dia;Decrescente;Nublado;Múltipla;"Viaduto;Interseção de Vias";-2.663.713.377;-4.869.651.057
15/10/2024;11:10:00;HORIZONTE;Acesso irregular;Queda de ocupante de veículo;Com Vítimas Feridas;Pleno dia;Crescente;Céu Claro;Dupla;"Curva;Interseção de Vias";-408.888.281;-3.850.193.392
15/10/2024;15:30:00;PEDRA BRANCA;Ultrapassagem Indevida;Colisão frontal;Com Vítimas Fatais;Pleno dia;Crescente;Céu Claro;Simples;"Reta;Aclive";-545.292.482;-3.972.170.988
15/10/2024;15:00:00;CURITIBA;Manobra de mudança de faixa;Colisão traseira;Com Vítimas Feridas;Pleno dia;Crescente;Nublado;Dupla;Reta;-25.550.087;-49.304.785
15/10/2024;15:50:00;LORENA;Frear bruscamente;Colisão traseira;Com Vítimas Feridas;Pleno dia;Decrescente;Céu Claro;Dupla;Reta;-2.275.255.433;-4.510.741.076
15/10/2024;17:10:00;BAYEUX;Acumulo de água sobre o pavimento;Tombamento;Com Vítimas Feridas;Plena Noite;Crescente;Céu Claro;Dupla;Reta;-713.957.906;-3.492.312.806
09/10/2024;12:23:00;ARAGUAINA;Manobra de mudança de faixa;Colisão transversal;Com Vítimas Feridas;Pleno dia;Crescente;Céu Claro;Dupla;Rotatória;-718.866.332;-4.823.207.966
15/10/2024;17:10:00;BREJO SANTO;Acesso irregular;Colisão traseira;Sem Vítimas;Pleno dia;Crescente;Céu Claro;Simples;Reta;-751.477.885;-3.899.112.225
15/10/2024;10:40:00;PETROLINA;Manobra de mudança de faixa;Colisão traseira;Com Vítimas Feridas;Pleno dia;Crescente;Céu Claro;Dupla;Reta;-939.958.299;-4.050.459.298
15/10/2024;14:50:00;CARAZINHO;Chuva;Saída de leito carroçável;Com Vítimas Feridas;Pleno dia;Decrescente;Chuva;Simples;Curva;-2.832.217;-5.272.691
15/10/2024;16:30:00;CHAPECO;Acumulo de água sobre o pavimento;Saída de leito carroçável;Com Vítimas Feridas;Pleno dia;Crescente;Chuva;Simples;"Declive;Interseção de Vias";-2.702.440.917;-5.263.502.598
15/10/2024;19:00:00;SOMBRIO;Manobra de mudança de faixa;Colisão lateral mesmo sentido;Com Vítimas Feridas;Plena Noite;Crescente;Nublado;Múltipla;Reta;-2.908.691.737;-4.963.123.083
15/10/2024;16:47:00;VILHENA;Desrespeitar a preferência no cruzamento;Colisão transversal;Com Vítimas Feridas;Pleno dia;Crescente;Nublado;Simples;Interseção de Vias;-1.273.672.751;-6.014.804.088
15/10/2024;18:50:00;BETIM;Manobra de mudança de faixa;Colisão lateral mesmo sentido;Com Vítimas Feridas;Plena Noite;Decrescente;Céu Claro;Dupla;Reta;-2.001.792.651;-442.261.448
15/10/2024;13:30:00;UBERABA;Ausência de sinalização;Eventos atípicos;Com Vítimas Feridas;Pleno dia;Crescente;Céu Claro;Dupla;Reta;-1.951.997.196;-4.803.997.088
15/10/2024;21:00:00;APUCARANA;Conversão proibida;Colisão transversal;Com Vítimas Feridas;Plena Noite;Crescente;Nublado;Dupla;Interseção de Vias;-235.513;-51.461.266
15/10/2024;20:50:00;PETROLINA;Desrespeitar a preferência no cruzamento;Colisão transversal;Com Vítimas Feridas;Plena Noite;Crescente;Céu Claro;Dupla;Retorno Regulamentado;-937.197.508;-4.048.679.585
15/10/2024;19:51:00;ITAGUAI;Ultrapassagem Indevida;Colisão traseira;Com Vítimas Feridas;Plena Noite;Decrescente;Nublado;Dupla;Reta;-2.289.484.687;-4.384.753.204
15/10/2024;19:00:00;TARUMIRIM;Velocidade Incompatível;Tombamento;Com Vítimas Feridas;Plena Noite;Decrescente;Céu Claro;Simples;"Reta;Declive";-192.852.902;-4.207.293.963
15/10/2024;20:30:00;FLORIANO;Manobra de mudança de faixa;Colisão transversal;Com Vítimas Feridas;Plena Noite;Crescente;Céu Claro;Simples;Reta;-677.433.132;-4.300.632.318
15/10/2024;21:40:00;BREJO SANTO;Acesso irregular;Colisão transversal;Com Vítimas Feridas;Plena Noite;Crescente;Céu Claro;Simples;Reta;-745.382.915;-3.897.311.755
15/10/2024;21:46:00;IGARASSU;Desrespeitar a preferência no cruzamento;Colisão transversal;Com Vítimas Feridas;Plena Noite;Decrescente;Céu Claro;Múltipla;"Interseção de Vias;Retorno Regulamentado";-783.887.431;-3.491.196.739
16/10/2024;07:00:00;MARILIA;Pista Escorregadia;Tombamento;Com Vítimas Feridas;Pleno dia;Crescente;Céu Claro;Simples;Curva;-2.223.982.103;-4.991.965.379
16/10/2024;07:40:00;VIANA;Animais na Pista;Atropelamento de Animal;Com Vítimas Feridas;Pleno dia;Crescente;Céu Claro;Dupla;Reta;-2.036.278.187;-404.401.343
16/10/2024;07:50:00;ERECHIM;Desrespeitar a preferência no cruzamento;Colisão transversal;Com Vítimas Feridas;Pleno dia;Decrescente;Céu Claro;Simples;Rotatória;-2.762.312.752;-5.223.687.793
16/10/2024;07:30:00;CAJAZEIRAS;Conversão proibida;Colisão transversal;Com Vítimas Feridas;Pleno dia;Decrescente;Sol;Simples;Reta;-68.979;-385.233
16/10/2024;07:20:00;ITAJAI;Pista esburacada;Tombamento;Com Vítimas Feridas;Pleno dia;Decrescente;Céu Claro;Dupla;Reta;-2.688.747.187;-4.872.252.969
16/10/2024;08:10:00;SAO JOAO DE MERITI;Manobra de mudança de faixa;Colisão lateral mesmo sentido;Com Vítimas Feridas;Pleno dia;Decrescente;Céu Claro;Múltipla;Reta;-227.839.538;-4.338.195.488
16/10/2024;08:00:00;QUATRO PONTES;Velocidade Incompatível;Saída de leito carroçável;Com Vítimas Feridas;Pleno dia;Crescente;Céu Claro;Dupla;"Curva;Retorno Regulamentado";-2.457.333.992;-539.971.336
16/10/2024;07:00:00;EXTREMA;Manobra de mudança de faixa;Colisão lateral mesmo sentido;Com Vítimas Feridas;Pleno dia;Crescente;Nublado;Dupla;"Curva;Aclive";-2.279.933.247;-4.626.202.379
16/10/2024;09:40:00;SERRINHA;Conversão proibida;Colisão transversal;Sem Vítimas;Pleno dia;Decrescente;Céu Claro;Simples;"Reta;Interseção de Vias;Em Obras";-11.650.703;-38.991.596
16/10/2024;10:12:00;JOINVILLE;Afundamento ou ondulação no pavimento;Tombamento;Com Vítimas Feridas;Pleno dia;Decrescente;Céu Claro;Simples;Reta;-2.617.483.309;-4.890.767.978
16/10/2024;09:45:00;RIO NEGRINHO;Acesso irregular;Colisão lateral mesmo sentido;Com Vítimas Feridas;Pleno dia;Decrescente;Céu Claro;Simples;"Curva;Aclive";-2.623.943.953;-4.950.420.708
16/10/2024;13:00:00;OSORIO;Manobra de mudança de faixa;Colisão traseira;Com Vítimas Feridas;Pleno dia;Decrescente;Céu Claro;Simples;Reta;-2.986.832.721;-502.517.237
16/10/2024;10:00:00;CAMPO LARGO;Acesso irregular;Tombamento;Com Vítimas Feridas;Pleno dia;Crescente;Céu Claro;Dupla;"Em Obras;Reta";-2.543.397;-4.952.513
16/10/2024;13:30:00;VITORIA DA CONQUISTA;Animais na Pista;Atropelamento de Animal;Com Vítimas Feridas;Pleno dia;Decrescente;Céu Claro;Simples;Reta;-14.851;-408.485
16/10/2024;13:31:00;POUSO ALEGRE;Pista Escorregadia;Saída de leito carroçável;Com Vítimas Feridas;Pleno dia;Crescente;Chuva;Simples;"Curva;Declive";-22.199.377;-45.969.555
16/10/2024;14:50:00;ANGRA DOS REIS;Velocidade Incompatível;Tombamento;Com Vítimas Feridas;Pleno dia;Decrescente;Garoa/Chuvisco;Simples;Curva;-23.006.035;-44.259.712
16/10/2024;14:00:00;PORTO VELHO;Manobra de mudança de faixa;Colisão lateral mesmo sentido;Com Vítimas Feridas;Pleno dia;Crescente;Nublado;Dupla;Reta;-8.766.685;-63.884.052
16/10/2024;14:10:00;ENTRE RIOS;Desrespeitar a preferência no cruzamento;Colisão transversal;Com Vítimas Feridas;Pleno dia;Crescente;Céu Claro;Simples;Interseção de Vias;-119.676.968;-3.811.726.499
16/10/2024;15:30:00;ITAPEMA;Manobra de mudança de faixa;Colisão lateral mesmo sentido;Com Vítimas Feridas;Pleno dia;Crescente;Céu Claro;Múltipla;Reta;-2.710.123.686;-4.861.807.962
16/10/2024;16:30:00;ITAGUAI;Manobra de mudança de faixa;Colisão lateral mesmo sentido;Com Vítimas Feridas;Pleno dia;Decrescente;Nublado;Dupla;Reta;-22.859.165;-43.759.257
16/10/2024;16:10:00;ITAJAI;Manobra de mudança de faixa;Colisão lateral mesmo sentido;Com Vítimas Feridas;Pleno dia;Crescente;Nublado;Dupla;Reta;-2.687.064.015;-4.872.954.134
16/10/2024;16:40:00;BRASILIA;Acumulo de água sobre o pavimento;Saída de leito carroçável;Sem Vítimas;Anoitecer;Crescente;Chuva;Dupla;Curva;-15.594.831;-47.658.615
16/10/2024;11:14:00;PICOS;Manobra de mudança de faixa;Colisão lateral mesmo sentido;Com Vítimas Feridas;Pleno dia;Decrescente;Céu Claro;Simples;Reta;-707.639.186;-4.147.475.001
16/10/2024;17:40:00;ITAPEMA;Manobra de mudança de faixa;Colisão lateral mesmo sentido;Com Vítimas Feridas;Pleno dia;Decrescente;Nublado;Dupla;Reta;-2.706.436;-4.859.599.405
16/10/2024;17:50:00;RECIFE;Manobra de mudança de faixa;Colisão lateral mesmo sentido;Com Vítimas Feridas;Plena Noite;Decrescente;Céu Claro;Múltipla;Reta;-806.795.766;-3.494.535.414
16/10/2024;14:20:00;CAMPANHA;Velocidade Incompatível;Saída de leito carroçável;Com Vítimas Feridas;Pleno dia;Decrescente;Nublado;Dupla;Reta;-2.178.806.301;-45.439.064
16/10/2024;19:10:00;SAO JOSE DOS CAMPOS;Manobra de mudança de faixa;Colisão lateral mesmo sentido;Com Vítimas Feridas;Plena Noite;Decrescente;Céu Claro;Múltipla;Reta;-2.319.542.994;-4.587.176.303
04/08/2024;00:10:00;SANTA RITA DO ARAGUAIA;Conversão proibida;Tombamento;Com Vítimas Feridas;Plena Noite;Decrescente;Céu Claro;Simples;Reta;-17.336.027;-53.186.886
16/10/2024;13:15:00;TAPAUA;Acumulo de areia ou detritos sobre o pavimento;Colisão traseira;Sem Vítimas;Pleno dia;Crescente;Céu Claro;Simples;"Reta;Ponte";-640.777.511;-6.284.753.386
16/10/2024;19:30:00;UBERABA;Chuva;Saída de leito carroçável;Com Vítimas Feridas;Plena Noite;Decrescente;Chuva;Dupla;Reta;-1.926.611.991;-4.812.839.379
16/10/2024;21:20:00;CATALAO;Acesso irregular;Colisão com objeto;Com Vítimas Feridas;Plena Noite;Crescente;Céu Claro;Múltipla;"Reta;Em Obras";-181.838;-479.441
16/10/2024;21:55:00;GUARULHOS;Acesso irregular;Colisão com objeto;Com Vítimas Feridas;Plena Noite;Decrescente;Céu Claro;Dupla;Reta;-2.349.659.264;-4.655.648.754
16/10/2024;23:25:00;RIO NEGRINHO;Velocidade Incompatível;Colisão traseira;Com Vítimas Feridas;Plena Noite;Decrescente;Céu Claro;Simples;"Reta;Interseção de Vias";-2.623.889.245;-4.950.047.851
17/10/2024;04:30:00;RIO NEGRINHO;Fumaça;Incêndio;Sem Vítimas;Plena Noite;Crescente;Céu Claro;Simples;Reta;-26.270.102;-4.958.121
17/10/2024;06:30:00;IGARASSU;Manobra de mudança de faixa;Colisão traseira;Com Vítimas Feridas;Pleno dia;Crescente;Céu Claro;Múltipla;Reta;-781.259.899;-3.491.890.497
17/10/2024;04:10:00;DUQUE DE CAXIAS;Estacionar ou parar em local proibido;Colisão traseira;Sem Vítimas;Plena Noite;Decrescente;Céu Claro;Múltipla;Reta;-2.279.907.687;-4.329.015.739
17/10/2024;06:45:00;SANTO AMARO DA IMPERATRIZ;Acesso irregular;Colisão traseira;Com Vítimas Feridas;Pleno dia;Crescente;Céu Claro;Simples;Reta;-2.767.410.019;-4.877.734.959
16/10/2024;21:30:00;BARRACAO;Acesso irregular;Colisão transversal;Com Vítimas Feridas;Plena Noite;Crescente;Céu Claro;Dupla;Reta;-2.625.066;-53.635.523
17/10/2024;07:00:00;RIBAS DO RIO PARDO;Conversão proibida;Colisão transversal;Com Vítimas Feridas;Pleno dia;Decrescente;Sol;Simples;Reta;-2.045.766.622;-5.376.551.998
17/10/2024;08:00:00;TANGUA;Animais na Pista;Colisão traseira;Com Vítimas Feridas;Pleno dia;Decrescente;Sol;Dupla;Reta;-227.316.093;-4.271.051.285
07/10/2024;22:30:00;SANTA LUZ;Animais na Pista;Atropelamento de Animal;Com Vítimas Feridas;Plena Noite;Decrescente;Céu Claro;Simples;Reta;-893.608.286;-4.425.920.742
17/10/2024;07:45:00;SINOP;Animais na Pista;Atropelamento de Animal;Com Vítimas Feridas;Pleno dia;Crescente;Nublado;Simples;Reta;-1.194.214.306;-5.551.630.378
17/10/2024;08:45:00;ICEM;Animais na Pista;Saída de leito carroçável;Sem Vítimas;Pleno dia;Crescente;Céu Claro;Simples;Reta;-2.041.003.872;-4.925.211.016
17/10/2024;09:20:00;ABREU E LIMA;Demais falhas na via;Tombamento;Com Vítimas Feridas;Pleno dia;Decrescente;Céu Claro;Dupla;Reta;-789.174.705;-349.033.493
13/10/2024;17:50:00;PINHALZINHO;Velocidade Incompatível;Saída de leito carroçável;Com Vítimas Feridas;Anoitecer;Decrescente;Chuva;Simples;Curva;-26.832.605;-5.303.474
17/10/2024;09:00:00;JOAO MONLEVADE;Velocidade Incompatível;Tombamento;Com Vítimas Feridas;Pleno dia;Decrescente;Céu Claro;Simples;"Curva;Aclive";-1.985.130.197;-4.324.808.594
01/06/2024;19:20:00;ALPERCATA;Animais na Pista;Atropelamento de Animal;Com Vítimas Feridas;Plena Noite;Crescente;Ignorado;Simples;Reta;-1.895.287.041;-4.195.682.514
17/10/2024;12:35:00;DUQUE DE CAXIAS;Manobra de mudança de faixa;Colisão lateral mesmo sentido;Com Vítimas Feridas;Pleno dia;Decrescente;Céu Claro;Dupla;"Aclive;Curva;Retorno Regulamentado";-2.267.374.628;-4.328.638.368