data_inversa;horario;municipio;causa_acidente;tipo_acidente;classificacao_acidente;fase_dia;sentido_via;condicao_metereologica;tipo_pista;tracado_via;latitude;longitude
17/10/2024;12:40:00;CAPAO ALTO;Velocidade Incompatível;Saída de leito carroçável;Com Vítimas Feridas;Pleno dia;Crescente;Céu Claro;Simples;"Curva;Declive";-2.819.840.483;-5.072.325.701
13/10/2024;19:35:00;ALPERCATA;Animais na Pista;Atropelamento de Animal;Com Vítimas Feridas;Plena Noite;Decrescente;Céu Claro;Simples;Curva;-1.896.299.507;-4.197.075.176
17/10/2024;14:45:00;PARNAIBA;Manobra de mudança de faixa;Colisão traseira;Com Vítimas Feridas;Pleno dia;Decrescente;Céu Claro;Simples;Reta;-2.998.956;-4.176.561
17/10/2024;14:20:00;MARINGA;Manobra de mudança de faixa;Colisão transversal;Com Vítimas Feridas;Pleno dia;Decrescente;Céu Claro;Dupla;Interseção de Vias;-2.341.587.652;-5.195.457.637
17/10/2024;16:30:00;SALVADOR;Manobra de mudança de faixa;Queda de ocupante de veículo;Com Vítimas Feridas;Pleno dia;Decrescente;Céu Claro;Dupla;Reta;-1.291.888.605;-3.846.502.095
17/10/2024;15:50:00;ITAPEMA;Manobra de mudança de faixa;Colisão lateral mesmo sentido;Com Vítimas Feridas;Pleno dia;Crescente;Céu Claro;Múltipla;Declive;-27.056.089;-48.599.449
17/10/2024;16:50:00;BARRA DO PIRAI;Conversão proibida;Colisão frontal;Com Vítimas Feridas;Pleno dia;Crescente;Céu Claro;Simples;Reta;-2.247.750.785;-4.401.954.402
17/10/2024;17:00:00;JOAO MONLEVADE;Chuva;Colisão frontal;Com Vítimas Feridas;Pleno dia;Crescente;Chuva;Simples;Curva;-198.499.239;-4.314.868.105
17/10/2024;16:30:00;UBERLANDIA;Chuva;Colisão traseira;Sem Vítimas;Pleno dia;Decrescente;Chuva;Dupla;Reta;-1.885.140.204;-4.825.345.932
17/10/2024;18:15:00;SAO PAULO;Manobra de mudança de faixa;Colisão transversal;Com Vítimas Feridas;Plena Noite;Decrescente;Nublado;Múltipla;Reta;-2.349.659.264;-4.655.648.754
17/10/2024;19:02:00;JOAO PINHEIRO;Desrespeitar a preferência no cruzamento;Colisão transversal;Com Vítimas Feridas;Plena Noite;Crescente;Céu Claro;Simples;Reta;-17.740.382;-46.185.728
17/10/2024;19:10:00;CURITIBA;Manobra de mudança de faixa;Colisão lateral mesmo sentido;Com Vítimas Feridas;Plena Noite;Crescente;Garoa/Chuvisco;Dupla;Reta;-25.430.757;-493.166.744
17/10/2024;15:50:00;UBERLANDIA;Chuva;Colisão com objeto;Sem Vítimas;Pleno dia;Crescente;Chuva;Dupla;"Reta;Declive";-1.885.140.204;-4.825.345.932
17/10/2024;20:40:00;ANAPOLIS;Animais na Pista;Atropelamento de Animal;Com Vítimas Feridas;Plena Noite;Decrescente;Nublado;Dupla;Reta;-16.371;-489.422
17/10/2024;19:50:00;SEROPEDICA;Acesso irregular;Atropelamento de Pedestre;Com Vítimas Feridas;Anoitecer;Crescente;Céu Claro;Simples;Reta;-2.273.427;-43.711.994
17/10/2024;19:20:00;JANDAIA;Chuva;Eventos atípicos;Com Vítimas Feridas;Plena Noite;Crescente;Chuva;Dupla;Reta;-172.373;-502.072
17/10/2024;22:00:00;GUARULHOS;Sinalização mal posicionada;Atropelamento de Pedestre;Com Vítimas Feridas;Plena Noite;Crescente;Céu Claro;Dupla;"Em Obras;Reta";-2.346.802.395;-4.650.704.901
17/10/2024;18:30:00;BARRA DO TURVO;Pista Escorregadia;Queda de ocupante de veículo;Com Vítimas Feridas;Pleno dia;Crescente;Chuva;Dupla;Curva;-2.497.245.688;-4.839.976.606
17/10/2024;21:40:00;MARIZOPOLIS;Ultrapassagem Indevida;Colisão traseira;Sem Vítimas;Plena Noite;Decrescente;Céu Claro;Simples;Reta;-68.428;-383.226
17/10/2024;17:15:00;ITAUBA;Acumulo de água sobre o pavimento;Capotamento;Sem Vítimas;Anoitecer;Crescente;Chuva;Simples;Reta;-1.128.615.195;-5.531.763.118
17/10/2024;23:35:00;SAO JOSE;Ausência de sinalização;Colisão traseira;Com Vítimas Feridas;Plena Noite;Decrescente;Céu Claro;Múltipla;Reta;-2.755.711.595;-4.861.897.889
17/10/2024;22:10:00;BARRA DO GARCAS;Animais na Pista;Atropelamento de Animal;Com Vítimas Feridas;Plena Noite;Decrescente;Céu Claro;Simples;"Reta;Declive";-1.587.425.662;-5.231.551.604
17/10/2024;19:30:00;PIMENTA BUENO;Ultrapassagem Indevida;Colisão lateral sentido oposto;Com Vítimas Feridas;Plena Noite;Decrescente;Nublado;Simples;"Aclive;Curva";-1.198.120.607;-6.095.411.809
18/10/2024;00:30:00;NOVO HAMBURGO;Velocidade Incompatível;Saída de leito carroçável;Com Vítimas Feridas;Plena Noite;Decrescente;Céu Claro;Dupla;Reta;-2.969.764.869;-5.114.498.395
17/10/2024;17:15:00;RANCHO QUEIMADO;Pista Escorregadia;Tombamento;Com Vítimas Feridas;Pleno dia;Crescente;Nevoeiro/Neblina;Simples;Curva;-27.683.594;-49.005.539
18/10/2024;06:00:00;SAO PAULO;Manobra de mudança de faixa;Queda de ocupante de veículo;Com Vítimas Feridas;Amanhecer;Crescente;Nublado;Múltipla;"Reta;Em Obras";-2.350.343.484;-4.656.638.712
18/10/2024;06:00:00;ABADIANIA;Acesso irregular;Colisão transversal;Com Vítimas Feridas;Amanhecer;Crescente;Céu Claro;Simples;Reta;-1.618.994.908;-4.890.549.382
18/10/2024;08:00:00;PICOS;Animais na Pista;Atropelamento de Animal;Com Vítimas Feridas;Pleno dia;Decrescente;Nublado;Simples;Reta;-703.649.583;-4.155.366.988
18/10/2024;09:00:00;TIJUCAS;Frear bruscamente;Colisão traseira;Sem Vítimas;Pleno dia;Crescente;Céu Claro;Dupla;Reta;-2.732.203.197;-4.862.757.785
18/10/2024;07:50:00;TOLEDO;Acumulo de água sobre o pavimento;Saída de leito carroçável;Com Vítimas Feridas;Pleno dia;Crescente;Chuva;Dupla;"Reta;Aclive";-24.717.822;-53.711.597
18/10/2024;08:30:00;IBAITI;Acesso irregular;Colisão transversal;Com Vítimas Feridas;Pleno dia;Crescente;Céu Claro;Simples;Interseção de Vias;-2.384.682.092;-5.019.305.065
18/10/2024;09:00:00;CASCAVEL;Velocidade Incompatível;Saída de leito carroçável;Com Vítimas Feridas;Pleno dia;Crescente;Chuva;Dupla;Curva;-24.897.235;-53.533.793
18/10/2024;10:30:00;NOVA IGUACU;Manobra de mudança de faixa;Colisão lateral mesmo sentido;Com Vítimas Feridas;Pleno dia;Crescente;Céu Claro;Múltipla;Reta;-227.567.755;-4.343.107.234
18/10/2024;11:40:00;COLOMBO;Modificação proibida;Colisão transversal;Com Vítimas Feridas;Pleno dia;Decrescente;Céu Claro;Dupla;Reta;-25.348.623;-49.175.663
18/10/2024;12:10:00;PARANAGUA;Desrespeitar a preferência no cruzamento;Colisão transversal;Com Vítimas Feridas;Pleno dia;Crescente;Sol;Simples;"Interseção de Vias;Reta";-255.128.191;-485.208.528
18/10/2024;08:40:00;MUITOS CAPOES;Velocidade Incompatível;Saída de leito carroçável;Com Vítimas Feridas;Pleno dia;Decrescente;Nublado;Simples;Curva;-2.832.270.979;-5.123.126.777
18/10/2024;14:20:00;JACIARA;Chuva;Capotamento;Com Vítimas Feridas;Pleno dia;Crescente;Chuva;Dupla;Reta;-1.590.151.807;-55.056.197
18/10/2024;15:30:00;CONTAGEM;Manobra de mudança de faixa;Colisão lateral mesmo sentido;Com Vítimas Feridas;Pleno dia;Decrescente;Céu Claro;Múltipla;Reta;-1.995.749.597;-4.407.899.901
18/10/2024;14:21:00;PORTO SEGURO;Manobra de mudança de faixa;Colisão lateral mesmo sentido;Com Vítimas Feridas;Pleno dia;Decrescente;Nublado;Simples;Reta;-16.387.858;-39.343.159
18/10/2024;17:16:00;SAO PAULO;Velocidade Incompatível;Colisão traseira;Com Vítimas Feridas;Pleno dia;Decrescente;Nublado;Múltipla;"Declive;Reta;Em Obras";-2.349.659.264;-4.655.648.754
18/10/2024;17:30:00;CARAZINHO;Desrespeitar a preferência no cruzamento;Colisão transversal;Com Vítimas Feridas;Pleno dia;Crescente;Nublado;Simples;"Aclive;Interseção de Vias;Reta";-28.315.704;-52.779.015
10/10/2024;16:09:00;LEOPOLDINA;Velocidade Incompatível;Saída de leito carroçável;Com Vítimas Feridas;Pleno dia;Crescente;Chuva;Simples;Curva;-2.157.932.128;-4.268.264.985
18/10/2024;16:25:00;DUQUE DE CAXIAS;Manobra de mudança de faixa;Colisão lateral mesmo sentido;Com Vítimas Feridas;Pleno dia;Decrescente;Céu Claro;Dupla;Reta;-2.268.289.906;-4.328.549.346
18/10/2024;16:00:00;ALFREDO WAGNER;Velocidade Incompatível;Saída de leito carroçável;Com Vítimas Feridas;Pleno dia;Crescente;Nublado;Simples;Curva;-27.748.552;-49.388.176
18/10/2024;18:51:00;TAUBATE;Frear bruscamente;Queda de ocupante de veículo;Com Vítimas Feridas;Pleno dia;Decrescente;Céu Claro;Dupla;Reta;-230.496.047;-4.559.973.712
18/10/2024;18:40:00;DUQUE DE CAXIAS;Manobra de mudança de faixa;Colisão lateral mesmo sentido;Com Vítimas Feridas;Plena Noite;Crescente;Garoa/Chuvisco;Dupla;Reta;-2.262.009;-43.286.922
18/10/2024;19:50:00;BLUMENAU;Acesso irregular;Colisão transversal;Com Vítimas Feridas;Plena Noite;Crescente;Céu Claro;Simples;Reta;-26.875.601;-49.117.992
18/10/2024;20:30:00;LAJEADO;Velocidade Incompatível;Saída de leito carroçável;Com Vítimas Feridas;Plena Noite;Decrescente;Nublado;Dupla;Curva;-2.945.125.754;-5.196.640.491
18/10/2024;22:15:00;CACHOEIRINHA;Manobra de mudança de faixa;Colisão lateral mesmo sentido;Com Vítimas Feridas;Plena Noite;Crescente;Céu Claro;Dupla;Reta;-2.996.376;-51.097.771
18/10/2024;19:30:00;ITATIAIUCU;Velocidade Incompatível;Colisão com objeto;Com Vítimas Feridas;Plena Noite;Decrescente;Garoa/Chuvisco;Dupla;Curva;-2.023.206.636;-4.439.955.388
18/10/2024;20:30:00;FEIRA DE SANTANA;Conversão proibida;Colisão transversal;Com Vítimas Feridas;Plena Noite;Crescente;Céu Claro;Simples;Reta;-12.258.195;-38.932.182
18/10/2024;20:44:00;BRASILIA;Velocidade Incompatível;Colisão traseira;Com Vítimas Feridas;Plena Noite;Decrescente;Céu Claro;Dupla;"Declive;Reta";-15.791.242;-48.105.759
18/10/2024;22:25:00;RIO BRANCO;Desrespeitar a preferência no cruzamento;Colisão transversal;Com Vítimas Feridas;Plena Noite;Decrescente;Nublado;Dupla;Rotatória;-1.001.215.069;-677.984.333
18/10/2024;19:45:00;PETROLINA;Manobra de mudança de faixa;Colisão lateral mesmo sentido;Com Vítimas Feridas;Plena Noite;Crescente;Céu Claro;Dupla;Reta;-935.604.301;-4.047.854.198
19/10/2024;04:10:00;MATEUS LEME;Velocidade Incompatível;Colisão com objeto;Com Vítimas Feridas;Plena Noite;Decrescente;Chuva;Dupla;"Curva;Aclive";-1.993.765;-4.444.526
19/10/2024;03:25:00;BETIM;Velocidade Incompatível;Colisão com objeto;Sem Vítimas;Plena Noite;Decrescente;Chuva;Dupla;"Reta;Aclive";-1.995.531.717;-4.411.722.196
18/10/2024;19:38:00;NOSSA SENHORA DO SOCORRO;Velocidade Incompatível;Colisão traseira;Com Vítimas Feridas;Plena Noite;Decrescente;Céu Claro;Dupla;"Reta;Aclive";-109.064;-371.197
18/10/2024;21:00:00;LAPA;Pista Escorregadia;Saída de leito carroçável;Com Vítimas Feridas;Plena Noite;Decrescente;Garoa/Chuvisco;Simples;Curva;-25.709.007;-49.600.727
18/10/2024;20:10:00;MANDIRITUBA;Desrespeitar a preferência no cruzamento;Colisão transversal;Com Vítimas Feridas;Plena Noite;Decrescente;Nublado;Simples;Reta;-25.864.068;-49.362.763
18/10/2024;17:45:00;CORUPA;Acumulo de areia ou detritos sobre o pavimento;Queda de ocupante de veículo;Com Vítimas Feridas;Anoitecer;Decrescente;Nublado;Simples;Curva;-2.641.501.369;-4.925.741.675
19/10/2024;06:30:00;TERESINA;Falta de elemento de contenção que evite a saída do leito carroçável;Saída de leito carroçável;Com Vítimas Feridas;Pleno dia;Crescente;Céu Claro;Dupla;Reta;-513.655.894;-4.278.900.388
18/10/2024;17:10:00;SANTOS DUMONT;Velocidade Incompatível;Colisão com objeto;Sem Vítimas;Pleno dia;Decrescente;Chuva;Dupla;Curva;-2.136.247.924;-4.357.519.146
19/10/2024;07:30:00;ANAPOLIS;Acumulo de água sobre o pavimento;Saída de leito carroçável;Com Vítimas Feridas;Pleno dia;Decrescente;Chuva;Dupla;Reta;-16.397.836;-48.966.068
18/10/2024;17:40:00;RONDONOPOLIS;Chuva;Saída de leito carroçável;Com Vítimas Feridas;Anoitecer;Decrescente;Chuva;Dupla;Reta;-163.154.901;-5.475.440.328
19/10/2024;07:40:00;BIGUACU;Velocidade Incompatível;Saída de leito carroçável;Com Vítimas Feridas;Pleno dia;Crescente;Chuva;Dupla;Curva;-27.468.056;-48.641.712
19/10/2024;07:30:00;BRASILIA;Manobra de mudança de faixa;Colisão traseira;Sem Vítimas;Pleno dia;Crescente;Céu Claro;Dupla;Rotatória;-1.579.535.071;-4.819.647.431
19/10/2024;08:00:00;PONTA GROSSA;Falta de elemento de contenção que evite a saída do leito carroçável;Saída de leito carroçável;Com Vítimas Fatais;Pleno dia;Crescente;Nublado;Dupla;Curva;-2.527.445.763;-4.992.775.774
21/09/2024;18:50:00;MEDIANEIRA;Manobra de mudança de faixa;Capotamento;Com Vítimas Feridas;Plena Noite;Decrescente;Céu Claro;Dupla;"Declive;Reta";-2.531.758.044;-5.415.684.223
19/10/2024;09:20:00;SAO JOSE;Frear bruscamente;Queda de ocupante de veículo;Com Vítimas Feridas;Pleno dia;Crescente;Garoa/Chuvisco;Dupla;Curva;-27.588.425;-48.612.919
19/10/2024;09:00:00;BIGUACU;Velocidade Incompatível;Colisão com objeto;Com Vítimas Feridas;Pleno dia;Crescente;Nublado;Dupla;Reta;-27.459.393;-48.638.914
19/10/2024;08:37:00;TIJUCAS DO SUL;Velocidade Incompatível;Colisão com objeto;Com Vítimas Feridas;Pleno dia;Crescente;Chuva;Dupla;Curva;-2.584.165.409;-49.042.472
19/10/2024;10:08:00;ERECHIM;Desrespeitar a preferência no cruzamento;Colisão transversal;Com Vítimas Feridas;Pleno dia;Crescente;Nublado;Simples;"Rotatória;Reta";-2.764.530.366;-5.224.998.023
19/10/2024;07:20:00;CANAS;Velocidade Incompatível;Colisão traseira;Com Vítimas Feridas;Pleno dia;Decrescente;Nublado;Dupla;Reta;-2.272.498.915;-4.506.884.189
19/10/2024;09:30:00;PETROPOLIS;Chuva;Saída de leito carroçável;Com Vítimas Feridas;Pleno dia;Crescente;Garoa/Chuvisco;Dupla;"Curva;Declive";-2.234.399.896;-4.313.243.691
19/10/2024;07:30:00;SANTO ANTONIO DO AMPARO;Acumulo de água sobre o pavimento;Colisão com objeto;Com Vítimas Feridas;Pleno dia;Crescente;Chuva;Dupla;Reta;-209.545.835;-448.944.085
19/10/2024;10:50:00;CAMPINA GRANDE DO SUL;Chuva;Saída de leito carroçável;Com Vítimas Feridas;Pleno dia;Crescente;Chuva;Dupla;Curva;-2.514.802.509;-4.885.922.071
19/10/2024;08:00:00;TRES RIOS;Chuva;Colisão traseira;Com Vítimas Feridas;Pleno dia;Crescente;Chuva;Dupla;"Curva;Aclive";-2.206.389.311;-4.319.613.917
19/10/2024;11:09:00;ITAPECERICA DA SERRA;Chuva;Colisão com objeto;Com Vítimas Feridas;Pleno dia;Decrescente;Chuva;Dupla;Curva;-2.371.441.779;-4.687.929.634
19/10/2024;12:00:00;MARECHAL FLORIANO;Desrespeitar a preferência no cruzamento;Colisão transversal;Com Vítimas Feridas;Pleno dia;Crescente;Nublado;Simples;Interseção de Vias;-204.227.468;-4.077.531.159
19/10/2024;11:55:00;NOVA LIMA;Pista Escorregadia;Saída de leito carroçável;Com Vítimas Feridas;Pleno dia;Crescente;Garoa/Chuvisco;Dupla;Reta;-200.477.638;-4.396.439.441
19/10/2024;10:10:00;SEABRA;Acesso irregular;Colisão transversal;Com Vítimas Feridas;Pleno dia;Crescente;Céu Claro;Simples;Reta;-12.427.427;-4.177.020.288
19/10/2024;12:50:00;PATO BRANCO;Velocidade Incompatível;Saída de leito carroçável;Com Vítimas Fatais;Pleno dia;Decrescente;Nublado;Simples;Reta;-261.079.417;-526.409.483
19/10/2024;14:15:00;MAIRIPORA;Acumulo de água sobre o pavimento;Colisão com objeto;Com Vítimas Feridas;Pleno dia;Decrescente;Chuva;Dupla;Curva;-2.335.047.979;-4.655.267.274
19/10/2024;13:30:00;JATAIZINHO;Velocidade Incompatível;Colisão com objeto;Com Vítimas Feridas;Pleno dia;Decrescente;Nublado;Dupla;Reta;-2.328.452;-50.898.151
19/10/2024;14:35:00;BARBACENA;Curva acentuada;Saída de leito carroçável;Com Vítimas Feridas;Pleno dia;Decrescente;Céu Claro;Dupla;Curva;-2.125.153.502;-4.366.402.206
19/10/2024;14:45:00;SAO JOAO DE MERITI;Frear bruscamente;Engavetamento;Com Vítimas Feridas;Pleno dia;Decrescente;Nublado;Dupla;Reta;-227.839.538;-4.338.195.488
19/10/2024;15:00:00;MORMACO;Velocidade Incompatível;Colisão com objeto;Com Vítimas Feridas;Pleno dia;Decrescente;Sol;Simples;"Curva;Declive";-28.644.985;-52.614.906
19/10/2024;15:20:00;ITATIAIA;Acumulo de água sobre o pavimento;Tombamento;Com Vítimas Feridas;Pleno dia;Decrescente;Chuva;Dupla;"Curva;Declive";-2.250.466.912;-44.606.568
19/10/2024;14:20:00;JARU;Acesso irregular;Colisão transversal;Com Vítimas Feridas;Pleno dia;Decrescente;Chuva;Simples;Curva;-1.043.752.488;-6.247.169.791
19/10/2024;15:30:00;ITATIAIUCU;Chuva;Colisão com objeto;Com Vítimas Feridas;Pleno dia;Decrescente;Chuva;Dupla;Curva;-2.025.145.691;-4.441.136.239
19/10/2024;15:25:00;SABARA;Velocidade Incompatível;Saída de leito carroçável;Sem Vítimas;Pleno dia;Crescente;Chuva;Simples;"Curva;Declive";-1.978.663.743;-4.371.433.695
19/10/2024;16:13:00;UBERLANDIA;Velocidade Incompatível;Saída de leito carroçável;Com Vítimas Feridas;Pleno dia;Decrescente;Chuva;Dupla;"Reta;Aclive";-1.888.535.924;-4.846.544.904
19/10/2024;16:34:00;ARAGUARI;Velocidade Incompatível;Saída de leito carroçável;Com Vítimas Feridas;Pleno dia;Crescente;Chuva;Dupla;Reta;-1.872.016.606;-4.820.216.392
19/10/2024;16:30:00;ANTONINA;Pista Escorregadia;Colisão com objeto;Com Vítimas Feridas;Pleno dia;Decrescente;Chuva;Dupla;Curva;-2.511.225.901;-4.876.865.387
19/10/2024;16:40:00;GOIANAPOLIS;Ausência de sinalização;Colisão lateral mesmo sentido;Com Vítimas Feridas;Pleno dia;Decrescente;Nublado;Dupla;Reta;-164.398;-490.188
19/10/2024;16:00:00;GENERAL CARNEIRO;Velocidade Incompatível;Saída de leito carroçável;Com Vítimas Feridas;Pleno dia;Decrescente;Chuva;Simples;"Curva;Aclive";-2.655.597.901;-5.144.142.151
19/10/2024;16:45:00;SOBRAL;Demais falhas na via;Saída de leito carroçável;Com Vítimas Feridas;Anoitecer;Crescente;Céu Claro;Simples;"Em Obras;Reta";-370.387.638;-4.040.089.124
19/10/2024;17:30:00;MANGARATIBA;Chuva;Colisão com objeto;Com Vítimas Feridas;Pleno dia;Decrescente;Chuva;Simples;Curva;-229.656.081;-4.408.383.249
19/10/2024;18:10:00;FLORIANOPOLIS;Manobra de mudança de faixa;Colisão traseira;Com Vítimas Feridas;Plena Noite;Crescente;Céu Claro;Múltipla;Interseção de Vias;-27.600.384;-48.599.705
19/10/2024;17:45:00;SATUBA;Velocidade Incompatível;Engavetamento;Com Vítimas Feridas;Anoitecer;Decrescente;Céu Claro;Simples;Reta;-958.902.298;-35.888.804
19/10/2024;16:10:00;CAJATI;Velocidade Incompatível;Colisão com objeto;Sem Vítimas;Pleno dia;Crescente;Chuva;Múltipla;Curva;-2.478.162.109;-4.818.342.711
19/10/2024;17:35:00;INDAIAL;Velocidade Incompatível;Atropelamento de Pedestre;Com Vítimas Fatais;Pleno dia;Decrescente;Céu Claro;Dupla;"Em Obras;Reta;Desvio Temporário";-2.689.438.902;-4.926.102.698
19/10/2024;19:45:00;CAJAZEIRAS;Afundamento ou ondulação no pavimento;Tombamento;Com Vítimas Feridas;Plena Noite;Decrescente;Céu Claro;Simples;Reta;-68.931;-385.804
19/10/2024;19:06:00;UMBAUBA;Velocidade Incompatível;Eventos atípicos;Com Vítimas Fatais;Plena Noite;Decrescente;Céu Claro;Simples;Reta;-1.136.892.188;-3.764.792.008
19/10/2024;17:10:00;CASCAVEL;Velocidade Incompatível;Saída de leito carroçável;Sem Vítimas;Pleno dia;Crescente;Nublado;Simples;Curva;-2.489.663.005;-5.353.301.179
19/10/2024;19:35:00;NOVA LIMA;Conversão proibida;Colisão transversal;Com Vítimas Feridas;Plena Noite;Decrescente;Chuva;Simples;Reta;-2.021.223.196;-4.397.271.049
15/09/2024;19:00:00;QUATRO BARRAS;Chuva;Colisão lateral mesmo sentido;Com Vítimas Feridas;Plena Noite;Decrescente;Chuva;Dupla;Reta;-253.653;-490.906
19/10/2024;20:15:00;CAMPINA GRANDE;Acumulo de areia ou detritos sobre o pavimento;Tombamento;Com Vítimas Feridas;Plena Noite;Crescente;Céu Claro;Dupla;Reta;-72.573;-358.131
19/10/2024;20:30:00;SAO JOSE DO RIO PRETO;Chuva;Saída de leito carroçável;Com Vítimas Feridas;Plena Noite;Crescente;Chuva;Dupla;"Reta;Declive";-2.087.531.315;-4.941.946.507
19/10/2024;20:40:00;NOVA LIMA;Pista Escorregadia;Tombamento;Com Vítimas Feridas;Plena Noite;Decrescente;Chuva;Dupla;Curva;-2.003.972.326;-4.396.703.232
19/10/2024;20:10:00;SAO CAITANO;Pista esburacada;Colisão com objeto;Com Vítimas Feridas;Plena Noite;Crescente;Céu Claro;Simples;Reta;-833.379.683;-3.615.201.612
19/10/2024;21:10:00;CAJATI;Pista Escorregadia;Colisão com objeto;Com Vítimas Feridas;Plena Noite;Crescente;Chuva;Dupla;Curva;-2.478.162.109;-4.818.342.711
19/10/2024;18:30:00;TRES RIOS;Animais na Pista;Atropelamento de Animal;Com Vítimas Feridas;Plena Noite;Decrescente;Chuva;Dupla;Reta;-2.210.132.017;-4.317.101.226
19/10/2024;16:10:00;TRES RIOS;Chuva;Colisão frontal;Com Vítimas Feridas;Pleno dia;Decrescente;Chuva;Dupla;Curva;-2.216.436.914;-4.315.707.045
19/10/2024;21:30:00;NATAL;Manobra de mudança de faixa;Colisão lateral mesmo sentido;Sem Vítimas;Plena Noite;Crescente;Céu Claro;Simples;Curva;-585.758.898;-3.521.271.205
19/10/2024;21:00:00;SIMOLANDIA;Conversão proibida;Colisão transversal;Com Vítimas Feridas;Plena Noite;Decrescente;Nublado;Dupla;Reta;-14.474.183;-46.489.057
19/10/2024;21:30:00;CRISTALINA;Frear bruscamente;Colisão traseira;Sem Vítimas;Plena Noite;Decrescente;Céu Claro;Simples;Reta;-16.720.475;-47.652.061
19/10/2024;22:00:00;CAMPINA GRANDE DO SUL;Chuva;Saída de leito carroçável;Com Vítimas Feridas;Plena Noite;Crescente;Chuva;Dupla;"Curva;Declive";-251.882.321;-4.888.492.529
19/10/2024;20:29:00;SANHARO;Acesso irregular;Eventos atípicos;Com Vítimas Feridas;Plena Noite;Decrescente;Céu Claro;Simples;Reta;-836.209.062;-3.655.441.109
19/10/2024;22:40:00;BELO HORIZONTE;Conversão proibida;Colisão transversal;Com Vítimas Feridas;Plena Noite;Decrescente;Nublado;Simples;Reta;-19.842.212;-43.885.405
19/10/2024;21:40:00;NOVA IGUACU;Conversão proibida;Colisão transversal;Sem Vítimas;Plena Noite;Crescente;Chuva;Simples;Reta;-22.815.538;-43.624.565
19/10/2024;22:40:00;CURITIBANOS;Conversão proibida;Colisão lateral mesmo sentido;Com Vítimas Feridas;Plena Noite;Decrescente;Nublado;Múltipla;Curva;-2.731.412.903;-5.052.050.114
20/10/2024;00:10:00;RIO GRANDE;Manobra de mudança de faixa;Colisão com objeto;Com Vítimas Feridas;Pleno dia;Decrescente;Céu Claro;Dupla;Reta;-321.024.397;-5.216.347.437
19/10/2024;19:00:00;FERREIRA GOMES;Ausência de sinalização;Colisão lateral sentido oposto;Com Vítimas Feridas;Plena Noite;Crescente;Céu Claro;Simples;Reta;0.83144807;-5.119.608.706
20/10/2024;00:30:00;PARA DE MINAS;Acumulo de água sobre o pavimento;Saída de leito carroçável;Sem Vítimas;Plena Noite;Decrescente;Chuva;Dupla;"Reta;Retorno Regulamentado";-1.991.870.373;-4.449.079.292
19/10/2024;23:00:00;BOA VISTA;Animais na Pista;Atropelamento de Animal;Com Vítimas Feridas;Plena Noite;Decrescente;Ignorado;Simples;Reta;292.761.166;-6.076.229.095
03/10/2024;16:20:00;PARNAIBA;Velocidade Incompatível;Saída de leito carroçável;Com Vítimas Feridas;Pleno dia;Decrescente;Sol;Simples;Reta;-293.842.127;-4.174.276.823
20/10/2024;00:50:00;CAMPOS DOS GOYTACAZES;Velocidade Incompatível;Colisão com objeto;Sem Vítimas;Plena Noite;Decrescente;Garoa/Chuvisco;Simples;"Retorno Regulamentado;Reta";-2.172.048.414;-4.131.448.591
20/10/2024;01:30:00;SAO GONCALO;Acumulo de água sobre o pavimento;Colisão traseira;Com Vítimas Feridas;Plena Noite;Decrescente;Chuva;Dupla;Reta;-2.281.049.093;-4.306.983.304
20/10/2024;01:20:00;PATO BRANCO;Manobra de mudança de faixa;Colisão lateral mesmo sentido;Com Vítimas Fatais;Plena Noite;Crescente;Céu Claro;Simples;"Reta;Aclive";-26.225.126;-52.688.556
20/10/2024;06:15:00;QUELUZ;Chuva;Capotamento;Com Vítimas Feridas;Amanhecer;Crescente;Chuva;Dupla;Curva;-2.253.585.531;-4.476.280.689
20/10/2024;07:00:00;SAO CAITANO;Animais na Pista;Atropelamento de Animal;Com Vítimas Feridas;Pleno dia;Decrescente;Céu Claro;Dupla;Reta;-832.108.263;-3.608.591.505
20/10/2024;07:00:00;CAMPINA GRANDE DO SUL;Chuva;Saída de leito carroçável;Com Vítimas Feridas;Pleno dia;Decrescente;Garoa/Chuvisco;Dupla;Curva;-2.521.708.693;-4.890.395.114
20/10/2024;02:40:00;SANTA RITA DE MINAS;Velocidade Incompatível;Saída de leito carroçável;Com Vítimas Feridas;Plena Noite;Crescente;Nublado;Simples;Curva;-1.983.624.191;-4.213.833.241
20/10/2024;06:00:00;MONTES CLAROS;Velocidade Incompatível;Capotamento;Com Vítimas Feridas;Amanhecer;Decrescente;Chuva;Simples;Curva;-1.686.177.402;-4.412.406.299
29/09/2024;04:15:00;GRAO MOGOL;Animais na Pista;Atropelamento de Animal;Com Vítimas Feridas;Amanhecer;Crescente;Céu Claro;Simples;Reta;-1.643.296.895;-4.327.160.208
20/10/2024;06:55:00;PRIMAVERA DO LESTE;Acesso irregular;Colisão transversal;Com Vítimas Feridas;Pleno dia;Crescente;Nublado;Dupla;Reta;-15.560.052;-54.292.177
20/10/2024;02:00:00;ITATIAIUCU;Velocidade Incompatível;Saída de leito carroçável;Com Vítimas Feridas;Plena Noite;Decrescente;Chuva;Dupla;"Curva;Declive";-2.025.381.212;-4.441.248.544