data_inversa;horario;municipio;causa_acidente;tipo_acidente;classificacao_acidente;fase_dia;sentido_via;condicao_metereologica;tipo_pista;tracado_via;latitude;longitude
20/10/2024;09:00:00;MAIRIPORA;Chuva;Colisão transversal;Com Vítimas Feridas;Pleno dia;Crescente;Chuva;Dupla;Declive;-2.329.011.611;-465.800.681
20/10/2024;09:23:00;RECIFE;Estacionar ou parar em local proibido;Colisão com objeto;Com Vítimas Feridas;Pleno dia;Decrescente;Céu Claro;Múltipla;"Aclive;Reta";-79.761.715;-34.923.563
20/10/2024;06:15:00;UBAPORANGA;Velocidade Incompatível;Saída de leito carroçável;Com Vítimas Feridas;Amanhecer;Decrescente;Chuva;Simples;Curva;-1.969.633.994;-4.211.689.689
20/10/2024;07:30:00;SABARA;Velocidade Incompatível;Saída de leito carroçável;Com Vítimas Feridas;Pleno dia;Decrescente;Chuva;Simples;Curva;-19.787.557;-43.691.521
20/10/2024;09:05:00;JUPI;Conversão proibida;Colisão transversal;Sem Vítimas;Pleno dia;Decrescente;Céu Claro;Simples;Reta;-866.844.631;-3.637.491.793
20/10/2024;10:40:00;MATEUS LEME;Acumulo de água sobre o pavimento;Saída de leito carroçável;Com Vítimas Feridas;Pleno dia;Decrescente;Chuva;Dupla;"Curva;Declive";-19.940.622;-44.386.969
20/10/2024;10:30:00;CARANDAI;Desrespeitar a preferência no cruzamento;Colisão transversal;Com Vítimas Feridas;Pleno dia;Crescente;Chuva;Simples;"Reta;Declive";-2.094.339;-43.810.118
20/10/2024;05:30:00;SABARA;Pista Escorregadia;Saída de leito carroçável;Com Vítimas Feridas;Amanhecer;Crescente;Chuva;Simples;Curva;-19.787.261;-43.699.722
20/10/2024;08:00:00;NOVA SERRANA;Chuva;Saída de leito carroçável;Com Vítimas Feridas;Pleno dia;Decrescente;Chuva;Simples;Reta;-1.987.341.662;-4.496.007.194
20/10/2024;06:00:00;ESTIVA;Velocidade Incompatível;Saída de leito carroçável;Com Vítimas Feridas;Amanhecer;Decrescente;Chuva;Dupla;Curva;-22.472.813;-4.601.072.791
20/10/2024;11:30:00;AQUIRAZ;Manobra de mudança de faixa;Colisão com objeto;Com Vítimas Feridas;Pleno dia;Crescente;Céu Claro;Dupla;Curva;-402.676.186;-3.851.392.889
26/09/2024;18:00:00;SALVADOR;Manobra de mudança de faixa;Queda de ocupante de veículo;Com Vítimas Feridas;Anoitecer;Decrescente;Céu Claro;Múltipla;Reta;-1.294.194.706;-3.847.081.224
20/10/2024;12:20:00;UBATUBA;Velocidade Incompatível;Colisão frontal;Com Vítimas Feridas;Pleno dia;Decrescente;Chuva;Simples;Curva;-2.342.008.037;-4.504.194.438
20/10/2024;11:50:00;ESTIVA;Chuva;Atropelamento de Pedestre;Com Vítimas Feridas;Pleno dia;Decrescente;Chuva;Dupla;Curva;-2.245.619.351;-4.600.792.634
20/10/2024;13:00:00;CRISTIANO OTONI;Chuva;Saída de leito carroçável;Com Vítimas Feridas;Pleno dia;Decrescente;Chuva;Dupla;"Curva;Declive";-20.865.238;-43.796.973
20/10/2024;13:00:00;GOIANA;Fumaça;Engavetamento;Com Vítimas Feridas;Pleno dia;Decrescente;Sol;Dupla;Reta;-764.778.973;-3.495.054.569
20/10/2024;13:00:00;ANCHIETA;Chuva;Tombamento;Com Vítimas Feridas;Pleno dia;Decrescente;Chuva;Simples;Reta;-2.071.645.213;-407.300.389
20/10/2024;13:00:00;CARMO DA CACHOEIRA;Velocidade Incompatível;Saída de leito carroçável;Com Vítimas Feridas;Pleno dia;Decrescente;Chuva;Dupla;Curva;-2.150.846.497;-4.521.540.331
20/10/2024;14:53:00;ITATIAIUCU;Acumulo de água sobre o pavimento;Capotamento;Sem Vítimas;Pleno dia;Crescente;Nublado;Dupla;"Curva;Aclive";-201.904.316;-4.438.268.793
20/10/2024;15:00:00;BREJETUBA;Velocidade Incompatível;Saída de leito carroçável;Com Vítimas Feridas;Pleno dia;Decrescente;Chuva;Simples;Curva;-2.023.526.078;-4.134.327.555
20/10/2024;12:40:00;PIRAI;Pista Escorregadia;Colisão lateral mesmo sentido;Com Vítimas Feridas;Pleno dia;Decrescente;Chuva;Dupla;Curva;-2.266.632.663;-4.384.704.988
20/10/2024;12:30:00;ARAUJOS;Chuva;Colisão traseira;Sem Vítimas;Pleno dia;Crescente;Chuva;Simples;Reta;-1.982.719.122;-4.507.371.312
20/10/2024;12:40:00;TRES MARIAS;Manobra de mudança de faixa;Colisão lateral mesmo sentido;Com Vítimas Feridas;Pleno dia;Decrescente;Nublado;Simples;"Curva;Aclive";-1.851.247.005;-4.507.802.246
20/10/2024;14:05:00;MANHUACU;Conversão proibida;Colisão traseira;Com Vítimas Feridas;Pleno dia;Decrescente;Chuva;Simples;"Aclive;Reta";-2.026.305.859;-4.203.684.948
20/10/2024;15:00:00;ARUJA;Manobra de mudança de faixa;Capotamento;Com Vítimas Feridas;Pleno dia;Crescente;Nublado;Múltipla;Reta;-2.339.721.625;-4.629.284.287
20/10/2024;16:17:00;LINHARES;Desrespeitar a preferência no cruzamento;Colisão lateral mesmo sentido;Com Vítimas Feridas;Pleno dia;Crescente;Chuva;Múltipla;Reta;-1.934.286.596;-400.638.568
20/10/2024;16:00:00;LUIS EDUARDO MAGALHAES;Chuva;Saída de leito carroçável;Com Vítimas Feridas;Pleno dia;Decrescente;Chuva;Simples;Reta;-1.210.285;-4.588.231
20/10/2024;14:50:00;CARDOSO MOREIRA;Velocidade Incompatível;Capotamento;Com Vítimas Feridas;Pleno dia;Crescente;Chuva;Simples;Curva;-2.154.392.978;-4.148.390.899
20/10/2024;15:40:00;MINAS DO LEAO;Desrespeitar a preferência no cruzamento;Colisão transversal;Com Vítimas Feridas;Pleno dia;Crescente;Sol;Simples;"Rotatória;Interseção de Vias;Reta";-3.014.433.581;-5.204.623.282
20/10/2024;15:30:00;JATAI;Chuva;Saída de leito carroçável;Com Vítimas Feridas;Pleno dia;Decrescente;Chuva;Simples;Reta;-17.845.852;-51.918.404
20/10/2024;16:40:00;SANTO ANTONIO DO AMPARO;Chuva;Colisão com objeto;Com Vítimas Feridas;Pleno dia;Crescente;Chuva;Dupla;"Curva;Declive";-2.088.278.809;-4.485.183.046
20/10/2024;16:45:00;ITAITINGA;Manobra de mudança de faixa;Colisão lateral mesmo sentido;Com Vítimas Feridas;Pleno dia;Crescente;Céu Claro;Dupla;"Aclive;Reta";-397.303.366;-3.851.462.781
20/10/2024;17:10:00;RIO BONITO;Velocidade Incompatível;Saída de leito carroçável;Com Vítimas Feridas;Pleno dia;Decrescente;Chuva;Dupla;"Curva;Viaduto";-2.271.139.378;-4.261.157.199
20/10/2024;06:30:00;CAMPINA GRANDE DO SUL;Chuva;Colisão com objeto;Sem Vítimas;Amanhecer;Decrescente;Garoa/Chuvisco;Dupla;Reta;-2.511.171.498;-4.880.813.599
20/10/2024;16:00:00;VASSOURAS;Velocidade Incompatível;Saída de leito carroçável;Sem Vítimas;Pleno dia;Crescente;Chuva;Simples;Curva;-2.243.047.331;-4.369.980.995
20/10/2024;18:30:00;ITAJAI;Ultrapassagem Indevida;Queda de ocupante de veículo;Com Vítimas Feridas;Anoitecer;Crescente;Nublado;Dupla;Reta;-2.695.905.375;-4.867.875.936
20/10/2024;19:00:00;UBERLANDIA;Desrespeitar a preferência no cruzamento;Colisão transversal;Com Vítimas Feridas;Plena Noite;Crescente;Chuva;Dupla;"Viaduto;Interseção de Vias;Reta";-1.885.140.204;-4.825.345.932
20/10/2024;15:00:00;MORRO REUTER;Velocidade Incompatível;Saída de leito carroçável;Com Vítimas Feridas;Pleno dia;Decrescente;Céu Claro;Simples;Curva;-2.952.850.501;-5.108.238.075
20/10/2024;19:30:00;ITAJAI;Ultrapassagem Indevida;Colisão lateral mesmo sentido;Com Vítimas Feridas;Plena Noite;Crescente;Nublado;Dupla;Reta;-2.685.311.393;-4.872.689.927
20/10/2024;19:15:00;CARANDAI;Velocidade Incompatível;Colisão com objeto;Com Vítimas Feridas;Plena Noite;Decrescente;Chuva;Simples;Reta;-2.095.949.689;-4.378.978.984
20/10/2024;14:30:00;PICADA CAFE;Velocidade Incompatível;Saída de leito carroçável;Com Vítimas Feridas;Pleno dia;Decrescente;Céu Claro;Dupla;Curva;-2.949.966.726;-511.306.017
20/10/2024;17:20:00;MORRO REUTER;Velocidade Incompatível;Colisão com objeto;Com Vítimas Feridas;Pleno dia;Decrescente;Céu Claro;Simples;Curva;-2.954.396.389;-5.108.555.876
20/10/2024;19:45:00;ITAJAI;Ultrapassagem Indevida;Tombamento;Sem Vítimas;Plena Noite;Decrescente;Nublado;Dupla;Curva;-2.695.564.404;-4.867.978.366
20/10/2024;18:50:00;BRASILIA;Conversão proibida;Colisão transversal;Com Vítimas Feridas;Plena Noite;Crescente;Nublado;Simples;Reta;-15.728.034;-48.193.768
20/10/2024;19:40:00;CONGONHAS;Estacionar ou parar em local proibido;Colisão traseira;Com Vítimas Feridas;Plena Noite;Decrescente;Chuva;Simples;Reta;-2.048.427.186;-4.383.895.771
20/10/2024;09:25:00;DOMINGOS MARTINS;Velocidade Incompatível;Tombamento;Com Vítimas Feridas;Pleno dia;Decrescente;Chuva;Simples;Curva;-2.041.504.648;-4.090.256.283
20/10/2024;20:30:00;PARNAMIRIM;Animais na Pista;Atropelamento de Animal;Com Vítimas Feridas;Plena Noite;Crescente;Céu Claro;Dupla;Reta;-5.931.218;-35.264.915
20/10/2024;20:20:00;XANXERE;Desrespeitar a preferência no cruzamento;Colisão frontal;Com Vítimas Feridas;Plena Noite;Crescente;Nublado;Simples;"Interseção de Vias;Reta;Viaduto";-2.688.534.649;-5.241.447.866
20/10/2024;17:35:00;POCO DAS TRINCHEIRAS;Ultrapassagem Indevida;Colisão frontal;Com Vítimas Feridas;Plena Noite;Decrescente;Céu Claro;Simples;Reta;-933.497.686;-372.926.359
20/10/2024;12:45:00;TERESOPOLIS;Chuva;Capotamento;Com Vítimas Feridas;Pleno dia;Crescente;Chuva;Simples;Curva;-2.220.348.855;-4.288.843.108
20/10/2024;16:05:00;MANHUACU;Acumulo de água sobre o pavimento;Colisão frontal;Com Vítimas Fatais;Pleno dia;Decrescente;Chuva;Simples;Reta;-2.000.117.809;-4.214.034.158
20/10/2024;18:50:00;ARAQUARI;Acumulo de areia ou detritos sobre o pavimento;Tombamento;Com Vítimas Feridas;Plena Noite;Crescente;Céu Claro;Simples;Rotatória;-2.641.816.134;-4.877.839.565
20/10/2024;19:15:00;CACHOEIRA ALTA;Animais na Pista;Atropelamento de Animal;Com Vítimas Feridas;Plena Noite;Crescente;Nublado;Simples;Reta;-1.865.638;-50.998.772
20/10/2024;21:15:00;BLUMENAU;Desrespeitar a preferência no cruzamento;Colisão transversal;Com Vítimas Feridas;Plena Noite;Crescente;Nublado;Simples;"Reta;Rotatória;Declive";-2.687.320.538;-4.911.419.749
20/10/2024;17:55:00;AXIXA;Velocidade Incompatível;Colisão traseira;Com Vítimas Feridas;Plena Noite;Crescente;Céu Claro;Simples;"Aclive;Reta";-2.865.154;-44.086.155
20/10/2024;13:00:00;TIBAGI;Animais na Pista;Saída de leito carroçável;Com Vítimas Feridas;Pleno dia;Crescente;Céu Claro;Simples;"Reta;Aclive";-2.450.625.204;-5.044.146.254
20/10/2024;20:13:00;PETROLINA;Desrespeitar a preferência no cruzamento;Colisão transversal;Com Vítimas Feridas;Plena Noite;Decrescente;Céu Claro;Simples;Interseção de Vias;-939.133.586;-405.190.587
20/10/2024;19:00:00;PAPANDUVA;Condutor usando celular;Colisão frontal;Com Vítimas Feridas;Plena Noite;Crescente;Nublado;Simples;Reta;-2.638.204.782;-5.018.999.277
20/10/2024;21:30:00;NOVA VICOSA;Animais na Pista;Atropelamento de Animal;Com Vítimas Feridas;Plena Noite;Crescente;Céu Claro;Simples;Reta;-1.789.250.058;-3.981.651.306
20/10/2024;22:15:00;BARBACENA;Chuva;Saída de leito carroçável;Com Vítimas Feridas;Plena Noite;Crescente;Chuva;Dupla;"Curva;Declive";-21.180.668;-43.755.898
20/10/2024;20:12:00;INDAIAL;Manobra de mudança de faixa;Colisão traseira;Com Vítimas Feridas;Pleno dia;Crescente;Nublado;Simples;Reta;-2.691.818.602;-4.928.154.588
20/10/2024;23:57:00;PANTANO GRANDE;Animais na Pista;Atropelamento de Animal;Com Vítimas Feridas;Plena Noite;Decrescente;Céu Claro;Simples;Reta;-30.183.884;-523.736
21/10/2024;01:10:00;SAO MATEUS;Velocidade Incompatível;Tombamento;Com Vítimas Feridas;Plena Noite;Crescente;Chuva;Simples;Reta;-1.865.547.194;-3.987.148.278
20/10/2024;23:30:00;NOVA VICOSA;Animais na Pista;Atropelamento de Animal;Com Vítimas Fatais;Plena Noite;Crescente;Chuva;Simples;Reta;-1.784.994.719;-3.971.929.691
20/10/2024;18:10:00;ANGRA DOS REIS;Chuva;Saída de leito carroçável;Com Vítimas Feridas;Plena Noite;Crescente;Chuva;Simples;Curva;-2.302.314.418;-4.450.045.173
21/10/2024;02:15:00;GUARULHOS;Frear bruscamente;Colisão traseira;Sem Vítimas;Plena Noite;Crescente;Céu Claro;Múltipla;Reta;-2.347.092.266;-4.651.731.491
21/10/2024;01:50:00;IRATI;Velocidade Incompatível;Colisão lateral sentido oposto;Com Vítimas Feridas;Plena Noite;Decrescente;Céu Claro;Simples;Reta;-2.540.796.469;-5.078.574.703
20/10/2024;23:20:00;CAMPOS DOS GOYTACAZES;Pista Escorregadia;Colisão frontal;Com Vítimas Fatais;Plena Noite;Decrescente;Chuva;Simples;Declive;-2.158.933.207;-4.131.689.933
21/10/2024;06:00:00;SANTOS DUMONT;Velocidade Incompatível;Saída de leito carroçável;Com Vítimas Feridas;Pleno dia;Decrescente;Chuva;Simples;Curva;-2.140.505.399;-4.356.732.403
21/10/2024;05:15:00;BRASILIA;Ultrapassagem Indevida;Colisão frontal;Com Vítimas Feridas;Amanhecer;Crescente;Nublado;Simples;Curva;-15.574.078;-48.191.849
20/10/2024;21:00:00;GUIMARANIA;Demais falhas na via;Queda de ocupante de veículo;Com Vítimas Feridas;Plena Noite;Crescente;Nublado;Simples;Reta;-1.879.969.152;-4.675.281.307
21/10/2024;07:00:00;CAMPINA GRANDE;Pista Escorregadia;Tombamento;Com Vítimas Feridas;Amanhecer;Crescente;Chuva;Simples;"Reta;Em Obras";-7.278.338;-35.896.857
18/10/2024;11:50:00;SARANDI;Pista Escorregadia;Tombamento;Com Vítimas Feridas;Pleno dia;Crescente;Céu Claro;Dupla;"Reta;Retorno Regulamentado";-2.345.147.413;-5.185.361.808
20/10/2024;20:00:00;FEIRA DE SANTANA;Velocidade Incompatível;Saída de leito carroçável;Sem Vítimas;Plena Noite;Crescente;Céu Claro;Dupla;Reta;-1.212.863.132;-3.896.820.545
20/10/2024;19:15:00;TERESOPOLIS;Chuva;Colisão frontal;Com Vítimas Feridas;Plena Noite;Crescente;Chuva;Simples;Curva;-22.381.704;-42.954.777
21/10/2024;09:15:00;MATIAS BARBOSA;Chuva;Saída de leito carroçável;Com Vítimas Feridas;Pleno dia;Crescente;Garoa/Chuvisco;Dupla;"Curva;Declive";-2.186.313.979;-4.337.348.589
21/10/2024;09:20:00;RANCHO QUEIMADO;Acumulo de água sobre o pavimento;Saída de leito carroçável;Com Vítimas Feridas;Pleno dia;Crescente;Chuva;Simples;Curva;-27.695.963;-490.695
21/10/2024;07:30:00;RIO BONITO;Chuva;Saída de leito carroçável;Sem Vítimas;Pleno dia;Crescente;Chuva;Dupla;Reta;-2.271.367.506;-4.262.052.996
17/10/2024;18:34:00;ALTAMIRA;Animais na Pista;Atropelamento de Animal;Com Vítimas Feridas;Anoitecer;Crescente;Céu Claro;Simples;Reta;-825.804.408;-5.511.015.426
20/10/2024;20:15:00;ULIANOPOLIS;Velocidade Incompatível;Colisão traseira;Com Vítimas Feridas;Plena Noite;Crescente;Céu Claro;Simples;Reta;-355.790.301;-4.749.180.822
21/10/2024;13:50:00;ANAPOLIS;Velocidade Incompatível;Saída de leito carroçável;Com Vítimas Feridas;Pleno dia;Crescente;Chuva;Dupla;Curva;-162.967;-488.039
21/10/2024;13:30:00;UBERABA;Animais na Pista;Atropelamento de Animal;Com Vítimas Feridas;Pleno dia;Crescente;Nublado;Dupla;"Reta;Aclive";-1.950.261.301;-4.804.531.304
21/10/2024;13:10:00;FRANCISCO SA;Acumulo de água sobre o pavimento;Tombamento;Com Vítimas Feridas;Pleno dia;Crescente;Chuva;Simples;Reta;-166.553.239;-4.371.906.108
21/10/2024;14:20:00;JOAO PESSOA;Velocidade Incompatível;Colisão com objeto;Com Vítimas Feridas;Pleno dia;Crescente;Sol;Simples;Curva;-716.505.354;-3.489.454.008
21/10/2024;14:20:00;XAXIM;Manobra de mudança de faixa;Colisão lateral mesmo sentido;Com Vítimas Feridas;Pleno dia;Crescente;Céu Claro;Simples;Curva;-26.950.415;-52.526.096
21/10/2024;12:10:00;CAMPO LARGO;Sinalização mal posicionada;Colisão traseira;Com Vítimas Feridas;Pleno dia;Crescente;Nublado;Dupla;Reta;-2.544.344.167;-4.945.985.402
21/10/2024;16:10:00;FORTALEZA;Acesso irregular;Colisão transversal;Com Vítimas Feridas;Pleno dia;Decrescente;Céu Claro;Dupla;Reta;-377.019.802;-3.851.724.508
21/10/2024;16:30:00;MANHUACU;Desrespeitar a preferência no cruzamento;Colisão transversal;Com Vítimas Feridas;Pleno dia;Decrescente;Chuva;Simples;"Interseção de Vias;Declive";-2.026.305.859;-4.203.684.948
21/10/2024;09:25:00;SANTO ANTONIO DO AMPARO;Chuva;Colisão com objeto;Com Vítimas Feridas;Pleno dia;Decrescente;Chuva;Dupla;Curva;-2.089.141.186;-448.525.565
21/10/2024;18:30:00;CURITIBA;Manobra de mudança de faixa;Colisão transversal;Com Vítimas Feridas;Anoitecer;Decrescente;Nublado;Dupla;Reta;-25.568.939;-49.181.978
21/10/2024;18:10:00;CAMPO GRANDE;Deficiência do Sistema de Iluminação/Sinalização;Colisão frontal;Com Vítimas Feridas;Plena Noite;Crescente;Céu Claro;Simples;"Curva;Interseção de Vias";-2.050.427.591;-5.455.557.367
21/10/2024;19:50:00;PINHALZINHO;Animais na Pista;Atropelamento de Animal;Com Vítimas Feridas;Plena Noite;Crescente;Céu Claro;Simples;Curva;-2.685.963.164;-529.792.271
21/10/2024;20:40:00;RECIFE;Velocidade Incompatível;Colisão traseira;Com Vítimas Feridas;Plena Noite;Crescente;Céu Claro;Dupla;Reta;-8.126.982;-3.494.386
21/10/2024;18:30:00;ITAJAI;Manobra de mudança de faixa;Colisão lateral mesmo sentido;Com Vítimas Feridas;Anoitecer;Decrescente;Céu Claro;Múltipla;Reta;-269.043.179;-4.871.555.481
21/10/2024;22:15:00;CANOAS;Deficiência do Sistema de Iluminação/Sinalização;Colisão traseira;Com Vítimas Feridas;Plena Noite;Decrescente;Ignorado;Dupla;Reta;-29.885.923;-51.223.259
14/10/2024;06:30:00;GUARAMIRIM;Manobra de mudança de faixa;Colisão lateral mesmo sentido;Com Vítimas Feridas;Pleno dia;Decrescente;Céu Claro;Dupla;Reta;-2.647.415.593;-49.021.211
21/10/2024;13:30:00;MANHUACU;Ultrapassagem Indevida;Colisão lateral mesmo sentido;Sem Vítimas;Pleno dia;Decrescente;Céu Claro;Simples;"Reta;Aclive";-2.006.216.515;-4.217.191.471
22/10/2024;00:42:00;CONCEICAO DA BARRA;Animais na Pista;Atropelamento de Animal;Sem Vítimas;Plena Noite;Crescente;Chuva;Simples;Reta;-1.832.561;-399.584.401
22/10/2024;01:00:00;PORTO BELO;Velocidade Incompatível;Colisão frontal;Com Vítimas Feridas;Plena Noite;Crescente;Nublado;Dupla;Reta;-27.153.819;-4.861.086.393
21/10/2024;20:05:00;CRISTALINA;Chuva;Colisão frontal;Com Vítimas Fatais;Plena Noite;Decrescente;Chuva;Dupla;Reta;-1.679.106.547;-4.764.118.195
22/10/2024;02:50:00;SAO CAITANO;Animais na Pista;Atropelamento de Animal;Com Vítimas Feridas;Plena Noite;Crescente;Céu Claro;Dupla;Aclive;-832.242.118;-3.609.480.698
22/10/2024;05:50:00;NITEROI;Manobra de mudança de faixa;Colisão lateral mesmo sentido;Com Vítimas Feridas;Pleno dia;Crescente;Céu Claro;Dupla;"Ponte;Reta";-2.287.292.569;-4.313.625.699
22/10/2024;08:28:00;SANTANA DO LIVRAMENTO;Desrespeitar a preferência no cruzamento;Colisão transversal;Com Vítimas Feridas;Pleno dia;Crescente;Céu Claro;Simples;"Reta;Rotatória";-308.547.642;-554.965.204
14/10/2024;18:24:00;CASCAVEL;Afundamento ou ondulação no pavimento;Colisão lateral mesmo sentido;Com Vítimas Feridas;Anoitecer;Crescente;Céu Claro;Múltipla;Reta;-2.498.120.697;-5.345.591.501
22/10/2024;08:40:00;MORRO REUTER;Ultrapassagem Indevida;Colisão lateral mesmo sentido;Com Vítimas Feridas;Pleno dia;Crescente;Céu Claro;Simples;Reta;-29.548.103;-51.085.848
22/10/2024;09:15:00;CASCAVEL;Velocidade Incompatível;Saída de leito carroçável;Com Vítimas Feridas;Pleno dia;Decrescente;Sol;Dupla;"Declive;Viaduto;Curva";-248.947;-535.355
22/10/2024;09:10:00;SERRINHA;Manobra de mudança de faixa;Colisão transversal;Com Vítimas Feridas;Pleno dia;Crescente;Céu Claro;Simples;"Interseção de Vias;Reta";-1.168.943.108;-3.898.728.712
22/10/2024;08:00:00;GUARAMIRIM;Velocidade Incompatível;Colisão traseira;Com Vítimas Feridas;Pleno dia;Crescente;Céu Claro;Dupla;Curva;-2.647.584.353;-489.937.858
22/10/2024;09:00:00;APARECIDA DE GOIANIA;Manobra de mudança de faixa;Colisão traseira;Com Vítimas Feridas;Pleno dia;Crescente;Céu Claro;Dupla;Curva;-168.156;-492.402
20/10/2024;00:59:00;RECIFE;Velocidade Incompatível;Colisão traseira;Com Vítimas Feridas;Plena Noite;Crescente;Céu Claro;Dupla;Reta;-806.776.119;-3.494.265.074
28/09/2024;18:50:00;VITORIA DA CONQUISTA;Manobra de mudança de faixa;Colisão frontal;Com Vítimas Feridas;Plena Noite;Crescente;Nublado;Simples;Reta;-14.884.371;-40.870.667
22/10/2024;10:45:00;RIO GRANDE;Velocidade Incompatível;Saída de leito carroçável;Com Vítimas Feridas;Pleno dia;Decrescente;Céu Claro;Dupla;Reta;-3.192.816.308;-5.231.293.137
22/10/2024;10:50:00;CABEDELO;Manobra de mudança de faixa;Colisão lateral mesmo sentido;Com Vítimas Feridas;Pleno dia;Crescente;Céu Claro;Dupla;"Reta;Em Obras";-707.054.214;-3.484.987.378
22/10/2024;11:30:00;BOA VISTA DAS MISSOES;Desrespeitar a preferência no cruzamento;Colisão transversal;Com Vítimas Feridas;Pleno dia;Crescente;Sol;Simples;Interseção de Vias;-2.770.153;-53.297.718
22/10/2024;12:44:00;TUBARAO;Manobra de mudança de faixa;Colisão lateral mesmo sentido;Com Vítimas Feridas;Pleno dia;Decrescente;Céu Claro;Múltipla;Reta;-2.844.404.822;-4.896.611.372
22/10/2024;09:40:00;SANTA MARIA;Animais na Pista;Colisão lateral sentido oposto;Com Vítimas Feridas;Pleno dia;Crescente;Céu Claro;Simples;Reta;-2.976.501.382;-5.400.418.796
18/10/2024;11:15:00;NOVA ERA;Velocidade Incompatível;Saída de leito carroçável;Com Vítimas Feridas;Pleno dia;Crescente;Céu Claro;Simples;"Curva;Declive";-1.969.113.838;-4.299.219.167
22/10/2024;13:30:00;PALHOCA;Velocidade Incompatível;Saída de leito carroçável;Com Vítimas Feridas;Pleno dia;Crescente;Céu Claro;Simples;Curva;-2.782.629.382;-4.863.034.842
22/10/2024;12:40:00;FEIRA DE SANTANA;Desrespeitar a preferência no cruzamento;Colisão transversal;Com Vítimas Feridas;Pleno dia;Decrescente;Céu Claro;Dupla;Rotatória;-1.222.584.428;-3.896.500.584
22/10/2024;11:00:00;DUQUE DE CAXIAS;Afundamento ou ondulação no pavimento;Queda de ocupante de veículo;Com Vítimas Feridas;Pleno dia;Crescente;Céu Claro;Múltipla;Reta;-2.271.853.604;-4.328.993.324
18/10/2024;00:30:00;SAO JOSE DOS PINHAIS;Chuva;Saída de leito carroçável;Sem Vítimas;Plena Noite;Decrescente;Garoa/Chuvisco;Dupla;Reta;-2.554.818.657;-4.904.600.166
12/08/2024;01:20:00;GOVERNADOR VALADARES;Animais na Pista;Atropelamento de Animal;Com Vítimas Feridas;Plena Noite;Crescente;Céu Claro;Simples;Reta;-1.894.302.551;-4.206.184.387
22/10/2024;09:50:00;UMUARAMA;Velocidade Incompatível;Colisão frontal;Com Vítimas Fatais;Pleno dia;Crescente;Céu Claro;Simples;Curva;-2.356.877.445;-5.343.835.831
16/09/2024;10:00:00;JACAREACANGA;Demais falhas na via;Tombamento;Com Vítimas Feridas;Pleno dia;Decrescente;Céu Claro;Simples;Curva;-575.874.258;-57.601.844
22/10/2024;16:10:00;TAUBATE;Manobra de mudança de faixa;Colisão lateral mesmo sentido;Com Vítimas Feridas;Anoitecer;Crescente;Céu Claro;Dupla;Reta;-230.233.097;-4.553.763.622
22/10/2024;16:30:00;BENTO GONCALVES;Manobra de mudança de faixa;Colisão lateral mesmo sentido;Sem Vítimas;Pleno dia;Decrescente;Sol;Simples;Reta;-2.905.764.849;-5.158.750.672
22/10/2024;17:10:00;ANAPOLIS;Manobra de mudança de faixa;Colisão traseira;Com Vítimas Feridas;Pleno dia;Decrescente;Chuva;Dupla;Reta;-1.637.997.375;-4.895.087.242
22/10/2024;16:45:00;SAO GONCALO;Acumulo de areia ou detritos sobre o pavimento;Queda de ocupante de veículo;Com Vítimas Feridas;Pleno dia;Crescente;Céu Claro;Simples;"Curva;Viaduto;Aclive";-2.281.049.093;-4.306.983.304
22/10/2024;18:00:00;IRATI;Acesso irregular;Colisão transversal;Com Vítimas Feridas;Amanhecer;Crescente;Céu Claro;Simples;Curva;-25.481.234;-50.640.733
22/10/2024;18:15:00;QUITANDINHA;Desrespeitar a preferência no cruzamento;Colisão transversal;Com Vítimas Feridas;Anoitecer;Crescente;Céu Claro;Simples;"Interseção de Vias;Reta;Rotatória";-2.587.549.999;-4.948.685.288
22/10/2024;17:15:00;OURICURI;Animais na Pista;Tombamento;Com Vítimas Feridas;Anoitecer;Crescente;Céu Claro;Dupla;Reta;-78.712.915;-4.009.366.321
22/10/2024;20:20:00;SANTO ANTONIO DO DESCOBERTO;Acumulo de água sobre o pavimento;Saída de leito carroçável;Com Vítimas Feridas;Plena Noite;Crescente;Chuva;Dupla;"Reta;Aclive";-16.053.785;-48.260.408
22/10/2024;18:30:00;NITEROI;Fumaça;Incêndio;Sem Vítimas;Plena Noite;Decrescente;Céu Claro;Simples;"Reta;Aclive";-2.284.562.994;-4.309.841.211
22/10/2024;19:45:00;SANTA TEREZA DE GOIAS;Demais Fenômenos da natureza;Eventos atípicos;Com Vítimas Feridas;Plena Noite;Decrescente;Garoa/Chuvisco;Simples;Reta;-13.693.473;-49.022.247
22/10/2024;21:00:00;IRAI;Animais na Pista;Atropelamento de Animal;Com Vítimas Feridas;Plena Noite;Decrescente;Céu Claro;Simples;Reta;-27.222.046;-53.309.917
22/10/2024;22:15:00;BRASILIA;Velocidade Incompatível;Colisão com objeto;Com Vítimas Feridas;Pleno dia;Decrescente;Nublado;Dupla;"Curva;Aclive";-16.020.638;-48.250.832
22/10/2024;22:00:00;CURITIBA;Manobra de mudança de faixa;Colisão transversal;Com Vítimas Feridas;Plena Noite;Decrescente;Céu Claro;Dupla;"Curva;Interseção de Vias";-2.554.329.052;-4.930.719.981
22/10/2024;20:00:00;PETROPOLIS;Manobra de mudança de faixa;Colisão traseira;Com Vítimas Feridas;Plena Noite;Decrescente;Ignorado;Dupla;Curva;-2.249.798.597;-4.322.878.703