data_inversa;horario;municipio;causa_acidente;tipo_acidente;classificacao_acidente;fase_dia;sentido_via;condicao_metereologica;tipo_pista;tracado_via;latitude;longitude
23/10/2024;00:00:00;ITAGUARA;Velocidade Incompatível;Saída de leito carroçável;Com Vítimas Fatais;Plena Noite;Decrescente;Nublado;Dupla;Curva;-2.040.450.975;-4.451.780.716
23/10/2024;04:50:00;MAIRIPORA;Pista Escorregadia;Colisão com objeto;Com Vítimas Feridas;Plena Noite;Crescente;Chuva;Dupla;"Curva;Declive";-2.329.011.611;-465.800.681
23/10/2024;06:50:00;VITORIA DA CONQUISTA;Ultrapassagem Indevida;Queda de ocupante de veículo;Com Vítimas Feridas;Pleno dia;Crescente;Sol;Simples;Reta;-14.883.653;-40.870.717
23/10/2024;07:00:00;TERESINA;Manobra de mudança de faixa;Colisão lateral mesmo sentido;Com Vítimas Feridas;Pleno dia;Crescente;Céu Claro;Múltipla;Reta;-518.280.197;-4.276.350.291
20/08/2024;18:04:00;VARZEA GRANDE;Pista Escorregadia;Queda de ocupante de veículo;Com Vítimas Feridas;Plena Noite;Crescente;Céu Claro;Dupla;Reta;-1.564.575.025;-5.614.041.787
23/10/2024;08:20:00;BETIM;Manobra de mudança de faixa;Colisão traseira;Com Vítimas Feridas;Pleno dia;Crescente;Céu Claro;Múltipla;Curva;-1.997.018.187;-4.418.210.416
23/10/2024;09:00:00;SAO JOSE;Manobra de mudança de faixa;Colisão lateral mesmo sentido;Com Vítimas Feridas;Pleno dia;Crescente;Céu Claro;Múltipla;Reta;-2.758.313.237;-4.861.532.885
23/10/2024;08:37:00;TERESINA;Acesso irregular;Colisão lateral mesmo sentido;Com Vítimas Feridas;Pleno dia;Decrescente;Céu Claro;Múltipla;"Interseção de Vias;Declive;Reta";-5.074.137;-4.273.629
23/10/2024;07:35:00;RIO GRANDE;Pista Escorregadia;Tombamento;Com Vítimas Feridas;Pleno dia;Crescente;Céu Claro;Simples;Reta;-3.210.246.718;-5.211.069.415
23/10/2024;10:45:00;SERRA;Manobra de mudança de faixa;Colisão lateral mesmo sentido;Com Vítimas Feridas;Pleno dia;Decrescente;Céu Claro;Dupla;Reta;-2.017.292.791;-4.026.736.384
23/10/2024;11:00:00;ARACATI;Acesso irregular;Colisão frontal;Com Vítimas Feridas;Pleno dia;Crescente;Céu Claro;Dupla;"Reta;Interseção de Vias";-485.109.972;-3.746.579.657
16/10/2024;09:30:00;ACAILANDIA;Desrespeitar a preferência no cruzamento;Colisão transversal;Com Vítimas Feridas;Pleno dia;Decrescente;Nublado;Simples;"Reta;Interseção de Vias";-49.550.793;-475.001.071
19/10/2024;16:48:00;IPAUMIRIM;Ultrapassagem Indevida;Saída de leito carroçável;Com Vítimas Feridas;Pleno dia;Crescente;Céu Claro;Simples;Reta;-675.334.695;-3.878.504.992
23/10/2024;12:00:00;SAO JOSE;Desrespeitar a preferência no cruzamento;Colisão transversal;Com Vítimas Feridas;Pleno dia;Decrescente;Céu Claro;Dupla;"Interseção de Vias;Reta";-2.759.193.546;-4.861.824.557
23/10/2024;12:20:00;IBIRAMA;Desrespeitar a preferência no cruzamento;Colisão transversal;Com Vítimas Feridas;Pleno dia;Crescente;Sol;Simples;Reta;-27.106.783;-49.522.049
23/10/2024;12:30:00;FEIRA DE SANTANA;Ultrapassagem Indevida;Colisão lateral mesmo sentido;Com Vítimas Feridas;Pleno dia;Crescente;Céu Claro;Simples;Reta;-1.223.244.513;-3.895.071.745
01/10/2024;12:22:00;LINHARES;Conversão proibida;Colisão transversal;Com Vítimas Feridas;Pleno dia;Crescente;Céu Claro;Simples;Interseção de Vias;-1.936.990.998;-4.006.560.718
14/09/2024;19:30:00;ARAQUARI;Demais falhas na via;Queda de ocupante de veículo;Com Vítimas Feridas;Plena Noite;Crescente;Céu Claro;Múltipla;Reta;-2.651.864.822;-4.871.874.636
23/10/2024;12:00:00;TERESOPOLIS;Conversão proibida;Colisão traseira;Com Vítimas Feridas;Pleno dia;Crescente;Sol;Simples;Reta;-224.065.491;-4.295.136.745
23/10/2024;07:53:00;JI-PARANA;Desrespeitar a preferência no cruzamento;Colisão transversal;Com Vítimas Feridas;Pleno dia;Crescente;Céu Claro;Simples;Viaduto;-1.088.987.987;-6.193.126.772
23/10/2024;10:45:00;SORRISO;Manobra de mudança de faixa;Tombamento;Com Vítimas Feridas;Pleno dia;Decrescente;Nublado;Dupla;"Desvio Temporário;Reta;Em Obras";-1.253.495.187;-5.570.586.082
23/10/2024;13:45:00;SAO JOSE;Manobra de mudança de faixa;Colisão lateral mesmo sentido;Com Vítimas Feridas;Pleno dia;Decrescente;Céu Claro;Múltipla;Reta;-27.588.425;-48.612.919
23/10/2024;14:00:00;TIBAGI;Chuva;Saída de leito carroçável;Com Vítimas Feridas;Pleno dia;Crescente;Chuva;Dupla;Reta;-2.494.777.705;-5.039.506.826
23/10/2024;13:55:00;SAO JOAO DO MANHUACU;Ultrapassagem Indevida;Colisão frontal;Com Vítimas Feridas;Pleno dia;Decrescente;Nublado;Simples;Curva;-2.033.157.703;-4.214.776.317
23/10/2024;14:00:00;PALMEIRA;Acumulo de água sobre o pavimento;Colisão traseira;Com Vítimas Feridas;Pleno dia;Decrescente;Chuva;Dupla;Reta;-2.541.212.284;-4.977.676.749
23/10/2024;15:20:00;CASCAVEL;Manobra de mudança de faixa;Colisão lateral mesmo sentido;Com Vítimas Feridas;Pleno dia;Crescente;Céu Claro;Dupla;"Retorno Regulamentado;Reta";-24.897.235;-53.533.793
23/10/2024;14:05:00;ALTO PARAISO;Frear bruscamente;Colisão traseira;Sem Vítimas;Pleno dia;Decrescente;Céu Claro;Simples;"Declive;Reta";-9.740.869;-6.311.211.008
23/10/2024;16:20:00;ITATIAIUCU;Ultrapassagem Indevida;Queda de ocupante de veículo;Com Vítimas Feridas;Pleno dia;Crescente;Céu Claro;Dupla;"Aclive;Curva";-2.025.686.585;-444.185.141
23/10/2024;15:20:00;TIBAGI;Chuva;Saída de leito carroçável;Sem Vítimas;Pleno dia;Crescente;Chuva;Dupla;Curva;-2.471.632.654;-5.054.573.536
23/10/2024;17:15:00;BARRA MANSA;Acumulo de água sobre o pavimento;Saída de leito carroçável;Com Vítimas Feridas;Pleno dia;Decrescente;Chuva;Dupla;Curva;-2.250.496.778;-4.422.509.483
23/10/2024;17:30:00;INDAIAL;Conversão proibida;Colisão traseira;Com Vítimas Feridas;Pleno dia;Decrescente;Céu Claro;Dupla;"Reta;Em Obras;Desvio Temporário";-26.901.979;-49.268.745
01/09/2024;18:40:00;ACAILANDIA;Ultrapassagem Indevida;Colisão lateral sentido oposto;Com Vítimas Feridas;Plena Noite;Decrescente;Ignorado;Simples;Reta;-4.882.012;-47.513.603
23/10/2024;12:30:00;VILA NOVA DO SUL;Demais falhas na via;Eventos atípicos;Com Vítimas Feridas;Pleno dia;Decrescente;Nublado;Simples;Reta;-3.034.734.013;-5.393.904.626
23/10/2024;18:00:00;GRAVATAI;Acumulo de água sobre o pavimento;Tombamento;Com Vítimas Feridas;Anoitecer;Decrescente;Garoa/Chuvisco;Dupla;Reta;-2.995.551.088;-5.100.709.677
23/10/2024;07:20:00;SAO GONCALO DO PARA;Velocidade Incompatível;Saída de leito carroçável;Com Vítimas Feridas;Pleno dia;Crescente;Céu Claro;Dupla;"Reta;Declive";-198.850.241;-4.477.734.698
23/10/2024;18:50:00;SAO GONCALO DO RIO ABAIXO;Pista Escorregadia;Tombamento;Com Vítimas Feridas;Plena Noite;Decrescente;Nublado;Simples;Curva;-19.850.555;-43.267.783
23/10/2024;19:00:00;PELOTAS;Desrespeitar a preferência no cruzamento;Colisão transversal;Com Vítimas Feridas;Anoitecer;Crescente;Céu Claro;Múltipla;Rotatória;-3.175.709.532;-5.239.980.728
23/10/2024;10:30:00;SANTAREM;Ultrapassagem Indevida;Colisão lateral mesmo sentido;Com Vítimas Feridas;Pleno dia;Crescente;Céu Claro;Simples;Reta;-2.538.837;-54.722.717
23/10/2024;19:30:00;PIMENTA BUENO;Animais na Pista;Atropelamento de Animal;Com Vítimas Feridas;Plena Noite;Crescente;Céu Claro;Simples;Reta;-11.598.412;-61.236.745
23/10/2024;15:40:00;SARANDI;Animais na Pista;Atropelamento de Animal;Com Vítimas Feridas;Pleno dia;Decrescente;Céu Claro;Dupla;Reta;-2.345.147.413;-5.185.361.808
23/10/2024;15:10:00;CACHOEIRA DO SUL;Desrespeitar a preferência no cruzamento;Colisão transversal;Com Vítimas Feridas;Pleno dia;Crescente;Nublado;Simples;Rotatória;-3.006.049.811;-5.290.390.205
23/10/2024;21:38:00;BRASILIA;Velocidade Incompatível;Saída de leito carroçável;Com Vítimas Feridas;Plena Noite;Crescente;Céu Claro;Dupla;Curva;-15.583.345;-47.449.738
23/10/2024;23:00:00;RIO LARGO;Velocidade Incompatível;Tombamento;Com Vítimas Feridas;Plena Noite;Crescente;Céu Claro;Dupla;Reta;-948.375.193;-3.581.815.581
23/10/2024;22:40:00;LINHARES;Ultrapassagem Indevida;Colisão frontal;Com Vítimas Feridas;Plena Noite;Crescente;Céu Claro;Simples;Reta;-1.945.345.303;-4.009.963.296
23/10/2024;22:30:00;SAO JOSE DOS CAMPOS;Chuva;Tombamento;Com Vítimas Feridas;Plena Noite;Decrescente;Chuva;Múltipla;Reta;-2.319.533.689;-4.587.130.135
23/10/2024;21:40:00;SORRISO;Manobra de mudança de faixa;Colisão frontal;Com Vítimas Fatais;Plena Noite;Decrescente;Céu Claro;Simples;Reta;-129.109.457;-558.520.193
23/10/2024;23:04:00;NAZARE DO PIAUI;Animais na Pista;Atropelamento de Animal;Com Vítimas Feridas;Plena Noite;Decrescente;Céu Claro;Simples;Reta;-693.822.571;-4.273.896.289
24/10/2024;01:45:00;FLORIANOPOLIS;Velocidade Incompatível;Tombamento;Com Vítimas Feridas;Plena Noite;Decrescente;Céu Claro;Múltipla;Reta;-27.588.425;-48.612.919
29/06/2024;20:00:00;NOVA IGUACU;Animais na Pista;Atropelamento de Animal;Com Vítimas Feridas;Plena Noite;Decrescente;Céu Claro;Dupla;Reta;-227.393.576;-4.346.963.882
23/10/2024;20:20:00;SAPUCAIA;Animais na Pista;Atropelamento de Animal;Com Vítimas Feridas;Plena Noite;Decrescente;Céu Claro;Simples;Curva;-2.204.231.888;-4.299.312.113
24/10/2024;07:30:00;ITAPEMA;Animais na Pista;Atropelamento de Animal;Sem Vítimas;Pleno dia;Crescente;Nublado;Dupla;Reta;-27.126.536;-48.609.642
24/10/2024;07:35:00;CANDEIAS;Manobra de mudança de faixa;Capotamento;Com Vítimas Feridas;Pleno dia;Decrescente;Céu Claro;Dupla;Reta;-125.942.506;-3.851.640.271
24/10/2024;06:10:00;BETIM;Velocidade Incompatível;Tombamento;Com Vítimas Feridas;Pleno dia;Decrescente;Nublado;Múltipla;"Reta;Aclive";-1.995.965.478;-4.408.159.018
06/10/2024;10:00:00;MURIAE;Velocidade Incompatível;Tombamento;Com Vítimas Fatais;Pleno dia;Decrescente;Céu Claro;Simples;"Curva;Aclive";-2.123.756.793;-4.239.406.193
24/10/2024;08:05:00;DUQUE DE CAXIAS;Manobra de mudança de faixa;Queda de ocupante de veículo;Com Vítimas Feridas;Pleno dia;Crescente;Nublado;Múltipla;Reta;-2.279.907.687;-4.329.015.739
24/10/2024;08:40:00;CURITIBA;Manobra de mudança de faixa;Colisão lateral mesmo sentido;Com Vítimas Feridas;Pleno dia;Decrescente;Céu Claro;Múltipla;"Reta;Aclive";-2.555.842.933;-4.930.651.724
24/10/2024;09:33:00;RIANAPOLIS;Desrespeitar a preferência no cruzamento;Colisão transversal;Com Vítimas Feridas;Pleno dia;Crescente;Céu Claro;Simples;Interseção de Vias;-15.456.578;-49.502.522
24/10/2024;08:10:00;MANGARATIBA;Velocidade Incompatível;Colisão lateral sentido oposto;Com Vítimas Feridas;Pleno dia;Crescente;Chuva;Simples;"Curva;Declive";-2.298.107.919;-4.408.441.596
24/10/2024;09:15:00;BAGE;Acumulo de água sobre o pavimento;Saída de leito carroçável;Sem Vítimas;Pleno dia;Decrescente;Chuva;Simples;Reta;-3.100.895.304;-536.565.548
24/10/2024;10:30:00;SAO JOSE;Pista Escorregadia;Tombamento;Com Vítimas Feridas;Pleno dia;Decrescente;Céu Claro;Dupla;"Rotatória;Interseção de Vias";-275.650.044;-4.861.460.082
24/10/2024;10:30:00;MACAIBA;Velocidade Incompatível;Queda de ocupante de veículo;Com Vítimas Feridas;Pleno dia;Decrescente;Céu Claro;Dupla;Retorno Regulamentado;-587.095.859;-3.532.359.587
24/10/2024;10:55:00;PORTO SEGURO;Acesso irregular;Colisão transversal;Com Vítimas Feridas;Pleno dia;Crescente;Céu Claro;Simples;Reta;-1.643.071.712;-3.909.561.713
24/10/2024;11:40:00;PALHOCA;Ultrapassagem Indevida;Colisão com objeto;Com Vítimas Feridas;Pleno dia;Decrescente;Céu Claro;Múltipla;Reta;-2.766.779.034;-4.867.393.586
24/10/2024;10:00:00;TIANGUA;Frear bruscamente;Colisão lateral mesmo sentido;Com Vítimas Feridas;Pleno dia;Decrescente;Céu Claro;Dupla;Reta;-3.711.973;-40.984.356
24/10/2024;10:20:00;RIO BRANCO;Frear bruscamente;Queda de ocupante de veículo;Com Vítimas Feridas;Pleno dia;Decrescente;Chuva;Simples;Reta;-100.240.943;-678.369.574
24/10/2024;09:22:00;LUIS CORREIA;Conversão proibida;Colisão transversal;Com Vítimas Feridas;Pleno dia;Decrescente;Céu Claro;Simples;Reta;-2.890.292;-41.667.423
24/10/2024;12:10:00;CURITIBA;Ultrapassagem Indevida;Colisão transversal;Com Vítimas Feridas;Pleno dia;Decrescente;Nublado;Simples;Interseção de Vias;-25.428.255;-4.927.348
24/10/2024;09:00:00;JAGUARARI;Acostamento em desnível;Saída de leito carroçável;Com Vítimas Feridas;Pleno dia;Crescente;Céu Claro;Simples;Reta;-10.167.995;-4.022.679.602
24/10/2024;15:35:00;CAMPINA GRANDE DO SUL;Velocidade Incompatível;Colisão com objeto;Com Vítimas Feridas;Pleno dia;Crescente;Nublado;Dupla;Curva;-25.156.168;-488.613.401
24/10/2024;16:00:00;UBERABA;Desrespeitar a preferência no cruzamento;Colisão traseira;Com Vítimas Feridas;Pleno dia;Decrescente;Céu Claro;Simples;"Viaduto;Retorno Regulamentado";-19.770.817;-47.973.434
24/10/2024;16:40:00;ESTEIO;Animais na Pista;Tombamento;Com Vítimas Feridas;Pleno dia;Crescente;Nublado;Simples;Reta;-2.984.393.699;-5.117.728.603
24/10/2024;16:25:00;GURINHATA;Velocidade Incompatível;Tombamento;Com Vítimas Feridas;Pleno dia;Crescente;Nublado;Simples;"Declive;Curva";-1.895.511.467;-4.975.163.698
24/10/2024;16:36:00;TERESINA;Desrespeitar a preferência no cruzamento;Colisão lateral mesmo sentido;Sem Vítimas;Pleno dia;Crescente;Céu Claro;Simples;Rotatória;-5.089.569;-42.802.288
24/10/2024;17:40:00;GRAVATAI;Velocidade Incompatível;Queda de ocupante de veículo;Com Vítimas Feridas;Pleno dia;Decrescente;Céu Claro;Simples;Rotatória;-2.995.343;-51.058.449
24/10/2024;16:50:00;IMBITUBA;Velocidade Incompatível;Tombamento;Com Vítimas Feridas;Pleno dia;Crescente;Chuva;Dupla;Reta;-28.138.086;-4.869.218.292
24/10/2024;18:00:00;BLUMENAU;Acesso irregular;Colisão frontal;Com Vítimas Feridas;Plena Noite;Crescente;Garoa/Chuvisco;Simples;Reta;-2.687.162.628;-4.911.199.808
24/10/2024;18:20:00;BETIM;Manobra de mudança de faixa;Colisão lateral mesmo sentido;Com Vítimas Feridas;Plena Noite;Decrescente;Garoa/Chuvisco;Dupla;Reta;-2.001.847.613;-4.422.688.007
24/10/2024;17:00:00;CAPIM GROSSO;Conversão proibida;Colisão transversal;Com Vítimas Feridas;Anoitecer;Crescente;Céu Claro;Simples;Reta;-1.137.659;-4.001.999
24/10/2024;17:40:00;JUATUBA;Velocidade Incompatível;Saída de leito carroçável;Com Vítimas Feridas;Anoitecer;Crescente;Chuva;Dupla;"Curva;Declive";-199.362.311;-4.443.749.081
24/10/2024;18:10:00;SAO MATEUS;Velocidade Incompatível;Tombamento;Com Vítimas Feridas;Plena Noite;Crescente;Céu Claro;Simples;Reta;-1.888.167.392;-3.994.813.218
24/10/2024;19:20:00;CARUARU;Velocidade Incompatível;Colisão com objeto;Com Vítimas Feridas;Plena Noite;Crescente;Céu Claro;Dupla;"Curva;Retorno Regulamentado";-81.928;-359.662
24/10/2024;19:30:00;COCALZINHO DE GOIAS;Animais na Pista;Atropelamento de Animal;Com Vítimas Feridas;Pleno dia;Crescente;Nublado;Simples;"Reta;Declive";-1.576.741.921;-4.845.159.973
24/10/2024;17:15:00;SEROPEDICA;Ultrapassagem Indevida;Colisão frontal;Com Vítimas Feridas;Plena Noite;Decrescente;Chuva;Simples;Reta;-22.810.925;-43.631.504
24/10/2024;21:55:00;DOIS IRMAOS;Manobra de mudança de faixa;Colisão lateral mesmo sentido;Com Vítimas Feridas;Plena Noite;Crescente;Nublado;Simples;Aclive;-2.959.704.588;-5.110.912.224
24/10/2024;20:40:00;ARARANGUA;Velocidade Incompatível;Colisão transversal;Com Vítimas Fatais;Plena Noite;Crescente;Nublado;Múltipla;Reta;-2.898.264.385;-4.953.886.628
25/10/2024;00:15:00;CONGONHAS;Conversão proibida;Colisão transversal;Com Vítimas Feridas;Plena Noite;Crescente;Céu Claro;Simples;Reta;-2.064.410.984;-4.381.128.176
24/10/2024;23:30:00;CAMPOS DOS GOYTACAZES;Velocidade Incompatível;Saída de leito carroçável;Sem Vítimas;Plena Noite;Decrescente;Chuva;Dupla;"Declive;Curva";-2.182.626.899;-4.149.641.201
24/10/2024;23:10:00;DOIS RIACHOS;Animais na Pista;Atropelamento de Animal;Com Vítimas Feridas;Plena Noite;Crescente;Céu Claro;Simples;Reta;-938.918.303;-37.097.866
25/10/2024;02:15:00;CURITIBA;Velocidade Incompatível;Saída de leito carroçável;Com Vítimas Feridas;Plena Noite;Crescente;Nublado;Múltipla;Reta;-2.554.848.266;-493.045.454
25/10/2024;02:20:00;SAO LOURENCO DA SERRA;Chuva;Colisão com objeto;Com Vítimas Feridas;Plena Noite;Decrescente;Chuva;Dupla;Reta;-2.388.913.612;-469.801.679
25/10/2024;02:45:00;ITATIAIUCU;Acumulo de água sobre o pavimento;Capotamento;Com Vítimas Feridas;Plena Noite;Decrescente;Chuva;Dupla;Curva;-2.019.896.036;-4.438.641.307
25/10/2024;05:00:00;CAMBIRA;Neblina;Capotamento;Com Vítimas Feridas;Amanhecer;Decrescente;Nevoeiro/Neblina;Dupla;Curva;-2.359.676.737;-5.158.132.214
25/10/2024;06:45:00;CRUZ DO ESPIRITO SANTO;Conversão proibida;Colisão transversal;Com Vítimas Feridas;Pleno dia;Crescente;Céu Claro;Dupla;Reta;-7.202;-351.574
25/10/2024;07:00:00;LINHARES;Desrespeitar a preferência no cruzamento;Colisão transversal;Com Vítimas Feridas;Pleno dia;Decrescente;Céu Claro;Dupla;Reta;-1.941.156.656;-4.006.592.463
25/10/2024;07:39:00;BRASILIA;Manobra de mudança de faixa;Colisão lateral mesmo sentido;Com Vítimas Feridas;Pleno dia;Decrescente;Céu Claro;Múltipla;Reta;-15.616.901;-47.708.927
25/10/2024;07:30:00;QUEIMADAS;Manobra de mudança de faixa;Colisão lateral mesmo sentido;Com Vítimas Feridas;Pleno dia;Decrescente;Céu Claro;Simples;Reta;-729.013.399;-3.589.029.705
25/10/2024;08:05:00;REGISTRO;Conversão proibida;Colisão traseira;Com Vítimas Feridas;Pleno dia;Crescente;Nublado;Simples;Curva;-2.450.467.087;-4.784.772.743
25/10/2024;07:30:00;BALNEARIO CAMBORIU;Ultrapassagem Indevida;Colisão lateral mesmo sentido;Com Vítimas Feridas;Pleno dia;Decrescente;Céu Claro;Dupla;Reta;-2.698.064.277;-486.790.679
25/10/2024;08:30:00;SAO JOSE DOS PINHAIS;Pista Escorregadia;Tombamento;Com Vítimas Feridas;Pleno dia;Decrescente;Sol;Simples;"Curva;Desvio Temporário";-2.557.289.907;-4.899.037.703
25/10/2024;09:45:00;EXTREMA;Chuva;Capotamento;Com Vítimas Feridas;Pleno dia;Crescente;Chuva;Dupla;Curva;-2.285.421.396;-4.633.740.277
25/10/2024;09:40:00;MARCOLANDIA;Conversão proibida;Colisão frontal;Com Vítimas Feridas;Pleno dia;Crescente;Céu Claro;Simples;Reta;-744.189.016;-4.066.659.093
25/10/2024;12:00:00;RIACHAO DO BACAMARTE;Condutor usando celular;Saída de leito carroçável;Com Vítimas Feridas;Pleno dia;Decrescente;Céu Claro;Dupla;Reta;-72.465;-356.751
25/10/2024;13:50:00;RIO DO SUL;Conversão proibida;Colisão frontal;Com Vítimas Feridas;Pleno dia;Decrescente;Sol;Simples;Retorno Regulamentado;-27.207.214;-49.648.476
25/10/2024;14:30:00;GUARULHOS;Manobra de mudança de faixa;Colisão transversal;Com Vítimas Feridas;Pleno dia;Decrescente;Céu Claro;Dupla;Reta;-2.348.469.299;-4.655.983.288
25/10/2024;12:45:00;CAPIM GROSSO;Falta de elemento de contenção que evite a saída do leito carroçável;Saída de leito carroçável;Com Vítimas Feridas;Pleno dia;Crescente;Sol;Simples;Reta;-11.279.778;-4.002.181.903
23/08/2024;16:50:00;UBERABA;Fumaça;Colisão traseira;Com Vítimas Feridas;Pleno dia;Crescente;Céu Claro;Dupla;Reta;-1.975.649.857;-4.826.613.498
25/10/2024;15:50:00;PALHOCA;Conversão proibida;Colisão lateral mesmo sentido;Com Vítimas Feridas;Pleno dia;Crescente;Céu Claro;Simples;Reta;-27.658.611;-48.681.847
25/10/2024;14:05:00;RIO PARDO;Desrespeitar a preferência no cruzamento;Colisão transversal;Com Vítimas Feridas;Pleno dia;Crescente;Céu Claro;Simples;"Interseção de Vias;Rotatória";-2.998.229.721;-5.236.976.624
25/10/2024;16:00:00;CORNELIO PROCOPIO;Demais falhas na via;Tombamento;Com Vítimas Feridas;Pleno dia;Crescente;Céu Claro;Dupla;Reta;-23.225.946;-50.674.646
25/10/2024;17:15:00;CAXIAS DO SUL;Desrespeitar a preferência no cruzamento;Colisão transversal;Com Vítimas Feridas;Pleno dia;Crescente;Céu Claro;Dupla;Rotatória;-2.918.579.758;-5.117.713.005
25/10/2024;15:55:00;FRANCISCO SA;Velocidade Incompatível;Saída de leito carroçável;Com Vítimas Feridas;Pleno dia;Crescente;Chuva;Simples;"Curva;Declive";-1.645.710.399;-4.340.386.502
25/10/2024;14:00:00;BELFORD ROXO;Manobra de mudança de faixa;Colisão traseira;Com Vítimas Feridas;Pleno dia;Crescente;Nublado;Dupla;Reta;-227.516.014;-4.343.849.831
25/10/2024;17:30:00;GOIANIA;Estacionar ou parar em local proibido;Colisão traseira;Com Vítimas Feridas;Pleno dia;Crescente;Céu Claro;Dupla;Reta;-167.036;-49.342
25/10/2024;16:30:00;CAMPO LARGO;Acostamento em desnível;Queda de ocupante de veículo;Com Vítimas Feridas;Pleno dia;Decrescente;Céu Claro;Dupla;"Curva;Aclive";-2.543.257.515;-4.936.978.297
25/10/2024;18:30:00;PONTA GROSSA;Manobra de mudança de faixa;Colisão lateral mesmo sentido;Sem Vítimas;Anoitecer;Decrescente;Céu Claro;Dupla;Reta;-2.504.193.864;-5.026.741.587
25/10/2024;18:40:00;SANTIAGO;Afundamento ou ondulação no pavimento;Tombamento;Com Vítimas Feridas;Anoitecer;Decrescente;Céu Claro;Simples;"Reta;Aclive";-2.921.229.783;-5.484.492.062
25/10/2024;19:40:00;FONTOURA XAVIER;Conversão proibida;Colisão traseira;Com Vítimas Feridas;Plena Noite;Crescente;Céu Claro;Simples;"Reta;Em Obras";-2.900.916;-5.233.663
25/10/2024;17:40:00;CURRAIS NOVOS;Conversão proibida;Colisão lateral mesmo sentido;Com Vítimas Feridas;Anoitecer;Crescente;Céu Claro;Simples;"Em Obras;Reta;Aclive";-6.277.897;-3.653.071
25/10/2024;19:30:00;DUQUE DE CAXIAS;Ultrapassagem Indevida;Colisão frontal;Com Vítimas Feridas;Plena Noite;Decrescente;Céu Claro;Simples;"Reta;Aclive";-2.262.897.902;-4.328.579.508
25/10/2024;23:00:00;SETE LAGOAS;Iluminação deficiente;Saída de leito carroçável;Com Vítimas Feridas;Plena Noite;Decrescente;Nublado;Dupla;"Reta;Retorno Regulamentado";-1.958.183.697;-4.422.853.982
25/10/2024;17:30:00;GENERAL CARNEIRO;Velocidade Incompatível;Saída de leito carroçável;Com Vítimas Feridas;Anoitecer;Decrescente;Nublado;Simples;Curva;-1.557.465.975;-5.287.862.957
25/10/2024;20:25:00;POCONE;Ultrapassagem Indevida;Colisão traseira;Com Vítimas Feridas;Plena Noite;Crescente;Nublado;Simples;Curva;-1.585.031.847;-5.681.319.617
25/10/2024;21:00:00;LARANJEIRAS DO SUL;Acumulo de areia ou detritos sobre o pavimento;Colisão com objeto;Com Vítimas Feridas;Plena Noite;Crescente;Céu Claro;Simples;"Reta;Declive";-2.529.929.877;-5.231.376.171
25/10/2024;22:30:00;MARINGA;Manobra de mudança de faixa;Colisão traseira;Com Vítimas Feridas;Plena Noite;Crescente;Céu Claro;Dupla;Reta;-2.341.430.102;-5.194.984.299
25/10/2024;07:20:00;NITEROI;Velocidade Incompatível;Colisão lateral mesmo sentido;Com Vítimas Feridas;Pleno dia;Decrescente;Céu Claro;Simples;Reta;-2.285.411.774;-431.018.014
26/10/2024;07:02:00;SAO JOAO DE MERITI;Acumulo de areia ou detritos sobre o pavimento;Queda de ocupante de veículo;Com Vítimas Feridas;Pleno dia;Decrescente;Céu Claro;Dupla;Reta;-2.279.810.324;-4.335.726.614
26/10/2024;06:30:00;URUACU;Ultrapassagem Indevida;Colisão frontal;Com Vítimas Feridas;Amanhecer;Crescente;Céu Claro;Simples;Declive;-1.447.879;-49.154.713
26/10/2024;08:00:00;BALNEARIO CAMBORIU;Velocidade Incompatível;Colisão lateral mesmo sentido;Com Vítimas Feridas;Pleno dia;Crescente;Céu Claro;Dupla;Reta;-2.700.218;-48.636.433
26/10/2024;07:00:00;CAXIAS;Velocidade Incompatível;Colisão traseira;Com Vítimas Feridas;Pleno dia;Crescente;Céu Claro;Simples;Reta;-4.917.819;-43.208.576
26/10/2024;07:50:00;SAO JOSE DOS PINHAIS;Manobra de mudança de faixa;Saída de leito carroçável;Com Vítimas Feridas;Pleno dia;Decrescente;Céu Claro;Dupla;Reta;-2.556.730.763;-4.923.706.792
26/10/2024;09:50:00;ITAPEMA;Manobra de mudança de faixa;Colisão lateral mesmo sentido;Com Vítimas Feridas;Pleno dia;Crescente;Céu Claro;Dupla;Reta;-270.732.659;-4.859.672.716
26/10/2024;10:40:00;SAO GONCALO DO AMARANTE;Velocidade Incompatível;Colisão traseira;Com Vítimas Fatais;Pleno dia;Decrescente;Céu Claro;Dupla;Reta;-576.172.663;-3.529.115.323
26/10/2024;07:50:00;CAREIRO;Pista esburacada;Colisão lateral mesmo sentido;Com Vítimas Feridas;Pleno dia;Crescente;Céu Claro;Simples;Reta;-381.102;-603.419
26/10/2024;09:45:00;CATUJI;Demais falhas na via;Tombamento;Com Vítimas Feridas;Pleno dia;Decrescente;Céu Claro;Simples;"Curva;Em Obras";-1.741.543.302;-4.151.420.574
26/10/2024;09:30:00;TEIXEIRA DE FREITAS;Ultrapassagem Indevida;Colisão frontal;Com Vítimas Feridas;Pleno dia;Crescente;Céu Claro;Simples;"Reta;Aclive";-1.758.553.983;-3.974.107.631