data_inversa;horario;municipio;causa_acidente;tipo_acidente;classificacao_acidente;fase_dia;sentido_via;condicao_metereologica;tipo_pista;tracado_via;latitude;longitude
26/10/2024;10:40:00;PELOTAS;Velocidade Incompatível;Colisão com objeto;Com Vítimas Feridas;Pleno dia;Crescente;Céu Claro;Simples;"Curva;Viaduto";-3.174.853.677;-5.240.231.256
14/07/2024;21:50:00;GOVERNADOR VALADARES;Ultrapassagem Indevida;Colisão frontal;Com Vítimas Fatais;Plena Noite;Crescente;Céu Claro;Simples;Reta;-18.732.496;-4.198.694.203
26/10/2024;12:30:00;MOSSORO;Acesso irregular;Colisão transversal;Com Vítimas Feridas;Pleno dia;Crescente;Céu Claro;Dupla;Reta;-519.170.196;-37.361.471
12/09/2024;16:30:00;CAMPO LARGO;Velocidade Incompatível;Colisão traseira;Com Vítimas Feridas;Pleno dia;Decrescente;Céu Claro;Dupla;Reta;-2.543.749.337;-4.944.500.975
26/10/2024;12:50:00;RECIFE;Velocidade Incompatível;Colisão traseira;Com Vítimas Feridas;Pleno dia;Crescente;Céu Claro;Dupla;"Reta;Em Obras";-8.076.543;-34.972.336
26/10/2024;13:15:00;IMPERATRIZ;Conversão proibida;Colisão frontal;Com Vítimas Feridas;Pleno dia;Crescente;Céu Claro;Simples;Reta;-5.481.554;-47.472.092
26/10/2024;13:16:00;PETROPOLIS;Acesso irregular;Colisão lateral mesmo sentido;Com Vítimas Feridas;Pleno dia;Decrescente;Céu Claro;Dupla;Reta;-2.243.082.088;-4.316.858.622
26/10/2024;14:00:00;CALDAS;Velocidade Incompatível;Saída de leito carroçável;Sem Vítimas;Pleno dia;Decrescente;Sol;Simples;"Curva;Aclive";-21.819.128;-46.460.755
26/10/2024;16:30:00;COLATINA;Desrespeitar a preferência no cruzamento;Colisão transversal;Com Vítimas Feridas;Pleno dia;Decrescente;Céu Claro;Simples;Reta;-1.952.753.463;-4.069.869.585
26/10/2024;17:40:00;SAO LEOPOLDO;Acumulo de areia ou detritos sobre o pavimento;Tombamento;Com Vítimas Feridas;Pleno dia;Crescente;Céu Claro;Múltipla;Curva;-2.979.148.798;-5.116.399.615
26/10/2024;16:00:00;PETROPOLIS;Velocidade Incompatível;Saída de leito carroçável;Com Vítimas Feridas;Pleno dia;Crescente;Nublado;Dupla;Reta;-2.258.585.204;-4.327.716.391
26/10/2024;18:10:00;SANTOS DUMONT;Ultrapassagem Indevida;Colisão lateral mesmo sentido;Com Vítimas Feridas;Plena Noite;Decrescente;Nublado;Simples;Curva;-2.138.296.999;-4.357.033.542
26/10/2024;12:15:00;MANGARATIBA;Velocidade Incompatível;Saída de leito carroçável;Com Vítimas Feridas;Pleno dia;Crescente;Céu Claro;Simples;"Curva;Declive";-2.299.332.083;-4.409.244.699
26/10/2024;16:23:00;UIRAUNA;Ultrapassagem Indevida;Colisão lateral sentido oposto;Com Vítimas Feridas;Pleno dia;Crescente;Céu Claro;Simples;"Curva;Ponte";-6.514.012;-38.414.757
26/10/2024;18:00:00;ITATIAIA;Acumulo de água sobre o pavimento;Colisão com objeto;Com Vítimas Feridas;Anoitecer;Decrescente;Garoa/Chuvisco;Dupla;Reta;-2.245.998.766;-4.446.237.202
26/10/2024;18:05:00;UBAPORANGA;Animais na Pista;Atropelamento de Animal;Com Vítimas Feridas;Plena Noite;Decrescente;Nublado;Simples;Reta;-1.966.982.696;-4.211.737.633
26/10/2024;18:15:00;CAJAZEIRAS;Animais na Pista;Atropelamento de Animal;Com Vítimas Feridas;Plena Noite;Decrescente;Céu Claro;Simples;"Reta;Em Obras";-68.979;-385.233
26/10/2024;19:30:00;JOAO NEIVA;Conversão proibida;Colisão transversal;Com Vítimas Feridas;Plena Noite;Decrescente;Céu Claro;Simples;Reta;-1.974.948.916;-4.037.922.678
26/10/2024;18:05:00;SAPUCAIA;Acesso irregular;Colisão transversal;Com Vítimas Feridas;Plena Noite;Decrescente;Céu Claro;Simples;"Reta;Interseção de Vias";-2.188.729;-4.269.728
26/10/2024;15:00:00;PONTES E LACERDA;Chuva;Colisão traseira;Com Vítimas Feridas;Pleno dia;Crescente;Chuva;Simples;Reta;-1.528.974.853;-5.927.750.967
26/10/2024;19:50:00;RECIFE;Manobra de mudança de faixa;Colisão traseira;Com Vítimas Feridas;Plena Noite;Decrescente;Céu Claro;Dupla;Reta;-8.126.982;-3.494.386
26/10/2024;19:59:00;ALAGOINHAS;Animais na Pista;Atropelamento de Animal;Sem Vítimas;Pleno dia;Decrescente;Céu Claro;Simples;Curva;-1.222.473.097;-3.841.208.625
26/10/2024;17:55:00;FERVEDOURO;Conversão proibida;Colisão transversal;Com Vítimas Feridas;Anoitecer;Crescente;Nublado;Simples;Rotatória;-2.071.848.513;-4.227.851.814
26/10/2024;21:40:00;CASCAVEL;Acesso irregular;Colisão lateral mesmo sentido;Com Vítimas Feridas;Pleno dia;Crescente;Céu Claro;Dupla;Reta;-2.490.777.101;-5.353.495.392
26/10/2024;14:50:00;RIO DE JANEIRO;Manobra de mudança de faixa;Colisão traseira;Com Vítimas Feridas;Pleno dia;Crescente;Céu Claro;Simples;"Retorno Regulamentado;Reta";-228.765.463;-4.361.463.385
26/10/2024;23:00:00;BRASILIA;Velocidade Incompatível;Colisão traseira;Sem Vítimas;Plena Noite;Decrescente;Nublado;Dupla;Reta;-15.581.634;-47.531.307
26/10/2024;23:00:00;PETROPOLIS;Pista Escorregadia;Saída de leito carroçável;Com Vítimas Feridas;Plena Noite;Crescente;Chuva;Dupla;"Curva;Declive";-2.252.145.512;-4.323.707.996
26/10/2024;23:50:00;EUNAPOLIS;Acesso irregular;Tombamento;Com Vítimas Feridas;Plena Noite;Crescente;Céu Claro;Simples;Reta;-1.637.369.469;-3.958.099.365
27/10/2024;03:00:00;BIGUACU;Animais na Pista;Atropelamento de Animal;Sem Vítimas;Plena Noite;Crescente;Céu Claro;Dupla;Reta;-2.752.658.712;-4.863.506.019
26/10/2024;22:30:00;SAPUCAIA;Velocidade Incompatível;Saída de leito carroçável;Com Vítimas Feridas;Plena Noite;Decrescente;Nublado;Simples;Reta;-2.196.975.292;-4.287.664.106
27/10/2024;05:05:00;CONDE;Acumulo de água sobre o pavimento;Tombamento;Com Vítimas Feridas;Amanhecer;Decrescente;Garoa/Chuvisco;Dupla;"Interseção de Vias;Reta;Rotatória";-725.917.936;-3.493.553.638
27/10/2024;05:30:00;CURITIBA;Velocidade Incompatível;Colisão com objeto;Com Vítimas Feridas;Pleno dia;Decrescente;Céu Claro;Dupla;Curva;-254.275.247;-493.807.631
26/10/2024;18:30:00;COLORADO DO OESTE;Conversão proibida;Colisão transversal;Com Vítimas Feridas;Plena Noite;Crescente;Chuva;Simples;"Aclive;Reta";-1.312.694.915;-6.054.413.734
26/10/2024;22:00:00;SAPUCAIA;Velocidade Incompatível;Saída de leito carroçável;Com Vítimas Feridas;Plena Noite;Crescente;Céu Claro;Simples;Curva;-2.197.476.198;-4.288.418.674
26/10/2024;22:20:00;GOVERNADOR VALADARES;Manobra de mudança de faixa;Colisão lateral mesmo sentido;Com Vítimas Feridas;Plena Noite;Decrescente;Nublado;Dupla;Interseção de Vias;-1.888.102.703;-4.195.910.802
25/10/2024;23:00:00;RIO BONITO;Velocidade Incompatível;Colisão com objeto;Sem Vítimas;Plena Noite;Crescente;Céu Claro;Dupla;Curva;-2.271.367.506;-4.262.052.996
09/07/2024;23:14:00;ITAJAI;Animais na Pista;Queda de ocupante de veículo;Com Vítimas Feridas;Plena Noite;Decrescente;Nublado;Múltipla;Viaduto;-26.895.859;-4.871.903
27/10/2024;06:30:00;CARIDADE;Animais na Pista;Colisão traseira;Com Vítimas Feridas;Pleno dia;Decrescente;Céu Claro;Simples;Reta;-410.360.991;-3.905.907.029
27/10/2024;07:40:00;CARUARU;Manobra de mudança de faixa;Colisão lateral mesmo sentido;Com Vítimas Feridas;Pleno dia;Decrescente;Céu Claro;Dupla;"Reta;Declive";-830.819.677;-3.595.467.594
27/10/2024;08:50:00;ABADIA DE GOIAS;Velocidade Incompatível;Colisão com objeto;Com Vítimas Feridas;Pleno dia;Crescente;Sol;Dupla;"Viaduto;Interseção de Vias";-167.474;-494.238
27/10/2024;08:30:00;JOINVILLE;Manobra de mudança de faixa;Colisão lateral mesmo sentido;Com Vítimas Feridas;Pleno dia;Crescente;Nublado;Múltipla;Reta;-2.643.207.484;-4.882.263.984
27/10/2024;03:30:00;MARECHAL DEODORO;Velocidade Incompatível;Saída de leito carroçável;Sem Vítimas;Plena Noite;Crescente;Ignorado;Simples;"Curva;Declive";-968.587.551;-3.582.075.119
27/10/2024;09:55:00;TERESOPOLIS;Velocidade Incompatível;Colisão com objeto;Com Vítimas Feridas;Pleno dia;Crescente;Chuva;Simples;Curva;-2.242.972.396;-4.295.095.697
27/10/2024;07:30:00;ALVORADA DO NORTE;Chuva;Saída de leito carroçável;Com Vítimas Feridas;Pleno dia;Crescente;Chuva;Simples;Reta;-14.753.579;-46.659.741
27/10/2024;09:40:00;JOINVILLE;Chuva;Colisão com objeto;Com Vítimas Feridas;Pleno dia;Crescente;Chuva;Dupla;Curva;-2.614.793.022;-4.890.894.562
27/10/2024;10:20:00;HORIZONTE;Acesso irregular;Colisão traseira;Com Vítimas Feridas;Pleno dia;Decrescente;Céu Claro;Dupla;Reta;-412.328.084;-3.848.614.261
27/10/2024;12:50:00;SAO JOSE DOS CAMPOS;Manobra de mudança de faixa;Colisão lateral mesmo sentido;Sem Vítimas;Pleno dia;Decrescente;Céu Claro;Dupla;Reta;-2.317.849.879;-4.583.787.411
27/10/2024;13:10:00;LINHARES;Conversão proibida;Colisão transversal;Com Vítimas Feridas;Pleno dia;Crescente;Nublado;Dupla;"Reta;Interseção de Vias";-1.939.619.083;-4.006.435.871
27/10/2024;12:10:00;PETROPOLIS;Chuva;Colisão lateral mesmo sentido;Com Vítimas Feridas;Pleno dia;Decrescente;Nublado;Simples;Curva;-2.247.224.973;-4.322.332.717
27/10/2024;14:30:00;GOVERNADOR MANGABEIRA;Acesso irregular;Colisão frontal;Sem Vítimas;Pleno dia;Crescente;Céu Claro;Simples;"Curva;Interseção de Vias";-126.016.617;-390.502.519
27/10/2024;15:30:00;ESTIVA;Chuva;Saída de leito carroçável;Com Vítimas Feridas;Pleno dia;Crescente;Chuva;Dupla;Curva;-2.243.816.293;-4.598.388.791
27/10/2024;13:30:00;CARATINGA;Sistema de drenagem ineficiente;Tombamento;Com Vítimas Feridas;Pleno dia;Crescente;Chuva;Simples;Reta;-1.981.067.298;-4.213.539.446
27/10/2024;16:15:00;CONSELHEIRO LAFAIETE;Velocidade Incompatível;Colisão frontal;Com Vítimas Feridas;Pleno dia;Crescente;Nublado;Simples;"Reta;Aclive";-2.076.609.086;-4.380.613.242
27/10/2024;16:30:00;ITAGUARA;Velocidade Incompatível;Saída de leito carroçável;Com Vítimas Feridas;Pleno dia;Crescente;Chuva;Dupla;Curva;-2.033.925.907;-4.444.187.736
27/10/2024;16:40:00;ALEXANIA;Velocidade Incompatível;Tombamento;Com Vítimas Feridas;Pleno dia;Crescente;Céu Claro;Dupla;Curva;-16.094.168;-48.517.212
27/10/2024;16:40:00;RIO CASCA;Chuva;Saída de leito carroçável;Com Vítimas Feridas;Pleno dia;Decrescente;Chuva;Simples;Curva;-2.005.797.999;-4.272.123.709
08/09/2024;18:30:00;BOA VISTA DO GURUPI;Manobra de mudança de faixa;Colisão frontal;Com Vítimas Fatais;Anoitecer;Crescente;Céu Claro;Simples;Reta;-1.796.192;-46.309.158
27/10/2024;18:15:00;PARNAIBA;Desrespeitar a preferência no cruzamento;Colisão transversal;Com Vítimas Feridas;Plena Noite;Decrescente;Céu Claro;Dupla;Reta;-2.919.029;-41.754.124
27/10/2024;18:28:00;DUQUE DE CAXIAS;Animais na Pista;Atropelamento de Animal;Com Vítimas Feridas;Plena Noite;Crescente;Chuva;Dupla;Reta;-22.672.089;-43.285.053
27/10/2024;19:10:00;PARNAMIRIM;Manobra de mudança de faixa;Colisão traseira;Com Vítimas Feridas;Plena Noite;Decrescente;Garoa/Chuvisco;Dupla;Reta;-58.993;-35.258.865
27/10/2024;19:00:00;ANGRA DOS REIS;Pista Escorregadia;Colisão com objeto;Com Vítimas Feridas;Plena Noite;Crescente;Chuva;Simples;Curva;-2.302.483.585;-4.450.876.994
27/10/2024;16:30:00;CARATINGA;Pista Escorregadia;Engavetamento;Sem Vítimas;Pleno dia;Decrescente;Chuva;Simples;"Reta;Declive";-19.794.033;-4.213.731.414
27/10/2024;18:55:00;MANHUACU;Velocidade Incompatível;Saída de leito carroçável;Com Vítimas Feridas;Plena Noite;Decrescente;Garoa/Chuvisco;Simples;Curva;-2.028.276.197;-4.220.329.303
27/10/2024;18:50:00;CAMPO GRANDE;Velocidade Incompatível;Saída de leito carroçável;Sem Vítimas;Anoitecer;Crescente;Nublado;Dupla;Rotatória;-2.046.969.097;-547.274.816
27/10/2024;20:45:00;NATAL;Manobra de mudança de faixa;Colisão traseira;Sem Vítimas;Plena Noite;Decrescente;Céu Claro;Dupla;Reta;-5.774.175;-352.578
27/10/2024;22:15:00;FOZ DO IGUACU;Desrespeitar a preferência no cruzamento;Colisão transversal;Sem Vítimas;Plena Noite;Crescente;Céu Claro;Dupla;"Retorno Regulamentado;Reta";-2.550.257.577;-5.453.868.311
27/10/2024;23:10:00;GUARAPARI;Velocidade Incompatível;Tombamento;Com Vítimas Feridas;Plena Noite;Decrescente;Chuva;Simples;Curva;-20.665.676;-40.655.926
27/10/2024;23:50:00;CAMPOS DOS GOYTACAZES;Animais na Pista;Atropelamento de Animal;Com Vítimas Feridas;Plena Noite;Crescente;Nublado;Simples;Curva;-2.181.505.039;-4.139.674.187
28/10/2024;02:35:00;LAGOA SECA;Manobra de mudança de faixa;Colisão frontal;Com Vítimas Feridas;Plena Noite;Decrescente;Céu Claro;Simples;Reta;-720.325.615;-358.752.172
28/10/2024;05:00:00;JOAO PESSOA;Animais na Pista;Atropelamento de Animal;Com Vítimas Feridas;Pleno dia;Crescente;Céu Claro;Dupla;Reta;-71.677;-348.855
28/10/2024;05:10:00;SAO GONCALO DO AMARANTE;Pista Escorregadia;Tombamento;Com Vítimas Feridas;Pleno dia;Crescente;Céu Claro;Simples;Reta;-57.280.941;-3.536.099.113
28/10/2024;06:05:00;APUCARANA;Desrespeitar a preferência no cruzamento;Colisão transversal;Sem Vítimas;Amanhecer;Crescente;Céu Claro;Simples;"Reta;Interseção de Vias";-2.355.911.348;-5.143.832.817
28/10/2024;02:20:00;CANDOI;Manobra de mudança de faixa;Colisão lateral mesmo sentido;Com Vítimas Fatais;Plena Noite;Decrescente;Céu Claro;Simples;Reta;-2.541.765.614;-5.205.764.294
28/10/2024;05:20:00;CONGONHAS;Velocidade Incompatível;Colisão traseira;Sem Vítimas;Pleno dia;Decrescente;Nublado;Simples;"Reta;Aclive";-205.615.888;-4.381.227.278
28/10/2024;06:40:00;MIRADOURO;Chuva;Saída de leito carroçável;Com Vítimas Feridas;Pleno dia;Crescente;Chuva;Simples;Curva;-2.089.732.211;-4.234.378.692
28/10/2024;06:20:00;MURIAE;Chuva;Tombamento;Com Vítimas Feridas;Pleno dia;Crescente;Chuva;Simples;Curva;-2.118.090.432;-4.237.189.531
28/10/2024;07:40:00;CUNHA;Acumulo de areia ou detritos sobre o pavimento;Queda de ocupante de veículo;Com Vítimas Feridas;Pleno dia;Crescente;Céu Claro;Dupla;Reta;-23.0;-45.0
28/10/2024;06:40:00;LAVRAS;Chuva;Saída de leito carroçável;Com Vítimas Feridas;Pleno dia;Crescente;Chuva;Dupla;Curva;-2.134.965.018;-4.517.946.289
28/10/2024;08:00:00;ARAGUARI;Velocidade Incompatível;Saída de leito carroçável;Com Vítimas Feridas;Pleno dia;Crescente;Chuva;Dupla;"Curva;Aclive";-1.862.034.416;-4.811.087.208
28/10/2024;08:34:00;MOSSORO;Manobra de mudança de faixa;Colisão lateral mesmo sentido;Com Vítimas Feridas;Pleno dia;Decrescente;Céu Claro;Múltipla;Rotatória;-516.149.497;-3.735.068.212
27/10/2024;18:00:00;SERRA DO NAVIO;Demais falhas na via;Tombamento;Com Vítimas Feridas;Anoitecer;Decrescente;Céu Claro;Simples;Aclive;0.89236705;-5.208.263.398
28/10/2024;10:50:00;MATEUS LEME;Chuva;Saída de leito carroçável;Com Vítimas Feridas;Pleno dia;Decrescente;Chuva;Dupla;Curva;-19.933.956;-44.393.574
28/10/2024;10:20:00;PETROLINA;Manobra de mudança de faixa;Colisão lateral mesmo sentido;Sem Vítimas;Pleno dia;Crescente;Céu Claro;Dupla;Rotatória;-935.604.301;-4.047.854.198
28/10/2024;09:37:00;BARRA DO TURVO;Chuva;Colisão com objeto;Com Vítimas Feridas;Pleno dia;Crescente;Chuva;Dupla;"Aclive;Curva";-2.497.245.688;-4.839.976.606
28/10/2024;07:15:00;CRISTALINA;Chuva;Colisão lateral sentido oposto;Com Vítimas Feridas;Pleno dia;Crescente;Chuva;Dupla;Reta;-169.309;-477.117
28/10/2024;11:50:00;PALHOCA;Acesso irregular;Colisão transversal;Com Vítimas Feridas;Pleno dia;Decrescente;Céu Claro;Simples;Reta;-27.665.707;-48.688.065
28/10/2024;12:20:00;POUSO ALEGRE;Acesso irregular;Colisão lateral mesmo sentido;Com Vítimas Feridas;Pleno dia;Decrescente;Nublado;Dupla;Interseção de Vias;-2.223.996.297;-4.588.092.828
28/10/2024;09:00:00;SAO GONCALO DO AMARANTE;Restrição de visibilidade em curvas verticais;Colisão traseira;Com Vítimas Feridas;Pleno dia;Crescente;Céu Claro;Dupla;Viaduto;-5.774.175;-352.578
28/10/2024;14:15:00;SAO MIGUEL DO IGUACU;Desrespeitar a preferência no cruzamento;Colisão transversal;Com Vítimas Feridas;Pleno dia;Crescente;Céu Claro;Dupla;Retorno Regulamentado;-2.534.377.452;-5.422.446.208
28/10/2024;13:30:00;PORTO VELHO;Manobra de mudança de faixa;Colisão lateral mesmo sentido;Com Vítimas Feridas;Pleno dia;Decrescente;Céu Claro;Múltipla;"Reta;Interseção de Vias";-875.801.825;-6.388.627.052
28/10/2024;10:30:00;SANTO ANTONIO DO AMPARO;Chuva;Colisão com objeto;Com Vítimas Feridas;Pleno dia;Decrescente;Chuva;Dupla;Curva;-2.089.141.186;-448.525.565
28/10/2024;16:20:00;BARBACENA;Chuva;Colisão com objeto;Com Vítimas Feridas;Pleno dia;Crescente;Chuva;Dupla;Curva;-2.126.985.953;-4.365.005.493
28/10/2024;15:10:00;BETIM;Chuva;Colisão traseira;Com Vítimas Feridas;Pleno dia;Crescente;Chuva;Dupla;Reta;-1.996.216.513;-4.416.346.396
28/10/2024;15:30:00;ITAPERUNA;Velocidade Incompatível;Saída de leito carroçável;Com Vítimas Feridas;Pleno dia;Crescente;Chuva;Simples;Curva;-2.134.906.796;-417.137.759
28/10/2024;17:45:00;AQUIRAZ;Afundamento ou ondulação no pavimento;Tombamento;Com Vítimas Feridas;Plena Noite;Crescente;Céu Claro;Dupla;"Reta;Aclive";-402.676.186;-3.851.392.889
28/10/2024;17:50:00;FORTALEZA;Manobra de mudança de faixa;Colisão lateral mesmo sentido;Com Vítimas Feridas;Anoitecer;Crescente;Céu Claro;Múltipla;Reta;-376.568.241;-3.851.836.681
28/10/2024;18:30:00;SIMOES FILHO;Manobra de mudança de faixa;Colisão lateral mesmo sentido;Com Vítimas Feridas;Plena Noite;Decrescente;Céu Claro;Dupla;Reta;-1.283.798.396;-3.841.427.011
28/10/2024;17:35:00;SINOP;Desrespeitar a preferência no cruzamento;Queda de ocupante de veículo;Com Vítimas Feridas;Anoitecer;Crescente;Céu Claro;Dupla;"Reta;Retorno Regulamentado";-1.205.864;-5.551.743.619
28/10/2024;20:00:00;VALPARAISO DE GOIAS;Manobra de mudança de faixa;Colisão traseira;Com Vítimas Feridas;Plena Noite;Crescente;Céu Claro;Dupla;Reta;-16.100.814;-47.977.351
28/10/2024;19:00:00;CONGONHAS;Chuva;Tombamento;Com Vítimas Feridas;Plena Noite;Decrescente;Chuva;Simples;Reta;-2.054.255.219;-43.820.858
11/10/2024;16:00:00;PARANAIGUARA;Acumulo de água sobre o pavimento;Tombamento;Com Vítimas Feridas;Pleno dia;Crescente;Chuva;Simples;Rotatória;-1.892.555;-50.654.079
28/10/2024;19:00:00;SEABRA;Deficiência do Sistema de Iluminação/Sinalização;Colisão frontal;Com Vítimas Feridas;Anoitecer;Decrescente;Céu Claro;Simples;"Rotatória;Reta;Interseção de Vias";-12.427.427;-4.177.020.288
28/10/2024;21:20:00;BELEM DE SAO FRANCISCO;Animais na Pista;Atropelamento de Animal;Sem Vítimas;Plena Noite;Crescente;Céu Claro;Simples;Reta;-872.271.296;-3.896.267.576
29/10/2024;00:50:00;APARECIDA DE GOIANIA;Chuva;Tombamento;Com Vítimas Feridas;Plena Noite;Decrescente;Chuva;Dupla;Reta;-168.067;-492.394
29/10/2024;01:00:00;MURICI;Conversão proibida;Colisão transversal;Com Vítimas Feridas;Plena Noite;Decrescente;Céu Claro;Simples;Reta;-931.312.007;-3.593.329.509
29/10/2024;05:50:00;CONCEICAO DO CASTELO;Velocidade Incompatível;Saída de leito carroçável;Com Vítimas Feridas;Amanhecer;Crescente;Chuva;Simples;Reta;-203.080.662;-4.123.900.652
28/10/2024;19:00:00;SAO GERALDO DO ARAGUAIA;Ultrapassagem Indevida;Colisão lateral sentido oposto;Com Vítimas Feridas;Plena Noite;Crescente;Céu Claro;Simples;Reta;-6.247.045;-48.601.635
29/10/2024;06:20:00;CAMPO LARGO;Velocidade Incompatível;Colisão traseira;Com Vítimas Feridas;Pleno dia;Crescente;Nublado;Dupla;Reta;-2.543.543;-4.953.042
29/10/2024;07:30:00;SERRA;Chuva;Tombamento;Com Vítimas Feridas;Pleno dia;Crescente;Chuva;Dupla;Curva;-2.022.662.056;-4.027.075.088
29/10/2024;08:00:00;RIO DO SUL;Desrespeitar a preferência no cruzamento;Colisão transversal;Com Vítimas Feridas;Pleno dia;Crescente;Nublado;Simples;Reta;-27.235.138;-49.677.608
29/10/2024;08:25:00;PARNAIBA;Frear bruscamente;Colisão traseira;Sem Vítimas;Pleno dia;Decrescente;Céu Claro;Simples;Reta;-310.381.452;-4.182.524.798
27/10/2024;22:00:00;PERDOES;Chuva;Colisão com objeto;Sem Vítimas;Plena Noite;Decrescente;Chuva;Simples;Curva;-2.120.030.689;-4.511.944.438
29/10/2024;08:15:00;RIO DE JANEIRO;Manobra de mudança de faixa;Colisão traseira;Com Vítimas Feridas;Pleno dia;Crescente;Céu Claro;Dupla;Reta;-2.288.537.839;-4.364.965.688
29/10/2024;07:20:00;JOINVILLE;Velocidade Incompatível;Colisão traseira;Com Vítimas Feridas;Pleno dia;Decrescente;Nublado;Dupla;"Declive;Reta";-2.628.215.489;-4.888.973.081
29/10/2024;10:30:00;RIO DO SUL;Velocidade Incompatível;Colisão lateral mesmo sentido;Sem Vítimas;Pleno dia;Decrescente;Nublado;Simples;Reta;-27.174.187;-49.588.497
29/10/2024;11:00:00;GUAPIMIRIM;Frear bruscamente;Colisão traseira;Com Vítimas Feridas;Pleno dia;Decrescente;Nublado;Simples;Reta;-2.266.434.888;-4.300.014.505
29/10/2024;12:30:00;UBERLANDIA;Velocidade Incompatível;Saída de leito carroçável;Com Vítimas Feridas;Pleno dia;Crescente;Chuva;Dupla;Curva;-1.881.603.099;-4.825.003.475
29/10/2024;12:50:00;ARUJA;Manobra de mudança de faixa;Colisão lateral mesmo sentido;Com Vítimas Feridas;Pleno dia;Crescente;Nublado;Dupla;Reta;-2.341.475.243;-4.636.600.788
29/10/2024;13:10:00;ANAPOLIS;Acesso irregular;Colisão lateral mesmo sentido;Com Vítimas Feridas;Pleno dia;Crescente;Céu Claro;Dupla;Reta;-16.353;-489.178
29/10/2024;13:05:00;FEIRA DE SANTANA;Acesso irregular;Colisão lateral sentido oposto;Com Vítimas Feridas;Pleno dia;Crescente;Céu Claro;Simples;Reta;-12.258.195;-38.932.182
29/10/2024;13:40:00;JEQUITAI;Velocidade Incompatível;Saída de leito carroçável;Com Vítimas Feridas;Pleno dia;Decrescente;Chuva;Simples;Reta;-1.721.442.312;-4.456.049.104
29/10/2024;11:10:00;CHAPECO;Manobra de mudança de faixa;Colisão lateral mesmo sentido;Com Vítimas Feridas;Pleno dia;Decrescente;Céu Claro;Dupla;"Curva;Declive";-2.704.656.607;-5.263.577.131
29/10/2024;14:40:00;SAO JOAO DE MERITI;Ultrapassagem Indevida;Colisão lateral mesmo sentido;Com Vítimas Feridas;Pleno dia;Crescente;Céu Claro;Múltipla;Reta;-2.279.423.806;-4.336.403.759
29/10/2024;15:00:00;SANTA LUZIA;Conversão proibida;Colisão transversal;Com Vítimas Feridas;Pleno dia;Crescente;Nublado;Simples;Curva;-1.984.164.036;-4.386.232.683
29/10/2024;14:00:00;PATOS;Manobra de mudança de faixa;Colisão transversal;Com Vítimas Feridas;Pleno dia;Crescente;Céu Claro;Simples;"Reta;Declive";-70.185.995;-3.726.078
29/10/2024;14:55:00;JEQUITAI;Velocidade Incompatível;Saída de leito carroçável;Com Vítimas Feridas;Pleno dia;Crescente;Chuva;Simples;"Reta;Aclive";-1.716.499.801;-4.441.819.599
18/08/2024;18:40:00;MURIAE;Acumulo de areia ou detritos sobre o pavimento;Tombamento;Com Vítimas Feridas;Plena Noite;Crescente;Nublado;Simples;Reta;-211.253.716;-4.238.283.288
29/10/2024;10:38:00;AGUA BOA;Velocidade Incompatível;Colisão traseira;Com Vítimas Feridas;Pleno dia;Decrescente;Céu Claro;Simples;Reta;-1.398.723.775;-5.213.976.931
29/10/2024;09:30:00;CANDEIAS;Manobra de mudança de faixa;Saída de leito carroçável;Sem Vítimas;Pleno dia;Crescente;Céu Claro;Dupla;Reta;-1.267.291.202;-3.846.908.411
29/10/2024;17:30:00;SEABRA;Desrespeitar a preferência no cruzamento;Colisão transversal;Com Vítimas Feridas;Pleno dia;Crescente;Céu Claro;Simples;"Rotatória;Reta";-1.242.981.176;-4.178.832.603
29/10/2024;17:50:00;MARQUES DE SOUZA;Manobra de mudança de faixa;Colisão lateral mesmo sentido;Com Vítimas Feridas;Pleno dia;Decrescente;Céu Claro;Dupla;"Reta;Aclive";-2.938.822;-52.043.156
29/10/2024;18:50:00;VITORIA DA CONQUISTA;Conversão proibida;Colisão com objeto;Com Vítimas Feridas;Plena Noite;Decrescente;Céu Claro;Simples;"Reta;Viaduto";-1.489.273.987;-408.664.602
29/10/2024;19:05:00;GLORIA DE DOURADOS;Ausência de sinalização;Colisão traseira;Com Vítimas Fatais;Plena Noite;Crescente;Céu Claro;Simples;Reta;-2.245.063.308;-5.424.667.178
29/10/2024;19:50:00;LORENA;Acesso irregular;Colisão lateral mesmo sentido;Com Vítimas Feridas;Plena Noite;Decrescente;Céu Claro;Dupla;"Retorno Regulamentado;Rotatória";-2.275.255.433;-4.510.741.076
29/10/2024;19:30:00;PARATY;Animais na Pista;Atropelamento de Animal;Com Vítimas Feridas;Plena Noite;Crescente;Garoa/Chuvisco;Simples;Reta;-2.313.149.696;-4.470.949.387
29/10/2024;21:10:00;LINHARES;Manobra de mudança de faixa;Colisão lateral mesmo sentido;Com Vítimas Feridas;Plena Noite;Decrescente;Nublado;Dupla;"Reta;Interseção de Vias";-1.944.596.035;-4.009.435.048
29/10/2024;20:00:00;CUIABA;Manobra de mudança de faixa;Colisão lateral mesmo sentido;Com Vítimas Feridas;Plena Noite;Decrescente;Céu Claro;Dupla;"Aclive;Reta";-156.485.564;-5.600.345.135
29/10/2024;18:00:00;SAO GONCALO;Frear bruscamente;Queda de ocupante de veículo;Com Vítimas Feridas;Plena Noite;Crescente;Céu Claro;Dupla;Reta;-2.278.069.318;-4.296.706.396
29/10/2024;21:14:00;CAXIAS DO SUL;Velocidade Incompatível;Tombamento;Com Vítimas Fatais;Plena Noite;Decrescente;Céu Claro;Dupla;"Curva;Aclive";-2.918.095.347;-5.116.545.868