data_inversa;horario;municipio;causa_acidente;tipo_acidente;classificacao_acidente;fase_dia;sentido_via;condicao_metereologica;tipo_pista;tracado_via;latitude;longitude
29/10/2024;21:00:00;CAJATI;Acumulo de areia ou detritos sobre o pavimento;Queda de ocupante de veículo;Com Vítimas Feridas;Plena Noite;Decrescente;Céu Claro;Dupla;Reta;-2.472.231.195;-48.062.511
29/10/2024;21:00:00;CONSELHEIRO LAFAIETE;Conversão proibida;Colisão frontal;Com Vítimas Feridas;Plena Noite;Crescente;Nublado;Simples;Reta;-206.435.141;-4.381.173.134
29/10/2024;20:50:00;PIRIPIRI;Animais na Pista;Atropelamento de Animal;Com Vítimas Feridas;Plena Noite;Crescente;Céu Claro;Simples;Reta;-4.249.616;-41.764.942
29/10/2024;22:50:00;NOVO HAMBURGO;Estacionar ou parar em local proibido;Colisão traseira;Com Vítimas Feridas;Plena Noite;Crescente;Céu Claro;Múltipla;Reta;-2.967.839.398;-511.422.266
29/10/2024;22:45:00;FERVEDOURO;Chuva;Colisão lateral sentido oposto;Com Vítimas Fatais;Plena Noite;Crescente;Chuva;Simples;Curva;-2.071.966.546;-4.227.820.527
29/10/2024;18:10:00;NOSSA SENHORA DO SOCORRO;Pista Escorregadia;Queda de ocupante de veículo;Com Vítimas Feridas;Plena Noite;Decrescente;Céu Claro;Simples;Curva;-1.088.051.024;-3.713.355.535
29/10/2024;16:38:00;SORRISO;Acumulo de água sobre o pavimento;Capotamento;Com Vítimas Feridas;Pleno dia;Decrescente;Chuva;Simples;"Reta;Declive";-1.223.131.272;-5.554.481.506
30/10/2024;00:54:00;DUQUE DE CAXIAS;Demais falhas na via;Tombamento;Com Vítimas Feridas;Plena Noite;Decrescente;Céu Claro;Dupla;Reta;-2.265.737.709;-4.324.724.694
30/10/2024;06:18:00;NOVA IGUACU;Acesso irregular;Engavetamento;Com Vítimas Feridas;Pleno dia;Decrescente;Céu Claro;Dupla;Reta;-227.380.709;-4.348.213.999
30/10/2024;07:30:00;VITORIA DA CONQUISTA;Velocidade Incompatível;Tombamento;Com Vítimas Feridas;Pleno dia;Crescente;Nublado;Simples;Reta;-1.489.039;-40.817.068
30/10/2024;07:45:00;AMELIA RODRIGUES;Acumulo de areia ou detritos sobre o pavimento;Tombamento;Com Vítimas Feridas;Pleno dia;Crescente;Céu Claro;Dupla;"Declive;Reta";-1.242.569.708;-3.873.745.605
30/10/2024;07:55:00;LUZIANIA;Animais na Pista;Atropelamento de Animal;Sem Vítimas;Pleno dia;Decrescente;Nublado;Dupla;Interseção de Vias;-16.266.185;-47.888.241
30/10/2024;07:50:00;APARECIDA DE GOIANIA;Velocidade Incompatível;Colisão traseira;Com Vítimas Feridas;Pleno dia;Decrescente;Céu Claro;Múltipla;Reta;-168.156;-492.402
30/10/2024;10:00:00;BARRA DO RIBEIRO;Manobra de mudança de faixa;Colisão lateral mesmo sentido;Com Vítimas Feridas;Pleno dia;Decrescente;Céu Claro;Dupla;Reta;-3.028.157.609;-5.141.240.974
30/10/2024;08:45:00;SAO JOSE DOS CAMPOS;Manobra de mudança de faixa;Colisão traseira;Com Vítimas Feridas;Pleno dia;Crescente;Céu Claro;Dupla;Reta;-2.316.577.714;-4.581.246.193
30/10/2024;11:05:00;SAO LOURENCO DA SERRA;Manobra de mudança de faixa;Colisão transversal;Sem Vítimas;Pleno dia;Decrescente;Sol;Dupla;Reta;-23.790.858;-4.691.450.298
27/10/2024;06:10:00;DUQUE DE CAXIAS;Pista Escorregadia;Engavetamento;Com Vítimas Feridas;Pleno dia;Crescente;Céu Claro;Dupla;"Aclive;Retorno Regulamentado";-2.266.476.979;-4.328.495.144
30/10/2024;12:00:00;IJUI;Modificação proibida;Colisão transversal;Com Vítimas Feridas;Pleno dia;Crescente;Céu Claro;Simples;Curva;-2.840.723.678;-5.390.035.272
26/10/2024;18:50:00;ITABORAI;Conversão proibida;Colisão lateral sentido oposto;Com Vítimas Feridas;Plena Noite;Crescente;Chuva;Dupla;Reta;-2.276.398.788;-4.292.731.895
30/10/2024;10:00:00;PETROPOLIS;Pista Escorregadia;Queda de ocupante de veículo;Com Vítimas Feridas;Pleno dia;Decrescente;Nublado;Simples;"Curva;Aclive";-2.252.850.694;-432.349.802
30/10/2024;14:10:00;RIO GRANDE;Velocidade Incompatível;Colisão traseira;Com Vítimas Feridas;Pleno dia;Crescente;Céu Claro;Simples;Reta;-32.416.332;-52.562.019
30/10/2024;14:50:00;SAO JOSE;Acesso irregular;Colisão transversal;Com Vítimas Feridas;Pleno dia;Crescente;Nublado;Dupla;Interseção de Vias;-2.761.000.542;-4.863.895.057
10/10/2024;21:00:00;SANTA MARIA;Acumulo de areia ou detritos sobre o pavimento;Tombamento;Com Vítimas Feridas;Plena Noite;Crescente;Chuva;Simples;Rotatória;-2.971.459.407;-5.380.917.907
30/10/2024;14:07:00;FEIRA DE SANTANA;Acesso irregular;Colisão transversal;Com Vítimas Feridas;Pleno dia;Crescente;Céu Claro;Simples;Reta;-12.248.945;-38.933.625
30/10/2024;15:30:00;ANGRA DOS REIS;Acesso irregular;Colisão transversal;Com Vítimas Feridas;Pleno dia;Crescente;Céu Claro;Simples;"Retorno Regulamentado;Reta";-2.300.442.922;-4.423.009.579
30/10/2024;15:15:00;SAO JOSE DOS PINHAIS;Manobra de mudança de faixa;Colisão lateral mesmo sentido;Com Vítimas Feridas;Pleno dia;Decrescente;Céu Claro;Dupla;Reta;-254.832.839;-4.919.148.445
30/10/2024;15:40:00;NITEROI;Manobra de mudança de faixa;Colisão lateral mesmo sentido;Com Vítimas Feridas;Pleno dia;Decrescente;Céu Claro;Dupla;Curva;-2.286.981.096;-4.311.046.465
30/10/2024;16:15:00;LUZIANIA;Chuva;Tombamento;Com Vítimas Feridas;Pleno dia;Decrescente;Chuva;Simples;"Reta;Aclive";-16.360.287;-47.830.487
30/10/2024;16:56:00;RIO GRANDE;Manobra de mudança de faixa;Colisão traseira;Com Vítimas Feridas;Pleno dia;Crescente;Céu Claro;Dupla;Curva;-3.208.573.295;-5.219.690.099
30/10/2024;17:20:00;RIBEIRAO DAS NEVES;Manobra de mudança de faixa;Colisão lateral mesmo sentido;Com Vítimas Feridas;Pleno dia;Crescente;Nublado;Dupla;Reta;-1.980.151.928;-4.410.000.333
30/10/2024;16:58:00;MACAIBA;Manobra de mudança de faixa;Colisão traseira;Com Vítimas Feridas;Anoitecer;Crescente;Céu Claro;Dupla;Reta;-587.657.067;-3.530.647.289
30/10/2024;18:30:00;CARUARU;Animais na Pista;Atropelamento de Animal;Com Vítimas Feridas;Plena Noite;Crescente;Céu Claro;Dupla;Reta;-83.016;-359.882
30/10/2024;14:40:00;BOCA DO ACRE;Manobra de mudança de faixa;Colisão lateral mesmo sentido;Com Vítimas Feridas;Pleno dia;Crescente;Céu Claro;Simples;Reta;-903.767.992;-6.721.531.883
30/10/2024;18:30:00;SIMOES FILHO;Acesso irregular;Atropelamento de Pedestre;Com Vítimas Feridas;Plena Noite;Decrescente;Céu Claro;Dupla;Reta;-1.282.931.703;-3.841.113.193
30/10/2024;18:40:00;VITORIA DA CONQUISTA;Iluminação deficiente;Colisão frontal;Com Vítimas Feridas;Plena Noite;Crescente;Céu Claro;Simples;"Declive;Reta";-14.851;-408.485
30/10/2024;18:40:00;SERRA;Demais falhas na via;Queda de ocupante de veículo;Com Vítimas Feridas;Plena Noite;Crescente;Chuva;Dupla;Reta;-2.022.029.207;-4.029.048.811
30/10/2024;19:00:00;CAXIAS DO SUL;Manobra de mudança de faixa;Colisão lateral mesmo sentido;Com Vítimas Feridas;Plena Noite;Crescente;Céu Claro;Dupla;Reta;-29.168.428;-51.158.337
30/10/2024;18:15:00;FEIRA DE SANTANA;Manobra de mudança de faixa;Colisão frontal;Com Vítimas Feridas;Plena Noite;Decrescente;Céu Claro;Simples;Reta;-1.223.098.007;-3.896.101.401
30/10/2024;17:45:00;CHAPECO;Velocidade Incompatível;Colisão frontal;Com Vítimas Feridas;Pleno dia;Decrescente;Céu Claro;Simples;Curva;-26.961.639;-52.763.805
30/10/2024;18:20:00;PASSO FUNDO;Manobra de mudança de faixa;Colisão transversal;Com Vítimas Feridas;Anoitecer;Decrescente;Céu Claro;Simples;Reta;-28.229.494;-52.441.837
30/10/2024;18:30:00;PICOS;Conversão proibida;Colisão traseira;Com Vítimas Feridas;Plena Noite;Crescente;Céu Claro;Simples;Reta;-707.959.049;-4.144.975.182
30/10/2024;21:28:00;CORDILHEIRA ALTA;Ultrapassagem Indevida;Colisão lateral sentido oposto;Com Vítimas Feridas;Plena Noite;Crescente;Nublado;Simples;Reta;-2.699.627.542;-5.263.973.057
30/10/2024;17:50:00;CACERES;Velocidade Incompatível;Saída de leito carroçável;Com Vítimas Feridas;Pleno dia;Decrescente;Sol;Simples;Reta;-1.604.148.578;-5.725.884.017
30/10/2024;23:45:00;BRASILIA;Velocidade Incompatível;Capotamento;Sem Vítimas;Plena Noite;Decrescente;Céu Claro;Dupla;Reta;-1.599.435;-47.985.947
31/10/2024;01:35:00;ITAITINGA;Velocidade Incompatível;Colisão com objeto;Com Vítimas Feridas;Plena Noite;Crescente;Céu Claro;Dupla;Reta;-400.202.799;-3.851.692.006
30/10/2024;23:00:00;SINOP;Animais na Pista;Atropelamento de Animal;Sem Vítimas;Plena Noite;Crescente;Garoa/Chuvisco;Simples;Reta;-1.160.508.849;-5.542.866.837
31/10/2024;02:55:00;UBAPORANGA;Velocidade Incompatível;Queda de ocupante de veículo;Com Vítimas Feridas;Plena Noite;Crescente;Nublado;Simples;Reta;-1.966.095.102;-4.211.695.495
31/10/2024;05:40:00;ARAUCARIA;Pista Escorregadia;Saída de leito carroçável;Com Vítimas Feridas;Amanhecer;Crescente;Nublado;Simples;Reta;-25.622.871;-49.447.582
05/09/2024;13:15:00;RIO DE JANEIRO;Manobra de mudança de faixa;Colisão lateral mesmo sentido;Com Vítimas Feridas;Pleno dia;Crescente;Céu Claro;Múltipla;Reta;-22.867.662;-43.195.337
31/10/2024;06:50:00;PORTO ALEGRE;Ultrapassagem Indevida;Colisão lateral mesmo sentido;Com Vítimas Feridas;Pleno dia;Crescente;Céu Claro;Dupla;Curva;-29.968.412;-51.117.138
31/10/2024;06:40:00;SAO JOSE;Manobra de mudança de faixa;Colisão traseira;Com Vítimas Feridas;Pleno dia;Crescente;Céu Claro;Múltipla;Reta;-275.650.044;-4.861.460.082
31/10/2024;07:00:00;PARNAIBA;Desrespeitar a preferência no cruzamento;Colisão transversal;Com Vítimas Feridas;Pleno dia;Crescente;Céu Claro;Simples;Curva;-290.124;-41.680.931
31/10/2024;07:10:00;PARNAMIRIM;Acostamento em desnível;Queda de ocupante de veículo;Com Vítimas Feridas;Pleno dia;Decrescente;Céu Claro;Múltipla;Reta;-592.693.596;-3.526.463.863
31/10/2024;06:27:00;SANTA ROSA;Manobra de mudança de faixa;Colisão frontal;Com Vítimas Feridas;Pleno dia;Decrescente;Céu Claro;Simples;Reta;-2.785.850.042;-5.450.104.006
31/10/2024;06:50:00;MAGE;Velocidade Incompatível;Tombamento;Com Vítimas Feridas;Pleno dia;Decrescente;Céu Claro;Dupla;Curva;-2.265.949.914;-4.311.671.944
26/10/2024;20:20:00;GOIANIA;Chuva;Colisão com objeto;Com Vítimas Feridas;Plena Noite;Crescente;Chuva;Dupla;Reta;-166.854;-492.338
31/10/2024;06:30:00;SAO BORJA;Acesso irregular;Atropelamento de Pedestre;Com Vítimas Feridas;Pleno dia;Decrescente;Céu Claro;Simples;Curva;-2.878.293.939;-5.577.677.828
15/10/2024;17:30:00;GOVERNADOR VALADARES;Frear bruscamente;Colisão traseira;Com Vítimas Feridas;Pleno dia;Crescente;Céu Claro;Dupla;"Reta;Declive";-1.888.141.581;-4.195.887.879
31/10/2024;07:45:00;BALSAS;Desrespeitar a preferência no cruzamento;Colisão transversal;Com Vítimas Feridas;Pleno dia;Decrescente;Céu Claro;Simples;Reta;-7.520.964;-46.050.709
31/10/2024;08:40:00;COLOMBO;Frear bruscamente;Engavetamento;Com Vítimas Feridas;Pleno dia;Crescente;Nublado;Dupla;"Reta;Aclive";-253.874;-491.774
31/10/2024;08:40:00;FORTALEZA;Acumulo de areia ou detritos sobre o pavimento;Queda de ocupante de veículo;Com Vítimas Feridas;Pleno dia;Decrescente;Céu Claro;Dupla;Reta;-386.973.356;-3.849.827.361
31/10/2024;08:00:00;BALNEARIO CAMBORIU;Manobra de mudança de faixa;Colisão lateral mesmo sentido;Com Vítimas Feridas;Pleno dia;Crescente;Céu Claro;Múltipla;Reta;-2.699.936;-4.864.609
31/10/2024;06:15:00;BONFIM;Velocidade Incompatível;Saída de leito carroçável;Com Vítimas Fatais;Amanhecer;Decrescente;Céu Claro;Simples;Reta;321.936.404;-6.014.666.005
31/10/2024;03:30:00;BERTOLINIA;Manobra de mudança de faixa;Colisão lateral mesmo sentido;Com Vítimas Feridas;Plena Noite;Crescente;Ignorado;Simples;Reta;-759.836.588;-4.396.415.758
31/10/2024;09:00:00;DOURADOS;Desrespeitar a preferência no cruzamento;Colisão transversal;Com Vítimas Feridas;Pleno dia;Crescente;Céu Claro;Simples;Interseção de Vias;-2.222.300.006;-5.466.789.607
21/08/2024;19:40:00;MINEIROS;Deficiência do Sistema de Iluminação/Sinalização;Colisão traseira;Sem Vítimas;Plena Noite;Crescente;Céu Claro;Simples;Reta;-17.392.626;-52.971.909
31/10/2024;12:00:00;BETIM;Manobra de mudança de faixa;Colisão lateral mesmo sentido;Sem Vítimas;Pleno dia;Crescente;Céu Claro;Dupla;"Curva;Interseção de Vias";-1.998.738.744;-441.988.821
31/10/2024;11:50:00;TEOFILO OTONI;Desrespeitar a preferência no cruzamento;Colisão transversal;Com Vítimas Feridas;Pleno dia;Decrescente;Nublado;Múltipla;"Rotatória;Retorno Regulamentado;Interseção de Vias";-17.851.327;-41.514.475
29/10/2024;21:45:00;CONTAGEM;Curva acentuada;Colisão com objeto;Sem Vítimas;Plena Noite;Não Informado;Ignorado;Simples;"Curva;Declive";-1.995.533.629;-4.402.506.709
31/10/2024;11:50:00;MAGE;Ultrapassagem Indevida;Colisão lateral sentido oposto;Com Vítimas Feridas;Pleno dia;Crescente;Nublado;Simples;Reta;-2.266.364;-43.036.495
20/10/2024;11:00:00;BALSA NOVA;Velocidade Incompatível;Colisão com objeto;Com Vítimas Feridas;Pleno dia;Crescente;Céu Claro;Dupla;Curva;-2.544.117.905;-4.974.854.529
31/10/2024;16:15:00;LINS;Chuva;Colisão lateral sentido oposto;Com Vítimas Fatais;Pleno dia;Decrescente;Chuva;Simples;"Viaduto;Reta";-21.667.327;-49.789.767
31/10/2024;16:20:00;CABEDELO;Conversão proibida;Colisão lateral mesmo sentido;Com Vítimas Feridas;Pleno dia;Crescente;Céu Claro;Dupla;"Reta;Em Obras";-70.355;-348.429
31/10/2024;16:30:00;CAMPINA GRANDE DO SUL;Chuva;Colisão com objeto;Com Vítimas Feridas;Pleno dia;Crescente;Chuva;Dupla;Reta;-25.156.168;-488.613.401
31/10/2024;16:54:00;BRASILIA;Velocidade Incompatível;Saída de leito carroçável;Sem Vítimas;Pleno dia;Decrescente;Garoa/Chuvisco;Dupla;Curva;-15.583.027;-47.367.081
31/10/2024;17:20:00;IMBITUBA;Velocidade Incompatível;Saída de leito carroçável;Com Vítimas Feridas;Pleno dia;Crescente;Céu Claro;Simples;Reta;-2.814.644.701;-4.869.204.746
31/10/2024;16:45:00;ARAQUARI;Desrespeitar a preferência no cruzamento;Colisão transversal;Com Vítimas Feridas;Pleno dia;Crescente;Céu Claro;Simples;Reta;-2.637.724.921;-4.871.953.282
31/10/2024;17:45:00;CURRAIS NOVOS;Ultrapassagem Indevida;Colisão lateral mesmo sentido;Com Vítimas Feridas;Anoitecer;Crescente;Céu Claro;Simples;Reta;-627.437.411;-3.652.358.233
31/10/2024;18:05:00;PALHOCA;Manobra de mudança de faixa;Colisão traseira;Com Vítimas Feridas;Anoitecer;Decrescente;Céu Claro;Múltipla;Reta;-2.765.981.409;-4.867.747.798
31/10/2024;18:55:00;SENHOR DO BONFIM;Ultrapassagem Indevida;Colisão frontal;Com Vítimas Feridas;Plena Noite;Crescente;Céu Claro;Simples;Reta;-104.558.193;-4.018.119.143
31/10/2024;18:40:00;CAXIAS DO SUL;Acesso irregular;Colisão transversal;Com Vítimas Feridas;Anoitecer;Decrescente;Céu Claro;Simples;"Reta;Interseção de Vias";-2.919.074.818;-5.118.073.734
31/10/2024;15:50:00;JOINVILLE;Desrespeitar a preferência no cruzamento;Colisão transversal;Com Vítimas Feridas;Pleno dia;Crescente;Nublado;Simples;Reta;-2.617.483.309;-4.890.767.978
31/10/2024;17:15:00;SAO JOSE DOS CAMPOS;Ultrapassagem Indevida;Colisão lateral mesmo sentido;Com Vítimas Feridas;Pleno dia;Decrescente;Sol;Múltipla;Reta;-2.322.620.401;-4.590.682.999
31/10/2024;16:33:00;COLORADO DO OESTE;Ultrapassagem Indevida;Colisão lateral mesmo sentido;Com Vítimas Feridas;Pleno dia;Decrescente;Céu Claro;Simples;"Interseção de Vias;Reta;Aclive";-1.312.694.915;-6.054.413.734
31/10/2024;19:10:00;SAO JOSE DO CERRITO;Animais na Pista;Atropelamento de Animal;Sem Vítimas;Plena Noite;Crescente;Céu Claro;Simples;"Reta;Declive";-2.774.229.532;-5.051.110.268
31/10/2024;21:10:00;ANGRA DOS REIS;Conversão proibida;Colisão transversal;Com Vítimas Feridas;Plena Noite;Crescente;Garoa/Chuvisco;Simples;Reta;-229.609.111;-444.382.966
31/10/2024;22:30:00;AMAPA;Fumaça;Saída de leito carroçável;Com Vítimas Feridas;Plena Noite;Crescente;Céu Claro;Simples;Curva;211.804.413;-5.088.947.296
31/10/2024;23:00:00;MANGARATIBA;Pista Escorregadia;Queda de ocupante de veículo;Com Vítimas Feridas;Plena Noite;Crescente;Chuva;Simples;Curva;-2.292.769.078;-4.397.265.811
01/11/2024;00:25:00;RIO DO SUL;Velocidade Incompatível;Saída de leito carroçável;Sem Vítimas;Plena Noite;Decrescente;Garoa/Chuvisco;Simples;"Reta;Interseção de Vias";-2.717.844.481;-4.959.447.384
01/11/2024;00:10:00;ITAJAI;Velocidade Incompatível;Colisão traseira;Com Vítimas Feridas;Plena Noite;Crescente;Céu Claro;Dupla;Reta;-269.043.179;-4.871.555.481
31/10/2024;22:00:00;VENTANIA;Desrespeitar a preferência no cruzamento;Saída de leito carroçável;Com Vítimas Feridas;Plena Noite;Decrescente;Céu Claro;Simples;Reta;-2.426.867.958;-5.025.086.403
31/10/2024;18:24:00;NOVA SOURE;Manobra de mudança de faixa;Colisão frontal;Com Vítimas Feridas;Anoitecer;Decrescente;Céu Claro;Simples;Reta;-1.120.244.386;-3.849.322.057
01/11/2024;08:35:00;CANOAS;Acesso irregular;Colisão traseira;Com Vítimas Feridas;Pleno dia;Decrescente;Céu Claro;Múltipla;Reta;-29.870.408;-51.179.909
01/11/2024;07:35:00;MARINGA;Demais falhas na via;Queda de ocupante de veículo;Com Vítimas Feridas;Pleno dia;Crescente;Céu Claro;Dupla;Curva;-2.343.093.813;-5.188.718.319
01/11/2024;09:00:00;SEROPEDICA;Deficiência do Sistema de Iluminação/Sinalização;Colisão frontal;Com Vítimas Feridas;Pleno dia;Crescente;Sol;Simples;Reta;-22.810.925;-43.631.504
01/11/2024;07:54:00;RIO DO SUL;Conversão proibida;Colisão transversal;Com Vítimas Feridas;Pleno dia;Decrescente;Céu Claro;Simples;"Reta;Interseção de Vias";-27.174.187;-49.588.497
01/11/2024;08:45:00;NOVA SANTA RITA;Manobra de mudança de faixa;Colisão lateral mesmo sentido;Com Vítimas Feridas;Pleno dia;Crescente;Céu Claro;Simples;Reta;-29.850.487;-51.266.758
01/11/2024;08:30:00;SAO PAULO;Velocidade Incompatível;Saída de leito carroçável;Com Vítimas Feridas;Pleno dia;Decrescente;Céu Claro;Dupla;Curva;-2.337.730.702;-4.656.418.383
01/11/2024;09:00:00;CAETE;Velocidade Incompatível;Saída de leito carroçável;Com Vítimas Feridas;Pleno dia;Decrescente;Céu Claro;Dupla;Curva;-1.978.689.918;-4.368.435.144
01/11/2024;09:40:00;SAO JOSE DOS PINHAIS;Manobra de mudança de faixa;Saída de leito carroçável;Sem Vítimas;Pleno dia;Decrescente;Nublado;Dupla;"Reta;Aclive";-2.548.954.287;-4.911.201.617
01/11/2024;10:30:00;BARRA MANSA;Velocidade Incompatível;Colisão traseira;Com Vítimas Feridas;Pleno dia;Decrescente;Sol;Dupla;Reta;-2.248.279.212;-4.425.963.807
01/11/2024;10:30:00;SOORETAMA;Conversão proibida;Colisão traseira;Com Vítimas Feridas;Pleno dia;Decrescente;Nublado;Simples;Reta;-1.916.834.502;-4.008.717.096
01/11/2024;08:30:00;BETIM;Manobra de mudança de faixa;Colisão lateral mesmo sentido;Com Vítimas Feridas;Pleno dia;Crescente;Céu Claro;Dupla;Reta;-2.003.146.447;-442.377.893
01/11/2024;08:40:00;BOM JESUS;Manobra de mudança de faixa;Colisão lateral mesmo sentido;Sem Vítimas;Pleno dia;Crescente;Céu Claro;Dupla;"Retorno Regulamentado;Reta";-907.531.116;-4.435.476.699
01/11/2024;11:50:00;GUARULHOS;Manobra de mudança de faixa;Colisão traseira;Com Vítimas Feridas;Pleno dia;Decrescente;Céu Claro;Múltipla;Reta;-2.347.559.815;-465.246.609
18/10/2024;14:51:00;SAO JOSE;Manobra de mudança de faixa;Colisão lateral mesmo sentido;Com Vítimas Feridas;Pleno dia;Crescente;Nublado;Múltipla;Curva;-2.758.313.237;-4.861.532.885
01/11/2024;12:30:00;GUARAI;Conversão proibida;Colisão lateral mesmo sentido;Com Vítimas Feridas;Pleno dia;Decrescente;Nublado;Simples;Reta;-894.384.509;-4.850.359.317
01/11/2024;11:30:00;ACEGUA;Desrespeitar a preferência no cruzamento;Colisão lateral sentido oposto;Sem Vítimas;Pleno dia;Decrescente;Céu Claro;Simples;Interseção de Vias;-3.164.446.968;-5.415.135.746
01/11/2024;14:00:00;DUQUE DE CAXIAS;Manobra de mudança de faixa;Colisão com objeto;Com Vítimas Feridas;Pleno dia;Crescente;Sol;Dupla;Reta;-2.279.083.113;-4.328.611.569
01/11/2024;14:35:00;TOLEDO;Desrespeitar a preferência no cruzamento;Colisão transversal;Com Vítimas Feridas;Pleno dia;Crescente;Sol;Dupla;Retorno Regulamentado;-2.477.200.613;-5.368.452.072
01/11/2024;15:30:00;CRISTALINA;Ultrapassagem Indevida;Colisão frontal;Com Vítimas Feridas;Pleno dia;Crescente;Nublado;Simples;"Reta;Em Obras";-16.652.003;-47.734.946
28/10/2024;15:00:00;MAGE;Falta de acostamento;Atropelamento de Pedestre;Com Vítimas Feridas;Pleno dia;Crescente;Céu Claro;Dupla;Reta;-2.263.509.742;-4.305.577.963
01/11/2024;17:10:00;VOLTA REDONDA;Conversão proibida;Colisão transversal;Com Vítimas Feridas;Pleno dia;Crescente;Céu Claro;Simples;Reta;-2.248.082.784;-4.404.047.201
17/08/2024;15:30:00;CARIACICA;Desrespeitar a preferência no cruzamento;Colisão transversal;Com Vítimas Feridas;Pleno dia;Decrescente;Céu Claro;Múltipla;"Aclive;Rotatória";-2.029.755.744;-4.039.445.616
01/11/2024;17:40:00;ITAJAI;Manobra de mudança de faixa;Colisão lateral mesmo sentido;Com Vítimas Feridas;Pleno dia;Decrescente;Nublado;Dupla;Curva;-2.695.312;-4.867.944.293
01/11/2024;18:18:00;BRASILIA;Ultrapassagem Indevida;Capotamento;Com Vítimas Feridas;Anoitecer;Crescente;Céu Claro;Simples;"Reta;Aclive";-15.943.965;-47.783.104
01/11/2024;15:45:00;RIO DE JANEIRO;Manobra de mudança de faixa;Colisão lateral mesmo sentido;Com Vítimas Feridas;Pleno dia;Decrescente;Céu Claro;Múltipla;Reta;-2.286.939.305;-43.175.642
01/11/2024;17:35:00;FRANCISCO SA;Velocidade Incompatível;Saída de leito carroçável;Com Vítimas Fatais;Anoitecer;Decrescente;Nublado;Simples;Curva;-1.664.971.316;-4.371.299.785
18/10/2024;16:20:00;APARECIDA DO TABOADO;Velocidade Incompatível;Colisão com objeto;Com Vítimas Feridas;Pleno dia;Crescente;Céu Claro;Simples;Curva;-2.022.969.007;-5.132.610.668
01/11/2024;18:45:00;NOVA OLINDA;Iluminação deficiente;Colisão traseira;Com Vítimas Feridas;Plena Noite;Decrescente;Céu Claro;Simples;Ponte;-765.727.299;-4.842.637.682
01/11/2024;19:20:00;SANTA ROSA DO SUL;Manobra de mudança de faixa;Colisão transversal;Com Vítimas Feridas;Plena Noite;Decrescente;Ignorado;Dupla;Reta;-2.912.959.329;-4.968.678.391
01/11/2024;19:15:00;DIVINO;Acesso irregular;Colisão frontal;Com Vítimas Feridas;Plena Noite;Crescente;Céu Claro;Simples;"Interseção de Vias;Reta";-2.060.412.902;-4.221.017.095
01/11/2024;19:40:00;FEIRA DE SANTANA;Conversão proibida;Colisão transversal;Com Vítimas Feridas;Plena Noite;Decrescente;Céu Claro;Simples;Reta;-122.417.119;-3.893.768.485
01/11/2024;19:00:00;RIO DE JANEIRO;Ausência de sinalização;Tombamento;Com Vítimas Feridas;Plena Noite;Não Informado;Céu Claro;Dupla;Curva;-2.295.739.554;-4.317.759.991
01/11/2024;19:45:00;PRANCHITA;Ultrapassagem Indevida;Colisão frontal;Com Vítimas Feridas;Plena Noite;Crescente;Céu Claro;Simples;Curva;-26.033.714;-53.734.662
01/11/2024;20:30:00;POCOS DE CALDAS;Frear bruscamente;Colisão traseira;Com Vítimas Feridas;Plena Noite;Crescente;Nublado;Simples;"Curva;Aclive";-2.177.602.272;-4.643.264.723
01/11/2024;20:10:00;ITUIUTABA;Velocidade Incompatível;Saída de leito carroçável;Com Vítimas Feridas;Plena Noite;Crescente;Ignorado;Simples;Curva;-18.917.248;-49.413.386
01/11/2024;19:50:00;RIO DE JANEIRO;Manobra de mudança de faixa;Colisão com objeto;Com Vítimas Feridas;Plena Noite;Não Informado;Céu Claro;Dupla;Reta;-22.877.462;-4.324.135
01/11/2024;22:40:00;NOVA ESPERANCA;Frear bruscamente;Colisão com objeto;Com Vítimas Feridas;Plena Noite;Decrescente;Chuva;Dupla;"Reta;Aclive";-2.324.847;-52.168.648
01/11/2024;19:30:00;PARATY;Estacionar ou parar em local proibido;Colisão traseira;Com Vítimas Feridas;Plena Noite;Crescente;Céu Claro;Simples;Curva;-2.333.014.711;-4.473.594.359
01/11/2024;15:50:00;CANAPOLIS;Velocidade Incompatível;Saída de leito carroçável;Com Vítimas Feridas;Pleno dia;Decrescente;Ignorado;Dupla;Reta;-18.757.389;-49.077.199
01/11/2024;23:50:00;CURITIBA;Animais na Pista;Atropelamento de Animal;Sem Vítimas;Pleno dia;Crescente;Nublado;Dupla;Reta;-2.555.953.326;-4.926.560.414
01/11/2024;23:35:00;CAMPINA GRANDE;Conversão proibida;Colisão transversal;Com Vítimas Feridas;Plena Noite;Crescente;Céu Claro;Simples;Reta;-725.677.951;-3.592.833.281
02/11/2024;00:45:00;BENTO GONCALVES;Velocidade Incompatível;Colisão frontal;Com Vítimas Feridas;Plena Noite;Crescente;Céu Claro;Simples;"Em Obras;Curva;Aclive";-2.918.977.138;-515.218.395
02/11/2024;03:20:00;PALHOCA;Chuva;Saída de leito carroçável;Sem Vítimas;Plena Noite;Decrescente;Chuva;Dupla;Reta;-2.766.779.034;-4.867.393.586