data_inversa;horario;municipio;causa_acidente;tipo_acidente;classificacao_acidente;fase_dia;sentido_via;condicao_metereologica;tipo_pista;tracado_via;latitude;longitude
04/11/2024;16:20:00;BARRA DO TURVO;Pista Escorregadia;Queda de ocupante de veículo;Com Vítimas Feridas;Pleno dia;Crescente;Garoa/Chuvisco;Dupla;"Curva;Declive";-2.491.273.105;-4.825.307.091
04/11/2024;16:50:00;RECIFE;Manobra de mudança de faixa;Colisão lateral mesmo sentido;Sem Vítimas;Pleno dia;Decrescente;Céu Claro;Dupla;Reta;-802.855;-3.494.286
04/11/2024;15:25:00;OLIVEIRA;Velocidade Incompatível;Saída de leito carroçável;Com Vítimas Feridas;Pleno dia;Crescente;Chuva;Dupla;Curva;-2.073.685.024;-4.477.237.701
04/11/2024;17:30:00;PALHOCA;Manobra de mudança de faixa;Colisão lateral mesmo sentido;Com Vítimas Feridas;Anoitecer;Crescente;Chuva;Simples;Reta;-2.765.184.843;-4.867.604.941
04/11/2024;14:30:00;CAJATI;Pista Escorregadia;Queda de ocupante de veículo;Com Vítimas Feridas;Pleno dia;Crescente;Chuva;Simples;Curva;-2.478.228.753;-4.817.695.233
04/11/2024;16:00:00;RIO NEGRO;Ultrapassagem Indevida;Tombamento;Com Vítimas Feridas;Pleno dia;Crescente;Nublado;Simples;Reta;-2.602.155.422;-4.967.567.373
04/11/2024;17:50:00;SAO JOSE DOS CAMPOS;Manobra de mudança de faixa;Colisão lateral mesmo sentido;Com Vítimas Feridas;Anoitecer;Decrescente;Nublado;Dupla;Reta;-2.315.300.766;-4.578.709.317
04/11/2024;18:05:00;SAO GONCALO DO AMARANTE;Manobra de mudança de faixa;Colisão traseira;Com Vítimas Feridas;Plena Noite;Decrescente;Nublado;Dupla;"Aclive;Reta";-575.872.063;-3.529.921.986
04/11/2024;13:15:00;SANTO ANTONIO DO SUDOESTE;Animais na Pista;Atropelamento de Animal;Com Vítimas Feridas;Pleno dia;Crescente;Céu Claro;Simples;"Curva;Declive";-260.925.361;-5.371.267.234
04/11/2024;18:59:00;SOORETAMA;Animais na Pista;Atropelamento de Animal;Com Vítimas Feridas;Plena Noite;Decrescente;Chuva;Dupla;Reta;-19.193.953;-400.951
04/11/2024;20:05:00;BIGUACU;Velocidade Incompatível;Colisão com objeto;Com Vítimas Feridas;Plena Noite;Crescente;Chuva;Dupla;Curva;-2.747.730.273;-4.864.127.329
04/11/2024;19:30:00;CAJATI;Acumulo de água sobre o pavimento;Colisão com objeto;Com Vítimas Feridas;Plena Noite;Crescente;Chuva;Dupla;Curva;-2.473.097.634;-4.809.815.591
04/11/2024;18:10:00;CAPIM GROSSO;Velocidade Incompatível;Colisão com objeto;Com Vítimas Feridas;Plena Noite;Decrescente;Céu Claro;Simples;Rotatória;-1.137.435.828;-4.000.808.716
04/11/2024;18:20:00;CEREJEIRAS;Desrespeitar a preferência no cruzamento;Colisão transversal;Com Vítimas Feridas;Anoitecer;Crescente;Nublado;Dupla;"Reta;Interseção de Vias";-1.318.900.762;-6.081.408.358
04/11/2024;20:47:00;AIURUOCA;Velocidade Incompatível;Saída de leito carroçável;Com Vítimas Feridas;Plena Noite;Decrescente;Chuva;Simples;Curva;-2.193.458.245;-4.457.561.505
04/11/2024;21:35:00;BIGUACU;Pista Escorregadia;Saída de leito carroçável;Com Vítimas Feridas;Plena Noite;Decrescente;Chuva;Dupla;Curva;-2.747.730.273;-4.864.127.329
04/11/2024;20:35:00;ANTONINA;Velocidade Incompatível;Saída de leito carroçável;Com Vítimas Feridas;Plena Noite;Decrescente;Chuva;Dupla;"Declive;Curva";-2.511.120.693;-48.753.174
04/11/2024;20:50:00;GUARULHOS;Manobra de mudança de faixa;Colisão lateral mesmo sentido;Com Vítimas Feridas;Plena Noite;Crescente;Nublado;Múltipla;Reta;-2.346.472.809;-4.649.793.962
04/11/2024;22:08:00;PARATY;Acumulo de água sobre o pavimento;Saída de leito carroçável;Com Vítimas Feridas;Plena Noite;Crescente;Chuva;Simples;Rotatória;-2.322.279.168;-4.473.349.571
04/11/2024;20:20:00;CURITIBA;Velocidade Incompatível;Saída de leito carroçável;Com Vítimas Feridas;Plena Noite;Decrescente;Garoa/Chuvisco;Dupla;Reta;-2.549.317.991;-4.934.370.776
04/11/2024;22:30:00;SENADOR JOSE BENTO;Pista Escorregadia;Tombamento;Com Vítimas Feridas;Plena Noite;Crescente;Chuva;Simples;Reta;-22.144.335;-46.131.512
04/11/2024;22:35:00;PETROPOLIS;Chuva;Saída de leito carroçável;Com Vítimas Feridas;Plena Noite;Crescente;Chuva;Dupla;Curva;-2.223.901.593;-4.310.807.783
04/11/2024;23:10:00;PETROPOLIS;Chuva;Saída de leito carroçável;Com Vítimas Feridas;Plena Noite;Crescente;Chuva;Simples;Curva;-2.248.485.874;-4.322.843.406
04/11/2024;23:40:00;ALEXANIA;Chuva;Saída de leito carroçável;Com Vítimas Feridas;Plena Noite;Crescente;Chuva;Dupla;"Curva;Declive";-161.417;-485.988
04/11/2024;23:40:00;GUAJARA-MIRIM;Animais na Pista;Atropelamento de Animal;Sem Vítimas;Plena Noite;Decrescente;Céu Claro;Simples;Reta;-10.420.012;-65.334.305
05/11/2024;01:30:00;SAO FRANCISCO DE GOIAS;Acumulo de água sobre o pavimento;Saída de leito carroçável;Com Vítimas Feridas;Plena Noite;Decrescente;Chuva;Simples;Reta;-15.868.184;-49.255.489
05/11/2024;07:10:00;UBATUBA;Pista Escorregadia;Tombamento;Com Vítimas Feridas;Pleno dia;Crescente;Garoa/Chuvisco;Simples;Reta;-23.429.897;-45.082.436
04/11/2024;22:00:00;MOSSORO;Desrespeitar a preferência no cruzamento;Colisão transversal;Com Vítimas Feridas;Plena Noite;Crescente;Céu Claro;Simples;Declive;-519.386.547;-3.738.052.995
05/11/2024;07:15:00;ALEXANIA;Chuva;Saída de leito carroçável;Com Vítimas Feridas;Pleno dia;Crescente;Chuva;Dupla;"Declive;Reta";-160.963;-485.202
04/11/2024;19:35:00;ITAPERUNA;Ultrapassagem Indevida;Colisão frontal;Com Vítimas Feridas;Plena Noite;Crescente;Chuva;Simples;"Curva;Aclive";-2.117.942.978;-4.195.030.689
05/11/2024;07:00:00;CANDEIAS;Acesso irregular;Colisão lateral mesmo sentido;Com Vítimas Feridas;Pleno dia;Decrescente;Chuva;Dupla;Reta;-12.712.465;-38.454.855
05/11/2024;07:50:00;CAXIAS DO SUL;Manobra de mudança de faixa;Colisão lateral mesmo sentido;Com Vítimas Feridas;Pleno dia;Decrescente;Céu Claro;Dupla;Reta;-29.168.428;-51.158.337
05/11/2024;07:35:00;DUQUE DE CAXIAS;Manobra de mudança de faixa;Colisão lateral mesmo sentido;Com Vítimas Feridas;Pleno dia;Crescente;Céu Claro;Múltipla;Reta;-2.278.185.499;-4.328.571.273
05/11/2024;09:00:00;SAO PAULO;Manobra de mudança de faixa;Colisão lateral mesmo sentido;Com Vítimas Feridas;Pleno dia;Crescente;Nublado;Dupla;Reta;-2.347.469.314;-4.656.112.919
05/11/2024;09:40:00;CAXIAS DO SUL;Manobra de mudança de faixa;Colisão lateral mesmo sentido;Com Vítimas Feridas;Pleno dia;Crescente;Céu Claro;Dupla;"Reta;Interseção de Vias";-2.911.727;-51.115.208
05/11/2024;10:00:00;CAMBIRA;Velocidade Incompatível;Saída de leito carroçável;Com Vítimas Feridas;Pleno dia;Crescente;Garoa/Chuvisco;Dupla;Curva;-2.357.667.294;-5.155.279.908
05/11/2024;11:40:00;VOLTA REDONDA;Manobra de mudança de faixa;Colisão lateral mesmo sentido;Com Vítimas Feridas;Pleno dia;Crescente;Céu Claro;Simples;Curva;-2.247.606.388;-4.404.976.392
05/11/2024;12:30:00;SAO MIGUEL DO IGUACU;Acumulo de água sobre o pavimento;Saída de leito carroçável;Com Vítimas Feridas;Pleno dia;Decrescente;Chuva;Dupla;"Reta;Declive";-253.630.051;-5.425.351.194
05/11/2024;13:20:00;SAO LEOPOLDO;Acesso irregular;Colisão lateral mesmo sentido;Com Vítimas Feridas;Pleno dia;Crescente;Sol;Dupla;"Reta;Em Obras";-2.972.297.087;-5.114.858.729
20/10/2024;21:24:00;RIO BRANCO;Desrespeitar a preferência no cruzamento;Colisão transversal;Com Vítimas Feridas;Plena Noite;Crescente;Céu Claro;Dupla;Rotatória;-996.112.502;-6.785.646.604
05/11/2024;14:00:00;TERESINA;Manobra de mudança de faixa;Colisão traseira;Com Vítimas Feridas;Pleno dia;Decrescente;Céu Claro;Dupla;"Declive;Reta;Interseção de Vias";-5.074.137;-4.273.629
05/11/2024;13:50:00;ESMERALDAS;Chuva;Saída de leito carroçável;Com Vítimas Feridas;Pleno dia;Decrescente;Chuva;Dupla;"Curva;Declive";-19.648.273;-4.420.193
05/11/2024;11:02:00;SERRA TALHADA;Acumulo de areia ou detritos sobre o pavimento;Tombamento;Com Vítimas Feridas;Pleno dia;Crescente;Céu Claro;Simples;Curva;-798.261.841;-3.830.039.606
05/11/2024;14:35:00;ITABAIANA;Desrespeitar a preferência no cruzamento;Colisão transversal;Com Vítimas Feridas;Pleno dia;Decrescente;Sol;Simples;"Retorno Regulamentado;Reta";-10.658.644;-37.448.425
05/11/2024;12:30:00;CACERES;Velocidade Incompatível;Tombamento;Com Vítimas Fatais;Pleno dia;Decrescente;Ignorado;Simples;"Curva;Declive";-16.248.938;-57.473.842
05/11/2024;16:50:00;SIMAO PEREIRA;Velocidade Incompatível;Saída de leito carroçável;Com Vítimas Feridas;Pleno dia;Crescente;Garoa/Chuvisco;Dupla;"Curva;Declive";-219.735.272;-4.328.541.842
05/11/2024;17:20:00;ARACATI;Iluminação deficiente;Colisão transversal;Com Vítimas Feridas;Pleno dia;Decrescente;Céu Claro;Simples;"Retorno Regulamentado;Reta;Em Obras;Rotatória";-457.900.414;-3.777.070.889
05/11/2024;18:20:00;FORTALEZA;Manobra de mudança de faixa;Colisão traseira;Com Vítimas Feridas;Pleno dia;Crescente;Céu Claro;Múltipla;Reta;-384.394.724;-3.849.891.546
21/05/2024;23:10:00;GRAO MOGOL;Velocidade Incompatível;Saída de leito carroçável;Com Vítimas Feridas;Plena Noite;Crescente;Ignorado;Simples;Reta;-1.623.680.778;-4.291.751.713
05/11/2024;19:25:00;AGUA BOA;Velocidade Incompatível;Capotamento;Com Vítimas Feridas;Plena Noite;Crescente;Chuva;Simples;Reta;-1.400.253.804;-5.214.939.588
05/11/2024;19:00:00;NITEROI;Manobra de mudança de faixa;Colisão lateral mesmo sentido;Com Vítimas Feridas;Plena Noite;Decrescente;Céu Claro;Múltipla;Reta;-22.878.923;-43.110.676
05/11/2024;19:20:00;TERESOPOLIS;Animais na Pista;Atropelamento de Animal;Sem Vítimas;Plena Noite;Decrescente;Nublado;Simples;Reta;-2.226.893.308;-4.292.498.182
05/11/2024;19:30:00;EMBU DAS ARTES;Manobra de mudança de faixa;Colisão lateral mesmo sentido;Com Vítimas Feridas;Plena Noite;Crescente;Céu Claro;Dupla;"Reta;Declive";-2.367.784.787;-4.685.769.227
05/11/2024;19:05:00;ARAQUARI;Acesso irregular;Colisão frontal;Com Vítimas Feridas;Plena Noite;Decrescente;Nublado;Simples;Reta;-2.644.572.892;-4.881.862.707
05/11/2024;21:30:00;SALDANHA MARINHO;Desrespeitar a preferência no cruzamento;Colisão transversal;Sem Vítimas;Plena Noite;Crescente;Céu Claro;Simples;Curva;-28.428.135;-53.135.483
05/11/2024;22:45:00;CAMPOS DOS GOYTACAZES;Manobra de mudança de faixa;Colisão lateral mesmo sentido;Com Vítimas Feridas;Plena Noite;Decrescente;Céu Claro;Simples;"Retorno Regulamentado;Reta";-2.172.048.414;-4.131.448.591
05/11/2024;19:30:00;BRASILIA;Acesso irregular;Colisão traseira;Com Vítimas Feridas;Plena Noite;Crescente;Nublado;Dupla;Reta;-15.895.438;-48.104.771
05/11/2024;22:45:00;AMELIA RODRIGUES;Demais falhas na via;Tombamento;Com Vítimas Feridas;Plena Noite;Crescente;Céu Claro;Dupla;Reta;-1.239.033.367;-3.878.485.688
06/11/2024;07:15:00;RECIFE;Manobra de mudança de faixa;Colisão lateral mesmo sentido;Sem Vítimas;Pleno dia;Decrescente;Céu Claro;Dupla;Reta;-8.058.245;-34.946.053
06/11/2024;07:30:00;SERRA;Manobra de mudança de faixa;Colisão lateral mesmo sentido;Com Vítimas Feridas;Pleno dia;Crescente;Nublado;Dupla;Reta;-2.019.930.999;-4.026.884.609
18/10/2024;21:00:00;UNISTALDA;Animais na Pista;Atropelamento de Animal;Com Vítimas Feridas;Plena Noite;Crescente;Céu Claro;Simples;Reta;-2.904.897.786;-55.109.129
06/11/2024;08:55:00;CANOAS;Acesso irregular;Colisão transversal;Com Vítimas Feridas;Pleno dia;Crescente;Céu Claro;Dupla;Reta;-29.896.475;-5.117.593
06/11/2024;09:35:00;CAMBUI;Chuva;Saída de leito carroçável;Com Vítimas Feridas;Pleno dia;Crescente;Garoa/Chuvisco;Múltipla;Curva;-2.271.744.092;-4.612.652.111
06/11/2024;09:20:00;RECIFE;Acumulo de areia ou detritos sobre o pavimento;Tombamento;Com Vítimas Feridas;Pleno dia;Crescente;Nublado;Simples;"Curva;Interseção de Vias";-8.064.473;-34.936.928
06/11/2024;08:40:00;SAO JOSE DOS CAMPOS;Frear bruscamente;Queda de ocupante de veículo;Com Vítimas Feridas;Pleno dia;Crescente;Céu Claro;Dupla;Reta;-2.320.700.047;-4.588.626.861
26/10/2024;03:13:00;NOVO PROGRESSO;Curva acentuada;Saída de leito carroçável;Sem Vítimas;Plena Noite;Decrescente;Ignorado;Simples;Curva;-716.166.992;-5.536.785.289
06/11/2024;10:30:00;CUIABA;Acostamento em desnível;Saída de leito carroçável;Com Vítimas Feridas;Pleno dia;Decrescente;Nublado;Simples;Reta;-1.568.417.515;-5.601.688.385
06/11/2024;10:30:00;SAO LOURENCO DA SERRA;Manobra de mudança de faixa;Colisão traseira;Com Vítimas Feridas;Pleno dia;Decrescente;Nublado;Dupla;"Reta;Declive";-2.382.760.675;-4.692.631.345
10/09/2024;16:45:00;DOM ELISEU;Ultrapassagem Indevida;Colisão frontal;Com Vítimas Feridas;Pleno dia;Decrescente;Sol;Simples;Reta;-428.420.096;-4.755.821.975
06/11/2024;14:10:00;CABEDELO;Demais falhas na via;Queda de ocupante de veículo;Com Vítimas Feridas;Pleno dia;Crescente;Céu Claro;Dupla;Reta;-7.068;-34.85
06/11/2024;11:40:00;PETROPOLIS;Velocidade Incompatível;Tombamento;Com Vítimas Feridas;Pleno dia;Crescente;Céu Claro;Simples;Curva;-225.554.282;-4.325.829.998
06/11/2024;13:40:00;CABEDELO;Manobra de mudança de faixa;Colisão lateral mesmo sentido;Com Vítimas Feridas;Pleno dia;Decrescente;Sol;Dupla;Reta;-70.844;-348.488
20/10/2024;04:44:00;SAO PEDRO DA CIPA;Animais na Pista;Atropelamento de Animal;Com Vítimas Feridas;Amanhecer;Crescente;Céu Claro;Dupla;Reta;-1.601.673.751;-5.490.686.447
06/11/2024;08:20:00;SAO GONCALO;Manobra de mudança de faixa;Colisão lateral mesmo sentido;Com Vítimas Feridas;Pleno dia;Crescente;Céu Claro;Dupla;Reta;-2.278.702.832;-4.299.589.293
06/11/2024;14:00:00;ITAPEMA;Manobra de mudança de faixa;Colisão com objeto;Com Vítimas Feridas;Pleno dia;Crescente;Nublado;Múltipla;Reta;-271.089.649;-4.861.277.586
06/11/2024;18:00:00;CONTAGEM;Manobra de mudança de faixa;Colisão lateral mesmo sentido;Com Vítimas Feridas;Plena Noite;Decrescente;Céu Claro;Múltipla;Declive;-1.995.931.561;-4.408.825.597
06/11/2024;18:45:00;ITABAIANA;Ultrapassagem Indevida;Colisão frontal;Com Vítimas Fatais;Plena Noite;Decrescente;Céu Claro;Simples;Reta;-10.731.889;-37.411.335
06/11/2024;18:00:00;BRASILIA;Manobra de mudança de faixa;Colisão lateral mesmo sentido;Com Vítimas Feridas;Plena Noite;Crescente;Nublado;Dupla;"Declive;Reta";-15.670.546;-47.816.044
06/11/2024;19:10:00;ESTIVA;Velocidade Incompatível;Colisão com objeto;Com Vítimas Feridas;Plena Noite;Crescente;Nublado;Dupla;"Curva;Declive";-224.596.808;-4.601.004.481
06/11/2024;19:10:00;RIO CASCA;Animais na Pista;Atropelamento de Animal;Com Vítimas Feridas;Plena Noite;Crescente;Céu Claro;Simples;Reta;-2.019.372.593;-4.268.466.292
06/11/2024;19:00:00;FLORIANOPOLIS;Manobra de mudança de faixa;Colisão lateral mesmo sentido;Com Vítimas Feridas;Plena Noite;Crescente;Chuva;Múltipla;Reta;-2.759.845;-48.571.995
06/11/2024;17:15:00;DUQUE DE CAXIAS;Manobra de mudança de faixa;Colisão lateral mesmo sentido;Com Vítimas Feridas;Anoitecer;Decrescente;Céu Claro;Múltipla;"Reta;Aclive";-2.279.083.113;-4.328.611.569
06/11/2024;19:30:00;PORTO REAL;Pista Escorregadia;Queda de ocupante de veículo;Com Vítimas Feridas;Plena Noite;Decrescente;Chuva;Simples;Reta;-2.245.083.254;-4.433.823.701
06/11/2024;17:10:00;SAO FRANCISCO DO BREJAO;Ultrapassagem Indevida;Colisão lateral mesmo sentido;Com Vítimas Feridas;Plena Noite;Crescente;Céu Claro;Simples;Reta;-5.140.039;-47.543.011
06/11/2024;20:15:00;BRASILIA;Chuva;Queda de ocupante de veículo;Com Vítimas Feridas;Plena Noite;Crescente;Chuva;Dupla;Reta;-15.985.532;-47.987.747
06/11/2024;21:00:00;SALVADOR;Pista esburacada;Queda de ocupante de veículo;Com Vítimas Feridas;Plena Noite;Decrescente;Céu Claro;Múltipla;Reta;-1.289.820.999;-3.845.012.202
06/11/2024;20:30:00;MACAIBA;Velocidade Incompatível;Saída de leito carroçável;Com Vítimas Feridas;Plena Noite;Decrescente;Céu Claro;Simples;Curva;-588.956.382;-3.548.954.405
06/11/2024;21:50:00;IRUPI;Ultrapassagem Indevida;Colisão frontal;Com Vítimas Feridas;Plena Noite;Crescente;Nublado;Simples;Reta;-2.029.551.627;-4.170.587.605
08/07/2024;15:10:00;SENA MADUREIRA;Afundamento ou ondulação no pavimento;Capotamento;Com Vítimas Feridas;Pleno dia;Crescente;Céu Claro;Simples;Reta;-941.479.213;-6.842.338.814
06/11/2024;18:18:00;JI-PARANA;Manobra de mudança de faixa;Colisão lateral mesmo sentido;Com Vítimas Feridas;Anoitecer;Decrescente;Nublado;Dupla;Retorno Regulamentado;-10.934.878;-6.192.951.078
06/11/2024;22:00:00;BARRO ALTO;Ultrapassagem Indevida;Colisão frontal;Com Vítimas Feridas;Plena Noite;Decrescente;Nublado;Simples;"Curva;Aclive";-1.494.053.135;-4.893.957.138
07/11/2024;01:30:00;BIGUACU;Acumulo de água sobre o pavimento;Tombamento;Com Vítimas Feridas;Plena Noite;Crescente;Chuva;Simples;"Reta;Interseção de Vias";-2.753.413.705;-4.863.003.205
07/11/2024;02:00:00;IRATI;Chuva;Colisão com objeto;Com Vítimas Feridas;Plena Noite;Decrescente;Chuva;Dupla;Reta;-25.463.053;-50.623.066
07/11/2024;02:29:00;AGUAS LINDAS DE GOIAS;Chuva;Saída de leito carroçável;Com Vítimas Feridas;Plena Noite;Crescente;Chuva;Dupla;"Reta;Aclive";-15.783.543;-482.326
07/11/2024;00:40:00;JOINVILLE;Velocidade Incompatível;Colisão lateral mesmo sentido;Com Vítimas Feridas;Plena Noite;Decrescente;Chuva;Dupla;Curva;-26.226.987;-4.891.657
07/11/2024;05:00:00;CAUCAIA;Acumulo de areia ou detritos sobre o pavimento;Queda de ocupante de veículo;Com Vítimas Feridas;Amanhecer;Crescente;Céu Claro;Dupla;Em Obras;-376.479.979;-3.866.897.196
07/11/2024;03:30:00;CURITIBA;Velocidade Incompatível;Saída de leito carroçável;Sem Vítimas;Plena Noite;Decrescente;Chuva;Dupla;Reta;-2.543.026.939;-4.934.269.488
07/11/2024;01:05:00;GOIANAPOLIS;Velocidade Incompatível;Colisão com objeto;Sem Vítimas;Plena Noite;Crescente;Nublado;Dupla;"Declive;Curva";-164.572;-490.567
07/11/2024;05:35:00;PILAR;Conversão proibida;Colisão traseira;Com Vítimas Feridas;Amanhecer;Crescente;Céu Claro;Simples;Reta;-959.005.875;-3.589.598.604
07/11/2024;06:45:00;PALHOCA;Chuva;Tombamento;Com Vítimas Feridas;Pleno dia;Decrescente;Chuva;Dupla;Curva;-27.708.531;-486.563.015
07/11/2024;07:20:00;VACARIA;Desrespeitar a preferência no cruzamento;Colisão transversal;Com Vítimas Feridas;Pleno dia;Decrescente;Nublado;Simples;Interseção de Vias;-2.849.879.229;-5.091.733.932
07/11/2024;06:45:00;DUQUE DE CAXIAS;Ultrapassagem Indevida;Colisão lateral mesmo sentido;Com Vítimas Feridas;Pleno dia;Crescente;Nublado;Múltipla;Reta;-2.279.907.687;-4.329.015.739
07/11/2024;08:20:00;CARATINGA;Desrespeitar a preferência no cruzamento;Colisão transversal;Com Vítimas Feridas;Pleno dia;Decrescente;Nublado;Múltipla;Reta;-19.779.557;-42.132.841
07/11/2024;08:00:00;CURITIBA;Desrespeitar a preferência no cruzamento;Colisão transversal;Com Vítimas Feridas;Pleno dia;Decrescente;Chuva;Dupla;"Retorno Regulamentado;Reta";-25.547.749;-4.932.095
07/11/2024;04:00:00;APARECIDA;Velocidade Incompatível;Colisão com objeto;Sem Vítimas;Plena Noite;Decrescente;Céu Claro;Simples;"Curva;Declive";-22.865.681;-4.525.523
07/11/2024;08:45:00;PORTO ALEGRE;Manobra de mudança de faixa;Colisão transversal;Com Vítimas Feridas;Pleno dia;Decrescente;Nublado;Dupla;Reta;-2.996.948.773;-5.116.955.817
07/11/2024;10:50:00;GUARULHOS;Manobra de mudança de faixa;Colisão lateral mesmo sentido;Com Vítimas Feridas;Pleno dia;Crescente;Chuva;Múltipla;Reta;-2.346.472.809;-4.649.793.962
07/11/2024;09:25:00;XANXERE;Sinalização mal posicionada;Colisão transversal;Sem Vítimas;Pleno dia;Decrescente;Nublado;Simples;"Reta;Interseção de Vias";-26.884.584;-52.390.911
07/11/2024;09:25:00;ILHEUS;Curva acentuada;Saída de leito carroçável;Com Vítimas Feridas;Pleno dia;Crescente;Chuva;Dupla;Curva;-148.482;-39.281.986
07/11/2024;12:20:00;ARAGUARI;Velocidade Incompatível;Colisão com objeto;Com Vítimas Feridas;Pleno dia;Crescente;Chuva;Dupla;Curva;-1.866.594.982;-4.817.302.108
07/11/2024;12:00:00;NITEROI;Manobra de mudança de faixa;Colisão lateral mesmo sentido;Com Vítimas Feridas;Pleno dia;Decrescente;Céu Claro;Múltipla;"Reta;Interseção de Vias";-22.878.923;-43.110.676
07/11/2024;13:30:00;ITAPEMA;Chuva;Tombamento;Com Vítimas Feridas;Pleno dia;Decrescente;Chuva;Dupla;Reta;-27.126.536;-48.609.642
07/11/2024;12:55:00;MAIRIPORA;Chuva;Saída de leito carroçável;Com Vítimas Feridas;Pleno dia;Crescente;Chuva;Dupla;"Curva;Declive";-2.329.011.611;-465.800.681
06/03/2024;19:27:00;COLINAS DO TOCANTINS;Manobra de mudança de faixa;Saída de leito carroçável;Com Vítimas Feridas;Plena Noite;Crescente;Nublado;Simples;"Reta;Ponte";-7.994.203;-4.846.468.483
07/11/2024;12:35:00;GUARACIABA;Ultrapassagem Indevida;Colisão lateral mesmo sentido;Com Vítimas Feridas;Pleno dia;Decrescente;Nublado;Simples;"Curva;Declive";-2.662.620.125;-5.351.593.852
07/11/2024;13:30:00;PINDAMONHANGABA;Chuva;Queda de ocupante de veículo;Com Vítimas Feridas;Pleno dia;Decrescente;Chuva;Múltipla;Reta;-2.292.639.476;-4.535.307.511
07/11/2024;14:30:00;NATAL;Manobra de mudança de faixa;Colisão traseira;Com Vítimas Feridas;Pleno dia;Crescente;Céu Claro;Dupla;Reta;-584.076.841;-3.521.035.949
07/11/2024;13:10:00;SANTO AMARO DA IMPERATRIZ;Velocidade Incompatível;Saída de leito carroçável;Com Vítimas Feridas;Pleno dia;Crescente;Garoa/Chuvisco;Simples;"Aclive;Curva";-27.687.376;-4.879.071
07/11/2024;14:00:00;TOLEDO;Acumulo de água sobre o pavimento;Saída de leito carroçável;Com Vítimas Feridas;Pleno dia;Crescente;Chuva;Dupla;Reta;-247.773;-5.368.091
07/11/2024;13:00:00;PATOS DE MINAS;Pista Escorregadia;Saída de leito carroçável;Sem Vítimas;Pleno dia;Decrescente;Chuva;Simples;"Reta;Aclive";-1.871.632.023;-4.661.125.146
07/11/2024;12:15:00;CEU AZUL;Desrespeitar a preferência no cruzamento;Colisão transversal;Com Vítimas Feridas;Pleno dia;Crescente;Chuva;Simples;Reta;-2.517.489.911;-5.391.380.604
07/11/2024;12:10:00;PONTA PORA;Frear bruscamente;Colisão traseira;Com Vítimas Feridas;Pleno dia;Decrescente;Chuva;Dupla;"Rotatória;Reta";-2.257.302.287;-5.569.391.958
07/11/2024;14:50:00;CAPAO ALTO;Ultrapassagem Indevida;Colisão com objeto;Sem Vítimas;Pleno dia;Decrescente;Nublado;Simples;Reta;-2.793.296.727;-5.046.354.175
07/11/2024;16:30:00;CONTAGEM;Ultrapassagem Indevida;Colisão lateral mesmo sentido;Com Vítimas Feridas;Pleno dia;Decrescente;Nublado;Dupla;Reta;-1.989.255.399;-4.404.985.478
07/11/2024;16:30:00;BARRACAO;Acumulo de água sobre o pavimento;Queda de ocupante de veículo;Com Vítimas Feridas;Pleno dia;Crescente;Chuva;Simples;Curva;-2.628.988.559;-5.347.440.109
07/11/2024;17:20:00;NOVA LIMA;Deficiência do Sistema de Iluminação/Sinalização;Colisão frontal;Com Vítimas Feridas;Pleno dia;Decrescente;Garoa/Chuvisco;Simples;Reta;-2.021.286.706;-4.397.263.241
07/11/2024;15:55:00;DESCANSO;Neblina;Queda de ocupante de veículo;Com Vítimas Feridas;Pleno dia;Decrescente;Nevoeiro/Neblina;Simples;Reta;-26.793.066;-53.451.859
07/11/2024;17:40:00;IBEMA;Velocidade Incompatível;Saída de leito carroçável;Com Vítimas Feridas;Pleno dia;Crescente;Nublado;Simples;Reta;-251.105.823;-530.156.244
07/11/2024;18:00:00;ITAITINGA;Manobra de mudança de faixa;Colisão traseira;Com Vítimas Feridas;Plena Noite;Decrescente;Céu Claro;Dupla;Reta;-391.384.397;-3.850.667.231
07/11/2024;17:50:00;PORTO VELHO;Manobra de mudança de faixa;Colisão lateral mesmo sentido;Com Vítimas Feridas;Pleno dia;Decrescente;Céu Claro;Múltipla;Reta;-8.766.685;-63.884.052
04/11/2024;08:00:00;RESENDE;Chuva;Saída de leito carroçável;Com Vítimas Feridas;Pleno dia;Crescente;Garoa/Chuvisco;Dupla;Curva;-2.249.236.889;-4.465.204.499
07/11/2024;13:00:00;NOBRES;Chuva;Saída de leito carroçável;Com Vítimas Feridas;Pleno dia;Decrescente;Chuva;Dupla;Declive;-1.468.776.092;-563.039.341
07/11/2024;20:00:00;ITAJUIPE;Curva acentuada;Saída de leito carroçável;Sem Vítimas;Plena Noite;Crescente;Nublado;Simples;Curva;-1.467.626.483;-3.935.834.885
07/11/2024;08:15:00;SANTO AMARO DA IMPERATRIZ;Acesso irregular;Colisão transversal;Com Vítimas Feridas;Pleno dia;Decrescente;Garoa/Chuvisco;Simples;Reta;-27.665.707;-48.688.065
07/11/2024;21:30:00;GUARAMIRIM;Conversão proibida;Colisão transversal;Com Vítimas Feridas;Plena Noite;Decrescente;Céu Claro;Simples;Reta;-2.647.811.421;-4.901.259.213
07/11/2024;23:00:00;MAGE;Acumulo de água sobre o pavimento;Capotamento;Com Vítimas Feridas;Plena Noite;Decrescente;Chuva;Dupla;Reta;-225.943.135;-4.302.305.931