data_inversa;horario;municipio;causa_acidente;tipo_acidente;classificacao_acidente;fase_dia;sentido_via;condicao_metereologica;tipo_pista;tracado_via;latitude;longitude
07/11/2024;13:20:00;LUZ;Chuva;Saída de leito carroçável;Sem Vítimas;Pleno dia;Decrescente;Chuva;Simples;Curva;-1.972.508.993;-4.586.948.395
07/11/2024;21:05:00;TRACUATEUA;Manobra de mudança de faixa;Colisão frontal;Com Vítimas Fatais;Plena Noite;Decrescente;Céu Claro;Simples;Curva;-1.157.348;-46.981.788
07/11/2024;12:15:00;SAO LUIZ GONZAGA;Pista Escorregadia;Queda de ocupante de veículo;Com Vítimas Feridas;Pleno dia;Decrescente;Garoa/Chuvisco;Simples;Reta;-28.417.452;-54.966.869
08/11/2024;02:55:00;RIO LARGO;Animais na Pista;Atropelamento de Animal;Sem Vítimas;Plena Noite;Decrescente;Céu Claro;Dupla;Reta;-948.375.193;-3.581.815.581
08/11/2024;01:40:00;FERREIRA GOMES;Conversão proibida;Colisão lateral mesmo sentido;Com Vítimas Feridas;Plena Noite;Crescente;Céu Claro;Simples;"Reta;Interseção de Vias";0.84155844;-5.119.006.196
08/11/2024;02:30:00;ITAPEVA;Velocidade Incompatível;Saída de leito carroçável;Com Vítimas Feridas;Plena Noite;Crescente;Chuva;Dupla;"Curva;Declive";-228.076.393;-4.627.636.971
08/11/2024;02:00:00;GARIBALDI;Manobra de mudança de faixa;Colisão frontal;Com Vítimas Fatais;Plena Noite;Crescente;Chuva;Simples;Reta;-2.921.657.705;-5.151.722.624
08/11/2024;04:50:00;GUARAMIRIM;Conversão proibida;Colisão transversal;Com Vítimas Feridas;Amanhecer;Crescente;Nublado;Simples;"Curva;Em Obras";-26.476.028;-4.903.155.327
08/11/2024;05:20:00;LAGOA DO PIAUI;Ultrapassagem Indevida;Colisão transversal;Com Vítimas Fatais;Amanhecer;Crescente;Céu Claro;Simples;Reta;-542.838.588;-426.368.727
08/11/2024;06:10:00;CASIMIRO DE ABREU;Chuva;Saída de leito carroçável;Com Vítimas Feridas;Pleno dia;Crescente;Chuva;Dupla;Curva;-2.248.133.694;-4.222.930.101
24/10/2024;04:35:00;VILA VELHA;Animais na Pista;Atropelamento de Animal;Sem Vítimas;Plena Noite;Não Informado;Céu Claro;Dupla;Reta;-2.046.545.624;-4.034.755.345
08/11/2024;07:10:00;SABARA;Velocidade Incompatível;Colisão frontal;Com Vítimas Fatais;Pleno dia;Crescente;Chuva;Simples;Reta;-1.980.934.407;-43.777.791
08/11/2024;07:10:00;VITORIA DA CONQUISTA;Desrespeitar a preferência no cruzamento;Colisão transversal;Com Vítimas Feridas;Pleno dia;Decrescente;Céu Claro;Simples;"Reta;Rotatória;Interseção de Vias";-14.823.135;-40.817.933
08/11/2024;08:20:00;PORTO ALEGRE;Pista Escorregadia;Queda de ocupante de veículo;Com Vítimas Feridas;Pleno dia;Decrescente;Garoa/Chuvisco;Múltipla;"Curva;Viaduto";-29.972.212;-51.199.139
08/11/2024;08:20:00;FLORIANOPOLIS;Manobra de mudança de faixa;Colisão lateral mesmo sentido;Com Vítimas Feridas;Pleno dia;Decrescente;Céu Claro;Dupla;Reta;-276.167.305;-486.457.265
08/11/2024;07:50:00;GOIANIA;Manobra de mudança de faixa;Colisão lateral mesmo sentido;Com Vítimas Feridas;Pleno dia;Decrescente;Nublado;Dupla;Reta;-167.715;-492.387
08/11/2024;08:10:00;BENTO GONCALVES;Velocidade Incompatível;Colisão frontal;Sem Vítimas;Pleno dia;Decrescente;Garoa/Chuvisco;Simples;"Curva;Aclive";-2.918.738;-51.520.645
08/11/2024;08:45:00;GUARULHOS;Manobra de mudança de faixa;Colisão lateral mesmo sentido;Com Vítimas Feridas;Pleno dia;Crescente;Chuva;Múltipla;Reta;-2.345.590.051;-464.759.016
03/11/2024;17:30:00;PONTA GROSSA;Chuva;Saída de leito carroçável;Sem Vítimas;Pleno dia;Decrescente;Chuva;Dupla;"Curva;Aclive";-2.500.242.183;-5.036.092.043
08/11/2024;08:40:00;QUEIMADOS;Velocidade Incompatível;Colisão traseira;Com Vítimas Feridas;Pleno dia;Crescente;Céu Claro;Dupla;Reta;-2.272.980.637;-4.356.512.004
08/11/2024;09:02:00;JABOATAO DOS GUARARAPES;Frear bruscamente;Colisão traseira;Com Vítimas Feridas;Pleno dia;Decrescente;Chuva;Dupla;Reta;-818.470.013;-3.496.816.895
08/11/2024;10:40:00;BETIM;Demais falhas na via;Colisão com objeto;Com Vítimas Feridas;Pleno dia;Crescente;Nublado;Dupla;Curva;-1.995.584.993;-4.409.598.291
08/11/2024;10:00:00;PARATY;Acumulo de água sobre o pavimento;Tombamento;Com Vítimas Feridas;Pleno dia;Decrescente;Chuva;Simples;Reta;-230.475;-44.664.867
08/11/2024;11:00:00;CAPIM GROSSO;Ultrapassagem Indevida;Capotamento;Com Vítimas Feridas;Pleno dia;Decrescente;Céu Claro;Simples;Reta;-1.132.211.594;-4.001.750.747
08/11/2024;10:40:00;GUARATUBA;Velocidade Incompatível;Tombamento;Com Vítimas Feridas;Pleno dia;Crescente;Chuva;Dupla;Reta;-2.590.092.097;-4.892.572.096
08/11/2024;13:20:00;FEIRA DE SANTANA;Desrespeitar a preferência no cruzamento;Colisão transversal;Com Vítimas Feridas;Pleno dia;Decrescente;Céu Claro;Simples;"Rotatória;Interseção de Vias";-122.417.119;-3.893.768.485
08/11/2024;13:10:00;CAMBUI;Velocidade Incompatível;Colisão com objeto;Com Vítimas Feridas;Pleno dia;Crescente;Chuva;Dupla;Curva;-2.268.106.117;-4.610.154.462
08/11/2024;12:15:00;ARAGUARI;Velocidade Incompatível;Saída de leito carroçável;Com Vítimas Feridas;Pleno dia;Decrescente;Chuva;Dupla;"Declive;Reta";-1.851.148.631;-4.803.747.296
08/11/2024;12:30:00;BRUMADINHO;Pista Escorregadia;Saída de leito carroçável;Com Vítimas Feridas;Pleno dia;Decrescente;Garoa/Chuvisco;Dupla;"Declive;Curva";-2.016.175.378;-4.434.144.636
08/11/2024;15:10:00;SAO JOSE DOS PINHAIS;Pista esburacada;Tombamento;Com Vítimas Feridas;Pleno dia;Decrescente;Céu Claro;Múltipla;"Reta;Interseção de Vias";-2.565.218.089;-4.915.731.458
08/11/2024;15:42:00;POUSO ALEGRE;Pista Escorregadia;Tombamento;Com Vítimas Feridas;Pleno dia;Decrescente;Chuva;Simples;"Curva;Declive";-22.189.781;-45.983.028
08/11/2024;16:20:00;SANTA MARIA DA BOA VISTA;Acesso irregular;Colisão transversal;Com Vítimas Feridas;Pleno dia;Decrescente;Céu Claro;Simples;Reta;-879.416.998;-3.982.530.404
08/11/2024;16:30:00;CONSELHEIRO LAFAIETE;Chuva;Colisão lateral mesmo sentido;Com Vítimas Feridas;Pleno dia;Crescente;Chuva;Simples;Reta;-20.670.226;-43.800.714
08/11/2024;16:50:00;LINHARES;Manobra de mudança de faixa;Colisão lateral mesmo sentido;Com Vítimas Feridas;Pleno dia;Decrescente;Nublado;Múltipla;"Interseção de Vias;Reta";-1.939.879.389;-4.006.273.985
08/11/2024;14:30:00;BARAO;Velocidade Incompatível;Colisão lateral sentido oposto;Com Vítimas Feridas;Pleno dia;Decrescente;Céu Claro;Simples;Curva;-2.933.853.872;-515.054.282
08/11/2024;16:15:00;BRASILIA;Manobra de mudança de faixa;Colisão lateral mesmo sentido;Com Vítimas Feridas;Pleno dia;Decrescente;Céu Claro;Dupla;Reta;-15.967.793;-48.183.559
08/11/2024;15:42:00;AGUAS LINDAS DE GOIAS;Estacionar ou parar em local proibido;Colisão traseira;Com Vítimas Feridas;Pleno dia;Decrescente;Céu Claro;Dupla;Curva;-15.767.021;-48.229.945
08/11/2024;12:25:00;ITAGUARA;Acumulo de água sobre o pavimento;Saída de leito carroçável;Com Vítimas Feridas;Pleno dia;Crescente;Chuva;Dupla;Curva;-2.043.178.144;-4.455.193.736
08/11/2024;18:20:00;BAYEUX;Manobra de mudança de faixa;Colisão lateral mesmo sentido;Com Vítimas Feridas;Plena Noite;Decrescente;Céu Claro;Simples;Declive;-712.508.575;-3.494.513.217
08/11/2024;18:15:00;ITABUNA;Ultrapassagem Indevida;Colisão frontal;Com Vítimas Feridas;Plena Noite;Decrescente;Céu Claro;Simples;Reta;-1.478.027.697;-3.928.929.806
08/11/2024;18:45:00;ITABUNA;Deficiência do Sistema de Iluminação/Sinalização;Colisão traseira;Com Vítimas Feridas;Plena Noite;Crescente;Céu Claro;Simples;Reta;-14.923.268;-39.294.425
08/11/2024;15:22:00;PETROPOLIS;Velocidade Incompatível;Colisão com objeto;Com Vítimas Fatais;Pleno dia;Decrescente;Chuva;Dupla;"Curva;Declive";-224.381.808;-4.318.488.009
08/11/2024;16:15:00;UNISTALDA;Ultrapassagem Indevida;Colisão frontal;Com Vítimas Feridas;Pleno dia;Crescente;Céu Claro;Simples;Reta;-2.905.373.171;-5.499.420.301
08/11/2024;18:00:00;TRES ARROIOS;Ultrapassagem Indevida;Colisão frontal;Com Vítimas Fatais;Anoitecer;Crescente;Céu Claro;Simples;"Declive;Reta";-2.754.347.686;-5.218.714.409
08/11/2024;19:15:00;BLUMENAU;Acesso irregular;Colisão transversal;Com Vítimas Feridas;Pleno dia;Crescente;Céu Claro;Simples;Interseção de Vias;-26.871.065;-49.110.374
08/11/2024;18:17:00;RECIFE;Manobra de mudança de faixa;Colisão lateral mesmo sentido;Com Vítimas Feridas;Plena Noite;Crescente;Céu Claro;Dupla;Reta;-807.035.162;-3.495.202.661
08/11/2024;11:40:00;PRANCHITA;Conversão proibida;Saída de leito carroçável;Com Vítimas Feridas;Pleno dia;Crescente;Céu Claro;Simples;Curva;-2.606.679.301;-5.372.123.694
08/11/2024;20:00:00;AREAL;Velocidade Incompatível;Saída de leito carroçável;Com Vítimas Feridas;Plena Noite;Decrescente;Chuva;Dupla;Curva;-22.265.139;-43.108.506
06/11/2024;21:00:00;POXOREO;Animais na Pista;Atropelamento de Animal;Com Vítimas Feridas;Plena Noite;Crescente;Nublado;Simples;Reta;-156.346.406;-5.395.793.894
30/10/2024;20:10:00;VARZEA GRANDE;Desrespeitar a preferência no cruzamento;Colisão transversal;Sem Vítimas;Plena Noite;Crescente;Céu Claro;Dupla;"Rotatória;Interseção de Vias";-1.564.575.025;-5.614.041.787
08/11/2024;14:45:00;BARRA DO PIRAI;Chuva;Saída de leito carroçável;Com Vítimas Feridas;Pleno dia;Crescente;Chuva;Simples;Curva;-2.248.328.327;-4.396.042.792
08/11/2024;19:30:00;MARACAJA;Deficiência do Sistema de Iluminação/Sinalização;Colisão com objeto;Com Vítimas Feridas;Plena Noite;Crescente;Céu Claro;Múltipla;Curva;-2.884.171.475;-4.942.814.418
08/11/2024;19:00:00;PIRAI;Chuva;Colisão com objeto;Com Vítimas Feridas;Plena Noite;Crescente;Chuva;Dupla;"Curva;Aclive;Em Obras";-2.265.208.783;-4.382.143.902
08/11/2024;21:15:00;SAO GONCALO;Chuva;Colisão transversal;Com Vítimas Feridas;Plena Noite;Decrescente;Chuva;Dupla;Reta;-2.279.309.326;-4.302.479.595
08/11/2024;21:20:00;VENDA NOVA DO IMIGRANTE;Desrespeitar a preferência no cruzamento;Colisão transversal;Com Vítimas Feridas;Plena Noite;Crescente;Céu Claro;Simples;Interseção de Vias;-203.364.276;-4.118.081.802
08/11/2024;18:54:00;ALTOS;Ultrapassagem Indevida;Colisão frontal;Com Vítimas Feridas;Plena Noite;Crescente;Céu Claro;Simples;Reta;-5.046.231;-42.535.843
08/11/2024;21:30:00;ANGRA DOS REIS;Conversão proibida;Colisão transversal;Com Vítimas Feridas;Plena Noite;Decrescente;Céu Claro;Simples;Curva;-2.303.130.715;-4.415.918.011
09/11/2024;01:00:00;BETIM;Manobra de mudança de faixa;Colisão com objeto;Com Vítimas Feridas;Plena Noite;Crescente;Chuva;Dupla;Curva;-1.995.871.457;-4.408.076.077
09/11/2024;00:10:00;CARUARU;Animais na Pista;Atropelamento de Animal;Sem Vítimas;Plena Noite;Decrescente;Céu Claro;Dupla;Reta;-830.018.257;-3.591.071.184
09/11/2024;05:15:00;SAO LEOPOLDO;Velocidade Incompatível;Saída de leito carroçável;Sem Vítimas;Amanhecer;Crescente;Céu Claro;Múltipla;Curva;-2.977.605.895;-5.115.508.618
08/11/2024;18:10:00;OLIVEIRA;Acumulo de água sobre o pavimento;Saída de leito carroçável;Com Vítimas Feridas;Plena Noite;Crescente;Chuva;Dupla;Curva;-2.085.469.891;-4.483.709.639
09/11/2024;06:28:00;UNIAO DA VITORIA;Ultrapassagem Indevida;Colisão frontal;Sem Vítimas;Pleno dia;Não Informado;Céu Claro;Simples;"Interseção de Vias;Reta";-26.0;-51.0
09/11/2024;07:00:00;BALNEARIO CAMBORIU;Velocidade Incompatível;Tombamento;Com Vítimas Feridas;Pleno dia;Decrescente;Céu Claro;Dupla;Curva;-2.697.284.292;-4.868.299.451
09/11/2024;07:45:00;JOAO PESSOA;Manobra de mudança de faixa;Colisão traseira;Com Vítimas Feridas;Pleno dia;Decrescente;Nublado;Dupla;Reta;-71.495;-348.517
09/11/2024;05:25:00;VILHENA;Conversão proibida;Colisão lateral sentido oposto;Com Vítimas Feridas;Amanhecer;Decrescente;Nublado;Simples;"Declive;Reta;Interseção de Vias";-127.079.929;-6.012.311.697
09/11/2024;07:19:00;BARBACENA;Velocidade Incompatível;Colisão com objeto;Com Vítimas Feridas;Pleno dia;Crescente;Chuva;Simples;Curva;-2.126.034.802;-4.366.189.055
09/11/2024;08:55:00;BLUMENAU;Acesso irregular;Colisão transversal;Com Vítimas Feridas;Pleno dia;Decrescente;Céu Claro;Simples;"Reta;Em Obras";-2.688.115.795;-4.913.741.469
19/08/2024;12:45:00;IBIPORA;Ultrapassagem Indevida;Colisão transversal;Com Vítimas Feridas;Pleno dia;Crescente;Céu Claro;Simples;"Curva;Interseção de Vias";-23.273.381;-51.053.476
19/10/2024;11:40:00;RIO DE JANEIRO;Curva acentuada;Colisão com objeto;Sem Vítimas;Pleno dia;Não Informado;Nublado;Simples;Retorno Regulamentado;-2.280.916.275;-4.329.017.222
09/11/2024;06:48:00;BOM JESUS DE GOIAS;Acumulo de areia ou detritos sobre o pavimento;Saída de leito carroçável;Com Vítimas Feridas;Amanhecer;Crescente;Chuva;Simples;Reta;-1.830.016.354;-4.958.722.869
09/11/2024;10:10:00;FEIRA DE SANTANA;Frear bruscamente;Queda de ocupante de veículo;Com Vítimas Feridas;Pleno dia;Crescente;Céu Claro;Dupla;"Reta;Aclive";-1.223.736.613;-3.897.999.588
09/11/2024;10:40:00;MARINGA;Conversão proibida;Colisão transversal;Com Vítimas Feridas;Pleno dia;Crescente;Céu Claro;Múltipla;"Reta;Interseção de Vias";-2.341.284.706;-5.193.215.847
09/11/2024;11:10:00;CURITIBA;Acumulo de areia ou detritos sobre o pavimento;Saída de leito carroçável;Com Vítimas Feridas;Pleno dia;Crescente;Céu Claro;Dupla;Reta;-2.548.502.376;-4.934.751.749
09/11/2024;08:45:00;IBAITI;Afundamento ou ondulação no pavimento;Tombamento;Com Vítimas Feridas;Pleno dia;Decrescente;Céu Claro;Simples;Curva;-2.387.265.245;-5.020.176.888
23/10/2024;13:22:00;CAMPO GRANDE;Ultrapassagem Indevida;Colisão frontal;Com Vítimas Feridas;Pleno dia;Decrescente;Céu Claro;Simples;Reta;-205.849.198;-547.172.548
09/11/2024;11:15:00;BOM DESPACHO;Velocidade Incompatível;Eventos atípicos;Sem Vítimas;Pleno dia;Decrescente;Chuva;Simples;Reta;-1.978.546.205;-4.528.404.593
09/11/2024;12:15:00;DOIS IRMAOS;Velocidade Incompatível;Saída de leito carroçável;Com Vítimas Fatais;Pleno dia;Decrescente;Céu Claro;Simples;Reta;-29.556.364;-5.109.063.899
09/11/2024;15:00:00;CAMPOS DOS GOYTACAZES;Chuva;Colisão com objeto;Com Vítimas Feridas;Pleno dia;Decrescente;Chuva;Dupla;Reta;-2.186.928.639;-4.155.659.304
09/11/2024;15:30:00;CACHOEIRA;Acesso irregular;Colisão frontal;Com Vítimas Feridas;Pleno dia;Crescente;Céu Claro;Simples;Reta;-1.260.004.613;-390.463.359
09/11/2024;15:50:00;ALIANCA DO TOCANTINS;Conversão proibida;Colisão transversal;Com Vítimas Feridas;Pleno dia;Crescente;Nublado;Múltipla;"Interseção de Vias;Em Obras;Reta";-1.130.983.199;-4.894.108.506
09/11/2024;14:50:00;ANGRA DOS REIS;Chuva;Saída de leito carroçável;Com Vítimas Feridas;Pleno dia;Decrescente;Chuva;Simples;Curva;-2.291.383.999;-44.337.147
09/11/2024;16:15:00;BEZERROS;Velocidade Incompatível;Saída de leito carroçável;Com Vítimas Feridas;Pleno dia;Crescente;Céu Claro;Dupla;Reta;-825.219.029;-3.576.584.983
09/11/2024;16:30:00;CAMPINA GRANDE DO SUL;Velocidade Incompatível;Saída de leito carroçável;Com Vítimas Feridas;Pleno dia;Crescente;Nublado;Dupla;"Curva;Aclive";-252.656.158;-4.891.632.335
09/11/2024;15:45:00;ITAQUIRAI;Ultrapassagem Indevida;Capotamento;Com Vítimas Feridas;Pleno dia;Decrescente;Céu Claro;Simples;"Declive;Reta";-2.316.123.903;-5.419.856.957
09/11/2024;16:34:00;PASSO FUNDO;Velocidade Incompatível;Saída de leito carroçável;Com Vítimas Feridas;Pleno dia;Decrescente;Céu Claro;Simples;"Reta;Declive";-28.269.007;-52.610.687
09/11/2024;07:55:00;MIRANDA;Manobra de mudança de faixa;Colisão lateral mesmo sentido;Com Vítimas Feridas;Pleno dia;Decrescente;Céu Claro;Simples;Reta;-2.029.349.934;-5.628.106.216
09/11/2024;17:50:00;UBERABA;Chuva;Saída de leito carroçável;Com Vítimas Feridas;Anoitecer;Crescente;Chuva;Dupla;"Declive;Reta";-1.953.778.804;-4.803.695.932
09/11/2024;13:20:00;PATOS DE MINAS;Acumulo de água sobre o pavimento;Capotamento;Com Vítimas Feridas;Pleno dia;Decrescente;Chuva;Simples;Curva;-1.875.337.522;-4.664.951.796
09/11/2024;17:00:00;PORTO VELHO;Acesso irregular;Colisão lateral mesmo sentido;Com Vítimas Feridas;Pleno dia;Decrescente;Céu Claro;Dupla;"Reta;Interseção de Vias";-8.766.685;-63.884.052
09/11/2024;18:30:00;ESMERALDAS;Animais na Pista;Atropelamento de Animal;Com Vítimas Feridas;Plena Noite;Crescente;Chuva;Dupla;"Reta;Declive";-1.968.422;-44.182.648
09/11/2024;17:35:00;SAO JOSE;Manobra de mudança de faixa;Colisão lateral mesmo sentido;Com Vítimas Feridas;Plena Noite;Crescente;Nublado;Dupla;Reta;-2.754.018.513;-4.862.287.714
09/11/2024;15:10:00;ENGENHEIRO CALDAS;Acumulo de água sobre o pavimento;Saída de leito carroçável;Com Vítimas Feridas;Pleno dia;Crescente;Chuva;Simples;Reta;-1.908.450.198;-4.199.845.794
09/11/2024;19:30:00;LINDOESTE;Velocidade Incompatível;Saída de leito carroçável;Sem Vítimas;Pleno dia;Crescente;Céu Claro;Dupla;Reta;-2.533.653.711;-535.887.282
09/11/2024;21:10:00;BALNEARIO CAMBORIU;Desrespeitar a preferência no cruzamento;Colisão transversal;Com Vítimas Feridas;Plena Noite;Crescente;Nublado;Dupla;Reta;-270.157.238;-4.861.192.763
09/11/2024;21:30:00;CARIRA;Animais na Pista;Atropelamento de Animal;Com Vítimas Feridas;Plena Noite;Crescente;Céu Claro;Simples;"Declive;Reta";-10.391.935;-37.678.921
09/11/2024;21:05:00;PATO BRANCO;Ultrapassagem Indevida;Colisão frontal;Com Vítimas Feridas;Plena Noite;Crescente;Céu Claro;Simples;Reta;-2.623.547.098;-5.269.066.504
09/11/2024;21:50:00;FEIRA DE SANTANA;Velocidade Incompatível;Colisão traseira;Com Vítimas Feridas;Plena Noite;Decrescente;Céu Claro;Dupla;Reta;-12.286.749;-38.960.218
09/11/2024;22:00:00;PATO BRANCO;Velocidade Incompatível;Saída de leito carroçável;Com Vítimas Feridas;Plena Noite;Crescente;Céu Claro;Simples;Reta;-2.616.899.899;-5.266.361.486
09/11/2024;19:00:00;MONTE ALEGRE DO PIAUI;Manobra de mudança de faixa;Colisão lateral sentido oposto;Com Vítimas Feridas;Plena Noite;Crescente;Céu Claro;Simples;"Reta;Aclive";-967.258.798;-4.511.297.287
10/11/2024;01:10:00;ARACATI;Velocidade Incompatível;Saída de leito carroçável;Sem Vítimas;Plena Noite;Decrescente;Céu Claro;Simples;"Reta;Interseção de Vias";-457.402.355;-3.773.636.121
10/11/2024;02:20:00;TERESINA;Acesso irregular;Colisão com objeto;Sem Vítimas;Plena Noite;Crescente;Céu Claro;Dupla;"Interseção de Vias;Reta";-5.223.198;-42.751.163
10/11/2024;02:00:00;BARREIRAS;Chuva;Colisão frontal;Com Vítimas Fatais;Plena Noite;Decrescente;Chuva;Simples;Reta;-121.197.939;-452.005.595
10/11/2024;04:25:00;TRES CACHOEIRAS;Velocidade Incompatível;Saída de leito carroçável;Com Vítimas Feridas;Plena Noite;Decrescente;Céu Claro;Dupla;Reta;-2.946.214.416;-4.994.468.297
10/11/2024;05:20:00;VITORIA DA CONQUISTA;Pista Escorregadia;Saída de leito carroçável;Sem Vítimas;Amanhecer;Crescente;Nevoeiro/Neblina;Simples;"Aclive;Reta";-1.482.579.257;-4.083.391.786
10/11/2024;02:10:00;PINDAMONHANGABA;Falta de elemento de contenção que evite a saída do leito carroçável;Saída de leito carroçável;Com Vítimas Fatais;Plena Noite;Crescente;Céu Claro;Dupla;Reta;-2.293.930.884;-4.537.874.708
10/11/2024;06:00:00;IGARATINGA;Velocidade Incompatível;Saída de leito carroçável;Com Vítimas Feridas;Amanhecer;Decrescente;Nublado;Simples;Reta;-1.990.944.671;-4.467.869.282
10/11/2024;04:15:00;PETROPOLIS;Velocidade Incompatível;Saída de leito carroçável;Com Vítimas Feridas;Amanhecer;Crescente;Nublado;Dupla;Curva;-2.240.927.293;-4.314.990.878
10/11/2024;06:50:00;PORTO ALEGRE;Manobra de mudança de faixa;Colisão transversal;Com Vítimas Feridas;Pleno dia;Crescente;Céu Claro;Múltipla;Reta;-2.997.036.415;-5.118.247.032
10/11/2024;08:35:00;SAO JOSE DE MIPIBU;Chuva;Queda de ocupante de veículo;Com Vítimas Feridas;Pleno dia;Decrescente;Chuva;Dupla;Reta;-5.973.247;-3.526.489
10/11/2024;03:00:00;ALTAMIRA;Animais na Pista;Atropelamento de Animal;Com Vítimas Feridas;Plena Noite;Crescente;Garoa/Chuvisco;Simples;Reta;-849.174.316;-5.512.217.333
10/11/2024;02:45:00;TERESOPOLIS;Desvio temporário;Colisão lateral sentido oposto;Sem Vítimas;Plena Noite;Crescente;Chuva;Simples;Reta;-22.400.555;-42.976.154
17/09/2024;08:35:00;SAO FRANCISCO DO GLORIA;Velocidade Incompatível;Saída de leito carroçável;Com Vítimas Feridas;Pleno dia;Crescente;Garoa/Chuvisco;Simples;Curva;-2.079.372.285;-4.230.204.025
10/11/2024;09:30:00;CAMPINA GRANDE DO SUL;Velocidade Incompatível;Queda de ocupante de veículo;Com Vítimas Feridas;Pleno dia;Decrescente;Céu Claro;Simples;Curva;-251.104.764;-4.875.592.011
10/11/2024;11:15:00;JUATUBA;Velocidade Incompatível;Saída de leito carroçável;Com Vítimas Feridas;Pleno dia;Crescente;Céu Claro;Dupla;Curva;-1.997.429.522;-4.432.712.508
10/11/2024;07:50:00;SINOP;Acumulo de areia ou detritos sobre o pavimento;Queda de ocupante de veículo;Com Vítimas Feridas;Pleno dia;Crescente;Nublado;Simples;Reta;-12.128.083;-55.515.381
10/11/2024;10:50:00;ESTIVA;Pista esburacada;Queda de ocupante de veículo;Com Vítimas Feridas;Pleno dia;Crescente;Céu Claro;Dupla;Reta;-2.256.149.195;-460.408.143
10/11/2024;12:40:00;BRASILIA;Velocidade Incompatível;Saída de leito carroçável;Sem Vítimas;Pleno dia;Crescente;Nublado;Dupla;Curva;-15.583.027;-47.367.081
10/11/2024;13:00:00;FORTALEZA;Manobra de mudança de faixa;Tombamento;Com Vítimas Feridas;Pleno dia;Crescente;Céu Claro;Simples;Reta;-37.367.737;-3.856.923
10/11/2024;09:10:00;CUIABA;Chuva;Queda de ocupante de veículo;Com Vítimas Feridas;Pleno dia;Crescente;Nublado;Dupla;Reta;-1.569.556.743;-5.589.834.326
10/11/2024;11:20:00;CAMPOS NOVOS;Velocidade Incompatível;Colisão com objeto;Com Vítimas Feridas;Pleno dia;Crescente;Céu Claro;Simples;"Curva;Declive";-27.596.577;-51.473.782
10/11/2024;13:20:00;ITAGUAI;Manobra de mudança de faixa;Colisão lateral mesmo sentido;Com Vítimas Feridas;Pleno dia;Crescente;Céu Claro;Dupla;Reta;-2.285.921.896;-4.375.891.497
10/11/2024;15:00:00;ANAPOLIS;Manobra de mudança de faixa;Colisão lateral mesmo sentido;Com Vítimas Feridas;Pleno dia;Decrescente;Céu Claro;Dupla;Reta;-163.611;-489.328
10/11/2024;16:24:00;SERRA;Frear bruscamente;Colisão traseira;Com Vítimas Feridas;Pleno dia;Crescente;Nublado;Simples;Curva;-2.014.854.215;-4.027.970.926
10/11/2024;16:40:00;PEROLA DOESTE;Velocidade Incompatível;Saída de leito carroçável;Com Vítimas Feridas;Pleno dia;Crescente;Sol;Simples;"Declive;Curva";-2.594.138.215;-5.373.032.713
10/11/2024;16:35:00;RIO BRANCO;Manobra de mudança de faixa;Colisão traseira;Com Vítimas Feridas;Pleno dia;Decrescente;Nublado;Simples;Rotatória;-1.001.152.469;-6.779.140.099
10/11/2024;14:40:00;COLORADO DO OESTE;Acumulo de água sobre o pavimento;Saída de leito carroçável;Com Vítimas Feridas;Pleno dia;Decrescente;Chuva;Simples;Declive;-13.138.199;-60.545.055
10/11/2024;18:30:00;CONCEICAO DO CASTELO;Conversão proibida;Colisão traseira;Sem Vítimas;Plena Noite;Crescente;Nublado;Simples;"Reta;Interseção de Vias";-20.318.384;-41.225.683
10/11/2024;18:50:00;GRAVATAI;Velocidade Incompatível;Colisão lateral sentido oposto;Com Vítimas Feridas;Plena Noite;Decrescente;Céu Claro;Múltipla;"Curva;Declive";-2.995.343;-51.058.449
10/11/2024;19:30:00;JABOATAO DOS GUARARAPES;Velocidade Incompatível;Colisão com objeto;Com Vítimas Fatais;Plena Noite;Decrescente;Céu Claro;Dupla;Reta;-817.348.368;-3.494.039.655
10/11/2024;18:47:00;CHORROCHO;Animais na Pista;Atropelamento de Animal;Com Vítimas Feridas;Plena Noite;Decrescente;Céu Claro;Simples;Reta;-899.071.322;-3.919.499.047
10/11/2024;17:00:00;GUAJARA-MIRIM;Desrespeitar a preferência no cruzamento;Colisão transversal;Com Vítimas Feridas;Pleno dia;Crescente;Céu Claro;Dupla;Rotatória;-107.738.189;-6.532.637.715
10/11/2024;19:50:00;BRASILIA;Chuva;Colisão traseira;Com Vítimas Feridas;Plena Noite;Crescente;Chuva;Dupla;"Declive;Reta";-15.625.675;-47.725.159
10/11/2024;18:30:00;CARATINGA;Desrespeitar a preferência no cruzamento;Colisão transversal;Sem Vítimas;Anoitecer;Crescente;Nublado;Dupla;Reta;-1.976.833.785;-4.213.105.238
10/11/2024;20:30:00;ITAJA;Animais na Pista;Atropelamento de Animal;Sem Vítimas;Plena Noite;Decrescente;Céu Claro;Simples;Reta;-561.789.417;-3.688.865.608
10/11/2024;18:40:00;FLORIANO;Manobra de mudança de faixa;Colisão lateral sentido oposto;Com Vítimas Feridas;Plena Noite;Crescente;Céu Claro;Simples;Reta;-677.433.132;-4.300.632.318
10/11/2024;21:00:00;FEIRA DE SANTANA;Pista Escorregadia;Queda de ocupante de veículo;Com Vítimas Feridas;Plena Noite;Decrescente;Garoa/Chuvisco;Simples;Reta;-1.223.547.809;-3.894.396.807