data_inversa;horario;municipio;causa_acidente;tipo_acidente;classificacao_acidente;fase_dia;sentido_via;condicao_metereologica;tipo_pista;tracado_via;latitude;longitude
10/11/2024;21:20:00;UBERABA;Velocidade Incompatível;Colisão com objeto;Sem Vítimas;Plena Noite;Decrescente;Céu Claro;Dupla;Reta;-1.977.880.359;-479.695.118
10/11/2024;19:00:00;NOVA GRANADA;Pista esburacada;Tombamento;Com Vítimas Feridas;Plena Noite;Crescente;Céu Claro;Simples;"Reta;Declive";-2.042.728.093;-4.927.318.514
10/11/2024;19:30:00;MAGE;Velocidade Incompatível;Tombamento;Com Vítimas Fatais;Plena Noite;Crescente;Nublado;Simples;Curva;-2.265.705.297;-43.061.742
10/11/2024;20:35:00;SAO JOSE DO RIO PRETO;Afundamento ou ondulação no pavimento;Tombamento;Com Vítimas Feridas;Plena Noite;Crescente;Céu Claro;Dupla;Reta;-2.086.715.501;-4.941.334.398
10/11/2024;22:50:00;VOLTA REDONDA;Velocidade Incompatível;Colisão com objeto;Com Vítimas Feridas;Plena Noite;Decrescente;Nublado;Simples;Retorno Regulamentado;-2.250.548.014;-4.407.302.856
10/11/2024;22:20:00;NATAL;Manobra de mudança de faixa;Colisão lateral mesmo sentido;Com Vítimas Feridas;Plena Noite;Decrescente;Céu Claro;Dupla;Reta;-583.176.615;-3.521.191.342
10/11/2024;22:20:00;BRASILIA;Manobra de mudança de faixa;Colisão traseira;Sem Vítimas;Plena Noite;Crescente;Nublado;Dupla;Reta;-15.794.133;-48.202.095
10/11/2024;23:00:00;BARRACAO;Iluminação deficiente;Atropelamento de Pedestre;Com Vítimas Fatais;Plena Noite;Decrescente;Céu Claro;Simples;"Reta;Aclive";-2.624.008;-53.635.438
10/11/2024;23:30:00;SANTA TERESINHA;Estacionar ou parar em local proibido;Colisão traseira;Com Vítimas Feridas;Plena Noite;Crescente;Céu Claro;Simples;Reta;-705.147.402;-3.738.823.399
11/11/2024;00:10:00;BAYEUX;Manobra de mudança de faixa;Colisão traseira;Com Vítimas Feridas;Plena Noite;Decrescente;Céu Claro;Múltipla;Retorno Regulamentado;-714.987.858;-3.491.114.616
11/11/2024;01:30:00;CAMPO ALEGRE DE GOIAS;Animais na Pista;Atropelamento de Animal;Com Vítimas Feridas;Plena Noite;Decrescente;Chuva;Dupla;Reta;-173.972;-477.778
11/11/2024;05:00:00;MARILIA;Animais na Pista;Atropelamento de Animal;Com Vítimas Feridas;Amanhecer;Decrescente;Céu Claro;Simples;Reta;-2.224.864.701;-4.992.085.793
11/11/2024;05:20:00;CAMPO MAIOR;Animais na Pista;Atropelamento de Animal;Com Vítimas Feridas;Pleno dia;Crescente;Céu Claro;Simples;Reta;-4.872.565;-42.221.237
11/11/2024;06:55:00;ITAPEMA;Manobra de mudança de faixa;Colisão traseira;Com Vítimas Feridas;Pleno dia;Decrescente;Nublado;Dupla;Reta;-270.732.659;-4.859.672.716
11/11/2024;08:00:00;LONDRINA;Manobra de mudança de faixa;Colisão lateral mesmo sentido;Com Vítimas Feridas;Pleno dia;Crescente;Céu Claro;Dupla;"Reta;Declive";-2.329.277;-5.115.108
11/11/2024;07:25:00;ANCHIETA;Acesso irregular;Colisão transversal;Com Vítimas Fatais;Pleno dia;Crescente;Céu Claro;Simples;Reta;-2.076.871.121;-4.075.999.937
11/11/2024;07:30:00;NATAL;Manobra de mudança de faixa;Colisão frontal;Com Vítimas Feridas;Pleno dia;Decrescente;Céu Claro;Simples;Em Obras;-5.804.245;-35.238.302
11/11/2024;06:20:00;PIMENTA BUENO;Animais na Pista;Atropelamento de Animal;Com Vítimas Feridas;Pleno dia;Crescente;Céu Claro;Simples;Reta;-1.149.012.091;-6.138.047.391
09/11/2024;12:00:00;GUARANTA DO NORTE;Acesso irregular;Colisão transversal;Com Vítimas Feridas;Pleno dia;Crescente;Céu Claro;Simples;Reta;-1.007.803.309;-5.490.939.686
11/11/2024;07:25:00;BOA VISTA;Ultrapassagem Indevida;Colisão lateral mesmo sentido;Com Vítimas Feridas;Pleno dia;Crescente;Céu Claro;Simples;Reta;2.882.314;-60.699.032
11/11/2024;07:30:00;UBATUBA;Acesso irregular;Colisão transversal;Com Vítimas Feridas;Pleno dia;Decrescente;Céu Claro;Dupla;Reta;-2.343.392.456;-4.508.704.305
11/11/2024;09:00:00;ANGRA DOS REIS;Ultrapassagem Indevida;Colisão lateral mesmo sentido;Com Vítimas Feridas;Pleno dia;Decrescente;Céu Claro;Simples;Reta;-2.298.573.526;-4.429.709.764
11/11/2024;08:55:00;SALGUEIRO;Desrespeitar a preferência no cruzamento;Colisão transversal;Sem Vítimas;Pleno dia;Decrescente;Céu Claro;Simples;"Reta;Interseção de Vias";-806.267.142;-3.912.339.807
26/10/2024;15:00:00;NOVA IGUACU;Manobra de mudança de faixa;Colisão lateral mesmo sentido;Com Vítimas Feridas;Pleno dia;Decrescente;Céu Claro;Dupla;Reta;-22.761.312;-43.423.492
22/07/2024;04:30:00;CATUJI;Afundamento ou ondulação no pavimento;Tombamento;Com Vítimas Feridas;Amanhecer;Decrescente;Chuva;Simples;Reta;-1.731.584.103;-4.152.356.589
11/11/2024;10:10:00;BACABAL;Ultrapassagem Indevida;Colisão frontal;Com Vítimas Fatais;Pleno dia;Decrescente;Céu Claro;Simples;Reta;-4.226.579;-44.836.018
11/11/2024;11:45:00;BOA VISTA;Pista esburacada;Tombamento;Com Vítimas Feridas;Pleno dia;Crescente;Céu Claro;Dupla;Reta;2.744.877;-60.748.837
11/11/2024;11:45:00;LINHARES;Frear bruscamente;Colisão traseira;Com Vítimas Feridas;Pleno dia;Decrescente;Céu Claro;Dupla;Reta;-1.936.990.998;-4.006.560.718
11/11/2024;09:00:00;LIMA DUARTE;Velocidade Incompatível;Capotamento;Sem Vítimas;Pleno dia;Crescente;Céu Claro;Simples;Curva;-2.182.045.257;-4.375.270.917
11/11/2024;08:10:00;IGARATINGA;Velocidade Incompatível;Saída de leito carroçável;Com Vítimas Feridas;Pleno dia;Decrescente;Nublado;Dupla;Reta;-1.988.686.179;-4.463.193.985
11/11/2024;16:00:00;SAO LEOPOLDO;Conversão proibida;Colisão traseira;Com Vítimas Feridas;Pleno dia;Crescente;Céu Claro;Múltipla;"Viaduto;Interseção de Vias;Reta";-297.729.579;-511.544.819
11/11/2024;16:20:00;TUBARAO;Desrespeitar a preferência no cruzamento;Colisão transversal;Com Vítimas Feridas;Pleno dia;Decrescente;Céu Claro;Múltipla;Interseção de Vias;-2.846.970.989;-4.901.494.503
11/11/2024;11:00:00;FEIRA DE SANTANA;Frear bruscamente;Tombamento;Com Vítimas Feridas;Pleno dia;Decrescente;Céu Claro;Dupla;Reta;-1.232.818.491;-3.886.174.193
11/11/2024;16:30:00;CAMPOS DOS GOYTACAZES;Manobra de mudança de faixa;Colisão lateral mesmo sentido;Com Vítimas Feridas;Pleno dia;Crescente;Céu Claro;Simples;Reta;-21.682.598;-41.310.948
11/11/2024;13:45:00;VASSOURAS;Conversão proibida;Colisão transversal;Com Vítimas Feridas;Pleno dia;Decrescente;Céu Claro;Simples;Reta;-2.238.370.934;-4.364.221.072
30/07/2024;11:00:00;CASCAVEL;Demais falhas na via;Tombamento;Com Vítimas Feridas;Pleno dia;Crescente;Ignorado;Simples;Reta;-24.995.734;-53.515.105
11/11/2024;18:40:00;NAZARE DA MATA;Conversão proibida;Colisão frontal;Com Vítimas Feridas;Plena Noite;Decrescente;Céu Claro;Simples;Reta;-773.723.901;-3.523.503.603
11/11/2024;18:00:00;DUQUE DE CAXIAS;Acumulo de areia ou detritos sobre o pavimento;Queda de ocupante de veículo;Com Vítimas Feridas;Anoitecer;Crescente;Céu Claro;Simples;Curva;-2.275.470.802;-4.328.737.838
11/11/2024;18:30:00;ARACATI;Desrespeitar a preferência no cruzamento;Colisão transversal;Com Vítimas Feridas;Pleno dia;Decrescente;Céu Claro;Simples;Reta;-457.900.414;-3.777.070.889
11/11/2024;19:00:00;ALAGOINHAS;Ultrapassagem Indevida;Colisão lateral sentido oposto;Com Vítimas Fatais;Plena Noite;Crescente;Garoa/Chuvisco;Simples;Reta;-1.203.139.186;-3.837.279.959
11/11/2024;20:00:00;GUARULHOS;Frear bruscamente;Tombamento;Com Vítimas Feridas;Plena Noite;Crescente;Céu Claro;Múltipla;Reta;-234.324.306;-464.194.352
11/11/2024;20:30:00;SORRISO;Iluminação deficiente;Colisão com objeto;Com Vítimas Fatais;Plena Noite;Decrescente;Céu Claro;Dupla;Retorno Regulamentado;-12.598.041;-55.747.221
11/11/2024;20:30:00;SERTANIA;Animais na Pista;Atropelamento de Animal;Com Vítimas Feridas;Plena Noite;Decrescente;Nublado;Simples;Reta;-838.396.122;-3.724.935.312
11/11/2024;22:43:00;BRASILIA;Iluminação deficiente;Colisão lateral mesmo sentido;Com Vítimas Feridas;Plena Noite;Crescente;Garoa/Chuvisco;Dupla;Reta;-15.787.601;-48.114.429
11/11/2024;11:30:00;CODO;Manobra de mudança de faixa;Colisão frontal;Com Vítimas Feridas;Pleno dia;Crescente;Nublado;Simples;Declive;-4.615.128;-43.928.478
11/11/2024;23:55:00;CAXIAS DO SUL;Conversão proibida;Colisão transversal;Com Vítimas Feridas;Plena Noite;Decrescente;Garoa/Chuvisco;Dupla;Interseção de Vias;-2.915.996.905;-5.115.645.292
12/11/2024;06:55:00;SAO MIGUEL DOS CAMPOS;Ultrapassagem Indevida;Colisão transversal;Com Vítimas Feridas;Pleno dia;Decrescente;Céu Claro;Simples;"Retorno Regulamentado;Reta;Em Obras;Desvio Temporário;Interseção de Vias";-977.267.463;-3.610.116.533
12/11/2024;08:55:00;CASCAVEL;Manobra de mudança de faixa;Colisão lateral mesmo sentido;Sem Vítimas;Pleno dia;Decrescente;Nublado;Dupla;"Reta;Declive";-2.496.688.908;-534.026.742
12/11/2024;07:50:00;RIO NOVO DO SUL;Velocidade Incompatível;Tombamento;Com Vítimas Feridas;Pleno dia;Decrescente;Céu Claro;Simples;Interseção de Vias;-2.086.733.567;-4.090.426.608
12/11/2024;09:12:00;UBATUBA;Conversão proibida;Colisão transversal;Com Vítimas Feridas;Pleno dia;Crescente;Céu Claro;Simples;Reta;-2.345.627.795;-4.507.111.896
12/11/2024;09:15:00;FLORIANO;Frear bruscamente;Colisão traseira;Com Vítimas Feridas;Pleno dia;Decrescente;Nublado;Simples;Reta;-6.777.731;-43.031.559
12/11/2024;10:16:00;PETROLINA;Manobra de mudança de faixa;Colisão traseira;Com Vítimas Feridas;Pleno dia;Crescente;Nublado;Múltipla;"Aclive;Interseção de Vias;Viaduto;Rotatória";-939.966.241;-405.051.098
08/05/2024;13:30:00;SAO LUIS;Demais falhas na via;Tombamento;Com Vítimas Feridas;Pleno dia;Crescente;Céu Claro;Dupla;Reta;-253.073;-443.068
03/06/2024;19:40:00;BOA VISTA;Pista esburacada;Queda de ocupante de veículo;Com Vítimas Feridas;Plena Noite;Crescente;Ignorado;Simples;Reta;2.644.442;-60.875.217
12/11/2024;11:30:00;ARAQUARI;Acesso irregular;Colisão frontal;Com Vítimas Feridas;Pleno dia;Crescente;Céu Claro;Simples;Reta;-2.639.685.622;-4.874.021.969
12/11/2024;12:09:00;MURIAE;Conversão proibida;Colisão transversal;Com Vítimas Feridas;Pleno dia;Crescente;Sol;Simples;"Interseção de Vias;Aclive";-2.112.655.549;-4.237.140.482
12/11/2024;12:30:00;PILAR;Fumaça;Colisão traseira;Com Vítimas Feridas;Pleno dia;Decrescente;Sol;Simples;Reta;-957.133.936;-359.663.966
12/11/2024;13:10:00;FORTALEZA;Conversão proibida;Colisão transversal;Com Vítimas Fatais;Pleno dia;Crescente;Céu Claro;Múltipla;Reta;-373.911.117;-3.858.687.498
12/11/2024;13:50:00;UBATUBA;Manobra de mudança de faixa;Colisão transversal;Com Vítimas Feridas;Pleno dia;Crescente;Céu Claro;Simples;Reta;-2.344.410.908;-4.508.375.708
04/11/2024;22:30:00;SALVADOR;Velocidade Incompatível;Colisão transversal;Com Vítimas Feridas;Plena Noite;Crescente;Céu Claro;Dupla;Reta;-1.290.482.172;-3.845.556.535
12/11/2024;13:30:00;PINHALZINHO;Conversão proibida;Colisão lateral mesmo sentido;Com Vítimas Feridas;Pleno dia;Decrescente;Céu Claro;Simples;Reta;-26.832.148;-52.994.308
12/11/2024;16:15:00;CAPIM BRANCO;Acumulo de areia ou detritos sobre o pavimento;Colisão com objeto;Com Vítimas Feridas;Pleno dia;Decrescente;Céu Claro;Dupla;Retorno Regulamentado;-1.957.299;-4.423.021
12/11/2024;17:40:00;SABARA;Velocidade Incompatível;Colisão frontal;Com Vítimas Feridas;Pleno dia;Crescente;Nublado;Simples;"Curva;Aclive";-19.804.386;-4.376.186.596
12/11/2024;17:35:00;ALEXANIA;Velocidade Incompatível;Colisão com objeto;Com Vítimas Feridas;Plena Noite;Crescente;Chuva;Dupla;Curva;-160.963;-485.202
12/11/2024;16:55:00;JABOATAO DOS GUARARAPES;Velocidade Incompatível;Saída de leito carroçável;Com Vítimas Fatais;Pleno dia;Decrescente;Céu Claro;Dupla;Reta;-819.120.206;-3.497.449.985
12/11/2024;13:00:00;TOLEDO;Animais na Pista;Saída de leito carroçável;Com Vítimas Feridas;Pleno dia;Decrescente;Chuva;Dupla;Reta;-246.887.364;-5.376.846.121
12/11/2024;18:20:00;PORTO ALEGRE;Manobra de mudança de faixa;Colisão lateral mesmo sentido;Com Vítimas Feridas;Plena Noite;Crescente;Céu Claro;Dupla;Reta;-2.996.957.138;-511.695.689
12/11/2024;07:10:00;SAO GONCALO;Manobra de mudança de faixa;Colisão lateral mesmo sentido;Com Vítimas Feridas;Pleno dia;Crescente;Céu Claro;Simples;Reta;-2.282.835.879;-4.309.208.739
12/11/2024;18:30:00;MAUA DA SERRA;Velocidade Incompatível;Saída de leito carroçável;Com Vítimas Feridas;Plena Noite;Crescente;Céu Claro;Dupla;Curva;-2.388.221.165;-5.124.770.674
08/11/2024;12:10:00;GUAPIMIRIM;Ultrapassagem Indevida;Colisão lateral mesmo sentido;Com Vítimas Feridas;Pleno dia;Decrescente;Sol;Simples;Reta;-2.255.073.275;-4.298.968.744
01/11/2024;14:00:00;VALENCA;Curva acentuada;Saída de leito carroçável;Sem Vítimas;Pleno dia;Não Informado;Céu Claro;Simples;Curva;-2.231.439.856;-4.392.202.556
12/11/2024;19:50:00;PERITORO;Animais na Pista;Atropelamento de Animal;Com Vítimas Feridas;Plena Noite;Decrescente;Nublado;Simples;Reta;-438.900.792;-4.434.196.826
12/11/2024;14:40:00;RIO DE JANEIRO;Manobra de mudança de faixa;Colisão lateral mesmo sentido;Com Vítimas Feridas;Pleno dia;Não Informado;Sol;Dupla;Reta;-228.431.937;-432.393.605
12/11/2024;22:05:00;ITAITINGA;Animais na Pista;Atropelamento de Animal;Com Vítimas Feridas;Plena Noite;Crescente;Céu Claro;Dupla;Reta;-398.418.708;-385.151.357
12/11/2024;19:50:00;TEOFILO OTONI;Animais na Pista;Atropelamento de Animal;Com Vítimas Feridas;Plena Noite;Decrescente;Céu Claro;Simples;"Reta;Declive";-17.886.829;-41.522.249
12/11/2024;21:45:00;SAO LOURENCO DA MATA;Animais na Pista;Atropelamento de Animal;Com Vítimas Feridas;Plena Noite;Crescente;Nublado;Dupla;Reta;-8.030.207;-35.036.121
12/11/2024;18:00:00;IBIRAPITANGA;Acesso irregular;Colisão frontal;Com Vítimas Feridas;Anoitecer;Crescente;Ignorado;Simples;Reta;-1.404.414.135;-393.966.413
12/11/2024;21:30:00;BONFIM;Animais na Pista;Atropelamento de Animal;Com Vítimas Feridas;Plena Noite;Crescente;Céu Claro;Simples;Reta;326.958.286;-6.002.076.098
13/11/2024;03:10:00;SAO GABRIEL DO OESTE;Animais na Pista;Atropelamento de Animal;Com Vítimas Feridas;Plena Noite;Crescente;Céu Claro;Simples;Reta;-194.409.361;-5.453.079.011
13/11/2024;05:16:00;PARNAMIRIM;Curva acentuada;Capotamento;Com Vítimas Feridas;Pleno dia;Crescente;Céu Claro;Dupla;"Curva;Em Obras";-5.892.745;-35.257.225
13/11/2024;07:28:00;PORTO ALEGRE;Manobra de mudança de faixa;Tombamento;Com Vítimas Feridas;Pleno dia;Decrescente;Céu Claro;Dupla;"Reta;Ponte";-29.994.816;-51.217.403
13/11/2024;08:50:00;CARIACICA;Velocidade Incompatível;Colisão traseira;Com Vítimas Feridas;Pleno dia;Crescente;Céu Claro;Dupla;Curva;-2.027.160.351;-4.039.091.743
13/11/2024;09:25:00;SAO JOSE DOS PINHAIS;Acumulo de areia ou detritos sobre o pavimento;Colisão traseira;Sem Vítimas;Pleno dia;Decrescente;Nublado;Dupla;Reta;-2.555.339.616;-490.344.125
16/10/2024;08:00:00;ROLANDIA;Acumulo de areia ou detritos sobre o pavimento;Tombamento;Com Vítimas Feridas;Pleno dia;Crescente;Céu Claro;Dupla;"Reta;Interseção de Vias";-2.330.232.884;-5.133.358.598
13/11/2024;07:30:00;PORTO VELHO;Chuva;Capotamento;Com Vítimas Feridas;Amanhecer;Decrescente;Chuva;Simples;"Aclive;Curva";-920.364.426;-6.433.142.181
13/11/2024;11:30:00;CARIACICA;Velocidade Incompatível;Colisão com objeto;Com Vítimas Feridas;Pleno dia;Crescente;Nublado;Dupla;"Viaduto;Reta";-2.022.977.466;-4.036.684.871
13/11/2024;12:30:00;SERITINGA;Velocidade Incompatível;Saída de leito carroçável;Com Vítimas Feridas;Pleno dia;Decrescente;Chuva;Simples;"Curva;Declive";-2.192.680.361;-4.455.968.857
13/11/2024;12:45:00;GOIANIA;Desrespeitar a preferência no cruzamento;Colisão lateral mesmo sentido;Com Vítimas Feridas;Pleno dia;Crescente;Céu Claro;Simples;Aclive;-167.223;-493.746
13/11/2024;11:00:00;PERDOES;Chuva;Colisão com objeto;Com Vítimas Feridas;Pleno dia;Crescente;Chuva;Dupla;"Curva;Declive";-2.108.945.416;-4.506.864.195
13/11/2024;14:30:00;SAO JOSE;Manobra de mudança de faixa;Colisão com objeto;Com Vítimas Feridas;Pleno dia;Crescente;Céu Claro;Múltipla;"Reta;Aclive";-2.757.413.014;-4.861.363.083
13/11/2024;14:00:00;RIO PARDO;Desrespeitar a preferência no cruzamento;Colisão transversal;Com Vítimas Feridas;Pleno dia;Decrescente;Céu Claro;Simples;Rotatória;-30.022.757;-52.373.554
09/11/2024;18:20:00;JABOATAO DOS GUARARAPES;Ausência de sinalização;Colisão transversal;Com Vítimas Feridas;Plena Noite;Crescente;Nublado;Múltipla;Interseção de Vias;-815.112.589;-349.428.866
13/11/2024;16:02:00;VIANA;Conversão proibida;Colisão transversal;Com Vítimas Feridas;Pleno dia;Crescente;Chuva;Simples;Reta;-203.919.143;-4.049.002.338
13/11/2024;16:35:00;PATO BRANCO;Ultrapassagem Indevida;Colisão frontal;Com Vítimas Feridas;Pleno dia;Crescente;Céu Claro;Simples;Curva;-26.153.872;-52.663.456
13/11/2024;13:30:00;PETROLINA;Desrespeitar a preferência no cruzamento;Colisão transversal;Com Vítimas Feridas;Pleno dia;Crescente;Céu Claro;Simples;Rotatória;-939.940.156;-4.050.556.183
13/11/2024;18:10:00;ITAPEMA;Manobra de mudança de faixa;Tombamento;Com Vítimas Feridas;Pleno dia;Decrescente;Nublado;Dupla;"Aclive;Reta";-2.708.139.206;-4.860.130.993
13/11/2024;17:30:00;BALSAS;Desrespeitar a preferência no cruzamento;Colisão transversal;Com Vítimas Feridas;Pleno dia;Decrescente;Céu Claro;Simples;Reta;-751.971.965;-4.605.845.601
13/11/2024;17:30:00;ARAQUARI;Acesso irregular;Colisão frontal;Com Vítimas Feridas;Pleno dia;Decrescente;Céu Claro;Simples;Reta;-2.639.685.622;-4.874.021.969
13/11/2024;19:45:00;PACAJUS;Animais na Pista;Atropelamento de Animal;Sem Vítimas;Plena Noite;Decrescente;Céu Claro;Dupla;Reta;-414.746.618;-3.847.778.184
13/11/2024;19:40:00;ITAPEMA;Ultrapassagem Indevida;Colisão lateral mesmo sentido;Com Vítimas Feridas;Plena Noite;Decrescente;Nublado;Dupla;Reta;-2.713.563.503;-4.861.004.665
13/11/2024;18:40:00;RIBEIRAO;Conversão proibida;Colisão transversal;Com Vítimas Feridas;Plena Noite;Decrescente;Céu Claro;Simples;Reta;-8.503.816;-3.537.475
13/11/2024;20:30:00;FOZ DO IGUACU;Desrespeitar a preferência no cruzamento;Colisão transversal;Com Vítimas Feridas;Plena Noite;Crescente;Céu Claro;Simples;"Em Obras;Interseção de Vias";-2.557.693.697;-5.454.439.402
13/11/2024;16:25:00;CASIMIRO DE ABREU;Chuva;Colisão com objeto;Com Vítimas Feridas;Pleno dia;Crescente;Chuva;Dupla;Curva;-2.249.207.101;-4.210.926.701
13/11/2024;17:20:00;SAO MATEUS DO SUL;Sinalização mal posicionada;Colisão com objeto;Com Vítimas Feridas;Anoitecer;Crescente;Céu Claro;Simples;Curva;-25.877.428;-50.384.377
13/11/2024;23:45:00;BRASILIA;Estacionar ou parar em local proibido;Colisão transversal;Com Vítimas Feridas;Plena Noite;Decrescente;Chuva;Múltipla;"Curva;Aclive";-15.788.868;-48.220.242
13/11/2024;23:50:00;SAO PAULO;Animais na Pista;Atropelamento de Animal;Com Vítimas Feridas;Plena Noite;Decrescente;Nublado;Múltipla;"Declive;Reta";-2.349.659.264;-4.655.648.754
14/11/2024;00:47:00;ANAPOLIS;Pista esburacada;Tombamento;Com Vítimas Feridas;Plena Noite;Crescente;Garoa/Chuvisco;Simples;Reta;-16.283.987;-48.951.763
07/10/2024;01:30:00;ITABUNA;Velocidade Incompatível;Colisão frontal;Com Vítimas Feridas;Plena Noite;Crescente;Céu Claro;Simples;Curva;-1.480.635.521;-3.929.695.845
14/11/2024;07:25:00;CAXIAS DO SUL;Manobra de mudança de faixa;Colisão lateral mesmo sentido;Com Vítimas Feridas;Pleno dia;Decrescente;Sol;Dupla;Reta;-2.914.228.897;-5.113.622.202
14/11/2024;07:30:00;FORTALEZA;Acumulo de areia ou detritos sobre o pavimento;Queda de ocupante de veículo;Com Vítimas Feridas;Pleno dia;Decrescente;Céu Claro;Múltipla;Interseção de Vias;-3.737.804;-38.578.061
14/11/2024;09:00:00;PALHOCA;Desrespeitar a preferência no cruzamento;Tombamento;Com Vítimas Feridas;Pleno dia;Decrescente;Céu Claro;Simples;"Reta;Interseção de Vias";-27.672.798;-48.694.286
14/11/2024;07:15:00;BRASILIA;Manobra de mudança de faixa;Colisão lateral mesmo sentido;Sem Vítimas;Pleno dia;Decrescente;Céu Claro;Dupla;"Reta;Aclive";-15.788.868;-48.220.242
14/11/2024;09:00:00;SAO LUIZ GONZAGA;Ultrapassagem Indevida;Colisão frontal;Com Vítimas Fatais;Pleno dia;Decrescente;Céu Claro;Simples;Curva;-2.841.427.652;-5.476.607.323
10/07/2024;11:00:00;RIO CASCA;Desrespeitar a preferência no cruzamento;Colisão transversal;Com Vítimas Feridas;Pleno dia;Decrescente;Sol;Simples;Reta;-2.021.312.389;-4.265.721.909
14/11/2024;11:06:00;TERESINA;Desrespeitar a preferência no cruzamento;Colisão transversal;Com Vítimas Feridas;Pleno dia;Decrescente;Céu Claro;Múltipla;Interseção de Vias;-508.036.444;-4.278.687.716
13/11/2024;19:31:00;HIDROLINA;Acesso irregular;Queda de ocupante de veículo;Com Vítimas Feridas;Plena Noite;Decrescente;Nublado;Simples;Reta;-1.473.085.041;-4.923.828.721
14/11/2024;11:25:00;NOVA ERA;Velocidade Incompatível;Colisão frontal;Com Vítimas Feridas;Pleno dia;Decrescente;Chuva;Simples;"Curva;Declive";-1.981.700.707;-4.306.661.887
14/11/2024;12:00:00;SAO PEDRO DO PIAUI;Manobra de mudança de faixa;Colisão com objeto;Com Vítimas Feridas;Pleno dia;Crescente;Sol;Simples;"Declive;Reta";-5.940.016;-42.712.646
14/11/2024;13:55:00;SAO JOSE;Ausência de sinalização;Colisão lateral mesmo sentido;Com Vítimas Feridas;Pleno dia;Crescente;Céu Claro;Dupla;Reta;-2.754.836.599;-4.861.977.975
14/11/2024;13:15:00;SANTA RITA;Manobra de mudança de faixa;Capotamento;Com Vítimas Feridas;Pleno dia;Decrescente;Céu Claro;Dupla;"Reta;Aclive";-699.352.402;-3.506.896.004
14/11/2024;13:30:00;CAXIAS;Manobra de mudança de faixa;Colisão lateral mesmo sentido;Com Vítimas Fatais;Pleno dia;Crescente;Céu Claro;Simples;"Reta;Declive";-4.834.117;-43.485.558
14/11/2024;14:00:00;CURITIBA;Velocidade Incompatível;Colisão lateral mesmo sentido;Com Vítimas Feridas;Pleno dia;Crescente;Nublado;Dupla;Reta;-2.555.953.326;-4.926.560.414
29/09/2024;11:40:00;TEOFILO OTONI;Animais na Pista;Tombamento;Com Vítimas Feridas;Pleno dia;Decrescente;Ignorado;Simples;Reta;-1.781.112.005;-4.149.703.981
14/11/2024;13:20:00;JACI;Animais na Pista;Atropelamento de Animal;Com Vítimas Feridas;Pleno dia;Decrescente;Céu Claro;Simples;Reta;-2.095.392.297;-4.955.130.302
14/11/2024;14:00:00;CASCAVEL;Velocidade Incompatível;Saída de leito carroçável;Com Vítimas Feridas;Pleno dia;Crescente;Céu Claro;Simples;Reta;-2.498.285.697;-5.347.319.399
14/11/2024;13:40:00;ITAQUIRAI;Demais Fenômenos da natureza;Incêndio;Sem Vítimas;Pleno dia;Decrescente;Céu Claro;Simples;Reta;-23.232.988;-54.021.624
14/11/2024;15:40:00;GUARULHOS;Manobra de mudança de faixa;Colisão lateral mesmo sentido;Com Vítimas Feridas;Pleno dia;Crescente;Nublado;Múltipla;"Reta;Em Obras";-2.348.071.896;-4.653.271.603
14/11/2024;13:50:00;SANTO ANTONIO DO LEVERGER;Pista Escorregadia;Queda de ocupante de veículo;Com Vítimas Feridas;Pleno dia;Decrescente;Sol;Dupla;Curva;-1.579.348.889;-556.077.944
14/11/2024;15:30:00;NATAL;Ausência de sinalização;Colisão traseira;Com Vítimas Feridas;Pleno dia;Decrescente;Céu Claro;Dupla;Reta;-5.772.155;-35.263.157
14/11/2024;16:30:00;BETIM;Manobra de mudança de faixa;Colisão traseira;Com Vítimas Feridas;Pleno dia;Decrescente;Céu Claro;Dupla;"Reta;Aclive";-1.995.979.596;-4.408.289.909
14/11/2024;16:25:00;TURUCU;Condutor usando celular;Capotamento;Com Vítimas Feridas;Pleno dia;Decrescente;Céu Claro;Dupla;Reta;-3.150.397.411;-522.203.438
14/11/2024;16:25:00;TERESINA;Manobra de mudança de faixa;Colisão lateral mesmo sentido;Com Vítimas Feridas;Pleno dia;Crescente;Céu Claro;Múltipla;"Aclive;Reta";-508.025.067;-4.275.794.864
14/11/2024;16:20:00;CAUCAIA;Manobra de mudança de faixa;Colisão transversal;Com Vítimas Feridas;Pleno dia;Crescente;Sol;Múltipla;Reta;-374.164.754;-3.860.449.792
14/11/2024;15:40:00;RESSAQUINHA;Velocidade Incompatível;Saída de leito carroçável;Com Vítimas Feridas;Pleno dia;Decrescente;Chuva;Simples;Curva;-2.106.342.685;-4.376.285.914
14/11/2024;16:50:00;CAMPO LARGO;Manobra de mudança de faixa;Colisão lateral mesmo sentido;Com Vítimas Feridas;Pleno dia;Decrescente;Sol;Dupla;"Ponte;Reta";-2.542.806.815;-4.938.916.098
14/11/2024;16:30:00;BALSAS;Desrespeitar a preferência no cruzamento;Colisão transversal;Com Vítimas Feridas;Pleno dia;Decrescente;Céu Claro;Simples;Interseção de Vias;-750.857.084;-4.603.158.637
14/11/2024;17:30:00;JUAZEIRINHO;Conversão proibida;Colisão lateral mesmo sentido;Com Vítimas Feridas;Anoitecer;Decrescente;Céu Claro;Simples;Reta;-70.595;-36.555