data_inversa;horario;municipio;causa_acidente;tipo_acidente;classificacao_acidente;fase_dia;sentido_via;condicao_metereologica;tipo_pista;tracado_via;latitude;longitude
14/11/2024;17:10:00;CABROBO;Animais na Pista;Colisão traseira;Sem Vítimas;Pleno dia;Crescente;Sol;Simples;"Aclive;Reta";-849.337.421;-3.939.765.603
14/11/2024;19:20:00;FELIXLANDIA;Ultrapassagem Indevida;Colisão frontal;Com Vítimas Fatais;Plena Noite;Crescente;Céu Claro;Simples;Reta;-1.869.991.936;-4.496.574.619
14/11/2024;09:10:00;ANGRA DOS REIS;Ultrapassagem Indevida;Colisão traseira;Com Vítimas Feridas;Pleno dia;Decrescente;Nublado;Simples;Reta;-2.299.096.308;-4.430.429.882
14/11/2024;19:06:00;SAO JOSE;Afundamento ou ondulação no pavimento;Queda de ocupante de veículo;Com Vítimas Feridas;Plena Noite;Crescente;Céu Claro;Múltipla;Reta;-275.650.044;-4.861.460.082
14/11/2024;19:12:00;RIBEIRAO;Condutor usando celular;Saída de leito carroçável;Com Vítimas Feridas;Plena Noite;Crescente;Céu Claro;Dupla;Curva;-851.960.799;-3.538.997.595
14/11/2024;19:22:00;BETIM;Manobra de mudança de faixa;Colisão lateral mesmo sentido;Com Vítimas Feridas;Plena Noite;Crescente;Céu Claro;Múltipla;Reta;-1.995.931.561;-4.408.825.597
14/11/2024;18:50:00;TERESINA;Manobra de mudança de faixa;Colisão lateral mesmo sentido;Com Vítimas Feridas;Plena Noite;Decrescente;Céu Claro;Dupla;"Retorno Regulamentado;Reta";-5.057.786;-42.688.541
21/10/2024;22:04:00;FORTALEZA;Acesso irregular;Colisão traseira;Com Vítimas Feridas;Plena Noite;Crescente;Céu Claro;Múltipla;Reta;-377.866.493;-3.851.490.171
14/11/2024;18:30:00;CAUCAIA;Ausência de sinalização;Colisão com objeto;Com Vítimas Feridas;Plena Noite;Crescente;Céu Claro;Dupla;Reta;-374.923.332;-3.871.923.964
14/11/2024;11:15:00;SAO JOSE DA LAJE;Demais Fenômenos da natureza;Incêndio;Sem Vítimas;Pleno dia;Crescente;Céu Claro;Simples;Reta;-896.386.265;-3.602.023.815
14/11/2024;19:00:00;TAUA;Deficiência do Sistema de Iluminação/Sinalização;Colisão traseira;Com Vítimas Fatais;Plena Noite;Crescente;Céu Claro;Simples;Reta;-599.485.078;-4.027.388.422
14/11/2024;21:00:00;DUQUE DE CAXIAS;Manobra de mudança de faixa;Engavetamento;Com Vítimas Feridas;Plena Noite;Crescente;Garoa/Chuvisco;Dupla;Reta;-2.279.907.687;-4.329.015.739
14/11/2024;21:40:00;PALMEIRA DOS INDIOS;Falta de elemento de contenção que evite a saída do leito carroçável;Saída de leito carroçável;Com Vítimas Feridas;Pleno dia;Decrescente;Céu Claro;Simples;Reta;-940.239.145;-3.669.602.965
14/11/2024;20:47:00;SAO SEBASTIAO DA BELA VISTA;Chuva;Colisão traseira;Com Vítimas Feridas;Plena Noite;Decrescente;Chuva;Dupla;Reta;-2.223.698.876;-4.587.928.703
15/11/2024;00:05:00;SAO LOURENCO DA SERRA;Pista esburacada;Queda de ocupante de veículo;Com Vítimas Feridas;Plena Noite;Decrescente;Nublado;Dupla;"Declive;Reta";-2.382.760.675;-4.692.631.345
14/11/2024;21:00:00;ALTOS;Animais na Pista;Atropelamento de Animal;Com Vítimas Fatais;Plena Noite;Crescente;Céu Claro;Simples;Reta;-503.097;-4.243.945
15/11/2024;00:30:00;FORTALEZA;Velocidade Incompatível;Colisão traseira;Com Vítimas Feridas;Plena Noite;Crescente;Céu Claro;Múltipla;Reta;-37.867.209;-385.114.568
15/11/2024;00:30:00;PETROPOLIS;Ausência de sinalização;Colisão frontal;Com Vítimas Feridas;Plena Noite;Crescente;Chuva;Dupla;Curva;-2.240.542.358;-4.314.664.526
15/11/2024;00:40:00;MANHUACU;Animais na Pista;Atropelamento de Animal;Com Vítimas Feridas;Plena Noite;Crescente;Chuva;Simples;Reta;-2.035.766.358;-421.519.103
15/11/2024;03:10:00;PALHOCA;Velocidade Incompatível;Colisão traseira;Com Vítimas Feridas;Pleno dia;Crescente;Céu Claro;Múltipla;Reta;-2.762.996.929;-4.865.903.871
15/11/2024;04:33:00;MAMANGUAPE;Manobra de mudança de faixa;Colisão traseira;Com Vítimas Feridas;Amanhecer;Decrescente;Céu Claro;Dupla;Declive;-684.766.595;-3.513.549.958
15/11/2024;06:00:00;CAJATI;Velocidade Incompatível;Saída de leito carroçável;Com Vítimas Feridas;Pleno dia;Decrescente;Chuva;Simples;Curva;-2.487.156.419;-4.820.998.192
15/11/2024;00:50:00;ITATIAIUCU;Chuva;Saída de leito carroçável;Com Vítimas Feridas;Plena Noite;Decrescente;Chuva;Dupla;Curva;-2.019.896.036;-4.438.641.307
15/11/2024;06:50:00;CORUMBA DE GOIAS;Chuva;Saída de leito carroçável;Com Vítimas Feridas;Pleno dia;Crescente;Chuva;Simples;"Curva;Declive";-1.588.575.819;-4.879.661.256
15/11/2024;06:30:00;SANTO ANTONIO DO AMPARO;Chuva;Saída de leito carroçável;Com Vítimas Feridas;Pleno dia;Decrescente;Chuva;Múltipla;"Aclive;Curva;Rotatória";-2.097.507.168;-4.493.851.662
05/08/2024;07:20:00;FLORIANO;Manobra de mudança de faixa;Colisão transversal;Com Vítimas Feridas;Pleno dia;Crescente;Céu Claro;Dupla;Reta;-6.781.361;-43.023.224
15/11/2024;07:00:00;MURIAE;Velocidade Incompatível;Saída de leito carroçável;Com Vítimas Feridas;Pleno dia;Decrescente;Garoa/Chuvisco;Simples;"Curva;Aclive";-2.120.407.381;-423.892.452
15/11/2024;07:10:00;SAO GONCALO DO RIO ABAIXO;Velocidade Incompatível;Saída de leito carroçável;Com Vítimas Feridas;Pleno dia;Decrescente;Chuva;Simples;Curva;-1.985.656.476;-4.324.333.334
15/11/2024;07:00:00;AREIA BRANCA;Pista Escorregadia;Eventos atípicos;Com Vítimas Feridas;Pleno dia;Decrescente;Garoa/Chuvisco;Simples;"Curva;Declive";-107.943.356;-37.277.802
15/11/2024;07:20:00;GOVERNADOR VALADARES;Ultrapassagem Indevida;Colisão frontal;Com Vítimas Feridas;Pleno dia;Crescente;Nublado;Simples;Curva;-1.891.795.246;-4.201.337.465
15/11/2024;06:50:00;JUIZ DE FORA;Velocidade Incompatível;Saída de leito carroçável;Com Vítimas Feridas;Pleno dia;Decrescente;Garoa/Chuvisco;Dupla;"Curva;Declive";-2.170.406.297;-4.345.067.808
15/11/2024;08:10:00;DUQUE DE CAXIAS;Velocidade Incompatível;Capotamento;Com Vítimas Feridas;Pleno dia;Crescente;Garoa/Chuvisco;Simples;Curva;-2.257.773.682;-4.327.329.036
15/11/2024;08:40:00;CARANDAI;Velocidade Incompatível;Colisão frontal;Com Vítimas Feridas;Pleno dia;Decrescente;Chuva;Simples;Curva;-2.090.511.396;-4.382.787.922
15/11/2024;09:45:00;OLIVEIRA FORTES;Acumulo de água sobre o pavimento;Saída de leito carroçável;Com Vítimas Feridas;Pleno dia;Decrescente;Chuva;Dupla;Curva;-2.134.762.119;-4.358.122.534
15/11/2024;09:40:00;JOINVILLE;Desrespeitar a preferência no cruzamento;Colisão transversal;Com Vítimas Feridas;Pleno dia;Crescente;Nublado;Simples;Interseção de Vias;-26.273.512;-4.889.442.801
15/11/2024;08:20:00;ARAQUARI;Acesso irregular;Colisão transversal;Com Vítimas Feridas;Pleno dia;Decrescente;Céu Claro;Simples;Reta;-2.640.450.077;-4.874.561.031
15/11/2024;11:40:00;SANTA RITA;Animais na Pista;Atropelamento de Animal;Com Vítimas Feridas;Pleno dia;Crescente;Céu Claro;Dupla;Reta;-71.293;-349.536
15/11/2024;13:00:00;MORRETES;Afundamento ou ondulação no pavimento;Tombamento;Com Vítimas Feridas;Pleno dia;Decrescente;Garoa/Chuvisco;Dupla;Reta;-2.557.437.908;-4.885.418.905
15/11/2024;12:50:00;SAO GONCALO DO SAPUCAI;Velocidade Incompatível;Saída de leito carroçável;Com Vítimas Feridas;Pleno dia;Crescente;Chuva;Dupla;Curva;-2.197.237.106;-4.563.123.585
15/11/2024;11:38:00;ARAGUARI;Chuva;Colisão com objeto;Com Vítimas Feridas;Pleno dia;Decrescente;Chuva;Dupla;Declive;-1.850.601.025;-4.804.052.945
15/11/2024;10:44:00;VILHENA;Demais falhas na via;Saída de leito carroçável;Com Vítimas Feridas;Pleno dia;Crescente;Nublado;Simples;Curva;-1.247.255.876;-599.669.684
15/11/2024;11:30:00;ERECHIM;Conversão proibida;Colisão transversal;Com Vítimas Feridas;Pleno dia;Crescente;Céu Claro;Simples;Reta;-2.766.693.813;-5.229.069.167
15/11/2024;12:01:00;MIMOSO DO SUL;Manobra de mudança de faixa;Colisão frontal;Sem Vítimas;Pleno dia;Crescente;Chuva;Simples;Curva;-2.119.404.508;-4.129.778.404
15/11/2024;13:05:00;BLUMENAU;Conversão proibida;Colisão transversal;Com Vítimas Feridas;Pleno dia;Decrescente;Céu Claro;Simples;"Aclive;Em Obras;Desvio Temporário;Interseção de Vias;Curva";-26.864.044;-49.046.516
15/11/2024;12:30:00;PANAMA;Chuva;Capotamento;Com Vítimas Feridas;Pleno dia;Decrescente;Chuva;Dupla;Aclive;-182.169;-492.707
15/11/2024;10:45:00;JAPIRA;Velocidade Incompatível;Saída de leito carroçável;Com Vítimas Feridas;Pleno dia;Decrescente;Céu Claro;Simples;Reta;-23.746.511;-5.018.329
15/11/2024;13:40:00;POUSO ALEGRE;Ultrapassagem Indevida;Colisão lateral mesmo sentido;Com Vítimas Feridas;Pleno dia;Decrescente;Chuva;Simples;"Aclive;Curva";-22.184.483;-45.988.525
15/11/2024;11:30:00;CRISTIANO OTONI;Chuva;Colisão com objeto;Com Vítimas Feridas;Pleno dia;Decrescente;Chuva;Dupla;"Declive;Reta";-2.086.454.637;-4.379.759.789
17/09/2024;03:00:00;CAMPINA GRANDE DO SUL;Velocidade Incompatível;Saída de leito carroçável;Com Vítimas Feridas;Plena Noite;Crescente;Chuva;Dupla;Curva;-25.156.168;-488.613.401
15/11/2024;12:50:00;CAREACU;Velocidade Incompatível;Saída de leito carroçável;Com Vítimas Feridas;Pleno dia;Crescente;Chuva;Dupla;Curva;-2.200.851.691;-4.567.800.343
15/11/2024;14:40:00;BARRA MANSA;Acumulo de água sobre o pavimento;Colisão frontal;Com Vítimas Feridas;Pleno dia;Decrescente;Chuva;Simples;"Curva;Declive";-2.245.083.254;-4.433.823.701
15/11/2024;14:00:00;GOIANIA;Demais falhas na via;Queda de ocupante de veículo;Sem Vítimas;Pleno dia;Crescente;Céu Claro;Dupla;"Reta;Aclive";-167.366;-49.243
15/11/2024;12:40:00;CHORROCHO;Animais na Pista;Tombamento;Com Vítimas Feridas;Pleno dia;Decrescente;Céu Claro;Simples;Reta;-904.838.991;-3.916.726.582
15/11/2024;16:59:00;RIO BONITO;Velocidade Incompatível;Queda de ocupante de veículo;Com Vítimas Feridas;Pleno dia;Crescente;Nublado;Dupla;Curva;-2.271.367.506;-4.262.052.996
15/11/2024;16:20:00;CATANDUVAS;Velocidade Incompatível;Colisão frontal;Com Vítimas Feridas;Pleno dia;Decrescente;Garoa/Chuvisco;Simples;Reta;-27.098.232;-51.651.218
15/11/2024;17:00:00;CAMBUI;Velocidade Incompatível;Saída de leito carroçável;Com Vítimas Feridas;Pleno dia;Decrescente;Chuva;Dupla;Curva;-225.330.519;-4.602.906.704
15/11/2024;16:00:00;QUEIMADOS;Manobra de mudança de faixa;Capotamento;Com Vítimas Feridas;Pleno dia;Crescente;Céu Claro;Dupla;Reta;-2.272.952.183;-4.357.481.597
15/11/2024;19:15:00;MATUPA;Frear bruscamente;Colisão traseira;Com Vítimas Feridas;Plena Noite;Crescente;Chuva;Simples;Aclive;-10.120.672;-54.932.967
15/11/2024;20:15:00;JEQUIE;Manobra de mudança de faixa;Colisão frontal;Com Vítimas Feridas;Plena Noite;Crescente;Céu Claro;Simples;Curva;-1.388.803.096;-4.002.893.197
15/11/2024;21:30:00;CAMPINA GRANDE DO SUL;Velocidade Incompatível;Saída de leito carroçável;Com Vítimas Feridas;Plena Noite;Decrescente;Chuva;Dupla;Curva;-2.516.445.203;-4.886.237.697
15/11/2024;21:00:00;BRASILIA;Chuva;Colisão lateral mesmo sentido;Sem Vítimas;Plena Noite;Decrescente;Chuva;Dupla;Curva;-15.802.453;-48.080.387
15/11/2024;22:40:00;GUARAPUAVA;Velocidade Incompatível;Capotamento;Com Vítimas Feridas;Plena Noite;Decrescente;Céu Claro;Dupla;Reta;-2.533.928.412;-5.142.880.296
15/11/2024;22:10:00;VITORIA DA CONQUISTA;Manobra de mudança de faixa;Colisão transversal;Com Vítimas Feridas;Plena Noite;Decrescente;Nublado;Simples;Reta;-1.488.183.373;-4.087.085.724
15/11/2024;22:50:00;ITAGUAI;Velocidade Incompatível;Colisão lateral mesmo sentido;Com Vítimas Feridas;Plena Noite;Decrescente;Chuva;Dupla;Reta;-22.863.394;-43.796.273
15/11/2024;22:10:00;CRISTINAPOLIS;Velocidade Incompatível;Colisão com objeto;Sem Vítimas;Plena Noite;Decrescente;Nublado;Simples;Curva;-1.145.004.803;-3.773.745.006
15/11/2024;22:30:00;BRASILIA;Manobra de mudança de faixa;Colisão lateral mesmo sentido;Com Vítimas Feridas;Plena Noite;Decrescente;Chuva;Dupla;Reta;-15.802.453;-48.080.387
16/11/2024;00:50:00;PESQUEIRA;Animais na Pista;Atropelamento de Animal;Com Vítimas Feridas;Plena Noite;Crescente;Céu Claro;Simples;"Aclive;Reta";-837.185.891;-3.665.279.599
16/11/2024;03:30:00;ENGENHEIRO CALDAS;Velocidade Incompatível;Queda de ocupante de veículo;Com Vítimas Feridas;Plena Noite;Decrescente;Nublado;Simples;"Reta;Declive";-1.918.425.398;-4.204.045.306
16/11/2024;05:50:00;PALHOCA;Velocidade Incompatível;Saída de leito carroçável;Com Vítimas Feridas;Amanhecer;Crescente;Chuva;Dupla;Curva;-277.688.932;-4.863.205.379
16/11/2024;04:20:00;SOMBRIO;Animais na Pista;Atropelamento de Animal;Sem Vítimas;Plena Noite;Crescente;Céu Claro;Múltipla;Reta;-2.904.753.891;-4.961.825.012
16/11/2024;06:45:00;PALHOCA;Velocidade Incompatível;Colisão com objeto;Com Vítimas Feridas;Pleno dia;Decrescente;Chuva;Dupla;"Curva;Aclive";-278.177.775;-486.315.025
16/11/2024;06:25:00;CURITIBA;Velocidade Incompatível;Colisão com objeto;Com Vítimas Feridas;Pleno dia;Crescente;Nublado;Dupla;Reta;-25.568.939;-49.181.978
07/06/2024;11:40:00;RUROPOLIS;Acumulo de areia ou detritos sobre o pavimento;Colisão com objeto;Sem Vítimas;Pleno dia;Crescente;Sol;Simples;"Declive;Curva";-408.910.809;-54.859.784
15/11/2024;21:30:00;TERESOPOLIS;Chuva;Atropelamento de Pedestre;Com Vítimas Feridas;Plena Noite;Crescente;Chuva;Simples;Curva;-2.231.064.086;-4.293.779.076
16/11/2024;03:00:00;PARATY;Demais Fenômenos da natureza;Queda de ocupante de veículo;Com Vítimas Feridas;Plena Noite;Decrescente;Chuva;Simples;Reta;-2.316.136.405;-4.470.942.172
15/11/2024;18:20:00;DUQUE DE CAXIAS;Chuva;Queda de ocupante de veículo;Com Vítimas Feridas;Anoitecer;Crescente;Nublado;Simples;Reta;-2.255.191.954;-4.325.068.815
16/11/2024;09:00:00;BIGUACU;Velocidade Incompatível;Colisão com objeto;Com Vítimas Feridas;Pleno dia;Crescente;Chuva;Dupla;Curva;-274.341.098;-4.862.567.129
16/11/2024;07:45:00;CAJATI;Chuva;Capotamento;Com Vítimas Feridas;Pleno dia;Crescente;Chuva;Dupla;Curva;-247.531.624;-481.580.848
16/11/2024;09:30:00;CONGONHAL;Conversão proibida;Colisão transversal;Com Vítimas Fatais;Pleno dia;Crescente;Nublado;Simples;Reta;-22.150.413;-46.041.278
16/11/2024;09:30:00;SAO JOSE;Velocidade Incompatível;Saída de leito carroçável;Com Vítimas Feridas;Pleno dia;Crescente;Chuva;Dupla;Curva;-2.758.484.473;-4.861.648.142
16/11/2024;09:30:00;GOIANIA;Manobra de mudança de faixa;Colisão lateral mesmo sentido;Com Vítimas Feridas;Pleno dia;Decrescente;Nublado;Dupla;Reta;-166.461;-492.114
16/11/2024;09:38:00;CABEDELO;Manobra de mudança de faixa;Colisão lateral mesmo sentido;Com Vítimas Feridas;Pleno dia;Decrescente;Céu Claro;Simples;Reta;-70.433;-348.466
16/11/2024;10:15:00;VILHENA;Velocidade Incompatível;Colisão traseira;Com Vítimas Feridas;Pleno dia;Crescente;Céu Claro;Dupla;Reta;-1.273.306.632;-6.012.981.255
16/11/2024;10:30:00;JOINVILLE;Velocidade Incompatível;Saída de leito carroçável;Com Vítimas Feridas;Pleno dia;Crescente;Chuva;Simples;"Declive;Retorno Regulamentado;Curva";-2.636.479.799;-4.885.878.798
16/11/2024;12:10:00;BIGUACU;Velocidade Incompatível;Colisão com objeto;Com Vítimas Feridas;Pleno dia;Decrescente;Chuva;Dupla;Curva;-27.459.393;-48.638.914
16/11/2024;12:40:00;TIJUCAS;Velocidade Incompatível;Tombamento;Com Vítimas Feridas;Pleno dia;Crescente;Nublado;Dupla;Reta;-2.721.673.911;-486.244.238
16/11/2024;13:15:00;BAEPENDI;Velocidade Incompatível;Colisão frontal;Com Vítimas Feridas;Pleno dia;Decrescente;Chuva;Simples;Curva;-2.194.192.509;-4.488.862.798
16/11/2024;13:30:00;RECIFE;Manobra de mudança de faixa;Colisão lateral mesmo sentido;Com Vítimas Feridas;Pleno dia;Crescente;Céu Claro;Dupla;Reta;-8.126.982;-3.494.386
16/11/2024;09:30:00;PINHEIRAL;Chuva;Colisão com objeto;Sem Vítimas;Amanhecer;Crescente;Chuva;Dupla;Curva;-2.258.138.777;-4.402.160.689
16/11/2024;13:40:00;PORTO ALEGRE;Velocidade Incompatível;Colisão traseira;Com Vítimas Feridas;Pleno dia;Decrescente;Céu Claro;Dupla;"Reta;Em Obras";-30.033.535;-51.230.453
16/11/2024;14:30:00;SABARA;Pista Escorregadia;Saída de leito carroçável;Com Vítimas Feridas;Pleno dia;Crescente;Chuva;Simples;"Curva;Aclive";-1.978.496.805;-4.372.311.799
16/11/2024;13:28:00;BRASILIA;Conversão proibida;Colisão transversal;Com Vítimas Feridas;Pleno dia;Crescente;Sol;Simples;Reta;-15.701.065;-48.202.263
16/11/2024;15:00:00;LONDRINA;Velocidade Incompatível;Colisão lateral mesmo sentido;Com Vítimas Feridas;Pleno dia;Decrescente;Céu Claro;Dupla;"Declive;Reta";-2.329.296.057;-5.112.024.844
16/11/2024;14:00:00;MORRETES;Chuva;Saída de leito carroçável;Com Vítimas Feridas;Pleno dia;Decrescente;Chuva;Dupla;"Curva;Declive";-25.547.373;-48.790.559
16/11/2024;14:00:00;TIJUCAS DO SUL;Velocidade Incompatível;Colisão com objeto;Com Vítimas Feridas;Pleno dia;Decrescente;Chuva;Simples;"Curva;Declive";-258.516.758;-4.900.332.398
16/11/2024;13:30:00;CARAI;Declive acentuado;Tombamento;Com Vítimas Fatais;Pleno dia;Crescente;Céu Claro;Simples;"Curva;Declive";-1.728.377.607;-4.151.409.092
16/11/2024;15:00:00;OLIVEIRA;Acumulo de água sobre o pavimento;Saída de leito carroçável;Com Vítimas Feridas;Pleno dia;Decrescente;Chuva;Dupla;Reta;-2.071.328.969;-4.476.134.722
16/11/2024;16:00:00;SAO JOSE DOS PINHAIS;Velocidade Incompatível;Engavetamento;Com Vítimas Feridas;Pleno dia;Crescente;Céu Claro;Dupla;"Declive;Reta;Em Obras";-2.551.726.115;-4.911.540.707
16/11/2024;16:15:00;UBATUBA;Ultrapassagem Indevida;Colisão frontal;Com Vítimas Feridas;Pleno dia;Crescente;Garoa/Chuvisco;Simples;Interseção de Vias;-234.599.454;-4.506.743.299
16/11/2024;14:15:00;LONDRINA;Velocidade Incompatível;Colisão traseira;Sem Vítimas;Pleno dia;Decrescente;Céu Claro;Dupla;Reta;-2.329.320.401;-5.112.006.068
16/11/2024;16:00:00;BRUMADINHO;Acumulo de água sobre o pavimento;Colisão traseira;Com Vítimas Feridas;Pleno dia;Crescente;Chuva;Dupla;"Reta;Declive";-2.015.880.786;-443.296.669
16/11/2024;16:20:00;SAO PAULO;Curva acentuada;Queda de ocupante de veículo;Com Vítimas Feridas;Pleno dia;Crescente;Céu Claro;Dupla;"Curva;Declive";-2.338.372.401;-4.656.502.116
16/11/2024;16:30:00;EXTREMA;Velocidade Incompatível;Capotamento;Com Vítimas Feridas;Pleno dia;Decrescente;Chuva;Dupla;"Reta;Ponte";-2.286.605.937;-4.634.940.386
16/11/2024;17:28:00;LUZIANIA;Velocidade Incompatível;Capotamento;Sem Vítimas;Pleno dia;Crescente;Chuva;Dupla;Reta;-16.277.312;-4.786.291
16/11/2024;18:40:00;CONDE;Ausência de sinalização;Queda de ocupante de veículo;Com Vítimas Feridas;Plena Noite;Decrescente;Céu Claro;Dupla;"Em Obras;Reta;Declive";-722.379.403;-3.491.488.195
16/11/2024;17:10:00;RIO BRANCO;Desrespeitar a preferência no cruzamento;Colisão lateral mesmo sentido;Com Vítimas Feridas;Anoitecer;Crescente;Chuva;Dupla;Rotatória;-1.001.280.606;-6.780.005.697
16/11/2024;17:40:00;UBATUBA;Conversão proibida;Colisão transversal;Com Vítimas Feridas;Pleno dia;Decrescente;Garoa/Chuvisco;Simples;Reta;-2.345.627.795;-4.507.111.896
16/11/2024;18:00:00;CAMPOS ALTOS;Pista Escorregadia;Saída de leito carroçável;Com Vítimas Feridas;Anoitecer;Decrescente;Chuva;Simples;Curva;-1.962.457.601;-4.626.930.901
16/11/2024;20:30:00;PARNAMIRIM;Animais na Pista;Colisão traseira;Com Vítimas Feridas;Plena Noite;Crescente;Céu Claro;Dupla;Declive;-587.359.183;-3.522.063.023
16/11/2024;20:00:00;CANDEIAS;Falta de elemento de contenção que evite a saída do leito carroçável;Saída de leito carroçável;Com Vítimas Feridas;Plena Noite;Crescente;Nublado;Dupla;Reta;-125.942.506;-3.851.640.271
16/11/2024;19:30:00;DEMERVAL LOBAO;Animais na Pista;Atropelamento de Animal;Com Vítimas Feridas;Plena Noite;Decrescente;Céu Claro;Simples;Reta;-535.690.807;-426.764.932
16/11/2024;20:38:00;CACERES;Fumaça;Incêndio;Sem Vítimas;Plena Noite;Decrescente;Céu Claro;Simples;Reta;-1.614.892.769;-5.763.505.293
16/11/2024;23:00:00;ITALVA;Conversão proibida;Colisão transversal;Com Vítimas Feridas;Plena Noite;Decrescente;Chuva;Simples;Reta;-2.143.975.905;-4.167.832.968
17/11/2024;01:10:00;MURICI;Animais na Pista;Atropelamento de Animal;Com Vítimas Fatais;Plena Noite;Crescente;Céu Claro;Simples;Reta;-928.242.102;-3.596.280.407
17/11/2024;00:50:00;UBERLANDIA;Manobra de mudança de faixa;Colisão frontal;Com Vítimas Feridas;Plena Noite;Decrescente;Chuva;Simples;Reta;-1.892.211.884;-482.034.305
17/11/2024;01:20:00;SAO SIMAO;Acesso irregular;Saída de leito carroçável;Sem Vítimas;Plena Noite;Crescente;Chuva;Simples;"Reta;Interseção de Vias;Em Obras";-18.963.009;-50.615.242
17/11/2024;06:00:00;EUNAPOLIS;Velocidade Incompatível;Capotamento;Com Vítimas Feridas;Pleno dia;Crescente;Chuva;Simples;Curva;-1.618.781;-3.960.644
17/11/2024;06:25:00;SETE LAGOAS;Manobra de mudança de faixa;Colisão lateral mesmo sentido;Com Vítimas Feridas;Amanhecer;Decrescente;Céu Claro;Dupla;"Declive;Reta";-1.955.911.383;-4.424.017.469
16/11/2024;13:40:00;ARAGUARI;Velocidade Incompatível;Tombamento;Com Vítimas Feridas;Pleno dia;Crescente;Sol;Dupla;Curva;-1.861.851.284;-481.028.889
16/11/2024;22:15:00;PETROPOLIS;Velocidade Incompatível;Saída de leito carroçável;Com Vítimas Feridas;Plena Noite;Crescente;Chuva;Simples;Curva;-2.230.030.298;-4.313.042.284
17/11/2024;06:45:00;CAMBUI;Velocidade Incompatível;Colisão com objeto;Com Vítimas Feridas;Pleno dia;Decrescente;Garoa/Chuvisco;Dupla;"Curva;Declive";-2.271.744.092;-4.612.652.111
17/11/2024;06:20:00;SALVADOR;Pista Escorregadia;Queda de ocupante de veículo;Com Vítimas Feridas;Pleno dia;Crescente;Nublado;Múltipla;Reta;-12.891.109;-38.445.374
17/11/2024;08:10:00;CURITIBA;Ausência de sinalização;Colisão traseira;Com Vítimas Feridas;Pleno dia;Crescente;Sol;Dupla;Reta;-2.555.122.256;-4.930.503.748
17/11/2024;09:25:00;SAPUCAIA DO SUL;Manobra de mudança de faixa;Colisão lateral mesmo sentido;Com Vítimas Feridas;Pleno dia;Decrescente;Céu Claro;Dupla;Reta;-2.981.014.241;-5.116.758.943
17/11/2024;11:09:00;SAO JOSE DE MIPIBU;Velocidade Incompatível;Colisão traseira;Com Vítimas Feridas;Pleno dia;Decrescente;Céu Claro;Dupla;Reta;-60.525.261;-3.524.358.535
17/11/2024;11:09:00;SAO GONCALO DO AMARANTE;Acesso irregular;Colisão transversal;Com Vítimas Feridas;Pleno dia;Crescente;Céu Claro;Múltipla;Reta;-57.710.445;-3.526.616.981
17/11/2024;10:00:00;ABRE CAMPO;Velocidade Incompatível;Saída de leito carroçável;Com Vítimas Fatais;Pleno dia;Crescente;Nublado;Simples;Reta;-2.033.393.613;-4.245.649.805
17/11/2024;11:00:00;CANTA;Manobra de mudança de faixa;Colisão transversal;Com Vítimas Feridas;Pleno dia;Crescente;Céu Claro;Simples;Reta;266.944.189;-6.059.384.324
17/11/2024;14:00:00;INDIARA;Acumulo de água sobre o pavimento;Capotamento;Com Vítimas Feridas;Pleno dia;Crescente;Chuva;Dupla;Declive;-170.946;-498.649
17/11/2024;14:20:00;BIGUACU;Velocidade Incompatível;Queda de ocupante de veículo;Com Vítimas Feridas;Pleno dia;Crescente;Céu Claro;Dupla;Reta;-2.733.963.303;-4.862.734.885
17/11/2024;14:40:00;SAO JOSE DE MIPIBU;Condutor usando celular;Colisão traseira;Com Vítimas Feridas;Pleno dia;Decrescente;Céu Claro;Dupla;Reta;-606.166.101;-3.524.094.602
17/11/2024;14:00:00;SIMAO PEREIRA;Velocidade Incompatível;Colisão com objeto;Com Vítimas Feridas;Pleno dia;Crescente;Garoa/Chuvisco;Dupla;Curva;-2.196.689.732;-4.329.126.511
17/11/2024;06:40:00;ITAPAJE;Chuva;Saída de leito carroçável;Com Vítimas Feridas;Pleno dia;Crescente;Céu Claro;Simples;Curva;-369.613.087;-396.007.584
17/11/2024;10:35:00;JI-PARANA;Conversão proibida;Colisão transversal;Com Vítimas Feridas;Pleno dia;Decrescente;Nublado;Dupla;Interseção de Vias;-109.032.187;-6.193.018.556
17/11/2024;16:00:00;ARCOVERDE;Ultrapassagem Indevida;Colisão lateral mesmo sentido;Com Vítimas Feridas;Pleno dia;Decrescente;Céu Claro;Simples;Reta;-841.218;-37.085.203
17/11/2024;16:00:00;RIO LARGO;Velocidade Incompatível;Saída de leito carroçável;Com Vítimas Feridas;Pleno dia;Crescente;Céu Claro;Dupla;Retorno Regulamentado;-948.015.866;-3.588.544.047
17/11/2024;15:38:00;GUAPIMIRIM;Velocidade Incompatível;Tombamento;Com Vítimas Feridas;Pleno dia;Decrescente;Nublado;Simples;Curva;-2.250.841.847;-4.299.821.493
17/11/2024;16:50:00;PARATY;Conversão proibida;Colisão transversal;Com Vítimas Feridas;Pleno dia;Crescente;Céu Claro;Simples;Reta;-2.304.312.258;-4.457.285.285
17/11/2024;11:30:00;ACAILANDIA;Velocidade Incompatível;Saída de leito carroçável;Com Vítimas Feridas;Pleno dia;Crescente;Céu Claro;Simples;Curva;-485.741.265;-4.731.514.418