data_inversa;horario;municipio;causa_acidente;tipo_acidente;classificacao_acidente;fase_dia;sentido_via;condicao_metereologica;tipo_pista;tracado_via;latitude;longitude
21/11/2024;05:40:00;MACAE;Chuva;Capotamento;Com Vítimas Feridas;Amanhecer;Decrescente;Chuva;Simples;Reta;-2.238.421.015;-4.197.639.596
21/11/2024;02:00:00;CARDOSO MOREIRA;Animais na Pista;Atropelamento de Animal;Com Vítimas Feridas;Plena Noite;Decrescente;Nublado;Simples;Curva;-2.155.895.006;-4.145.319.306
21/11/2024;06:30:00;PORTO VITORIA;Ultrapassagem Indevida;Saída de leito carroçável;Com Vítimas Feridas;Amanhecer;Crescente;Nublado;Simples;Curva;-2.629.395.366;-5.120.289.803
18/11/2024;20:40:00;ELDORADO;Velocidade Incompatível;Saída de leito carroçável;Com Vítimas Feridas;Plena Noite;Crescente;Céu Claro;Simples;Curva;-2.378.880.331;-5.427.961.975
21/11/2024;09:30:00;SAO JOSE;Pista Escorregadia;Tombamento;Com Vítimas Feridas;Pleno dia;Crescente;Chuva;Múltipla;"Curva;Declive";-27.588.425;-48.612.919
21/11/2024;08:10:00;CACAPAVA DO SUL;Manobra de mudança de faixa;Colisão lateral mesmo sentido;Com Vítimas Feridas;Pleno dia;Crescente;Nublado;Dupla;Reta;-30.514.311;-53.461.451
21/11/2024;10:45:00;BIGUACU;Acumulo de água sobre o pavimento;Colisão com objeto;Com Vítimas Feridas;Pleno dia;Crescente;Chuva;Dupla;Curva;-2.746.540.355;-486.420.536
17/11/2024;16:00:00;BLUMENAU;Conversão proibida;Colisão transversal;Com Vítimas Feridas;Pleno dia;Crescente;Céu Claro;Simples;"Aclive;Em Obras;Reta";-2.687.641.809;-491.232.652
21/11/2024;08:50:00;MONTE ALEGRE DE MINAS;Chuva;Saída de leito carroçável;Com Vítimas Feridas;Pleno dia;Crescente;Chuva;Dupla;Curva;-1.887.833.102;-4.895.478.845
21/11/2024;13:50:00;IBIPORA;Velocidade Incompatível;Colisão traseira;Com Vítimas Feridas;Pleno dia;Crescente;Nublado;Dupla;Retorno Regulamentado;-232.606.092;-510.114.463
21/11/2024;14:40:00;CAXIAS DO SUL;Manobra de mudança de faixa;Colisão lateral mesmo sentido;Com Vítimas Feridas;Pleno dia;Crescente;Nublado;Dupla;Reta;-2.915.444.539;-5.115.101.681
21/11/2024;10:00:00;CARDOSO MOREIRA;Acumulo de água sobre o pavimento;Saída de leito carroçável;Sem Vítimas;Pleno dia;Crescente;Chuva;Simples;Curva;-2.150.716.272;-4.160.866.153
21/11/2024;10:10:00;PARA DE MINAS;Velocidade Incompatível;Capotamento;Com Vítimas Feridas;Pleno dia;Decrescente;Céu Claro;Dupla;Curva;-1.990.018.759;-4.455.287.088
21/11/2024;16:50:00;CARIACICA;Desrespeitar a preferência no cruzamento;Colisão transversal;Com Vítimas Feridas;Pleno dia;Crescente;Chuva;Dupla;Retorno Regulamentado;-2.028.927.747;-4.039.181.575
21/11/2024;17:20:00;TIBAGI;Chuva;Tombamento;Com Vítimas Feridas;Pleno dia;Decrescente;Garoa/Chuvisco;Dupla;Curva;-2.485.445.193;-5.046.069.175
21/11/2024;18:10:00;PORTO ALEGRE;Manobra de mudança de faixa;Colisão transversal;Com Vítimas Feridas;Pleno dia;Decrescente;Nublado;Múltipla;Reta;-2.996.957.791;-5.116.962.086
21/11/2024;16:20:00;QUATRO PONTES;Chuva;Saída de leito carroçável;Com Vítimas Feridas;Pleno dia;Crescente;Chuva;Dupla;"Declive;Curva";-2.458.022.189;-5.399.093.628
21/11/2024;17:10:00;TERESINA;Acesso irregular;Colisão transversal;Com Vítimas Feridas;Anoitecer;Crescente;Céu Claro;Simples;Reta;-5.118.478;-42.786.145
21/11/2024;18:45:00;SAO DESIDERIO;Iluminação deficiente;Colisão traseira;Com Vítimas Feridas;Plena Noite;Decrescente;Céu Claro;Simples;Curva;-1.234.073.517;-4.499.643.115
21/11/2024;18:45:00;MOSSORO;Iluminação deficiente;Atropelamento de Pedestre;Com Vítimas Feridas;Plena Noite;Crescente;Céu Claro;Dupla;Reta;-522.597.224;-3.733.086.797
21/11/2024;19:00:00;MARINGA;Manobra de mudança de faixa;Colisão lateral mesmo sentido;Com Vítimas Feridas;Plena Noite;Decrescente;Nublado;Dupla;Reta;-2.341.269.173;-5.193.158.327
21/11/2024;19:00:00;INDIARA;Sinalização mal posicionada;Colisão traseira;Com Vítimas Feridas;Plena Noite;Decrescente;Chuva;Dupla;"Declive;Curva";-170.716;-498.138
21/11/2024;19:15:00;CATALAO;Velocidade Incompatível;Queda de ocupante de veículo;Com Vítimas Feridas;Pleno dia;Decrescente;Céu Claro;Simples;"Desvio Temporário;Em Obras";-181.483;-47.907
21/11/2024;18:05:00;GUAPIMIRIM;Pista Escorregadia;Tombamento;Com Vítimas Feridas;Anoitecer;Crescente;Chuva;Simples;Reta;-2.251.502.902;-4.300.052.292
21/11/2024;21:30:00;PALHOCA;Conversão proibida;Colisão transversal;Com Vítimas Feridas;Plena Noite;Crescente;Nublado;Simples;Reta;-27.658.611;-48.681.847
21/11/2024;22:30:00;TERESINA;Animais na Pista;Atropelamento de Animal;Com Vítimas Feridas;Plena Noite;Crescente;Céu Claro;Dupla;"Declive;Retorno Regulamentado;Reta";-5.273.693;-427.267
21/11/2024;21:10:00;CASCAVEL;Velocidade Incompatível;Saída de leito carroçável;Com Vítimas Feridas;Plena Noite;Decrescente;Céu Claro;Dupla;Curva;-2.485.386.013;-5.360.032.731
21/11/2024;23:10:00;SAO JOSE;Conversão proibida;Colisão transversal;Com Vítimas Feridas;Plena Noite;Crescente;Chuva;Dupla;"Retorno Regulamentado;Interseção de Vias;Reta";-2.759.357.669;-486.189.115
21/11/2024;23:20:00;RIO DE JANEIRO;Manobra de mudança de faixa;Colisão lateral mesmo sentido;Com Vítimas Feridas;Plena Noite;Crescente;Nublado;Dupla;Reta;-2.288.295.192;-4.364.094.302
22/11/2024;00:20:00;SANTA MARIA;Velocidade Incompatível;Colisão com objeto;Com Vítimas Feridas;Plena Noite;Crescente;Nublado;Simples;"Aclive;Reta";-29.711.349;-53.851.316
22/11/2024;04:50:00;ABRE CAMPO;Velocidade Incompatível;Queda de ocupante de veículo;Com Vítimas Feridas;Amanhecer;Crescente;Nublado;Simples;"Curva;Desvio Temporário";-2.029.389.835;-424.818.778
22/11/2024;05:30:00;BENTO GONCALVES;Velocidade Incompatível;Saída de leito carroçável;Com Vítimas Feridas;Amanhecer;Decrescente;Nublado;Dupla;Curva;-2.917.292.214;-5.152.424.936
21/11/2024;16:00:00;MAZAGAO;Ultrapassagem Indevida;Colisão frontal;Sem Vítimas;Anoitecer;Decrescente;Céu Claro;Simples;"Ponte;Reta";-0.10713094;-5.174.194.337
22/11/2024;06:06:00;LAGUNA;Velocidade Incompatível;Colisão com objeto;Com Vítimas Feridas;Pleno dia;Decrescente;Nublado;Simples;"Interseção de Vias;Curva";-2.844.129.873;-4.882.219.076
22/11/2024;06:30:00;ANGRA DOS REIS;Velocidade Incompatível;Capotamento;Com Vítimas Feridas;Amanhecer;Decrescente;Chuva;Simples;Curva;-2.301.160.388;-4.423.091.089
22/11/2024;06:00:00;SETE LAGOAS;Velocidade Incompatível;Colisão traseira;Com Vítimas Feridas;Pleno dia;Crescente;Céu Claro;Dupla;"Reta;Declive";-1.942.224.803;-4.433.870.213
22/11/2024;06:50:00;FOZ DO IGUACU;Ultrapassagem Indevida;Colisão lateral mesmo sentido;Com Vítimas Feridas;Pleno dia;Crescente;Céu Claro;Simples;Reta;-255.958;-545.111
22/11/2024;07:30:00;RECIFE;Acesso irregular;Colisão lateral mesmo sentido;Com Vítimas Feridas;Pleno dia;Decrescente;Céu Claro;Múltipla;Reta;-803.636.856;-3.494.163.036
22/11/2024;06:50:00;BRASILIA;Acumulo de areia ou detritos sobre o pavimento;Queda de ocupante de veículo;Com Vítimas Feridas;Pleno dia;Decrescente;Nublado;Dupla;Reta;-1.599.435;-47.985.947
21/11/2024;22:30:00;SAO JOAO DE MERITI;Manobra de mudança de faixa;Colisão traseira;Com Vítimas Feridas;Plena Noite;Decrescente;Garoa/Chuvisco;Dupla;Reta;-227.839.538;-4.338.195.488
22/11/2024;08:10:00;SAO JOSE;Velocidade Incompatível;Colisão com objeto;Com Vítimas Feridas;Pleno dia;Crescente;Chuva;Múltipla;Reta;-2.758.313.237;-4.861.532.885
22/11/2024;07:45:00;ARAUCARIA;Manobra de mudança de faixa;Colisão lateral mesmo sentido;Com Vítimas Feridas;Pleno dia;Decrescente;Garoa/Chuvisco;Dupla;Reta;-25.570.036;-49.384.193
22/11/2024;07:20:00;PALHOCA;Chuva;Queda de ocupante de veículo;Com Vítimas Feridas;Pleno dia;Crescente;Chuva;Simples;Reta;-2.768.907;-48.717.541
22/11/2024;08:10:00;BIGUACU;Velocidade Incompatível;Colisão com objeto;Sem Vítimas;Pleno dia;Decrescente;Chuva;Dupla;Curva;-2.747.730.273;-4.864.127.329
22/11/2024;07:45:00;SALVADOR;Pista esburacada;Tombamento;Com Vítimas Feridas;Pleno dia;Decrescente;Céu Claro;Múltipla;Reta;-1.294.194.706;-3.847.081.224
22/11/2024;08:15:00;JABOATAO DOS GUARARAPES;Demais falhas na via;Saída de leito carroçável;Com Vítimas Feridas;Pleno dia;Crescente;Céu Claro;Dupla;Reta;-815.112.589;-349.428.866
22/11/2024;07:55:00;IBIRAMA;Chuva;Capotamento;Com Vítimas Feridas;Pleno dia;Decrescente;Chuva;Simples;Declive;-27.089.924;-49.520.416
22/11/2024;09:25:00;APODI;Manobra de mudança de faixa;Colisão traseira;Sem Vítimas;Pleno dia;Crescente;Céu Claro;Simples;Reta;-567.531.095;-3.778.801.987
22/11/2024;09:00:00;ESTANCIA;Velocidade Incompatível;Capotamento;Com Vítimas Feridas;Pleno dia;Crescente;Céu Claro;Dupla;Curva;-1.113.876.691;-3.738.772.403
22/11/2024;10:00:00;RECIFE;Manobra de mudança de faixa;Colisão lateral mesmo sentido;Com Vítimas Feridas;Pleno dia;Crescente;Céu Claro;Dupla;Curva;-798.344.307;-3.493.176.727
22/11/2024;10:50:00;SAO GABRIEL;Animais na Pista;Atropelamento de Animal;Com Vítimas Feridas;Pleno dia;Decrescente;Céu Claro;Simples;Reta;-30.325.762;-54.377.823
22/11/2024;11:40:00;EXTREMA;Velocidade Incompatível;Saída de leito carroçável;Com Vítimas Feridas;Pleno dia;Crescente;Nublado;Dupla;"Aclive;Curva";-2.285.025.259;-4.633.737.093
22/11/2024;12:20:00;RIO GRANDE;Velocidade Incompatível;Tombamento;Com Vítimas Feridas;Pleno dia;Crescente;Nublado;Simples;"Curva;Declive;Viaduto";-3.207.124.186;-5.226.235.282
22/11/2024;12:50:00;AGRONOMICA;Chuva;Colisão traseira;Sem Vítimas;Pleno dia;Crescente;Garoa/Chuvisco;Simples;"Reta;Ponte";-27.243.439;-49.690.025
19/11/2024;17:05:00;ARAUCARIA;Conversão proibida;Colisão traseira;Com Vítimas Feridas;Pleno dia;Crescente;Céu Claro;Simples;Reta;-25.656.544;-49.482.616
22/11/2024;10:20:00;PARATY;Chuva;Tombamento;Com Vítimas Feridas;Pleno dia;Decrescente;Chuva;Simples;Curva;-2.326.003.594;-4.469.015.121
22/11/2024;12:00:00;CRICIUMA;Acumulo de areia ou detritos sobre o pavimento;Tombamento;Com Vítimas Feridas;Pleno dia;Crescente;Chuva;Múltipla;Curva;-2.880.638.797;-4.937.459.707
22/11/2024;12:20:00;CRICIUMA;Chuva;Colisão com objeto;Sem Vítimas;Pleno dia;Crescente;Chuva;Múltipla;Reta;-2.878.529.329;-4.933.739.925
21/11/2024;00:00:00;NOVA SERRANA;Velocidade Incompatível;Saída de leito carroçável;Sem Vítimas;Plena Noite;Decrescente;Céu Claro;Simples;Reta;-1.987.174.184;-4.496.984.197
22/11/2024;11:43:00;RIO DE JANEIRO;Pista Escorregadia;Colisão com objeto;Sem Vítimas;Pleno dia;Não Informado;Garoa/Chuvisco;Dupla;Reta;-2.283.069.667;-4.327.008.247
22/11/2024;12:30:00;BARRA DO GARCAS;Velocidade Incompatível;Colisão traseira;Com Vítimas Feridas;Pleno dia;Crescente;Nublado;Simples;Declive;-1.589.164.596;-5.226.202.884
22/11/2024;12:40:00;POUSO REDONDO;Desrespeitar a preferência no cruzamento;Colisão transversal;Com Vítimas Feridas;Pleno dia;Decrescente;Garoa/Chuvisco;Simples;"Reta;Declive";-27.260.828;-49.900.455
22/11/2024;12:20:00;BRASILIA;Chuva;Saída de leito carroçável;Com Vítimas Feridas;Pleno dia;Decrescente;Chuva;Dupla;Reta;-15.788.868;-48.220.242
22/11/2024;14:00:00;BIGUACU;Chuva;Capotamento;Com Vítimas Feridas;Pleno dia;Crescente;Chuva;Dupla;Curva;-27.459.393;-48.638.914
22/11/2024;14:45:00;PETROPOLIS;Acumulo de água sobre o pavimento;Colisão com objeto;Sem Vítimas;Pleno dia;Crescente;Chuva;Dupla;"Curva;Declive";-2.251.183.137;-4.323.076.171
22/11/2024;15:00:00;PRANCHITA;Velocidade Incompatível;Saída de leito carroçável;Com Vítimas Feridas;Pleno dia;Crescente;Céu Claro;Simples;"Aclive;Reta";-2.599.281.902;-5.372.115.896
22/11/2024;16:05:00;SAO MATEUS;Chuva;Atropelamento de Pedestre;Com Vítimas Feridas;Pleno dia;Crescente;Garoa/Chuvisco;Dupla;Reta;-1.870.935.945;-3.987.762.087
22/11/2024;15:00:00;JABOATAO DOS GUARARAPES;Demais falhas na via;Colisão com objeto;Com Vítimas Feridas;Pleno dia;Decrescente;Sol;Dupla;Reta;-807.764.447;-3.497.863.609
10/11/2024;18:00:00;TIMON;Ultrapassagem Indevida;Colisão lateral mesmo sentido;Com Vítimas Feridas;Plena Noite;Decrescente;Céu Claro;Simples;Reta;-5.119.788;-42.824.196
09/10/2024;13:15:00;CURITIBA;Chuva;Colisão lateral mesmo sentido;Sem Vítimas;Pleno dia;Crescente;Chuva;Dupla;"Curva;Declive";-2.553.901.173;-4.931.093.752
22/11/2024;17:55:00;PASSO FUNDO;Desrespeitar a preferência no cruzamento;Colisão transversal;Com Vítimas Feridas;Pleno dia;Crescente;Céu Claro;Simples;Interseção de Vias;-28.229.494;-52.441.837
22/11/2024;17:30:00;CAMPO DO TENENTE;Velocidade Incompatível;Tombamento;Com Vítimas Feridas;Anoitecer;Crescente;Nublado;Simples;"Curva;Declive";-2.602.238.821;-4.967.657.089
22/11/2024;13:00:00;ITAPEVA;Velocidade Incompatível;Capotamento;Com Vítimas Feridas;Pleno dia;Decrescente;Garoa/Chuvisco;Dupla;"Curva;Declive";-2.278.570.092;-4.624.148.628
22/11/2024;17:00:00;ITABORAI;Manobra de mudança de faixa;Colisão lateral mesmo sentido;Com Vítimas Feridas;Anoitecer;Decrescente;Garoa/Chuvisco;Múltipla;Reta;-227.670.498;-4.291.019.601
22/11/2024;15:45:00;LEOPOLDINA;Chuva;Saída de leito carroçável;Com Vítimas Feridas;Pleno dia;Decrescente;Chuva;Simples;"Declive;Curva";-2.161.482.397;-4.269.263.203
22/11/2024;20:15:00;GUARAMIRIM;Desrespeitar a preferência no cruzamento;Colisão transversal;Com Vítimas Feridas;Plena Noite;Crescente;Garoa/Chuvisco;Dupla;"Interseção de Vias;Rotatória;Viaduto;Em Obras";-26.479.145;-49.000.796
22/11/2024;17:00:00;BARRA DO TURVO;Chuva;Queda de ocupante de veículo;Com Vítimas Feridas;Pleno dia;Crescente;Garoa/Chuvisco;Dupla;"Curva;Aclive";-2.502.045.097;-4.851.586.004
22/11/2024;17:00:00;INHAMBUPE;Manobra de mudança de faixa;Colisão lateral mesmo sentido;Com Vítimas Feridas;Pleno dia;Decrescente;Céu Claro;Simples;Reta;-11.871.622;-3.837.562.193
22/11/2024;18:25:00;MARILIA;Animais na Pista;Atropelamento de Animal;Com Vítimas Feridas;Pleno dia;Decrescente;Nublado;Simples;"Declive;Reta";-21.996.762;-4.991.299.301
22/11/2024;20:30:00;UMIRIM;Animais na Pista;Atropelamento de Animal;Com Vítimas Feridas;Plena Noite;Crescente;Céu Claro;Simples;Reta;-3.672.135;-39.384.855
22/11/2024;14:50:00;RIO DE JANEIRO;Manobra de mudança de faixa;Colisão lateral mesmo sentido;Com Vítimas Feridas;Pleno dia;Decrescente;Nublado;Dupla;Reta;-2.288.064.129;-4.363.218.994
22/11/2024;16:50:00;PRESIDENTE MEDICI;Demais falhas na via;Queda de ocupante de veículo;Com Vítimas Feridas;Pleno dia;Crescente;Céu Claro;Simples;Reta;-232.204;-45.835.388
22/11/2024;19:00:00;MACAIBA;Velocidade Incompatível;Tombamento;Com Vítimas Feridas;Plena Noite;Decrescente;Céu Claro;Simples;"Curva;Viaduto";-588.698.418;-3.548.092.295
22/11/2024;21:00:00;SANTA ROSA;Iluminação deficiente;Colisão frontal;Com Vítimas Fatais;Plena Noite;Crescente;Céu Claro;Simples;Reta;-2.785.360.937;-5.452.021.122
22/11/2024;19:20:00;JACIARA;Conversão proibida;Colisão lateral mesmo sentido;Sem Vítimas;Plena Noite;Crescente;Céu Claro;Dupla;Reta;-15.971.659;-54.939.926
22/11/2024;19:00:00;CEU AZUL;Ultrapassagem Indevida;Colisão frontal;Com Vítimas Fatais;Plena Noite;Crescente;Céu Claro;Simples;Reta;-25.070.992;-53.663.152
22/11/2024;17:16:00;QUIJINGUE;Manobra de mudança de faixa;Saída de leito carroçável;Com Vítimas Feridas;Pleno dia;Decrescente;Céu Claro;Simples;"Aclive;Reta";-1.075.939.591;-3.890.206.181
22/11/2024;20:45:00;CASCAVEL;Iluminação deficiente;Colisão com objeto;Com Vítimas Feridas;Plena Noite;Crescente;Céu Claro;Simples;Curva;-249.649.472;-534.210.459
22/11/2024;22:30:00;GASPAR;Chuva;Tombamento;Com Vítimas Feridas;Plena Noite;Decrescente;Chuva;Simples;"Em Obras;Curva;Desvio Temporário";-2.691.350.795;-489.616.549
22/11/2024;19:40:00;BRASILANDIA;Animais na Pista;Tombamento;Com Vítimas Feridas;Plena Noite;Decrescente;Ignorado;Simples;Reta;-21.176.468;-51.984.634
22/11/2024;22:25:00;CAXIAS DO SUL;Acesso irregular;Colisão lateral mesmo sentido;Sem Vítimas;Plena Noite;Crescente;Céu Claro;Dupla;"Interseção de Vias;Reta";-29.168.428;-51.158.337
22/11/2024;23:20:00;UBERABA;Animais na Pista;Atropelamento de Animal;Com Vítimas Feridas;Plena Noite;Decrescente;Céu Claro;Dupla;Reta;-1.977.848.216;-4.792.194.709
22/11/2024;17:50:00;BETIM;Manobra de mudança de faixa;Tombamento;Com Vítimas Feridas;Anoitecer;Decrescente;Céu Claro;Dupla;"Aclive;Reta";-1.998.464.192;-4.420.761.108
22/11/2024;22:20:00;RONDONOPOLIS;Manobra de mudança de faixa;Tombamento;Com Vítimas Feridas;Plena Noite;Crescente;Céu Claro;Dupla;"Em Obras;Reta";-16.481.949;-54.650.473
23/11/2024;03:40:00;ITAJAI;Pista Escorregadia;Saída de leito carroçável;Com Vítimas Feridas;Plena Noite;Decrescente;Garoa/Chuvisco;Dupla;Reta;-2.684.589.005;-4.872.131.295
23/11/2024;03:50:00;PARANAGUA;Chuva;Capotamento;Com Vítimas Feridas;Plena Noite;Crescente;Chuva;Dupla;Reta;-2.556.505.244;-4.860.033.989
23/11/2024;03:00:00;CAMPO GRANDE;Animais na Pista;Atropelamento de Animal;Com Vítimas Feridas;Plena Noite;Crescente;Nevoeiro/Neblina;Simples;"Reta;Aclive";-2.037.762.705;-5.453.752.293
22/11/2024;21:25:00;PETROPOLIS;Velocidade Incompatível;Tombamento;Com Vítimas Feridas;Plena Noite;Decrescente;Garoa/Chuvisco;Dupla;Curva;-2.247.224.973;-4.322.332.717
22/11/2024;20:00:00;PIO IX;Manobra de mudança de faixa;Colisão frontal;Com Vítimas Fatais;Plena Noite;Decrescente;Céu Claro;Simples;Reta;-654.143.181;-4.079.905.635
23/11/2024;07:00:00;QUEIMADOS;Ultrapassagem Indevida;Colisão traseira;Com Vítimas Feridas;Pleno dia;Decrescente;Garoa/Chuvisco;Dupla;Reta;-2.273.960.178;-4.352.859.094
23/11/2024;07:50:00;GUARAI;Conversão proibida;Colisão lateral mesmo sentido;Com Vítimas Feridas;Pleno dia;Decrescente;Céu Claro;Simples;Reta;-884.481.597;-485.107.318
23/11/2024;08:00:00;MORRETES;Pista Escorregadia;Colisão com objeto;Com Vítimas Feridas;Pleno dia;Crescente;Céu Claro;Dupla;"Aclive;Curva";-2.556.757.561;-4.881.125.271
23/11/2024;08:30:00;TERESINA;Acesso irregular;Colisão frontal;Com Vítimas Feridas;Pleno dia;Decrescente;Sol;Múltipla;Reta;-5.149.983;-42.773.533
23/11/2024;09:00:00;GUARULHOS;Manobra de mudança de faixa;Colisão lateral mesmo sentido;Com Vítimas Feridas;Pleno dia;Decrescente;Céu Claro;Múltipla;Reta;-23.457.972;-46.479.927
23/11/2024;08:45:00;MORRETES;Velocidade Incompatível;Saída de leito carroçável;Sem Vítimas;Pleno dia;Crescente;Chuva;Simples;"Curva;Aclive";-25.547.373;-48.790.559
23/11/2024;10:00:00;PARANAGUA;Chuva;Queda de ocupante de veículo;Com Vítimas Feridas;Pleno dia;Crescente;Chuva;Dupla;Reta;-2.556.312.354;-4.863.749.921
12/09/2024;18:00:00;TERESOPOLIS;Velocidade Incompatível;Saída de leito carroçável;Com Vítimas Feridas;Plena Noite;Decrescente;Céu Claro;Simples;Curva;-2.245.706.098;-4.296.221.791
23/11/2024;10:00:00;RIO NEGRINHO;Conversão proibida;Colisão lateral mesmo sentido;Com Vítimas Feridas;Pleno dia;Crescente;Céu Claro;Simples;Interseção de Vias;-2.624.586.437;-4.952.284.615
23/11/2024;11:05:00;ATALAIA;Acumulo de areia ou detritos sobre o pavimento;Tombamento;Com Vítimas Feridas;Pleno dia;Decrescente;Nublado;Simples;"Aclive;Reta";-951.787.134;-3.599.989.354
23/11/2024;11:00:00;SAO GONCALO DO RIO ABAIXO;Velocidade Incompatível;Colisão frontal;Com Vítimas Feridas;Pleno dia;Crescente;Chuva;Simples;Curva;-1.985.643.939;-4.324.280.693
23/11/2024;10:15:00;CAMPOS DOS GOYTACAZES;Frear bruscamente;Colisão traseira;Sem Vítimas;Pleno dia;Decrescente;Nublado;Simples;Reta;-22.049.129;-41.684.708
23/11/2024;08:27:00;ALTOS;Deficiência do Sistema de Iluminação/Sinalização;Tombamento;Com Vítimas Feridas;Pleno dia;Crescente;Céu Claro;Simples;"Reta;Interseção de Vias;Em Obras";-5.038.756;-42.450.893
23/11/2024;11:40:00;JATAI;Pista Escorregadia;Capotamento;Sem Vítimas;Pleno dia;Crescente;Chuva;Dupla;Reta;-17.922.171;-51.704.082
23/11/2024;12:40:00;FORMOSA;Chuva;Tombamento;Com Vítimas Feridas;Pleno dia;Crescente;Chuva;Dupla;Rotatória;-15.564.807;-47.222.622
23/11/2024;11:10:00;PETROPOLIS;Chuva;Capotamento;Com Vítimas Feridas;Pleno dia;Decrescente;Chuva;Simples;Curva;-22.548.575;-43.231.738
23/11/2024;12:42:00;ANGRA DOS REIS;Acesso irregular;Colisão transversal;Com Vítimas Feridas;Pleno dia;Crescente;Céu Claro;Simples;Reta;-2.298.573.526;-4.429.709.764
23/11/2024;09:40:00;RESENDE;Velocidade Incompatível;Queda de ocupante de veículo;Com Vítimas Feridas;Pleno dia;Decrescente;Nublado;Dupla;Retorno Regulamentado;-2.245.923.593;-44.434.776
23/11/2024;10:37:00;JI-PARANA;Manobra de mudança de faixa;Colisão lateral mesmo sentido;Com Vítimas Feridas;Pleno dia;Decrescente;Céu Claro;Dupla;Reta;-1.088.987.987;-6.193.126.772
23/11/2024;13:25:00;SAO GONCALO DO AMARANTE;Manobra de mudança de faixa;Colisão lateral mesmo sentido;Sem Vítimas;Pleno dia;Crescente;Céu Claro;Dupla;Rotatória;-576.326.093;-3.528.731.346
23/11/2024;13:30:00;MORRETES;Acumulo de água sobre o pavimento;Tombamento;Com Vítimas Feridas;Pleno dia;Decrescente;Chuva;Dupla;"Curva;Declive";-255.585.949;-4.880.593.311
23/11/2024;13:40:00;NATAL;Velocidade Incompatível;Colisão lateral mesmo sentido;Com Vítimas Feridas;Pleno dia;Decrescente;Sol;Múltipla;Reta;-586.567.888;-3.521.651.625
23/11/2024;14:00:00;TAUBATE;Manobra de mudança de faixa;Colisão traseira;Com Vítimas Feridas;Pleno dia;Decrescente;Sol;Dupla;Reta;-230.496.047;-4.559.973.712
23/11/2024;11:00:00;SAO GONCALO DO RIO ABAIXO;Chuva;Capotamento;Com Vítimas Feridas;Pleno dia;Decrescente;Chuva;Simples;Curva;-1.984.141.645;-4.332.982.083
23/11/2024;09:00:00;BOCAINA DO SUL;Ultrapassagem Indevida;Saída de leito carroçável;Com Vítimas Feridas;Pleno dia;Crescente;Nublado;Simples;"Aclive;Curva";-27.743.206;-49.824.162
23/11/2024;14:50:00;BRASILIA;Velocidade Incompatível;Saída de leito carroçável;Com Vítimas Feridas;Pleno dia;Crescente;Nublado;Dupla;Reta;-15.621.374;-4.771.698
23/11/2024;14:20:00;RIO BRANCO;Desrespeitar a preferência no cruzamento;Colisão transversal;Com Vítimas Feridas;Pleno dia;Decrescente;Garoa/Chuvisco;Dupla;"Rotatória;Retorno Regulamentado";-1.000.691.019;-6.784.876.227
23/11/2024;16:40:00;GUAPO;Chuva;Capotamento;Com Vítimas Feridas;Pleno dia;Decrescente;Chuva;Dupla;Curva;-167.956;-49.51
23/11/2024;16:30:00;LAJEADO;Ultrapassagem Indevida;Colisão lateral mesmo sentido;Com Vítimas Feridas;Pleno dia;Crescente;Céu Claro;Dupla;"Reta;Em Obras";-29.443.069;-51.984.135
23/11/2024;16:45:00;BRASILIA;Pista Escorregadia;Capotamento;Com Vítimas Feridas;Pleno dia;Decrescente;Nublado;Dupla;Reta;-15.670.546;-47.816.044
23/11/2024;16:30:00;MIRACATU;Chuva;Queda de ocupante de veículo;Com Vítimas Feridas;Pleno dia;Crescente;Chuva;Dupla;Retorno Regulamentado;-24.254.993;-47.375.412
23/11/2024;16:20:00;CURITIBA;Manobra de mudança de faixa;Colisão lateral mesmo sentido;Sem Vítimas;Pleno dia;Crescente;Nublado;Dupla;Reta;-25.616.358;-493.175.958
23/11/2024;16:20:00;POCONE;Acumulo de água sobre o pavimento;Saída de leito carroçável;Com Vítimas Feridas;Pleno dia;Crescente;Chuva;Simples;Reta;-15.936.241;-5.693.323
23/11/2024;08:13:00;PETROPOLIS;Velocidade Incompatível;Colisão com objeto;Com Vítimas Feridas;Pleno dia;Decrescente;Chuva;Dupla;Curva;-2.232.705.315;-4.313.253.559
03/11/2024;14:40:00;ABADIA DE GOIAS;Animais na Pista;Saída de leito carroçável;Com Vítimas Feridas;Pleno dia;Decrescente;Céu Claro;Dupla;Reta;-16.738;-494.076
23/11/2024;18:10:00;CONSELHEIRO LAFAIETE;Velocidade Incompatível;Colisão lateral sentido oposto;Com Vítimas Feridas;Anoitecer;Crescente;Garoa/Chuvisco;Simples;"Curva;Aclive";-2.060.236.514;-4.380.699.874
23/11/2024;13:10:00;PLANURA;Velocidade Incompatível;Colisão traseira;Com Vítimas Feridas;Pleno dia;Crescente;Céu Claro;Simples;Ponte;-2.013.824;-48.702.347
23/11/2024;16:40:00;SAO MIGUEL DOS CAMPOS;Conversão proibida;Queda de ocupante de veículo;Com Vítimas Feridas;Pleno dia;Crescente;Céu Claro;Simples;Reta;-980.260.488;-3.611.277.021
23/11/2024;15:00:00;PIRAI;Manobra de mudança de faixa;Colisão lateral mesmo sentido;Com Vítimas Feridas;Pleno dia;Crescente;Nublado;Dupla;Reta;-2.262.040.692;-4.392.593.694
23/11/2024;18:50:00;CORRENTINA;Animais na Pista;Atropelamento de Animal;Com Vítimas Feridas;Plena Noite;Crescente;Garoa/Chuvisco;Simples;Reta;-1.339.846;-4.443.973
23/11/2024;16:48:00;CAMPINA GRANDE DO SUL;Chuva;Saída de leito carroçável;Sem Vítimas;Pleno dia;Decrescente;Chuva;Dupla;Curva;-2.507.163.889;-4.858.564.619