data_inversa;horario;municipio;causa_acidente;tipo_acidente;classificacao_acidente;fase_dia;sentido_via;condicao_metereologica;tipo_pista;tracado_via;latitude;longitude
25/11/2024;15:03:00;ENTRE RIOS;Chuva;Queda de ocupante de veículo;Com Vítimas Feridas;Pleno dia;Decrescente;Chuva;Dupla;Reta;-1.196.028.886;-3.809.467.336
27/11/2024;14:45:00;RIO LARGO;Manobra de mudança de faixa;Colisão lateral mesmo sentido;Com Vítimas Feridas;Pleno dia;Crescente;Céu Claro;Dupla;Reta;-949.216.808;-3.581.471.324
13/02/2024;13:30:00;SAO PAULO;Ultrapassagem Indevida;Colisão traseira;Com Vítimas Feridas;Pleno dia;Crescente;Chuva;Dupla;"Declive;Curva";-2.336.553.404;-4.655.253.934
27/11/2024;15:00:00;VIANA;Demais falhas na via;Tombamento;Com Vítimas Feridas;Pleno dia;Crescente;Céu Claro;Múltipla;"Declive;Reta";-2.035.860.628;-4.042.327.504
27/11/2024;16:00:00;DUQUE DE CAXIAS;Acesso irregular;Colisão transversal;Com Vítimas Feridas;Pleno dia;Decrescente;Céu Claro;Simples;Reta;-2.267.374.628;-4.328.638.368
27/11/2024;14:30:00;DUQUE DE CAXIAS;Manobra de mudança de faixa;Colisão transversal;Com Vítimas Feridas;Pleno dia;Crescente;Céu Claro;Dupla;Reta;-2.258.585.204;-4.327.716.391
27/11/2024;15:45:00;INHAPIM;Velocidade Incompatível;Saída de leito carroçável;Sem Vítimas;Pleno dia;Crescente;Céu Claro;Simples;Reta;-195.613.089;-4.212.283.853
27/11/2024;16:15:00;EXTREMA;Manobra de mudança de faixa;Colisão lateral mesmo sentido;Com Vítimas Feridas;Pleno dia;Decrescente;Céu Claro;Dupla;Reta;-2.284.701.434;-4.633.321.175
27/11/2024;17:35:00;TRIUNFO;Velocidade Incompatível;Saída de leito carroçável;Com Vítimas Feridas;Pleno dia;Crescente;Céu Claro;Simples;Reta;-29.807.285;-51.499.722
27/11/2024;16:30:00;CRISTIANO OTONI;Velocidade Incompatível;Colisão com objeto;Com Vítimas Feridas;Pleno dia;Decrescente;Céu Claro;Simples;Reta;-2.080.885.498;-4.380.831.265
20/10/2024;19:55:00;DOURADOS;Velocidade Incompatível;Colisão traseira;Com Vítimas Feridas;Plena Noite;Crescente;Céu Claro;Dupla;"Declive;Reta";-221.666.872;-5.465.611.485
27/11/2024;20:25:00;CONTAGEM;Velocidade Incompatível;Colisão traseira;Com Vítimas Feridas;Plena Noite;Crescente;Céu Claro;Dupla;"Reta;Aclive";-198.754.469;-4.405.345.586
27/11/2024;19:00:00;LINDOESTE;Acumulo de água sobre o pavimento;Saída de leito carroçável;Com Vítimas Feridas;Plena Noite;Decrescente;Chuva;Dupla;"Curva;Declive";-2.524.175.091;-5.358.673.496
27/11/2024;21:00:00;TIJUCAS DO SUL;Demais falhas na via;Colisão com objeto;Com Vítimas Feridas;Plena Noite;Decrescente;Nublado;Dupla;Reta;-2.582.214.295;-4.912.707.913
27/11/2024;20:30:00;CARATINGA;Acesso irregular;Tombamento;Com Vítimas Feridas;Plena Noite;Crescente;Céu Claro;Simples;"Retorno Regulamentado;Interseção de Vias";-1.975.268.876;-4.213.278.294
27/11/2024;20:40:00;SAO LUIS;Velocidade Incompatível;Saída de leito carroçável;Com Vítimas Feridas;Plena Noite;Decrescente;Céu Claro;Dupla;Reta;-262.145.385;-4.425.797.421
27/11/2024;19:10:00;VILHENA;Manobra de mudança de faixa;Colisão lateral mesmo sentido;Com Vítimas Feridas;Plena Noite;Crescente;Nublado;Simples;Reta;-1.275.194.006;-6.010.600.907
27/11/2024;20:12:00;NOVA SOURE;Ausência de sinalização;Saída de leito carroçável;Com Vítimas Feridas;Plena Noite;Decrescente;Céu Claro;Simples;Reta;-11.277.794;-38.437.981
27/11/2024;20:10:00;CAMPINA GRANDE DO SUL;Velocidade Incompatível;Saída de leito carroçável;Sem Vítimas;Plena Noite;Decrescente;Garoa/Chuvisco;Dupla;Curva;-2.508.123.277;-4.862.449.108
27/11/2024;21:20:00;TRINDADE;Manobra de mudança de faixa;Colisão lateral sentido oposto;Com Vítimas Feridas;Plena Noite;Decrescente;Céu Claro;Simples;Curva;-776.160.912;-4.026.138.334
27/11/2024;19:23:00;NOVA MAMORE;Deficiência do Sistema de Iluminação/Sinalização;Colisão traseira;Com Vítimas Fatais;Plena Noite;Decrescente;Céu Claro;Simples;Reta;-10.282.122;-65.295.586
27/11/2024;23:13:00;PADRE BERNARDO;Velocidade Incompatível;Colisão traseira;Sem Vítimas;Plena Noite;Decrescente;Céu Claro;Simples;Reta;-1.562.121;-48.198.963
28/11/2024;06:00:00;TIBAGI;Animais na Pista;Atropelamento de Animal;Sem Vítimas;Amanhecer;Crescente;Céu Claro;Dupla;"Reta;Aclive";-2.454.312.979;-5.069.317.102
28/11/2024;06:49:00;BAYEUX;Velocidade Incompatível;Colisão traseira;Com Vítimas Feridas;Pleno dia;Crescente;Céu Claro;Dupla;Reta;-713.957.906;-3.492.312.806
28/11/2024;07:30:00;DUQUE DE CAXIAS;Manobra de mudança de faixa;Colisão lateral mesmo sentido;Com Vítimas Feridas;Pleno dia;Crescente;Céu Claro;Múltipla;Reta;-2.278.185.499;-4.328.571.273
28/11/2024;08:00:00;BALNEARIO PICARRAS;Chuva;Tombamento;Com Vítimas Feridas;Pleno dia;Crescente;Chuva;Múltipla;Curva;-2.675.482.787;-4.868.993.675
28/11/2024;09:10:00;JOAO PESSOA;Velocidade Incompatível;Colisão com objeto;Com Vítimas Feridas;Pleno dia;Decrescente;Céu Claro;Dupla;"Curva;Viaduto";-71.697.632;-3.487.544.847
28/11/2024;08:00:00;ERECHIM;Velocidade Incompatível;Saída de leito carroçável;Com Vítimas Feridas;Pleno dia;Crescente;Céu Claro;Simples;Curva;-2.763.591.639;-5.235.183.318
28/11/2024;07:30:00;COLOMBO;Velocidade Incompatível;Tombamento;Com Vítimas Feridas;Pleno dia;Crescente;Nublado;Dupla;"Declive;Reta";-253.874;-491.774
28/11/2024;08:00:00;CORNELIO PROCOPIO;Velocidade Incompatível;Colisão com objeto;Com Vítimas Feridas;Pleno dia;Decrescente;Céu Claro;Dupla;Reta;-2.324.193.467;-507.048.279
28/11/2024;00:10:00;LEOPOLDINA;Falta de elemento de contenção que evite a saída do leito carroçável;Saída de leito carroçável;Com Vítimas Feridas;Plena Noite;Crescente;Céu Claro;Simples;"Aclive;Curva";-2.147.568.319;-4.256.682.787
28/11/2024;10:50:00;ENTRE-IJUIS;Velocidade Incompatível;Saída de leito carroçável;Com Vítimas Feridas;Pleno dia;Crescente;Chuva;Simples;Curva;-2.837.394;-54.199.951
28/11/2024;12:30:00;MARINGA;Frear bruscamente;Colisão traseira;Com Vítimas Feridas;Pleno dia;Decrescente;Céu Claro;Dupla;Reta;-234.192.146;-5.191.293.985
28/11/2024;08:45:00;MAFRA;Pista Escorregadia;Saída de leito carroçável;Com Vítimas Feridas;Pleno dia;Crescente;Chuva;Simples;"Curva;Aclive";-2.621.362.587;-497.181.449
02/11/2024;16:20:00;PONTA GROSSA;Velocidade Incompatível;Saída de leito carroçável;Com Vítimas Feridas;Pleno dia;Decrescente;Chuva;Dupla;Curva;-250.898.482;-5.019.602.471
28/11/2024;11:40:00;MAFRA;Acumulo de água sobre o pavimento;Colisão lateral sentido oposto;Com Vítimas Feridas;Pleno dia;Crescente;Chuva;Simples;"Declive;Reta";-2.616.829.411;-4.985.476.074
28/11/2024;11:00:00;BARRA DO PIRAI;Ultrapassagem Indevida;Colisão transversal;Com Vítimas Feridas;Pleno dia;Decrescente;Sol;Simples;Reta;-2.247.528.563;-4.405.097.008
28/11/2024;13:30:00;CONCEICAO DO JACUIPE;Acesso irregular;Colisão transversal;Com Vítimas Feridas;Pleno dia;Crescente;Céu Claro;Dupla;Reta;-1.235.551.436;-38.782.478
28/11/2024;12:35:00;PETROPOLIS;Demais falhas na via;Queda de ocupante de veículo;Sem Vítimas;Pleno dia;Crescente;Céu Claro;Dupla;Curva;-2.234.627.607;-4.312.411.304
28/11/2024;14:00:00;MAUA DA SERRA;Curva acentuada;Saída de leito carroçável;Com Vítimas Feridas;Pleno dia;Decrescente;Chuva;Dupla;Curva;-2.393.825.147;-5.114.444.733
25/11/2024;23:00:00;VITORIA DA CONQUISTA;Acumulo de areia ou detritos sobre o pavimento;Queda de ocupante de veículo;Com Vítimas Feridas;Plena Noite;Crescente;Chuva;Simples;"Aclive;Rotatória;Curva";-1.489.590.471;-408.653.344
28/11/2024;12:40:00;MAMANGUAPE;Frear bruscamente;Colisão traseira;Sem Vítimas;Pleno dia;Não Informado;Céu Claro;Simples;Interseção de Vias;-683.371.552;-3.512.535.095
28/11/2024;14:40:00;CASCAVEL;Velocidade Incompatível;Colisão com objeto;Com Vítimas Feridas;Pleno dia;Crescente;Chuva;Dupla;Curva;-2.498.298.977;-53.359.282
28/11/2024;14:40:00;EXTREMA;Velocidade Incompatível;Colisão com objeto;Sem Vítimas;Pleno dia;Crescente;Nublado;Dupla;Curva;-2.287.479.042;-4.636.655.782
28/11/2024;15:20:00;CASCAVEL;Acumulo de água sobre o pavimento;Saída de leito carroçável;Com Vítimas Feridas;Pleno dia;Decrescente;Chuva;Dupla;"Retorno Regulamentado;Reta";-25.005.736;-53.554.783
28/11/2024;14:30:00;SINOP;Acesso irregular;Colisão transversal;Com Vítimas Feridas;Pleno dia;Decrescente;Sol;Simples;Reta;-1.212.134.999;-5.551.599.582
28/11/2024;16:30:00;BALSA NOVA;Pista Escorregadia;Colisão com objeto;Com Vítimas Feridas;Pleno dia;Decrescente;Chuva;Dupla;Reta;-254.685;-49.629.322
28/11/2024;15:40:00;BALSAS;Conversão proibida;Colisão frontal;Com Vítimas Fatais;Pleno dia;Crescente;Céu Claro;Simples;Reta;-745.784.721;-4.601.508.455
28/11/2024;15:30:00;GUAPIMIRIM;Sinalização mal posicionada;Colisão frontal;Com Vítimas Feridas;Pleno dia;Crescente;Nublado;Simples;"Declive;Reta";-2.247.374.702;-4.300.117.923
28/11/2024;17:00:00;SAO JOSE DOS CAMPOS;Chuva;Queda de ocupante de veículo;Com Vítimas Feridas;Pleno dia;Decrescente;Chuva;Dupla;Reta;-2.319.122.919;-4.586.327.591
28/11/2024;17:40:00;TUBARAO;Desrespeitar a preferência no cruzamento;Colisão transversal;Com Vítimas Feridas;Pleno dia;Decrescente;Céu Claro;Dupla;Rotatória;-2.846.969.103;-4.901.502.013
28/11/2024;17:40:00;BRASILIA;Manobra de mudança de faixa;Colisão traseira;Com Vítimas Feridas;Anoitecer;Crescente;Nublado;Dupla;"Viaduto;Declive;Reta";-15.670.546;-47.816.044
28/11/2024;18:26:00;CANOAS;Conversão proibida;Colisão transversal;Com Vítimas Feridas;Pleno dia;Decrescente;Céu Claro;Dupla;"Reta;Interseção de Vias";-2.990.545.398;-5.117.674.031
28/11/2024;18:30:00;FLORIANOPOLIS;Manobra de mudança de faixa;Colisão lateral mesmo sentido;Com Vítimas Feridas;Anoitecer;Crescente;Céu Claro;Múltipla;Reta;-2.760.163.677;-4.857.865.155
28/11/2024;18:15:00;PARAISO DO TOCANTINS;Frear bruscamente;Colisão lateral mesmo sentido;Com Vítimas Feridas;Anoitecer;Decrescente;Chuva;Simples;"Aclive;Reta";-1.018.390.502;-4.888.017.144
28/11/2024;19:30:00;BRASILIA;Ultrapassagem Indevida;Colisão lateral sentido oposto;Com Vítimas Feridas;Plena Noite;Crescente;Nublado;Simples;Reta;-15.731.315;-48.139.267
28/11/2024;18:30:00;PATOS;Manobra de mudança de faixa;Colisão transversal;Com Vítimas Feridas;Plena Noite;Decrescente;Céu Claro;Simples;"Reta;Interseção de Vias";-7.024.862;-37.280.304
28/11/2024;18:10:00;TIBAGI;Velocidade Incompatível;Saída de leito carroçável;Com Vítimas Feridas;Anoitecer;Decrescente;Chuva;Dupla;Curva;-2.479.546.167;-5.049.556.732
28/11/2024;17:30:00;LAGES;Acesso irregular;Colisão lateral sentido oposto;Com Vítimas Feridas;Pleno dia;Crescente;Nublado;Simples;"Reta;Declive";-27.750.381;-50.094.074
28/11/2024;21:00:00;PALMEIRA DOS INDIOS;Animais na Pista;Atropelamento de Animal;Com Vítimas Feridas;Plena Noite;Decrescente;Céu Claro;Simples;"Reta;Aclive";-942.623.278;-3.663.304.512
28/11/2024;19:45:00;MARACAJA;Sinalização mal posicionada;Colisão com objeto;Com Vítimas Feridas;Plena Noite;Decrescente;Nublado;Dupla;"Em Obras;Interseção de Vias;Reta";-2.886.330.994;-4.944.595.308
28/11/2024;22:30:00;CACOAL;Manobra de mudança de faixa;Colisão lateral mesmo sentido;Com Vítimas Feridas;Plena Noite;Crescente;Céu Claro;Simples;Reta;-1.143.425.083;-6.146.267.289
29/11/2024;00:05:00;SORRISO;Animais na Pista;Atropelamento de Animal;Com Vítimas Feridas;Plena Noite;Decrescente;Céu Claro;Simples;"Declive;Reta";-1.274.095.894;-5.583.175.247
12/11/2024;18:39:00;TUBARAO;Desrespeitar a preferência no cruzamento;Colisão traseira;Com Vítimas Feridas;Anoitecer;Decrescente;Céu Claro;Múltipla;Reta;-2.850.735.329;-4.905.007.124
28/11/2024;12:00:00;SANTA VITORIA;Demais falhas na via;Tombamento;Com Vítimas Feridas;Pleno dia;Crescente;Céu Claro;Dupla;Curva;-188.745.439;-501.145
29/11/2024;06:30:00;CONCEICAO DO JACUIPE;Manobra de mudança de faixa;Colisão lateral mesmo sentido;Com Vítimas Feridas;Pleno dia;Decrescente;Céu Claro;Dupla;Reta;-1.235.551.436;-38.782.478
29/11/2024;06:40:00;PARACATU;Conversão proibida;Colisão transversal;Com Vítimas Feridas;Pleno dia;Decrescente;Nublado;Simples;"Declive;Interseção de Vias";-1.721.013.894;-4.688.089.301
29/11/2024;07:50:00;SAPUCAIA DO SUL;Sinalização mal posicionada;Tombamento;Com Vítimas Feridas;Pleno dia;Crescente;Céu Claro;Dupla;Reta;-2.980.913.395;-511.675.292
29/11/2024;08:40:00;MACAPA;Manobra de mudança de faixa;Colisão transversal;Com Vítimas Feridas;Pleno dia;Crescente;Céu Claro;Simples;Reta;0.08824228;-5.109.472.897
29/11/2024;08:35:00;NAVEGANTES;Velocidade Incompatível;Colisão com objeto;Com Vítimas Feridas;Pleno dia;Crescente;Nublado;Dupla;Reta;-26.833.693;-4.873.724
05/09/2024;11:45:00;GUARULHOS;Manobra de mudança de faixa;Colisão lateral mesmo sentido;Com Vítimas Feridas;Pleno dia;Crescente;Céu Claro;Simples;Reta;-23.456.207;-46.490.723
29/11/2024;10:00:00;ARAGUARI;Curva acentuada;Saída de leito carroçável;Com Vítimas Feridas;Pleno dia;Crescente;Céu Claro;Dupla;Curva;-1.844.503.579;-480.519.047
29/11/2024;08:10:00;SANTA BARBARA DO LESTE;Velocidade Incompatível;Colisão frontal;Com Vítimas Feridas;Pleno dia;Decrescente;Nublado;Simples;Curva;-1.992.809.401;-4.213.103.837
10/06/2024;10:00:00;JUAZEIRO;Velocidade Incompatível;Colisão transversal;Com Vítimas Feridas;Pleno dia;Crescente;Céu Claro;Simples;Reta;-942.503.135;-4.050.388.907
29/11/2024;14:00:00;GUARAMIRIM;Acesso irregular;Colisão traseira;Com Vítimas Feridas;Pleno dia;Crescente;Céu Claro;Simples;Reta;-2.647.811.421;-4.901.259.213
29/11/2024;11:55:00;REDUTO;Ultrapassagem Indevida;Saída de leito carroçável;Com Vítimas Feridas;Pleno dia;Decrescente;Céu Claro;Simples;"Declive;Reta";-2.025.556.389;-4.199.814.902
29/11/2024;15:05:00;SAO JOSE;Desrespeitar a preferência no cruzamento;Colisão transversal;Com Vítimas Feridas;Pleno dia;Decrescente;Nublado;Múltipla;"Interseção de Vias;Viaduto";-2.761.000.542;-4.863.895.057
29/11/2024;15:20:00;BARRA DO PIRAI;Ultrapassagem Indevida;Colisão lateral mesmo sentido;Sem Vítimas;Pleno dia;Decrescente;Nublado;Simples;Reta;-224.742.152;-4.398.926.402
29/11/2024;16:15:00;TRES CACHOEIRAS;Manobra de mudança de faixa;Colisão lateral mesmo sentido;Com Vítimas Feridas;Pleno dia;Decrescente;Garoa/Chuvisco;Dupla;Curva;-294.398.072;-4.990.113.887
29/11/2024;15:00:00;SALVADOR;Manobra de mudança de faixa;Colisão lateral mesmo sentido;Com Vítimas Feridas;Pleno dia;Decrescente;Céu Claro;Dupla;Reta;-1.287.957.905;-3.843.213.893
05/11/2024;09:00:00;RIO DE JANEIRO;Demais falhas na via;Colisão traseira;Sem Vítimas;Pleno dia;Não Informado;Nublado;Múltipla;Reta;-2.282.012.562;-4.331.334.074
29/11/2024;15:00:00;BARRA VELHA;Desrespeitar a preferência no cruzamento;Colisão transversal;Com Vítimas Feridas;Pleno dia;Decrescente;Céu Claro;Dupla;"Túnel;Interseção de Vias";-2.670.876.413;-4.870.221.065
29/11/2024;17:30:00;NOVA LIMA;Velocidade Incompatível;Colisão traseira;Com Vítimas Feridas;Pleno dia;Decrescente;Céu Claro;Dupla;Reta;-2.006.084.086;-4.397.716.423
29/11/2024;17:00:00;ARARANGUA;Desrespeitar a preferência no cruzamento;Colisão frontal;Com Vítimas Feridas;Pleno dia;Decrescente;Nublado;Múltipla;Reta;-2.900.483.753;-4.956.292.033
29/11/2024;17:55:00;PORTO ALEGRE;Frear bruscamente;Colisão lateral mesmo sentido;Com Vítimas Feridas;Anoitecer;Crescente;Céu Claro;Dupla;Reta;-2.999.062.348;-5.126.598.358
29/11/2024;08:20:00;GUAPIMIRIM;Conversão proibida;Colisão frontal;Com Vítimas Feridas;Pleno dia;Crescente;Nublado;Simples;Reta;-2.251.502.902;-4.300.052.292
29/11/2024;18:00:00;PELOTAS;Desrespeitar a preferência no cruzamento;Colisão transversal;Sem Vítimas;Pleno dia;Não Informado;Céu Claro;Simples;"Reta;Interseção de Vias";-3.175.817.587;-5.237.022.393
29/11/2024;17:40:00;ITAJAI;Manobra de mudança de faixa;Colisão lateral mesmo sentido;Com Vítimas Feridas;Anoitecer;Decrescente;Nublado;Dupla;Reta;-2.685.311.393;-4.872.689.927
29/11/2024;09:10:00;NOVA IGUACU;Manobra de mudança de faixa;Colisão lateral mesmo sentido;Com Vítimas Feridas;Pleno dia;Crescente;Céu Claro;Dupla;Reta;-227.516.014;-4.343.849.831
29/11/2024;15:45:00;IMPERATRIZ;Conversão proibida;Colisão transversal;Com Vítimas Feridas;Pleno dia;Crescente;Céu Claro;Simples;Reta;-5.517.879;-47.471.581
29/11/2024;19:30:00;SANTA BARBARA;Animais na Pista;Atropelamento de Animal;Com Vítimas Feridas;Plena Noite;Crescente;Céu Claro;Dupla;Reta;-1.192.002;-3.898.304
29/11/2024;20:05:00;SAO LEOPOLDO;Sinalização mal posicionada;Colisão transversal;Com Vítimas Feridas;Plena Noite;Crescente;Céu Claro;Simples;Reta;-2.974.980.902;-5.115.125.361
29/11/2024;18:15:00;SANTA MARIA DA BOA VISTA;Animais na Pista;Atropelamento de Animal;Com Vítimas Feridas;Plena Noite;Crescente;Céu Claro;Simples;"Aclive;Reta";-873.429.915;-3.978.493.182
29/11/2024;18:20:00;RIO BRANCO;Iluminação deficiente;Colisão lateral mesmo sentido;Com Vítimas Feridas;Plena Noite;Crescente;Ignorado;Simples;Reta;-1.001.209.268;-67.764.365
29/11/2024;17:30:00;CARATINGA;Ultrapassagem Indevida;Colisão lateral mesmo sentido;Com Vítimas Feridas;Pleno dia;Decrescente;Céu Claro;Simples;Reta;-1.975.187.896;-421.326.603
29/11/2024;18:00:00;MONTE NEGRO;Manobra de mudança de faixa;Colisão transversal;Com Vítimas Feridas;Anoitecer;Decrescente;Céu Claro;Simples;Reta;-10.298.895;-63.321.854
29/11/2024;18:30:00;COLORADO DO OESTE;Conversão proibida;Colisão lateral mesmo sentido;Com Vítimas Feridas;Anoitecer;Decrescente;Chuva;Simples;"Reta;Declive";-1.312.694.915;-6.054.413.734
29/11/2024;22:06:00;SANTA MARIA;Afundamento ou ondulação no pavimento;Colisão com objeto;Com Vítimas Feridas;Plena Noite;Decrescente;Céu Claro;Dupla;"Reta;Em Obras";-2.969.556.822;-5.378.022.006
29/11/2024;22:52:00;BARBACENA;Velocidade Incompatível;Colisão com objeto;Com Vítimas Feridas;Plena Noite;Crescente;Nublado;Dupla;Curva;-2.131.059.847;-4.360.380.204
29/11/2024;23:12:00;SAO MIGUEL DO IGUACU;Velocidade Incompatível;Colisão com objeto;Sem Vítimas;Plena Noite;Decrescente;Céu Claro;Dupla;Reta;-253.582.673;-5.424.527.283
29/11/2024;19:30:00;UBERABA;Velocidade Incompatível;Queda de ocupante de veículo;Com Vítimas Feridas;Plena Noite;Decrescente;Céu Claro;Dupla;"Em Obras;Desvio Temporário;Reta";-1.951.129.203;-4.804.264.209
29/11/2024;23:30:00;MARECHAL CANDIDO RONDON;Manobra de mudança de faixa;Queda de ocupante de veículo;Com Vítimas Feridas;Plena Noite;Decrescente;Nublado;Dupla;Reta;-245.841.632;-5.398.455.614
29/11/2024;21:17:00;COLATINA;Conversão proibida;Colisão transversal;Com Vítimas Feridas;Plena Noite;Decrescente;Céu Claro;Múltipla;Curva;-1.952.284.802;-4.059.357.119
29/11/2024;23:00:00;GUAIRACA;Afundamento ou ondulação no pavimento;Queda de ocupante de veículo;Com Vítimas Feridas;Plena Noite;Decrescente;Céu Claro;Simples;Reta;-2.293.107.785;-5.277.601.999
29/11/2024;23:30:00;JAGUARARI;Ultrapassagem Indevida;Colisão frontal;Com Vítimas Feridas;Plena Noite;Crescente;Céu Claro;Simples;Reta;-1.020.328.111;-4.021.881.246
29/11/2024;20:30:00;SAO JOAO DE MERITI;Frear bruscamente;Colisão traseira;Sem Vítimas;Plena Noite;Crescente;Céu Claro;Dupla;Reta;-2.278.923.555;-4.337.275.272
30/11/2024;01:30:00;CUIABA;Animais na Pista;Atropelamento de Animal;Com Vítimas Feridas;Plena Noite;Decrescente;Céu Claro;Simples;Reta;-15.679;-56.014.787
30/11/2024;03:00:00;ALAGOINHAS;Animais na Pista;Capotamento;Com Vítimas Feridas;Plena Noite;Crescente;Céu Claro;Simples;Reta;-1.216.492;-38.477.026
30/11/2024;07:30:00;LINHARES;Manobra de mudança de faixa;Colisão lateral mesmo sentido;Com Vítimas Feridas;Pleno dia;Crescente;Céu Claro;Dupla;"Aclive;Reta";-1.936.990.998;-4.006.560.718
30/11/2024;06:00:00;MAFRA;Velocidade Incompatível;Colisão com objeto;Sem Vítimas;Pleno dia;Decrescente;Nublado;Simples;"Reta;Ponte";-2.617.275.127;-4.993.582.103
30/11/2024;05:48:00;NOVA ALVORADA DO SUL;Velocidade Incompatível;Atropelamento de Animal;Com Vítimas Feridas;Amanhecer;Crescente;Céu Claro;Simples;Reta;-2.160.972.751;-5.375.945.106
30/11/2024;08:00:00;PALHOCA;Acesso irregular;Colisão transversal;Com Vítimas Feridas;Pleno dia;Crescente;Nublado;Simples;Reta;-27.658.611;-48.681.847
30/11/2024;08:00:00;SANTO ANTONIO DO LEVERGER;Acumulo de água sobre o pavimento;Saída de leito carroçável;Com Vítimas Feridas;Pleno dia;Crescente;Chuva;Simples;Curva;-1.582.665.672;-555.089.038
30/11/2024;07:45:00;SAO GONCALO DO AMARANTE;Estacionar ou parar em local proibido;Colisão lateral mesmo sentido;Com Vítimas Feridas;Pleno dia;Crescente;Céu Claro;Dupla;Reta;-5.776.953;-35.250.732
30/11/2024;08:30:00;ANDIRA;Ultrapassagem Indevida;Colisão lateral mesmo sentido;Com Vítimas Feridas;Pleno dia;Crescente;Céu Claro;Simples;Reta;-2.305.237.728;-5.024.000.108
18/10/2024;07:50:00;NOVA VICOSA;Ultrapassagem Indevida;Tombamento;Com Vítimas Feridas;Pleno dia;Decrescente;Ignorado;Simples;Reta;-1.796.524.162;-3.985.965.729
30/11/2024;09:45:00;SAO PAULO;Manobra de mudança de faixa;Colisão lateral mesmo sentido;Sem Vítimas;Pleno dia;Crescente;Céu Claro;Dupla;Reta;-23.433.417;-46.569.014
30/11/2024;10:30:00;SIMAO PEREIRA;Velocidade Incompatível;Queda de ocupante de veículo;Com Vítimas Feridas;Pleno dia;Decrescente;Nublado;Dupla;Curva;-21.899.943;-4.331.155.704
30/11/2024;09:50:00;MESQUITA;Ultrapassagem Indevida;Colisão lateral mesmo sentido;Com Vítimas Feridas;Pleno dia;Decrescente;Céu Claro;Dupla;Curva;-2.277.579.277;-4.340.008.914
30/11/2024;11:29:00;BRASILIA;Manobra de mudança de faixa;Colisão lateral mesmo sentido;Com Vítimas Feridas;Pleno dia;Decrescente;Céu Claro;Dupla;Aclive;-15.625.675;-47.725.159
30/11/2024;12:45:00;UBERABA;Pista esburacada;Tombamento;Com Vítimas Feridas;Pleno dia;Crescente;Céu Claro;Simples;"Interseção de Vias;Declive";-1.977.509.606;-4.797.201.785
30/11/2024;13:56:00;CARMOPOLIS DE MINAS;Velocidade Incompatível;Queda de ocupante de veículo;Com Vítimas Feridas;Pleno dia;Decrescente;Céu Claro;Dupla;Curva;-2.052.949.002;-4.463.874.994
30/11/2024;12:56:00;CAARAPO;Conversão proibida;Colisão transversal;Com Vítimas Feridas;Pleno dia;Crescente;Nublado;Simples;Reta;-2.263.840.453;-5.481.492.936
30/11/2024;13:45:00;FEIRA DE SANTANA;Conversão proibida;Colisão frontal;Com Vítimas Feridas;Pleno dia;Decrescente;Céu Claro;Simples;Reta;-1.223.229.233;-3.895.215.305
19/09/2024;20:20:00;UBATA;Frear bruscamente;Colisão traseira;Com Vítimas Feridas;Plena Noite;Decrescente;Ignorado;Simples;Interseção de Vias;-1.420.899.299;-3.952.635.884
30/11/2024;15:11:00;BRASILIA;Manobra de mudança de faixa;Colisão transversal;Com Vítimas Feridas;Pleno dia;Crescente;Céu Claro;Dupla;"Retorno Regulamentado;Reta";-15.789.762;-48.148.727
30/11/2024;13:10:00;ROLANDIA;Acesso irregular;Colisão transversal;Com Vítimas Feridas;Pleno dia;Crescente;Céu Claro;Simples;Reta;-2.330.284.051;-5.135.504.723
30/11/2024;16:00:00;ITABORAI;Manobra de mudança de faixa;Colisão lateral mesmo sentido;Com Vítimas Feridas;Pleno dia;Decrescente;Céu Claro;Dupla;Reta;-227.714;-4.292.896
30/11/2024;17:00:00;RIO DO SUL;Ultrapassagem Indevida;Colisão frontal;Com Vítimas Feridas;Pleno dia;Crescente;Céu Claro;Simples;Reta;-27.229.801;-496.693
30/11/2024;17:17:00;NOVA ESPERANCA;Manobra de mudança de faixa;Colisão traseira;Com Vítimas Fatais;Pleno dia;Crescente;Sol;Dupla;Reta;-2.319.499.451;-5.220.268.041
30/11/2024;17:00:00;CACHOEIRO DE ITAPEMIRIM;Acesso irregular;Atropelamento de Pedestre;Com Vítimas Feridas;Pleno dia;Crescente;Nublado;Simples;Reta;-2.083.723.289;-4.116.733.095
30/11/2024;18:00:00;JUPI;Manobra de mudança de faixa;Colisão frontal;Com Vítimas Feridas;Plena Noite;Crescente;Céu Claro;Simples;"Reta;Aclive";-869.250.589;-3.641.166.726
30/11/2024;17:35:00;GUAJARA-MIRIM;Acesso irregular;Colisão traseira;Com Vítimas Feridas;Pleno dia;Crescente;Céu Claro;Simples;"Interseção de Vias;Reta";-10.576.692;-65.325.493
30/11/2024;12:30:00;CARATINGA;Conversão proibida;Colisão lateral mesmo sentido;Com Vítimas Feridas;Pleno dia;Decrescente;Céu Claro;Dupla;Interseção de Vias;-1.976.833.785;-4.213.105.238
30/11/2024;19:10:00;MANHUACU;Demais Fenômenos da natureza;Colisão com objeto;Com Vítimas Feridas;Plena Noite;Decrescente;Chuva;Simples;Reta;-2.005.498.398;-4.217.498.796