data_inversa;horario;municipio;causa_acidente;tipo_acidente;classificacao_acidente;fase_dia;sentido_via;condicao_metereologica;tipo_pista;tracado_via;latitude;longitude
30/11/2024;22:10:00;COLOMBO;Velocidade Incompatível;Colisão traseira;Sem Vítimas;Plena Noite;Crescente;Céu Claro;Dupla;Reta;-253.719;-49.134
30/11/2024;18:40:00;CATALAO;Velocidade Incompatível;Saída de leito carroçável;Com Vítimas Feridas;Pleno dia;Crescente;Chuva;Dupla;Reta;-180.521;-47.863
30/11/2024;21:45:00;FATIMA DO SUL;Animais na Pista;Atropelamento de Animal;Sem Vítimas;Plena Noite;Crescente;Nublado;Simples;Reta;-22.349.833;-54.554.311
02/11/2024;18:50:00;ALTO ARAGUAIA;Desrespeitar a preferência no cruzamento;Colisão transversal;Com Vítimas Feridas;Plena Noite;Decrescente;Céu Claro;Dupla;Reta;-173.143.829;-5.321.621.776
30/11/2024;22:50:00;SAO CAITANO;Velocidade Incompatível;Saída de leito carroçável;Com Vítimas Feridas;Plena Noite;Decrescente;Céu Claro;Simples;"Aclive;Curva";-835.258.392;-3.617.123.712
30/11/2024;23:05:00;ITAPEMA;Manobra de mudança de faixa;Colisão traseira;Com Vítimas Fatais;Plena Noite;Decrescente;Céu Claro;Múltipla;"Desvio Temporário;Em Obras;Reta";-27.056.089;-48.599.449
01/12/2024;01:30:00;CAMPOS DOS GOYTACAZES;Velocidade Incompatível;Tombamento;Com Vítimas Feridas;Pleno dia;Decrescente;Nublado;Dupla;Rotatória;-2.176.090.387;-4.134.788.959
01/12/2024;01:50:00;SANTA TEREZA DO OESTE;Ultrapassagem Indevida;Colisão lateral mesmo sentido;Sem Vítimas;Plena Noite;Decrescente;Céu Claro;Simples;Reta;-2.502.995.138;-5.357.946.397
01/12/2024;01:50:00;SANTO ANTONIO DA PATRULHA;Animais na Pista;Atropelamento de Animal;Com Vítimas Feridas;Plena Noite;Decrescente;Nublado;Dupla;Reta;-29.882.015;-50.493.973
01/12/2024;01:42:00;BRASILEIRA;Animais na Pista;Saída de leito carroçável;Com Vítimas Feridas;Plena Noite;Decrescente;Céu Claro;Simples;"Reta;Em Obras";-409.998.739;-4.157.274.255
01/12/2024;03:51:00;CAAPORA;Pista esburacada;Colisão com objeto;Com Vítimas Feridas;Plena Noite;Decrescente;Céu Claro;Dupla;"Em Obras;Declive;Curva";-746.746.892;-349.772.648
01/12/2024;05:40:00;BETIM;Pista Escorregadia;Colisão com objeto;Com Vítimas Feridas;Plena Noite;Crescente;Chuva;Dupla;"Curva;Declive";-1.995.862.617;-4.408.002.377
01/12/2024;04:15:00;GUARAPARI;Pista Escorregadia;Tombamento;Com Vítimas Feridas;Plena Noite;Crescente;Chuva;Simples;Reta;-2.067.773.381;-4.066.634.729
01/12/2024;06:15:00;SENADOR JOSE BENTO;Velocidade Incompatível;Saída de leito carroçável;Sem Vítimas;Amanhecer;Crescente;Céu Claro;Simples;"Curva;Declive";-2.213.523.969;-4.616.038.799
01/12/2024;07:10:00;RIO DE JANEIRO;Modificação proibida;Colisão traseira;Com Vítimas Feridas;Pleno dia;Decrescente;Céu Claro;Simples;Reta;-228.060.415;-4.334.289.573
01/12/2024;07:50:00;ITAPERUNA;Pista Escorregadia;Colisão frontal;Com Vítimas Feridas;Pleno dia;Decrescente;Céu Claro;Simples;Curva;-2.125.338.189;-4.178.323.746
01/12/2024;05:30:00;CANOINHAS;Velocidade Incompatível;Saída de leito carroçável;Com Vítimas Feridas;Amanhecer;Crescente;Céu Claro;Simples;"Curva;Declive";-2.619.844.599;-5.043.216.601
01/12/2024;08:10:00;GUARUJA DO SUL;Ultrapassagem Indevida;Colisão frontal;Com Vítimas Feridas;Pleno dia;Crescente;Céu Claro;Simples;Curva;-2.638.810.225;-5.351.710.796
01/12/2024;10:40:00;SANTA RITA;Manobra de mudança de faixa;Colisão lateral mesmo sentido;Com Vítimas Feridas;Pleno dia;Crescente;Céu Claro;Dupla;Reta;-71.246;-349.473
01/12/2024;10:45:00;FRANCISCO ALVES;Velocidade Incompatível;Colisão traseira;Com Vítimas Feridas;Pleno dia;Crescente;Céu Claro;Simples;Curva;-2.406.409.538;-5.387.042.796
01/12/2024;09:30:00;TRES CACHOEIRAS;Manobra de mudança de faixa;Colisão lateral mesmo sentido;Com Vítimas Feridas;Pleno dia;Decrescente;Sol;Dupla;Reta;-29.499.295;-49.978.129
01/12/2024;08:40:00;COCALZINHO DE GOIAS;Conversão proibida;Colisão transversal;Com Vítimas Fatais;Pleno dia;Crescente;Céu Claro;Simples;"Aclive;Reta";-1.575.067.958;-4.864.470.457
01/12/2024;11:30:00;SAO JOSE;Desrespeitar a preferência no cruzamento;Colisão lateral mesmo sentido;Com Vítimas Feridas;Pleno dia;Crescente;Céu Claro;Simples;Rotatória;-275.650.044;-4.861.460.082
01/12/2024;13:50:00;ARAQUARI;Acumulo de areia ou detritos sobre o pavimento;Queda de ocupante de veículo;Com Vítimas Feridas;Pleno dia;Crescente;Céu Claro;Simples;Reta;-2.643.447.549;-4.880.453.914
01/12/2024;13:00:00;SANTO ANTONIO DO DESCOBERTO;Acesso irregular;Colisão transversal;Com Vítimas Feridas;Pleno dia;Crescente;Céu Claro;Dupla;"Declive;Reta;Retorno Regulamentado";-160.593.089;-4.826.299.821
01/12/2024;12:40:00;RESSAQUINHA;Falta de elemento de contenção que evite a saída do leito carroçável;Saída de leito carroçável;Com Vítimas Fatais;Pleno dia;Crescente;Céu Claro;Simples;Reta;-211.020.483;-43.763.535
01/12/2024;14:15:00;MORRETES;Velocidade Incompatível;Colisão com objeto;Com Vítimas Feridas;Pleno dia;Decrescente;Nublado;Dupla;"Curva;Declive";-255.585.949;-4.880.593.311
01/12/2024;15:16:00;BRASILIA;Manobra de mudança de faixa;Colisão traseira;Sem Vítimas;Pleno dia;Crescente;Céu Claro;Dupla;"Declive;Reta";-15.607.905;-47.692.791
01/12/2024;14:30:00;SAO LUIS;Frear bruscamente;Colisão traseira;Sem Vítimas;Pleno dia;Decrescente;Céu Claro;Dupla;Reta;-261.424.881;-4.425.257.023
01/12/2024;16:00:00;ITANHANDU;Velocidade Incompatível;Colisão lateral sentido oposto;Com Vítimas Feridas;Pleno dia;Decrescente;Sol;Simples;Curva;-2.226.179.634;-4.491.706.727
01/12/2024;16:43:00;BLUMENAU;Conversão proibida;Colisão transversal;Com Vítimas Feridas;Pleno dia;Decrescente;Céu Claro;Simples;Reta;-2.687.674;-49.127.743
01/12/2024;17:20:00;SALVADOR;Manobra de mudança de faixa;Colisão traseira;Com Vítimas Feridas;Pleno dia;Decrescente;Céu Claro;Dupla;Reta;-1.294.194.706;-3.847.081.224
01/12/2024;16:35:00;CAMPO GRANDE;Conversão proibida;Colisão transversal;Com Vítimas Feridas;Pleno dia;Crescente;Sol;Simples;Rotatória;-20.394.021;-54.558.639
01/12/2024;17:20:00;MARACAJA;Desrespeitar a preferência no cruzamento;Colisão lateral mesmo sentido;Com Vítimas Feridas;Pleno dia;Crescente;Céu Claro;Simples;"Reta;Interseção de Vias";-2.884.098.031;-4.942.743.659
01/12/2024;17:20:00;RIO VERDE;Chuva;Saída de leito carroçável;Sem Vítimas;Anoitecer;Crescente;Chuva;Dupla;Curva;-178.145;-512.842
01/12/2024;17:20:00;ANASTACIO;Manobra de mudança de faixa;Colisão transversal;Com Vítimas Feridas;Pleno dia;Crescente;Céu Claro;Simples;Reta;-2.050.107.013;-5.582.486.196
01/12/2024;06:48:00;CAMPINA GRANDE DO SUL;Manobra de mudança de faixa;Colisão lateral mesmo sentido;Com Vítimas Feridas;Pleno dia;Crescente;Nublado;Dupla;"Reta;Aclive";-2.506.368.403;-4.857.051.896
01/12/2024;18:20:00;BREJETUBA;Chuva;Tombamento;Com Vítimas Feridas;Plena Noite;Decrescente;Chuva;Simples;Reta;-20.244.823;-41.328.908
01/12/2024;15:30:00;IMBITUBA;Manobra de mudança de faixa;Colisão traseira;Com Vítimas Feridas;Pleno dia;Crescente;Céu Claro;Dupla;Curva;-2.829.854.333;-4.871.633.767
01/12/2024;18:20:00;SAO JOSE;Velocidade Incompatível;Colisão com objeto;Com Vítimas Fatais;Anoitecer;Crescente;Garoa/Chuvisco;Múltipla;Reta;-2.758.313.237;-4.861.532.885
01/12/2024;18:30:00;UBATUBA;Conversão proibida;Colisão transversal;Com Vítimas Feridas;Plena Noite;Crescente;Nublado;Simples;Reta;-2.344.410.908;-4.508.375.708
01/12/2024;18:30:00;COLONIA LEOPOLDINA;Deficiência do Sistema de Iluminação/Sinalização;Colisão lateral sentido oposto;Com Vítimas Fatais;Plena Noite;Crescente;Céu Claro;Simples;Reta;-890.381.215;-3.568.016.052
01/12/2024;19:20:00;VASSOURAS;Demais falhas na via;Queda de ocupante de veículo;Com Vítimas Feridas;Plena Noite;Crescente;Nublado;Simples;Reta;-2.238.996.804;-4.364.928.296
01/12/2024;21:47:00;BRUMADINHO;Chuva;Saída de leito carroçável;Com Vítimas Feridas;Plena Noite;Crescente;Chuva;Dupla;Curva;-2.012.834.104;-4.430.330.781
01/12/2024;22:40:00;SAO JOSE;Chuva;Tombamento;Com Vítimas Feridas;Plena Noite;Crescente;Garoa/Chuvisco;Múltipla;Reta;-2.761.000.542;-4.863.895.057
01/12/2024;17:20:00;SAO GONCALO;Manobra de mudança de faixa;Colisão traseira;Com Vítimas Feridas;Pleno dia;Crescente;Céu Claro;Dupla;Reta;-227.828.205;-429.766.681
01/12/2024;12:40:00;TIJUCAS;Velocidade Incompatível;Saída de leito carroçável;Com Vítimas Feridas;Pleno dia;Crescente;Nublado;Múltipla;Curva;-2.722.554.009;-486.279.367
01/12/2024;22:50:00;BIGUACU;Velocidade Incompatível;Colisão traseira;Com Vítimas Feridas;Plena Noite;Crescente;Céu Claro;Dupla;Reta;-275.047.092;-4.865.010.819
01/12/2024;21:20:00;RIBAS DO RIO PARDO;Animais na Pista;Atropelamento de Animal;Com Vítimas Feridas;Plena Noite;Crescente;Céu Claro;Simples;Reta;-2.046.663.531;-5.344.262.101
01/12/2024;23:45:00;JOAO CAMARA;Animais na Pista;Atropelamento de Animal;Com Vítimas Fatais;Plena Noite;Crescente;Céu Claro;Simples;Reta;-554.067.796;-3.580.553.967
02/12/2024;06:00:00;AGUAS LINDAS DE GOIAS;Velocidade Incompatível;Colisão lateral mesmo sentido;Com Vítimas Feridas;Pleno dia;Decrescente;Céu Claro;Dupla;Reta;-15.783.543;-482.326
02/12/2024;02:30:00;PORTO VELHO;Animais na Pista;Atropelamento de Animal;Com Vítimas Feridas;Plena Noite;Crescente;Nublado;Simples;Reta;-967.144.966;-6.540.658.389
02/12/2024;07:00:00;CAMBIRA;Acumulo de areia ou detritos sobre o pavimento;Saída de leito carroçável;Com Vítimas Feridas;Pleno dia;Crescente;Chuva;Dupla;"Curva;Interseção de Vias";-2.359.628.559;-5.158.065.498
02/12/2024;08:30:00;SAO JOAO DE MERITI;Ultrapassagem Indevida;Colisão lateral mesmo sentido;Com Vítimas Feridas;Pleno dia;Crescente;Céu Claro;Dupla;Reta;-2.279.810.324;-4.335.726.614
02/12/2024;09:00:00;BETIM;Chuva;Colisão com objeto;Com Vítimas Feridas;Pleno dia;Crescente;Chuva;Dupla;Curva;-199.581.563;-4.408.007.741
28/11/2024;08:30:00;MAGE;Ultrapassagem Indevida;Colisão lateral sentido oposto;Com Vítimas Feridas;Pleno dia;Decrescente;Céu Claro;Simples;Reta;-22.659.311;-43.053.303
02/12/2024;09:40:00;ITAGUAI;Ultrapassagem Indevida;Colisão lateral mesmo sentido;Com Vítimas Feridas;Pleno dia;Crescente;Céu Claro;Dupla;Reta;-2.288.693.658;-4.383.632.362
02/12/2024;06:30:00;EXTREMA;Velocidade Incompatível;Saída de leito carroçável;Com Vítimas Feridas;Amanhecer;Crescente;Garoa/Chuvisco;Dupla;"Declive;Curva";-2.287.479.042;-4.636.655.782
02/12/2024;08:00:00;JOINVILLE;Desrespeitar a preferência no cruzamento;Colisão transversal;Com Vítimas Feridas;Pleno dia;Crescente;Nublado;Simples;"Rotatória;Viaduto;Interseção de Vias";-2.625.472.505;-4.890.561.309
02/12/2024;11:00:00;SETE LAGOAS;Velocidade Incompatível;Saída de leito carroçável;Com Vítimas Feridas;Pleno dia;Decrescente;Chuva;Dupla;Reta;-1.946.099.279;-4.430.121.988
02/12/2024;11:10:00;JUATUBA;Afundamento ou ondulação no pavimento;Capotamento;Com Vítimas Feridas;Pleno dia;Decrescente;Nublado;Dupla;Curva;-19.947.864;-44.381.226
02/12/2024;08:30:00;PORTO VELHO;Animais na Pista;Atropelamento de Animal;Com Vítimas Feridas;Pleno dia;Crescente;Sol;Simples;Reta;-8.739.714;-6.393.214.024
02/12/2024;13:00:00;CORREGO DANTA;Pista Escorregadia;Colisão frontal;Com Vítimas Feridas;Pleno dia;Crescente;Chuva;Simples;Reta;-1.969.297.478;-4.603.637.682
02/12/2024;13:00:00;JABOATAO DOS GUARARAPES;Manobra de mudança de faixa;Colisão transversal;Com Vítimas Feridas;Pleno dia;Crescente;Céu Claro;Dupla;Reta;-8.170.828;-34.938.893
02/12/2024;14:00:00;PONTA GROSSA;Velocidade Incompatível;Saída de leito carroçável;Com Vítimas Feridas;Pleno dia;Decrescente;Chuva;Dupla;Curva;-2.526.965.091;-4.993.769.467
30/11/2024;13:30:00;PRESIDENTE DUTRA;Conversão proibida;Colisão traseira;Com Vítimas Feridas;Pleno dia;Decrescente;Céu Claro;Simples;"Interseção de Vias;Reta";-530.134.733;-4.441.016.495
02/12/2024;12:00:00;CABO DE SANTO AGOSTINHO;Velocidade Incompatível;Colisão com objeto;Com Vítimas Feridas;Pleno dia;Decrescente;Nublado;Dupla;"Aclive;Reta";-823.039.141;-349.964.869
02/12/2024;14:00:00;CAMPINA GRANDE DO SUL;Chuva;Saída de leito carroçável;Com Vítimas Feridas;Pleno dia;Crescente;Chuva;Dupla;Curva;-2.508.357.197;-4.864.281.407
02/12/2024;15:35:00;SANTO ANTONIO DO AMPARO;Velocidade Incompatível;Saída de leito carroçável;Com Vítimas Feridas;Pleno dia;Crescente;Chuva;Dupla;"Declive;Reta";-20.860.825;-44.839.135
02/12/2024;16:50:00;LONDRINA;Chuva;Tombamento;Com Vítimas Feridas;Pleno dia;Crescente;Chuva;Dupla;Reta;-232.930.197;-5.113.684.595
02/12/2024;17:30:00;CAMPANHA;Chuva;Saída de leito carroçável;Com Vítimas Feridas;Pleno dia;Decrescente;Chuva;Dupla;Curva;-2.181.543.894;-4.549.238.809
02/12/2024;12:45:00;CACERES;Manobra de mudança de faixa;Colisão lateral sentido oposto;Com Vítimas Feridas;Pleno dia;Crescente;Nublado;Simples;Reta;-15.821.487;-57.941.789
02/12/2024;19:00:00;ARAUCARIA;Ultrapassagem Indevida;Colisão lateral mesmo sentido;Com Vítimas Feridas;Pleno dia;Crescente;Sol;Simples;Reta;-2.560.639;-49.421.112
02/12/2024;18:45:00;JOAO PESSOA;Acumulo de areia ou detritos sobre o pavimento;Tombamento;Com Vítimas Feridas;Plena Noite;Decrescente;Garoa/Chuvisco;Dupla;Curva;-716.528.196;-3.489.827.394
02/12/2024;20:20:00;SAO MATEUS;Ultrapassagem Indevida;Colisão lateral sentido oposto;Com Vítimas Feridas;Plena Noite;Crescente;Céu Claro;Simples;Aclive;-1.877.024.976;-3.986.802.529
02/12/2024;21:15:00;CARIRI DO TOCANTINS;Animais na Pista;Atropelamento de Animal;Com Vítimas Fatais;Plena Noite;Crescente;Céu Claro;Simples;Reta;-1.206.660.805;-4.920.399.272
02/12/2024;19:00:00;JITAUNA;Animais na Pista;Atropelamento de Animal;Com Vítimas Feridas;Plena Noite;Decrescente;Céu Claro;Simples;Curva;-1.401.401.084;-3.988.162.619
02/12/2024;17:30:00;JABOATAO DOS GUARARAPES;Acumulo de água sobre o pavimento;Tombamento;Com Vítimas Feridas;Anoitecer;Decrescente;Chuva;Dupla;Reta;-8.165.859;-34.938.369
02/12/2024;17:20:00;ITAMONTE;Ultrapassagem Indevida;Colisão frontal;Com Vítimas Feridas;Pleno dia;Crescente;Chuva;Simples;"Aclive;Reta";-22.368.622;-44.766.333
02/12/2024;22:40:00;ITAPECERICA DA SERRA;Pista Escorregadia;Tombamento;Com Vítimas Feridas;Plena Noite;Decrescente;Garoa/Chuvisco;Dupla;Reta;-2.375.393.807;-4.690.168.863
03/12/2024;05:45:00;SAO JOSE DOS CAMPOS;Pista Escorregadia;Queda de ocupante de veículo;Com Vítimas Feridas;Amanhecer;Crescente;Chuva;Dupla;"Declive;Reta";-231.869.844;-458.548.078
03/12/2024;06:30:00;BIGUACU;Pista Escorregadia;Colisão com objeto;Com Vítimas Feridas;Pleno dia;Crescente;Nublado;Dupla;Curva;-27.459.393;-48.638.914
03/12/2024;02:00:00;QUEIMADOS;Iluminação deficiente;Atropelamento de Pedestre;Com Vítimas Fatais;Plena Noite;Decrescente;Nublado;Dupla;Reta;-2.273.711.632;-4.353.793.909
03/12/2024;06:20:00;FRANCISCO SA;Velocidade Incompatível;Colisão frontal;Com Vítimas Feridas;Amanhecer;Decrescente;Chuva;Simples;"Curva;Declive";-1.663.317.695;-4.369.642.613
03/12/2024;06:53:00;IVOTI;Velocidade Incompatível;Colisão com objeto;Com Vítimas Feridas;Pleno dia;Decrescente;Céu Claro;Simples;"Aclive;Curva";-2.962.743.221;-5.113.858.608
03/12/2024;07:50:00;SAO JOSE DO RIO PRETO;Animais na Pista;Atropelamento de Animal;Com Vítimas Feridas;Pleno dia;Decrescente;Nublado;Simples;Reta;-2.070.901.101;-4.933.909.429
03/12/2024;06:50:00;SANTO ANTONIO DA PLATINA;Demais falhas na via;Saída de leito carroçável;Com Vítimas Feridas;Amanhecer;Decrescente;Chuva;Simples;Reta;-2.322.490.161;-5.002.414.227
03/12/2024;07:50:00;SAO JOSE DOS PINHAIS;Frear bruscamente;Tombamento;Com Vítimas Feridas;Amanhecer;Crescente;Chuva;Dupla;Reta;-2.557.025.256;-4.921.682.628
03/12/2024;07:30:00;BALSA NOVA;Pista Escorregadia;Colisão com objeto;Com Vítimas Feridas;Pleno dia;Decrescente;Garoa/Chuvisco;Simples;Curva;-2.546.799.941;-4.962.831.192
03/12/2024;06:10:00;MADALENA;Animais na Pista;Saída de leito carroçável;Com Vítimas Feridas;Pleno dia;Decrescente;Céu Claro;Simples;Reta;-475.960.532;-3.948.209.975
03/12/2024;10:00:00;JOAO PESSOA;Manobra de mudança de faixa;Colisão lateral mesmo sentido;Com Vítimas Feridas;Pleno dia;Crescente;Céu Claro;Dupla;Curva;-712.001.347;-3.484.528.542
03/12/2024;07:30:00;SALVADOR;Velocidade Incompatível;Colisão com objeto;Com Vítimas Feridas;Pleno dia;Crescente;Céu Claro;Dupla;Reta;-1.290.482.172;-3.845.556.535
03/12/2024;09:30:00;SAO JOSE DOS CAMPOS;Manobra de mudança de faixa;Colisão lateral mesmo sentido;Com Vítimas Feridas;Pleno dia;Crescente;Chuva;Dupla;Declive;-231.869.844;-458.548.078
03/12/2024;09:45:00;TERESOPOLIS;Acesso irregular;Colisão transversal;Com Vítimas Feridas;Pleno dia;Crescente;Nublado;Simples;Reta;-2.239.843.405;-4.295.507.553
03/12/2024;06:30:00;ITAPORANGA DAJUDA;Acesso irregular;Colisão lateral mesmo sentido;Com Vítimas Feridas;Pleno dia;Crescente;Céu Claro;Dupla;Reta;-1.105.539.301;-3.736.505.109
22/10/2024;18:00:00;MANDAGUACU;Acumulo de areia ou detritos sobre o pavimento;Queda de ocupante de veículo;Com Vítimas Feridas;Anoitecer;Crescente;Céu Claro;Dupla;Curva;-2.337.106.609;-5.206.523.895
03/12/2024;11:50:00;SAO JOSE;Manobra de mudança de faixa;Colisão lateral mesmo sentido;Com Vítimas Feridas;Pleno dia;Crescente;Céu Claro;Múltipla;Curva;-2.760.493.593;-4.863.411.963
26/11/2024;09:55:00;SIDROLANDIA;Animais na Pista;Eventos atípicos;Sem Vítimas;Pleno dia;Decrescente;Céu Claro;Simples;"Declive;Reta";-2.089.554.922;-5.486.568.024
03/12/2024;12:48:00;MAIRIPORA;Pista Escorregadia;Colisão com objeto;Com Vítimas Feridas;Pleno dia;Crescente;Chuva;Dupla;"Curva;Aclive";-2.335.761.806;-4.654.970.281
03/12/2024;09:30:00;GUARAMIRIM;Velocidade Incompatível;Colisão traseira;Com Vítimas Feridas;Pleno dia;Decrescente;Nublado;Simples;"Desvio Temporário;Em Obras";-2.645.353.692;-48.917.876
03/12/2024;14:20:00;GUARATINGUETA;Chuva;Tombamento;Com Vítimas Feridas;Pleno dia;Decrescente;Chuva;Dupla;Reta;-2.282.867.578;-452.088.941
03/12/2024;13:45:00;ANGRA DOS REIS;Chuva;Colisão frontal;Com Vítimas Feridas;Pleno dia;Crescente;Chuva;Simples;Curva;-2.295.640.053;-4.431.282.898
03/12/2024;13:50:00;RECIFE;Manobra de mudança de faixa;Colisão lateral mesmo sentido;Com Vítimas Feridas;Pleno dia;Decrescente;Chuva;Dupla;Reta;-798.835.824;-349.339.056
03/12/2024;14:30:00;ITAPEVA;Chuva;Capotamento;Com Vítimas Feridas;Pleno dia;Crescente;Chuva;Dupla;Curva;-2.277.405.861;-4.623.884.583
03/12/2024;15:15:00;IGARATINGA;Velocidade Incompatível;Saída de leito carroçável;Com Vítimas Feridas;Pleno dia;Decrescente;Nublado;Dupla;"Curva;Aclive";-1.990.299.052;-4.466.259.956
03/12/2024;13:35:00;PAUDALHO;Acumulo de água sobre o pavimento;Saída de leito carroçável;Com Vítimas Feridas;Pleno dia;Crescente;Céu Claro;Dupla;Reta;-78.584.244;-3.521.553.619
03/12/2024;14:45:00;PARNAIBA;Desrespeitar a preferência no cruzamento;Colisão transversal;Com Vítimas Feridas;Pleno dia;Crescente;Céu Claro;Dupla;Interseção de Vias;-293.648.672;-4.175.506.783
03/12/2024;16:30:00;CAREACU;Acumulo de água sobre o pavimento;Saída de leito carroçável;Com Vítimas Feridas;Pleno dia;Decrescente;Chuva;Dupla;Curva;-2.208.771.284;-4.570.503.017
03/12/2024;17:30:00;ANAPOLIS;Pista Escorregadia;Queda de ocupante de veículo;Com Vítimas Feridas;Pleno dia;Decrescente;Chuva;Simples;Aclive;-1.627.247.393;-4.894.040.427
03/12/2024;17:45:00;NOSSA SENHORA DO SOCORRO;Acumulo de areia ou detritos sobre o pavimento;Tombamento;Com Vítimas Feridas;Anoitecer;Decrescente;Céu Claro;Dupla;Reta;-1.090.169.474;-3.713.619.222
03/12/2024;18:15:00;JUIZ DE FORA;Chuva;Colisão com objeto;Com Vítimas Feridas;Plena Noite;Decrescente;Chuva;Dupla;Curva;-2.171.976.086;-4.344.303.569
03/12/2024;16:40:00;ANGRA DOS REIS;Curva acentuada;Colisão transversal;Com Vítimas Feridas;Pleno dia;Crescente;Nublado;Simples;Curva;-2.297.991.199;-4.443.651.617
03/12/2024;18:15:00;ROSARIO DO CATETE;Acostamento em desnível;Tombamento;Com Vítimas Feridas;Plena Noite;Decrescente;Céu Claro;Simples;Reta;-1.065.771.502;-3.702.765.942
18/11/2024;08:10:00;DUQUE DE CAXIAS;Velocidade Incompatível;Colisão traseira;Com Vítimas Feridas;Pleno dia;Crescente;Céu Claro;Dupla;Reta;-22.691.868;-43.287.453
25/09/2024;07:20:00;CAMPO GRANDE;Desrespeitar a preferência no cruzamento;Colisão transversal;Com Vítimas Feridas;Pleno dia;Decrescente;Céu Claro;Simples;Reta;-2.043.055.185;-5.454.432.964
03/12/2024;19:15:00;MATELANDIA;Curva acentuada;Tombamento;Com Vítimas Feridas;Plena Noite;Crescente;Céu Claro;Dupla;"Curva;Declive";-2.525.136.237;-5.399.027.796
03/12/2024;18:58:00;SAO GONCALO;Acumulo de água sobre o pavimento;Colisão traseira;Sem Vítimas;Anoitecer;Crescente;Chuva;Dupla;Reta;-2.278.913.759;-4.300.550.909
03/12/2024;20:00:00;SAO PAULO;Pista Escorregadia;Colisão com objeto;Com Vítimas Feridas;Plena Noite;Crescente;Chuva;Múltipla;"Curva;Aclive";-2.336.553.404;-4.655.253.934
03/12/2024;20:40:00;SAO JOSE DO RIO PRETO;Acumulo de areia ou detritos sobre o pavimento;Tombamento;Com Vítimas Feridas;Plena Noite;Decrescente;Céu Claro;Dupla;Interseção de Vias;-2.072.702.499;-4.933.838.971
03/12/2024;11:10:00;MIRANDA;Acumulo de água sobre o pavimento;Saída de leito carroçável;Com Vítimas Feridas;Pleno dia;Decrescente;Chuva;Simples;Curva;-2.032.020.041;-5.622.051.707
03/12/2024;19:07:00;PRESIDENTE MEDICI;Deficiência do Sistema de Iluminação/Sinalização;Colisão lateral mesmo sentido;Com Vítimas Feridas;Plena Noite;Decrescente;Céu Claro;Simples;Reta;-11.235.692;-6.190.194.418
03/12/2024;21:10:00;SAO GONCALO DO RIO ABAIXO;Acesso irregular;Colisão lateral sentido oposto;Sem Vítimas;Plena Noite;Crescente;Chuva;Simples;"Reta;Aclive";-19.833.656;-43.360.574
03/12/2024;23:15:00;SERRA;Animais na Pista;Atropelamento de Animal;Com Vítimas Feridas;Plena Noite;Decrescente;Céu Claro;Múltipla;Reta;-2.021.740.496;-4.026.990.578
03/12/2024;21:55:00;CAMPINA GRANDE;Desrespeitar a preferência no cruzamento;Colisão transversal;Com Vítimas Feridas;Plena Noite;Crescente;Garoa/Chuvisco;Simples;"Interseção de Vias;Reta;Rotatória";-726.280.878;-3.592.140.555
03/12/2024;22:14:00;NAVEGANTES;Desrespeitar a preferência no cruzamento;Colisão transversal;Com Vítimas Feridas;Plena Noite;Decrescente;Céu Claro;Dupla;Reta;-26.868.551;-48.674.831
04/12/2024;00:30:00;ATIBAIA;Manobra de mudança de faixa;Colisão lateral mesmo sentido;Com Vítimas Feridas;Plena Noite;Crescente;Céu Claro;Dupla;"Reta;Aclive";-231.215.761;-4.657.471.572
04/12/2024;06:00:00;IJUI;Ultrapassagem Indevida;Saída de leito carroçável;Com Vítimas Feridas;Pleno dia;Crescente;Céu Claro;Simples;"Declive;Reta";-2.839.902.631;-5.389.811.039
04/12/2024;06:45:00;GUARULHOS;Manobra de mudança de faixa;Colisão lateral mesmo sentido;Com Vítimas Feridas;Pleno dia;Crescente;Nublado;Dupla;"Aclive;Reta";-2.345.056.589;-4.646.258.105
04/12/2024;07:10:00;RIO VERDE;Animais na Pista;Atropelamento de Animal;Com Vítimas Feridas;Pleno dia;Crescente;Céu Claro;Dupla;Reta;-178.151;-509.343
04/12/2024;08:00:00;BRASILIA;Manobra de mudança de faixa;Colisão lateral mesmo sentido;Com Vítimas Feridas;Pleno dia;Decrescente;Nublado;Dupla;Aclive;-15.666.768;-4.781.036
04/12/2024;07:50:00;HULHA NEGRA;Velocidade Incompatível;Capotamento;Com Vítimas Feridas;Pleno dia;Decrescente;Sol;Simples;Interseção de Vias;-3.139.017.118;-5.388.195.803
04/12/2024;07:51:00;LAPA;Estacionar ou parar em local proibido;Colisão traseira;Com Vítimas Feridas;Pleno dia;Crescente;Nublado;Simples;"Reta;Aclive";-25.753.437;-49.725.754
04/12/2024;07:00:00;NOVA LIMA;Velocidade Incompatível;Colisão traseira;Com Vítimas Feridas;Pleno dia;Decrescente;Céu Claro;Dupla;Reta;-2.014.475.269;-4.395.956.224
04/12/2024;07:02:00;RONDONOPOLIS;Manobra de mudança de faixa;Colisão traseira;Com Vítimas Feridas;Pleno dia;Crescente;Céu Claro;Dupla;Reta;-1.648.347.324;-5.464.970.354
04/12/2024;06:35:00;CARMO DA CACHOEIRA;Pista Escorregadia;Colisão com objeto;Com Vítimas Feridas;Pleno dia;Crescente;Garoa/Chuvisco;Dupla;Curva;-2.152.361.199;-4.522.481.701
04/12/2024;08:45:00;SAO MIGUEL DOS CAMPOS;Velocidade Incompatível;Queda de ocupante de veículo;Com Vítimas Feridas;Pleno dia;Decrescente;Sol;Simples;Viaduto;-974.963.266;-3.606.531.248