data_inversa;horario;municipio;causa_acidente;tipo_acidente;classificacao_acidente;fase_dia;sentido_via;condicao_metereologica;tipo_pista;tracado_via;latitude;longitude
07/12/2024;15:00:00;CANDOI;Chuva;Saída de leito carroçável;Com Vítimas Feridas;Pleno dia;Decrescente;Chuva;Simples;Reta;-2.559.357.493;-5.205.768.381
07/12/2024;16:00:00;GUARULHOS;Manobra de mudança de faixa;Colisão lateral mesmo sentido;Com Vítimas Feridas;Pleno dia;Decrescente;Céu Claro;Múltipla;Reta;-2.351.291.902;-4.657.604.698
07/12/2024;15:40:00;RIO LARGO;Demais falhas na via;Queda de ocupante de veículo;Com Vítimas Feridas;Pleno dia;Decrescente;Céu Claro;Dupla;Reta;-950.059.087;-3.581.127.569
07/12/2024;15:00:00;IMBAU;Velocidade Incompatível;Colisão com objeto;Com Vítimas Feridas;Pleno dia;Decrescente;Chuva;Dupla;"Curva;Declive";-2.453.023.946;-5.069.807.528
07/12/2024;13:10:00;BETIM;Manobra de mudança de faixa;Colisão lateral mesmo sentido;Com Vítimas Feridas;Pleno dia;Decrescente;Céu Claro;Dupla;Reta;-2.003.146.447;-442.377.893
07/12/2024;16:52:00;SAO LOURENCO DA MATA;Manobra de mudança de faixa;Colisão lateral mesmo sentido;Com Vítimas Feridas;Anoitecer;Decrescente;Céu Claro;Dupla;Reta;-8.043.648;-35.014.813
07/12/2024;16:00:00;NAVEGANTES;Desrespeitar a preferência no cruzamento;Colisão transversal;Com Vítimas Feridas;Pleno dia;Decrescente;Chuva;Dupla;Interseção de Vias;-26.852.238;-48.709.545
07/12/2024;16:05:00;BARAO DE COTEGIPE;Velocidade Incompatível;Capotamento;Com Vítimas Feridas;Pleno dia;Crescente;Chuva;Simples;"Curva;Aclive";-2.763.074.576;-5.236.198.967
07/12/2024;16:30:00;TRES CACHOEIRAS;Condutor usando celular;Colisão com objeto;Com Vítimas Feridas;Pleno dia;Decrescente;Nublado;Dupla;Curva;-294.735.831;-4.995.929.681
01/11/2024;11:40:00;SANTOS DUMONT;Curva acentuada;Colisão transversal;Com Vítimas Feridas;Pleno dia;Crescente;Céu Claro;Simples;Curva;-2.136.247.924;-4.357.519.146
07/12/2024;14:45:00;CONSELHEIRO LAFAIETE;Velocidade Incompatível;Saída de leito carroçável;Com Vítimas Feridas;Pleno dia;Decrescente;Sol;Simples;Curva;-20.693.095;-4.378.954
07/12/2024;17:20:00;BALNEARIO CAMBORIU;Manobra de mudança de faixa;Colisão com objeto;Com Vítimas Feridas;Pleno dia;Decrescente;Chuva;Dupla;Curva;-2.702.397.426;-4.860.761.649
07/12/2024;16:00:00;BALSA NOVA;Pista Escorregadia;Saída de leito carroçável;Com Vítimas Feridas;Pleno dia;Decrescente;Chuva;Dupla;Curva;-2.546.808.368;-4.962.853.789
07/12/2024;17:55:00;JOINVILLE;Desrespeitar a preferência no cruzamento;Colisão transversal;Com Vítimas Feridas;Pleno dia;Crescente;Chuva;Dupla;"Viaduto;Rotatória";-2.625.472.505;-4.890.561.309
07/12/2024;17:37:00;ITAPERUNA;Ultrapassagem Indevida;Colisão lateral mesmo sentido;Com Vítimas Feridas;Plena Noite;Crescente;Céu Claro;Simples;Reta;-2.117.930.593;-4.196.405.499
07/12/2024;17:20:00;CASCAVEL;Velocidade Incompatível;Saída de leito carroçável;Com Vítimas Feridas;Pleno dia;Crescente;Chuva;Dupla;Curva;-249.177;-534.836
07/12/2024;19:00:00;ANGRA DOS REIS;Ultrapassagem Indevida;Colisão lateral sentido oposto;Com Vítimas Feridas;Plena Noite;Decrescente;Céu Claro;Simples;Reta;-2.299.096.308;-4.430.429.882
07/12/2024;20:00:00;NOVA IGUACU;Falta de acostamento;Colisão lateral mesmo sentido;Com Vítimas Feridas;Plena Noite;Decrescente;Céu Claro;Múltipla;Reta;-22.761.312;-43.423.492
07/12/2024;16:28:00;RANCHO QUEIMADO;Demais falhas na via;Saída de leito carroçável;Com Vítimas Feridas;Pleno dia;Decrescente;Garoa/Chuvisco;Simples;Curva;-27.690.931;-49.129.143
07/12/2024;19:24:00;CANDEIAS DO JAMARI;Ultrapassagem Indevida;Saída de leito carroçável;Com Vítimas Feridas;Plena Noite;Decrescente;Garoa/Chuvisco;Simples;Reta;-879.088.683;-6.346.967.563
07/12/2024;20:10:00;SAO JOSE DO JACUIPE;Manobra de mudança de faixa;Colisão frontal;Com Vítimas Feridas;Plena Noite;Decrescente;Nublado;Simples;Reta;-1.143.087.968;-3.987.264.688
07/12/2024;22:00:00;UBATUBA;Conversão proibida;Colisão traseira;Com Vítimas Feridas;Plena Noite;Crescente;Garoa/Chuvisco;Simples;Reta;-23.459.729;-45.067.726
07/12/2024;22:30:00;ANAPOLIS;Pista Escorregadia;Saída de leito carroçável;Com Vítimas Feridas;Plena Noite;Decrescente;Chuva;Dupla;Curva;-163.116;-488.277
07/12/2024;22:30:00;BRASILIA;Velocidade Incompatível;Saída de leito carroçável;Com Vítimas Feridas;Plena Noite;Crescente;Céu Claro;Dupla;"Declive;Viaduto";-1.600.126.788;-4.798.446.628
07/12/2024;22:40:00;CONTAGEM;Pista esburacada;Tombamento;Com Vítimas Feridas;Plena Noite;Crescente;Céu Claro;Dupla;Reta;-1.988.361.702;-4.405.039.336
07/12/2024;20:00:00;MUCURI;Acesso irregular;Colisão transversal;Com Vítimas Feridas;Plena Noite;Decrescente;Céu Claro;Simples;Reta;-1.799.798.306;-3.986.060.012
07/12/2024;20:25:00;CAJAZEIRAS;Conversão proibida;Colisão transversal;Com Vítimas Feridas;Plena Noite;Decrescente;Nublado;Simples;Reta;-6.901.688;-3.856.793
08/12/2024;00:55:00;SAO MIGUEL DO IGUACU;Chuva;Saída de leito carroçável;Sem Vítimas;Plena Noite;Decrescente;Chuva;Dupla;"Declive;Reta";-2.540.601.241;-5.432.821.775
08/12/2024;01:30:00;PORTO BELO;Velocidade Incompatível;Saída de leito carroçável;Com Vítimas Feridas;Plena Noite;Crescente;Nublado;Simples;Viaduto;-2.716.292;-4.861.129
08/12/2024;01:20:00;BANDEIRANTES;Chuva;Saída de leito carroçável;Com Vítimas Feridas;Pleno dia;Crescente;Chuva;Simples;Curva;-23.120.506;-50.326.704
08/12/2024;03:40:00;ANGRA DOS REIS;Velocidade Incompatível;Queda de ocupante de veículo;Com Vítimas Feridas;Plena Noite;Decrescente;Nublado;Simples;Reta;-2.300.030.529;-4.425.655.988
08/12/2024;05:00:00;PORTO REAL;Velocidade Incompatível;Colisão com objeto;Com Vítimas Feridas;Pleno dia;Crescente;Céu Claro;Dupla;Reta;-2.245.434.989;-4.437.845.201
08/12/2024;05:15:00;CURITIBA;Estacionar ou parar em local proibido;Colisão traseira;Com Vítimas Feridas;Amanhecer;Crescente;Chuva;Dupla;Reta;-25.537.054;-4.931.404
12/10/2024;16:10:00;ITAJAI;Manobra de mudança de faixa;Colisão lateral mesmo sentido;Com Vítimas Feridas;Pleno dia;Decrescente;Nublado;Dupla;Reta;-26.912.758;-48.711.998
08/12/2024;03:30:00;CORBELIA;Chuva;Saída de leito carroçável;Com Vítimas Feridas;Plena Noite;Decrescente;Garoa/Chuvisco;Simples;"Curva;Declive";-2.457.585.086;-5.314.430.237
08/12/2024;05:30:00;SINOP;Acesso irregular;Colisão transversal;Com Vítimas Feridas;Amanhecer;Decrescente;Céu Claro;Dupla;"Interseção de Vias;Reta";-11.960.007;-55.516.914
08/12/2024;06:45:00;SANTAREM;Ultrapassagem Indevida;Colisão lateral mesmo sentido;Com Vítimas Feridas;Pleno dia;Crescente;Céu Claro;Simples;"Aclive;Reta";-26.226.074;-5.473.532.058
08/12/2024;08:20:00;ARAGUARI;Velocidade Incompatível;Saída de leito carroçável;Com Vítimas Feridas;Pleno dia;Decrescente;Céu Claro;Dupla;"Declive;Reta";-1.842.432;-48.068.207
08/12/2024;07:25:00;CORUPA;Acumulo de água sobre o pavimento;Capotamento;Com Vítimas Feridas;Pleno dia;Decrescente;Chuva;Simples;"Curva;Declive";-2.639.198.268;-4.930.187.441
08/12/2024;09:40:00;CORUMBA DE GOIAS;Ultrapassagem Indevida;Colisão transversal;Com Vítimas Feridas;Pleno dia;Crescente;Sol;Simples;Reta;-1.592.020.843;-4.880.847.931
08/12/2024;09:20:00;TAUBATE;Manobra de mudança de faixa;Colisão lateral mesmo sentido;Com Vítimas Feridas;Pleno dia;Decrescente;Nublado;Dupla;Reta;-2.304.159.343;-4.557.065.616
08/12/2024;12:30:00;SAO MIGUEL DO IGUACU;Manobra de mudança de faixa;Saída de leito carroçável;Com Vítimas Feridas;Pleno dia;Crescente;Chuva;Dupla;Reta;-2.542.529.621;-5.436.142.389
08/12/2024;11:30:00;JACAREI;Manobra de mudança de faixa;Colisão lateral mesmo sentido;Com Vítimas Feridas;Pleno dia;Crescente;Sol;Dupla;Reta;-2.329.691.791;-4.600.798.704
08/12/2024;11:07:00;BRASILIA;Manobra de mudança de faixa;Saída de leito carroçável;Sem Vítimas;Pleno dia;Decrescente;Céu Claro;Simples;Reta;-1.579.789.033;-4.807.256.699
08/12/2024;12:35:00;XEXEU;Acesso irregular;Colisão transversal;Com Vítimas Feridas;Pleno dia;Decrescente;Céu Claro;Dupla;Curva;-878.060.203;-3.562.140.868
08/12/2024;12:10:00;MAGE;Velocidade Incompatível;Tombamento;Com Vítimas Feridas;Pleno dia;Decrescente;Céu Claro;Dupla;Curva;-2.266.471.224;-4.311.056.004
08/12/2024;11:43:00;VILHENA;Desrespeitar a preferência no cruzamento;Colisão transversal;Com Vítimas Feridas;Pleno dia;Decrescente;Céu Claro;Dupla;Interseção de Vias;-1.274.140.004;-6.013.026.401
29/10/2024;08:00:00;BOA VISTA;Manobra de mudança de faixa;Colisão lateral mesmo sentido;Sem Vítimas;Amanhecer;Não Informado;Céu Claro;Simples;Reta;283.485.803;-6.070.366.144
05/07/2024;17:30:00;SERRA;Manobra de mudança de faixa;Colisão lateral mesmo sentido;Com Vítimas Feridas;Anoitecer;Crescente;Céu Claro;Dupla;Reta;-2.022.776.572;-4.027.139.654
08/12/2024;17:00:00;CAMPINA GRANDE DO SUL;Chuva;Saída de leito carroçável;Com Vítimas Feridas;Pleno dia;Crescente;Chuva;Dupla;Curva;-2.534.541.756;-4.904.488.757
08/12/2024;17:15:00;ALAGOINHAS;Ultrapassagem Indevida;Colisão frontal;Com Vítimas Feridas;Pleno dia;Crescente;Céu Claro;Simples;Aclive;-1.215.321.792;-3.852.079.102
08/12/2024;17:20:00;SERRA;Curva acentuada;Tombamento;Sem Vítimas;Pleno dia;Crescente;Céu Claro;Dupla;Curva;-20.218.122;-40.339.325
08/12/2024;17:40:00;NOVA IGUACU;Velocidade Incompatível;Colisão lateral mesmo sentido;Com Vítimas Feridas;Pleno dia;Crescente;Céu Claro;Dupla;Reta;-2.274.647.215;-4.344.594.311
08/12/2024;17:21:00;GOIATUBA;Velocidade Incompatível;Tombamento;Com Vítimas Fatais;Pleno dia;Crescente;Céu Claro;Dupla;Reta;-180.458;-492.679
08/12/2024;18:30:00;CAMPINA GRANDE DO SUL;Chuva;Saída de leito carroçável;Com Vítimas Feridas;Plena Noite;Crescente;Chuva;Dupla;Curva;-2.531.679.789;-4.901.854.527
08/12/2024;17:23:00;COLATINA;Manobra de mudança de faixa;Tombamento;Sem Vítimas;Pleno dia;Crescente;Céu Claro;Simples;Reta;-1.955.773.871;-4.052.959.898
08/12/2024;17:15:00;PONTE ALTA DO NORTE;Velocidade Incompatível;Saída de leito carroçável;Com Vítimas Feridas;Pleno dia;Crescente;Chuva;Simples;Curva;-2.715.176.073;-5.046.219.055
08/12/2024;16:15:00;SATUBA;Velocidade Incompatível;Colisão transversal;Sem Vítimas;Pleno dia;Decrescente;Céu Claro;Simples;Curva;-957.122.709;-3.581.523.795
08/12/2024;19:45:00;JOACABA;Velocidade Incompatível;Colisão lateral sentido oposto;Com Vítimas Feridas;Plena Noite;Decrescente;Chuva;Simples;"Desvio Temporário;Túnel;Interseção de Vias;Em Obras;Ponte;Declive;Retorno Regulamentado;Viaduto";-27.160.221;-51.573.895
08/12/2024;19:32:00;CAPANEMA;Manobra de mudança de faixa;Colisão lateral sentido oposto;Com Vítimas Feridas;Plena Noite;Crescente;Céu Claro;Simples;Reta;-122.468.515;-4.720.558.491
08/12/2024;16:36:00;VILA PROPICIO;Curva acentuada;Saída de leito carroçável;Sem Vítimas;Pleno dia;Decrescente;Chuva;Simples;"Declive;Reta";-15.208.875;-48.697.312
08/12/2024;19:40:00;MIRASSOL DOESTE;Animais na Pista;Atropelamento de Animal;Com Vítimas Feridas;Plena Noite;Crescente;Céu Claro;Simples;Reta;-1.582.142.185;-5.803.296.299
08/12/2024;18:14:00;RONDONOPOLIS;Manobra de mudança de faixa;Tombamento;Com Vítimas Feridas;Plena Noite;Decrescente;Céu Claro;Dupla;"Em Obras;Reta";-16.450.123;-54.665.292
08/12/2024;21:07:00;GOIANIA;Acesso irregular;Colisão transversal;Sem Vítimas;Plena Noite;Decrescente;Céu Claro;Dupla;Interseção de Vias;-167.451;-492.408
08/12/2024;22:27:00;ARAQUARI;Velocidade Incompatível;Saída de leito carroçável;Com Vítimas Feridas;Plena Noite;Crescente;Chuva;Simples;"Desvio Temporário;Em Obras";-2.644.948;-48.847.924
08/12/2024;21:50:00;LORENA;Manobra de mudança de faixa;Colisão com objeto;Com Vítimas Feridas;Plena Noite;Decrescente;Chuva;Simples;"Curva;Retorno Regulamentado";-2.274.157.511;-4.509.206.392
08/12/2024;22:30:00;JAGUAQUARA;Manobra de mudança de faixa;Colisão lateral sentido oposto;Com Vítimas Feridas;Plena Noite;Crescente;Céu Claro;Simples;Reta;-1.349.889.298;-4.005.022.605
08/12/2024;22:55:00;BETIM;Velocidade Incompatível;Colisão com objeto;Com Vítimas Feridas;Plena Noite;Decrescente;Céu Claro;Simples;Reta;-2.003.855.134;-4.425.495.493
22/11/2024;10:00:00;SENHOR DO BONFIM;Pista Escorregadia;Queda de ocupante de veículo;Com Vítimas Feridas;Pleno dia;Crescente;Céu Claro;Simples;Reta;-1.049.567.411;-4.016.127.128
08/12/2024;21:10:00;SAO DOMINGOS DO PRATA;Velocidade Incompatível;Tombamento;Sem Vítimas;Plena Noite;Crescente;Céu Claro;Simples;"Aclive;Curva";-1.999.113.399;-4.279.060.753
08/12/2024;23:24:00;ROLANDIA;Chuva;Queda de ocupante de veículo;Com Vítimas Feridas;Plena Noite;Crescente;Chuva;Simples;Reta;-233.258.267;-513.866.167
08/12/2024;23:40:00;SANTA RITA;Manobra de mudança de faixa;Colisão frontal;Com Vítimas Fatais;Plena Noite;Crescente;Céu Claro;Simples;"Declive;Reta";-317.339.605;-4.434.250.091
09/12/2024;06:10:00;SANTA RITA;Acumulo de água sobre o pavimento;Queda de ocupante de veículo;Com Vítimas Feridas;Pleno dia;Decrescente;Chuva;Dupla;Declive;-71.414;-349.778
09/12/2024;07:00:00;BIGUACU;Pista Escorregadia;Colisão com objeto;Com Vítimas Feridas;Pleno dia;Crescente;Garoa/Chuvisco;Múltipla;Curva;-2.748.443.781;-4.864.765.238
09/12/2024;06:50:00;ANTONINA;Chuva;Saída de leito carroçável;Com Vítimas Feridas;Pleno dia;Crescente;Chuva;Dupla;Curva;-2.510.052.421;-4.872.981.603
09/12/2024;07:00:00;ILHEUS;Velocidade Incompatível;Colisão frontal;Com Vítimas Feridas;Pleno dia;Crescente;Céu Claro;Dupla;Curva;-148.482;-39.281.986
09/12/2024;06:50:00;CANDEIAS;Manobra de mudança de faixa;Colisão traseira;Com Vítimas Feridas;Pleno dia;Decrescente;Sol;Dupla;Reta;-1.273.432.323;-3.844.227.717
09/12/2024;05:20:00;ESPLANADA;Velocidade Incompatível;Saída de leito carroçável;Com Vítimas Feridas;Amanhecer;Decrescente;Céu Claro;Simples;Curva;-1.188.491.874;-3.801.831.407
09/12/2024;07:20:00;SANTA TEREZA DO OESTE;Acumulo de água sobre o pavimento;Saída de leito carroçável;Com Vítimas Feridas;Pleno dia;Crescente;Chuva;Dupla;Reta;-2.508.630.803;-5.359.006.897
09/12/2024;08:30:00;MORRETES;Velocidade Incompatível;Saída de leito carroçável;Com Vítimas Feridas;Pleno dia;Decrescente;Garoa/Chuvisco;Dupla;"Curva;Declive";-25.547.373;-48.790.559
09/12/2024;09:00:00;ANGRA DOS REIS;Frear bruscamente;Tombamento;Com Vítimas Feridas;Pleno dia;Crescente;Céu Claro;Simples;Reta;-2.300.030.529;-4.425.655.988
09/12/2024;07:00:00;MATUPA;Manobra de mudança de faixa;Colisão lateral mesmo sentido;Com Vítimas Feridas;Pleno dia;Decrescente;Céu Claro;Simples;Reta;-102.066.163;-5.496.082.456
09/12/2024;08:40:00;RECIFE;Acesso irregular;Colisão lateral mesmo sentido;Com Vítimas Feridas;Pleno dia;Decrescente;Sol;Dupla;Rotatória;-805.074.296;-3.494.580.619
09/12/2024;07:20:00;LORENA;Conversão proibida;Colisão transversal;Com Vítimas Feridas;Pleno dia;Crescente;Céu Claro;Simples;Reta;-22.732.813;-45.098.679
09/12/2024;09:10:00;SABARA;Acesso irregular;Colisão lateral mesmo sentido;Com Vítimas Feridas;Pleno dia;Crescente;Céu Claro;Simples;Curva;-1.983.405.781;-4.384.848.744
09/12/2024;08:45:00;GURINHEM;Manobra de mudança de faixa;Colisão traseira;Com Vítimas Feridas;Pleno dia;Decrescente;Céu Claro;Dupla;Reta;-71.673;-353.656
07/11/2024;21:30:00;CASCAVEL;Manobra de mudança de faixa;Colisão lateral mesmo sentido;Com Vítimas Feridas;Plena Noite;Crescente;Nublado;Dupla;Reta;-24.897.235;-53.533.793
09/12/2024;10:35:00;PETROLINA;Acesso irregular;Colisão transversal;Com Vítimas Feridas;Pleno dia;Decrescente;Céu Claro;Simples;Reta;-92.842.098;-404.416.324
02/12/2024;07:30:00;DUQUE DE CAXIAS;Frear bruscamente;Colisão traseira;Com Vítimas Feridas;Pleno dia;Crescente;Céu Claro;Múltipla;Reta;-227.004.454;-4.329.014.851
09/12/2024;06:40:00;SAO RAIMUNDO DAS MANGABEIRAS;Manobra de mudança de faixa;Colisão lateral sentido oposto;Sem Vítimas;Pleno dia;Decrescente;Céu Claro;Simples;"Declive;Reta";-706.443.355;-4.556.516.279
09/12/2024;12:00:00;BOTELHOS;Desrespeitar a preferência no cruzamento;Colisão transversal;Com Vítimas Feridas;Pleno dia;Crescente;Céu Claro;Simples;"Reta;Declive;Interseção de Vias";-21.632.192;-46.407.369
09/12/2024;13:00:00;TOLEDO;Acumulo de água sobre o pavimento;Colisão lateral mesmo sentido;Com Vítimas Feridas;Pleno dia;Crescente;Chuva;Dupla;Reta;-2.469.499.806;-5.374.153.005
09/12/2024;13:30:00;SARANDI;Condutor usando celular;Saída de leito carroçável;Com Vítimas Feridas;Pleno dia;Crescente;Nublado;Simples;"Aclive;Reta";-27.991.978;-5.289.563
09/12/2024;12:45:00;CANAPOLIS;Pista esburacada;Capotamento;Com Vítimas Feridas;Pleno dia;Crescente;Céu Claro;Dupla;Reta;-187.497.043;-4.908.485.322
09/12/2024;13:32:00;MIRACATU;Pista Escorregadia;Saída de leito carroçável;Com Vítimas Feridas;Pleno dia;Decrescente;Chuva;Múltipla;"Declive;Reta";-2.400.328.505;-4.715.633.198
09/12/2024;05:40:00;ITABORAI;Velocidade Incompatível;Colisão com objeto;Com Vítimas Fatais;Amanhecer;Decrescente;Céu Claro;Dupla;Curva;-227.670.498;-4.291.019.601
09/12/2024;07:00:00;VENDA NOVA DO IMIGRANTE;Conversão proibida;Colisão transversal;Com Vítimas Feridas;Pleno dia;Decrescente;Céu Claro;Simples;Reta;-2.033.710.625;-4.119.042.567
09/12/2024;15:30:00;ITAMARAJU;Ultrapassagem Indevida;Colisão frontal;Com Vítimas Feridas;Pleno dia;Crescente;Céu Claro;Simples;"Reta;Aclive";-16.939.112;-3.955.389
09/12/2024;16:20:00;SAO LUIS;Chuva;Queda de ocupante de veículo;Com Vítimas Feridas;Pleno dia;Crescente;Chuva;Dupla;Reta;-268.792.341;-4.430.009.651
09/12/2024;14:35:00;PARANAIBA;Chuva;Saída de leito carroçável;Com Vítimas Fatais;Pleno dia;Crescente;Chuva;Simples;Reta;-1.938.373.911;-5.143.499.208
08/09/2024;21:40:00;ARAPONGAS;Velocidade Incompatível;Saída de leito carroçável;Com Vítimas Feridas;Plena Noite;Decrescente;Céu Claro;Dupla;Reta;-2.346.051.722;-5.142.353.117
09/12/2024;17:00:00;POCINHOS;Acumulo de areia ou detritos sobre o pavimento;Saída de leito carroçável;Com Vítimas Feridas;Pleno dia;Decrescente;Sol;Simples;Desvio Temporário;-7.153;-361.016
09/12/2024;13:30:00;JUAZEIRO;Animais na Pista;Atropelamento de Animal;Sem Vítimas;Pleno dia;Decrescente;Céu Claro;Simples;Reta;-989.561.601;-4.027.533.602
28/11/2024;09:11:00;PALMEIRA DOS INDIOS;Acesso irregular;Colisão transversal;Com Vítimas Feridas;Pleno dia;Decrescente;Céu Claro;Simples;Reta;-942.635.226;-366.189.263
09/12/2024;14:30:00;NOVO PROGRESSO;Pista Escorregadia;Saída de leito carroçável;Com Vítimas Feridas;Pleno dia;Crescente;Céu Claro;Simples;Reta;-9.323.367;-54.840.347
09/12/2024;20:30:00;NOVA SERRANA;Animais na Pista;Atropelamento de Animal;Com Vítimas Feridas;Plena Noite;Decrescente;Vento;Dupla;Reta;-198.806.236;-4.491.232.265
09/12/2024;16:31:00;MATHIAS LOBATO;Ultrapassagem Indevida;Colisão transversal;Com Vítimas Feridas;Pleno dia;Decrescente;Nublado;Simples;Reta;-1.857.693.006;-4.192.030.356
09/12/2024;22:15:00;ESTANCIA VELHA;Chuva;Tombamento;Com Vítimas Feridas;Plena Noite;Decrescente;Chuva;Dupla;"Em Obras;Curva";-2.966.037.586;-5.114.386.509
09/12/2024;21:30:00;NOSSA SENHORA DO SOCORRO;Condutor usando celular;Queda de ocupante de veículo;Com Vítimas Feridas;Plena Noite;Decrescente;Nublado;Dupla;"Declive;Reta";-109.064;-371.197
09/12/2024;20:10:00;TRES CORACOES;Velocidade Incompatível;Saída de leito carroçável;Com Vítimas Feridas;Plena Noite;Decrescente;Nublado;Dupla;"Retorno Regulamentado;Reta";-2.162.606.989;-4.526.880.608
09/12/2024;22:35:00;BRASILIA;Deficiência do Sistema de Iluminação/Sinalização;Colisão traseira;Sem Vítimas;Plena Noite;Decrescente;Céu Claro;Simples;Reta;-15.638.944;-4.820.079
09/12/2024;19:40:00;IPIXUNA DO PARA;Animais na Pista;Atropelamento de Animal;Com Vítimas Feridas;Plena Noite;Crescente;Céu Claro;Simples;"Declive;Reta";-260.262;-474.861
09/12/2024;11:10:00;SAO JOSE DOS CAMPOS;Manobra de mudança de faixa;Colisão lateral mesmo sentido;Com Vítimas Feridas;Pleno dia;Crescente;Céu Claro;Múltipla;Reta;-2.321.439.106;-4.589.453.816
09/12/2024;21:45:00;CONDADO;Animais na Pista;Atropelamento de Animal;Com Vítimas Feridas;Plena Noite;Crescente;Céu Claro;Simples;Reta;-69.068;-375.407
10/12/2024;06:40:00;PETROPOLIS;Acumulo de água sobre o pavimento;Capotamento;Com Vítimas Feridas;Pleno dia;Crescente;Chuva;Dupla;Curva;-2.234.399.896;-4.313.243.691
09/12/2024;21:40:00;NOVA SERRANA;Ausência de sinalização;Colisão traseira;Com Vítimas Feridas;Plena Noite;Decrescente;Céu Claro;Dupla;Reta;-1.987.799.664;-4.494.086.286
10/12/2024;07:15:00;ANAPOLIS;Animais na Pista;Atropelamento de Animal;Com Vítimas Feridas;Pleno dia;Crescente;Céu Claro;Múltipla;Desvio Temporário;-16.286.884;-48.942.978
10/12/2024;05:30:00;PETROPOLIS;Chuva;Colisão com objeto;Sem Vítimas;Amanhecer;Decrescente;Chuva;Dupla;Curva;-2.233.571.319;-4.313.320.403
10/12/2024;07:15:00;SANGAO;Desrespeitar a preferência no cruzamento;Colisão frontal;Com Vítimas Feridas;Pleno dia;Crescente;Chuva;Simples;Interseção de Vias;-2.867.167.627;-4.912.319.899
10/12/2024;08:00:00;MAIRIPORA;Chuva;Saída de leito carroçável;Com Vítimas Feridas;Pleno dia;Decrescente;Chuva;Múltipla;"Curva;Declive";-2.334.972.978;-4.656.070.474
10/12/2024;10:00:00;BIGUACU;Velocidade Incompatível;Colisão com objeto;Sem Vítimas;Pleno dia;Crescente;Nublado;Dupla;Curva;-27.459.393;-48.638.914
10/12/2024;10:41:00;GUARULHOS;Manobra de mudança de faixa;Colisão lateral mesmo sentido;Com Vítimas Feridas;Pleno dia;Crescente;Céu Claro;Múltipla;Reta;-2.346.472.809;-4.649.793.962
10/12/2024;09:00:00;DELMIRO GOUVEIA;Animais na Pista;Atropelamento de Animal;Com Vítimas Feridas;Pleno dia;Crescente;Céu Claro;Simples;Reta;-940.684.276;-3.818.998.212
10/12/2024;05:30:00;IPIXUNA DO PARA;Animais na Pista;Atropelamento de Animal;Com Vítimas Feridas;Amanhecer;Crescente;Nevoeiro/Neblina;Simples;Reta;-26.365.889;-4.748.004.444
10/12/2024;12:30:00;JUIZ DE FORA;Velocidade Incompatível;Saída de leito carroçável;Com Vítimas Feridas;Pleno dia;Crescente;Ignorado;Simples;Curva;-2.174.497.098;-4.326.909.766
10/12/2024;13:00:00;BELA VISTA DE MINAS;Velocidade Incompatível;Saída de leito carroçável;Com Vítimas Feridas;Pleno dia;Crescente;Nublado;Simples;Curva;-1.984.087.497;-4.309.635.354
10/12/2024;13:10:00;ALTO ARAGUAIA;Desrespeitar a preferência no cruzamento;Colisão transversal;Com Vítimas Feridas;Pleno dia;Crescente;Nublado;Dupla;"Interseção de Vias;Reta";-1.731.227.325;-5.321.828.343
10/12/2024;16:00:00;FAZENDA RIO GRANDE;Manobra de mudança de faixa;Colisão lateral mesmo sentido;Com Vítimas Feridas;Pleno dia;Crescente;Nublado;Dupla;Reta;-2.560.389.895;-4.931.824.423
10/12/2024;09:30:00;COMENDADOR LEVY GASPARIAN;Velocidade Incompatível;Colisão com objeto;Com Vítimas Feridas;Pleno dia;Decrescente;Garoa/Chuvisco;Dupla;Curva;-22.011.084;-4.326.723
10/12/2024;13:20:00;PONTA GROSSA;Acumulo de água sobre o pavimento;Saída de leito carroçável;Sem Vítimas;Pleno dia;Crescente;Chuva;Dupla;Curva;-25.022.566;-5.033.223
27/11/2024;07:30:00;CONCEICAO DO JACUIPE;Chuva;Queda de ocupante de veículo;Com Vítimas Feridas;Pleno dia;Crescente;Chuva;Dupla;Reta;-1.236.902.201;-3.881.384.601
10/12/2024;14:50:00;SAO MIGUEL DO OESTE;Manobra de mudança de faixa;Colisão traseira;Com Vítimas Feridas;Pleno dia;Decrescente;Céu Claro;Dupla;Reta;-2.673.461.723;-5.350.680.015
10/12/2024;18:00:00;MAIRIPORA;Pista Escorregadia;Tombamento;Com Vítimas Feridas;Anoitecer;Crescente;Garoa/Chuvisco;Dupla;"Curva;Declive";-2.329.011.611;-465.800.681
10/12/2024;18:30:00;SAO JOSE;Pista Escorregadia;Queda de ocupante de veículo;Com Vítimas Feridas;Pleno dia;Decrescente;Chuva;Dupla;"Curva;Viaduto";-275.650.044;-4.861.460.082
10/12/2024;18:40:00;TAUBATE;Pista Escorregadia;Queda de ocupante de veículo;Com Vítimas Feridas;Anoitecer;Crescente;Garoa/Chuvisco;Dupla;Reta;-2.305.376.319;-456.088.049
10/12/2024;18:33:00;SETE LAGOAS;Velocidade Incompatível;Saída de leito carroçável;Com Vítimas Feridas;Plena Noite;Crescente;Céu Claro;Dupla;Curva;-19.496.351;-4.427.992
10/12/2024;18:00:00;ITABORAI;Frear bruscamente;Colisão traseira;Sem Vítimas;Anoitecer;Crescente;Nublado;Dupla;Reta;-22.756.203;-4.288.724