data_inversa;horario;municipio;causa_acidente;tipo_acidente;classificacao_acidente;fase_dia;sentido_via;condicao_metereologica;tipo_pista;tracado_via;latitude;longitude
10/12/2024;17:50:00;CAXIAS DO SUL;Manobra de mudança de faixa;Colisão lateral mesmo sentido;Com Vítimas Feridas;Pleno dia;Decrescente;Céu Claro;Dupla;Reta;-291.350.217;-511.302.779
10/12/2024;19:30:00;URUGUAIANA;Manobra de mudança de faixa;Colisão traseira;Com Vítimas Feridas;Anoitecer;Crescente;Céu Claro;Simples;Rotatória;-2.976.188.789;-5.705.766.862
10/12/2024;20:05:00;RECIFE;Manobra de mudança de faixa;Colisão traseira;Com Vítimas Feridas;Plena Noite;Decrescente;Céu Claro;Dupla;Reta;-799.097.103;-3.493.598.295
10/12/2024;19:15:00;ITAPERUNA;Animais na Pista;Atropelamento de Animal;Com Vítimas Feridas;Plena Noite;Crescente;Céu Claro;Simples;Reta;-2.117.615.096;-42.001.317
10/12/2024;19:00:00;ITUMBIARA;Chuva;Queda de ocupante de veículo;Com Vítimas Fatais;Plena Noite;Decrescente;Garoa/Chuvisco;Simples;Curva;-1.832.800.376;-494.592.379
10/12/2024;21:50:00;JOINVILLE;Desrespeitar a preferência no cruzamento;Colisão transversal;Com Vítimas Feridas;Plena Noite;Decrescente;Chuva;Simples;"Interseção de Vias;Viaduto";-2.634.863.015;-4.885.695.755
10/12/2024;23:40:00;CARIACICA;Velocidade Incompatível;Saída de leito carroçável;Com Vítimas Fatais;Plena Noite;Decrescente;Céu Claro;Dupla;"Declive;Reta";-2.034.029.997;-4.040.405.712
11/12/2024;00:24:00;JUQUITIBA;Pista Escorregadia;Colisão com objeto;Com Vítimas Feridas;Plena Noite;Crescente;Garoa/Chuvisco;Dupla;Curva;-2.400.326.831;-4.715.728.998
11/12/2024;00:50:00;TORITAMA;Animais na Pista;Atropelamento de Animal;Com Vítimas Fatais;Plena Noite;Crescente;Céu Claro;Simples;Reta;-80.078;-360.621
11/12/2024;02:00:00;CAMPINA GRANDE DO SUL;Chuva;Saída de leito carroçável;Com Vítimas Feridas;Plena Noite;Crescente;Chuva;Múltipla;Reta;-250.604;-48.562.973
11/12/2024;03:00:00;CURITIBA;Velocidade Incompatível;Colisão com objeto;Sem Vítimas;Plena Noite;Crescente;Nublado;Dupla;Curva;-2.556.857.207;-4.931.023.179
24/09/2024;06:30:00;CONTAGEM;Manobra de mudança de faixa;Colisão traseira;Com Vítimas Feridas;Pleno dia;Crescente;Céu Claro;Dupla;Reta;-1.983.957.589;-4.407.684.485
11/12/2024;05:40:00;NOVA LIMA;Acumulo de água sobre o pavimento;Saída de leito carroçável;Com Vítimas Feridas;Amanhecer;Decrescente;Chuva;Simples;Reta;-201.814.153;-439.665.556
11/12/2024;05:20:00;SANTO ANTONIO DO LEVERGER;Acumulo de água sobre o pavimento;Saída de leito carroçável;Com Vítimas Feridas;Amanhecer;Decrescente;Chuva;Dupla;Curva;-1.577.736.395;-5.562.882.902
11/12/2024;07:05:00;SAO JOSE;Manobra de mudança de faixa;Colisão lateral mesmo sentido;Com Vítimas Feridas;Pleno dia;Decrescente;Céu Claro;Múltipla;Reta;-27.592.646;-48.604.034
11/12/2024;07:30:00;SALVADOR;Animais na Pista;Tombamento;Com Vítimas Feridas;Pleno dia;Crescente;Céu Claro;Dupla;Reta;-1.292.628.699;-3.846.838.679
11/12/2024;07:40:00;SERRA;Pista Escorregadia;Tombamento;Com Vítimas Feridas;Pleno dia;Crescente;Chuva;Dupla;Curva;-2.022.662.056;-4.027.075.088
11/12/2024;07:00:00;UBERLANDIA;Desrespeitar a preferência no cruzamento;Colisão transversal;Com Vítimas Feridas;Pleno dia;Decrescente;Nublado;Dupla;"Aclive;Interseção de Vias;Viaduto;Reta";-1.889.930.314;-4.824.178.219
11/12/2024;08:10:00;NOVA PRATA;Conversão proibida;Colisão transversal;Com Vítimas Feridas;Pleno dia;Decrescente;Sol;Simples;Reta;-2.878.874.508;-5.161.532.195
11/12/2024;07:30:00;DUQUE DE CAXIAS;Pista Escorregadia;Queda de ocupante de veículo;Com Vítimas Feridas;Pleno dia;Crescente;Chuva;Múltipla;Reta;-22.745.676;-432.881
11/12/2024;07:20:00;MARIALVA;Pista esburacada;Queda de ocupante de veículo;Com Vítimas Feridas;Pleno dia;Decrescente;Sol;Dupla;Reta;-2.345.696.716;-5.184.427.857
11/12/2024;09:15:00;CEU AZUL;Desrespeitar a preferência no cruzamento;Colisão transversal;Com Vítimas Feridas;Pleno dia;Decrescente;Céu Claro;Simples;"Interseção de Vias;Rotatória";-2.515.127.997;-5.384.435.289
11/12/2024;08:50:00;RIO BRANCO;Acesso irregular;Colisão lateral mesmo sentido;Com Vítimas Feridas;Pleno dia;Decrescente;Céu Claro;Dupla;Rotatória;-996.935.404;-6.785.264.513
24/07/2024;17:27:00;SALVADOR;Manobra de mudança de faixa;Queda de ocupante de veículo;Com Vítimas Feridas;Pleno dia;Crescente;Céu Claro;Múltipla;Reta;-1.290.482.172;-3.845.556.535
11/12/2024;10:00:00;VILHENA;Manobra de mudança de faixa;Colisão lateral mesmo sentido;Com Vítimas Feridas;Pleno dia;Decrescente;Céu Claro;Simples;Reta;-1.274.140.004;-6.013.026.401
11/12/2024;10:40:00;PERDOES;Manobra de mudança de faixa;Colisão traseira;Com Vítimas Feridas;Pleno dia;Crescente;Céu Claro;Dupla;"Curva;Declive";-210.939.261;-4.507.727.193
29/11/2024;11:00:00;ARAUCARIA;Conversão proibida;Colisão lateral mesmo sentido;Com Vítimas Feridas;Pleno dia;Crescente;Nublado;Dupla;Interseção de Vias;-25.577.307;-49.392.338
11/12/2024;12:50:00;ITAPAJE;Velocidade Incompatível;Saída de leito carroçável;Sem Vítimas;Pleno dia;Decrescente;Céu Claro;Simples;Curva;-373.439.988;-396.728.754
11/12/2024;14:15:00;SAO JOSE DOS CAMPOS;Animais na Pista;Atropelamento de Animal;Com Vítimas Feridas;Pleno dia;Decrescente;Céu Claro;Múltipla;"Reta;Em Obras";-2.325.558.031;-459.437.828
11/12/2024;14:05:00;URUGUAIANA;Velocidade Incompatível;Tombamento;Com Vítimas Feridas;Pleno dia;Decrescente;Céu Claro;Dupla;"Curva;Declive";-29.740.353;-5.709.568
11/12/2024;15:15:00;ARAGUARI;Velocidade Incompatível;Colisão traseira;Com Vítimas Feridas;Pleno dia;Decrescente;Nublado;Dupla;Reta;-18.660.715;-48.161.097
11/12/2024;15:15:00;RIO VERDE;Manobra de mudança de faixa;Colisão lateral mesmo sentido;Com Vítimas Feridas;Pleno dia;Crescente;Céu Claro;Múltipla;Declive;-177.564;-508.793
11/12/2024;15:35:00;GUARAI;Desrespeitar a preferência no cruzamento;Colisão transversal;Com Vítimas Feridas;Pleno dia;Crescente;Céu Claro;Dupla;Interseção de Vias;-884.481.597;-485.107.318
11/12/2024;16:15:00;CAMPINA GRANDE;Manobra de mudança de faixa;Colisão lateral sentido oposto;Com Vítimas Feridas;Pleno dia;Decrescente;Céu Claro;Simples;Reta;-72.777;-358.985
11/12/2024;14:30:00;SANTA BARBARA DO LESTE;Velocidade Incompatível;Saída de leito carroçável;Com Vítimas Feridas;Pleno dia;Decrescente;Chuva;Simples;Curva;-1.999.361.802;-4.214.392.077
11/12/2024;15:50:00;POCOES;Manobra de mudança de faixa;Colisão transversal;Com Vítimas Feridas;Pleno dia;Decrescente;Céu Claro;Simples;Reta;-1.451.619.902;-4.036.913.998
11/12/2024;15:20:00;DELMIRO GOUVEIA;Acesso irregular;Colisão transversal;Com Vítimas Feridas;Pleno dia;Crescente;Céu Claro;Simples;"Reta;Declive";-941.357.611;-3.819.565.166
11/12/2024;17:50:00;SERRA;Pista Escorregadia;Queda de ocupante de veículo;Com Vítimas Feridas;Anoitecer;Crescente;Chuva;Múltipla;"Interseção de Vias;Reta";-2.022.662.056;-4.027.075.088
11/12/2024;15:40:00;NOVA SERRANA;Velocidade Incompatível;Colisão lateral mesmo sentido;Com Vítimas Feridas;Pleno dia;Decrescente;Chuva;Dupla;Reta;-19.881.131;-44.931.502
11/12/2024;14:30:00;ESCADA;Velocidade Incompatível;Queda de ocupante de veículo;Com Vítimas Feridas;Pleno dia;Decrescente;Céu Claro;Dupla;Reta;-836.958.202;-3.522.919.699
11/12/2024;17:20:00;JARDIM;Ultrapassagem Indevida;Colisão lateral mesmo sentido;Com Vítimas Feridas;Pleno dia;Crescente;Céu Claro;Simples;Reta;-2.148.097.208;-5.615.576.902
11/12/2024;18:20:00;MOSSORO;Animais na Pista;Atropelamento de Animal;Com Vítimas Fatais;Plena Noite;Decrescente;Céu Claro;Dupla;Reta;-522.351.428;-3.735.781.214
11/12/2024;17:45:00;BLUMENAU;Acesso irregular;Colisão transversal;Com Vítimas Feridas;Pleno dia;Crescente;Nublado;Simples;"Desvio Temporário;Em Obras;Viaduto;Curva";-2.685.946.171;-4.905.560.732
11/12/2024;17:00:00;CANDEIAS;Desrespeitar a preferência no cruzamento;Colisão transversal;Com Vítimas Feridas;Pleno dia;Crescente;Céu Claro;Simples;"Aclive;Curva;Interseção de Vias;Viaduto";-12.736.282;-38.440.556
11/12/2024;18:30:00;ARAPONGAS;Desrespeitar a preferência no cruzamento;Colisão transversal;Com Vítimas Feridas;Pleno dia;Decrescente;Céu Claro;Simples;Reta;-2.342.660.741;-5.142.323.613
11/12/2024;19:10:00;CANOAS;Manobra de mudança de faixa;Colisão lateral mesmo sentido;Com Vítimas Feridas;Anoitecer;Decrescente;Céu Claro;Dupla;Reta;-2.994.142.398;-5.117.697.062
28/11/2024;11:22:00;PRIMAVERA DO LESTE;Ultrapassagem Indevida;Colisão transversal;Com Vítimas Feridas;Pleno dia;Crescente;Chuva;Simples;Reta;-1.556.706.864;-5.430.520.535
11/12/2024;17:50:00;GUAPIMIRIM;Acesso irregular;Colisão transversal;Com Vítimas Feridas;Anoitecer;Decrescente;Nublado;Dupla;Reta;-2.266.791.406;-4.300.902.598
11/12/2024;18:25:00;MURIAE;Conversão proibida;Colisão transversal;Com Vítimas Feridas;Anoitecer;Crescente;Nublado;Simples;Reta;-211.404.896;-4.238.136.978
11/12/2024;20:00:00;BALNEARIO CAMBORIU;Manobra de mudança de faixa;Colisão lateral mesmo sentido;Com Vítimas Feridas;Plena Noite;Crescente;Nublado;Dupla;Reta;-2.699.936;-4.864.609
11/12/2024;20:10:00;ARROIO GRANDE;Animais na Pista;Atropelamento de Animal;Sem Vítimas;Plena Noite;Crescente;Céu Claro;Simples;Reta;-3.212.077.102;-5.293.912.999
11/12/2024;19:00:00;REALEZA;Velocidade Incompatível;Saída de leito carroçável;Com Vítimas Feridas;Pleno dia;Crescente;Céu Claro;Simples;Reta;-25.603.001;-53.578.689
12/12/2024;00:30:00;LAGES;Acumulo de areia ou detritos sobre o pavimento;Colisão com objeto;Com Vítimas Feridas;Plena Noite;Crescente;Nublado;Simples;"Retorno Regulamentado;Rotatória";-2.786.721.884;-5.039.576.317
11/12/2024;21:45:00;PORTO SEGURO;Acesso irregular;Colisão lateral mesmo sentido;Com Vítimas Feridas;Plena Noite;Decrescente;Céu Claro;Simples;Reta;-1.643.763.962;-390.813.791
12/12/2024;05:20:00;SANGAO;Condutor usando celular;Saída de leito carroçável;Sem Vítimas;Amanhecer;Decrescente;Céu Claro;Dupla;Reta;-28.642.765;-49.100.403
12/12/2024;07:20:00;CANOAS;Manobra de mudança de faixa;Colisão traseira;Com Vítimas Feridas;Pleno dia;Decrescente;Céu Claro;Dupla;Reta;-29.878.265;-51.241.951
12/12/2024;07:51:00;JUPI;Animais na Pista;Atropelamento de Animal;Com Vítimas Feridas;Pleno dia;Crescente;Céu Claro;Simples;"Aclive;Reta";-870.448.673;-3.641.696.334
12/12/2024;06:45:00;APODI;Manobra de mudança de faixa;Colisão lateral sentido oposto;Sem Vítimas;Pleno dia;Decrescente;Céu Claro;Simples;"Reta;Declive";-571.257.305;-3.781.160.494
12/12/2024;07:45:00;SANGAO;Deficiência do Sistema de Iluminação/Sinalização;Colisão frontal;Com Vítimas Feridas;Pleno dia;Decrescente;Céu Claro;Múltipla;"Reta;Interseção de Vias";-2.865.823.109;-4.910.991.486
12/12/2024;08:10:00;RIO BRILHANTE;Pista esburacada;Tombamento;Com Vítimas Feridas;Pleno dia;Decrescente;Céu Claro;Simples;Reta;-2.173.378.102;-5.451.255.295
12/12/2024;10:20:00;FLORES DE GOIAS;Acumulo de água sobre o pavimento;Saída de leito carroçável;Sem Vítimas;Pleno dia;Decrescente;Chuva;Simples;Reta;-14.849.504;-46.766.163
12/12/2024;12:30:00;ABADIANIA;Velocidade Incompatível;Saída de leito carroçável;Com Vítimas Feridas;Pleno dia;Crescente;Céu Claro;Dupla;Curva;-161.737;-486.483
12/12/2024;12:20:00;EUNAPOLIS;Manobra de mudança de faixa;Colisão lateral mesmo sentido;Com Vítimas Feridas;Pleno dia;Decrescente;Chuva;Simples;Reta;-1.645.050.813;-3.957.324.858
13/10/2024;15:11:00;BREJETUBA;Velocidade Incompatível;Saída de leito carroçável;Com Vítimas Feridas;Pleno dia;Decrescente;Nublado;Simples;"Declive;Curva";-2.024.466.108;-413.313.501
12/12/2024;14:15:00;LIMA DUARTE;Desrespeitar a preferência no cruzamento;Colisão transversal;Com Vítimas Feridas;Pleno dia;Decrescente;Nublado;Simples;Interseção de Vias;-2.185.574.422;-4.382.699.006
28/11/2024;16:40:00;SALVADOR;Manobra de mudança de faixa;Queda de ocupante de veículo;Com Vítimas Feridas;Pleno dia;Decrescente;Céu Claro;Dupla;Reta;-1.292.445.736;-3.846.820.615
12/12/2024;14:20:00;BRASILIA;Chuva;Saída de leito carroçável;Com Vítimas Feridas;Pleno dia;Decrescente;Chuva;Dupla;"Declive;Retorno Regulamentado;Reta";-15.603.384;-47.684.692
12/12/2024;14:40:00;TARTARUGALZINHO;Acumulo de água sobre o pavimento;Saída de leito carroçável;Com Vítimas Feridas;Pleno dia;Crescente;Chuva;Simples;Curva;156.158.184;-5.090.515.137
12/12/2024;13:40:00;SAO JOSE DA VITORIA;Velocidade Incompatível;Colisão frontal;Com Vítimas Feridas;Pleno dia;Decrescente;Chuva;Simples;Curva;-15.033.608;-3.933.103
12/12/2024;11:30:00;SERRA TALHADA;Desrespeitar a preferência no cruzamento;Colisão transversal;Com Vítimas Feridas;Pleno dia;Crescente;Sol;Simples;"Interseção de Vias;Reta";-798.261.841;-3.830.039.606
12/12/2024;15:39:00;CARIACICA;Velocidade Incompatível;Queda de ocupante de veículo;Com Vítimas Feridas;Pleno dia;Decrescente;Nublado;Simples;"Curva;Declive";-2.024.334.991;-403.696.926
12/12/2024;15:20:00;SOMBRIO;Condutor usando celular;Colisão traseira;Com Vítimas Feridas;Pleno dia;Crescente;Nublado;Múltipla;Reta;-2.910.667.678;-4.963.716.924
12/12/2024;15:25:00;CABEDELO;Manobra de mudança de faixa;Colisão lateral mesmo sentido;Com Vítimas Feridas;Pleno dia;Decrescente;Céu Claro;Dupla;"Reta;Em Obras";-707.489.307;-3.484.938.383
12/12/2024;17:00:00;FORTALEZA;Manobra de mudança de faixa;Colisão traseira;Com Vítimas Feridas;Pleno dia;Crescente;Céu Claro;Múltipla;Reta;-373.911.117;-3.858.687.498
12/12/2024;17:00:00;CARUARU;Manobra de mudança de faixa;Colisão transversal;Com Vítimas Feridas;Pleno dia;Decrescente;Céu Claro;Dupla;Retorno Regulamentado;-82.438;-359.752
12/12/2024;16:00:00;VILHENA;Manobra de mudança de faixa;Colisão lateral mesmo sentido;Com Vítimas Feridas;Pleno dia;Decrescente;Céu Claro;Dupla;Reta;-1.274.594.661;-6.011.635.065
12/12/2024;17:45:00;BLUMENAU;Ultrapassagem Indevida;Colisão transversal;Com Vítimas Feridas;Pleno dia;Crescente;Nublado;Simples;"Em Obras;Reta;Declive";-2.687.646.594;-4.912.328.666
12/12/2024;17:23:00;BRASILIA;Manobra de mudança de faixa;Colisão lateral mesmo sentido;Com Vítimas Feridas;Pleno dia;Decrescente;Nublado;Dupla;Reta;-15.787.066;-48.140.709
12/12/2024;17:35:00;BARRA VELHA;Manobra de mudança de faixa;Colisão lateral mesmo sentido;Com Vítimas Feridas;Pleno dia;Crescente;Céu Claro;Dupla;Reta;-2.667.081.573;-486.898.613
25/08/2024;17:25:00;PORTO BELO;Manobra de mudança de faixa;Colisão traseira;Com Vítimas Feridas;Pleno dia;Crescente;Céu Claro;Dupla;Reta;-27.181.625;-486.121.179
05/11/2024;11:00:00;SEROPEDICA;Demais falhas na via;Colisão com objeto;Sem Vítimas;Pleno dia;Decrescente;Céu Claro;Dupla;Reta;-2.272.895.007;-4.363.189.001
12/12/2024;19:30:00;SAO LEOPOLDO;Manobra de mudança de faixa;Colisão transversal;Sem Vítimas;Plena Noite;Decrescente;Céu Claro;Múltipla;"Reta;Em Obras";-2.974.232.869;-5.115.036.163
12/12/2024;09:15:00;PONTE SERRADA;Desrespeitar a preferência no cruzamento;Colisão transversal;Com Vítimas Feridas;Pleno dia;Decrescente;Sol;Simples;Rotatória;-26.855.036;-52.059.551
12/12/2024;19:30:00;PETROLINA;Manobra de mudança de faixa;Colisão lateral mesmo sentido;Com Vítimas Feridas;Plena Noite;Crescente;Céu Claro;Dupla;Reta;-935.604.301;-4.047.854.198
12/12/2024;18:45:00;TRES LAGOAS;Desrespeitar a preferência no cruzamento;Colisão lateral mesmo sentido;Com Vítimas Feridas;Anoitecer;Crescente;Nublado;Simples;Rotatória;-20.782.074;-5.165.705
12/12/2024;18:20:00;PORTO SEGURO;Acumulo de água sobre o pavimento;Colisão frontal;Com Vítimas Feridas;Plena Noite;Crescente;Chuva;Simples;Reta;-1.637.330.881;-3.929.852.716
12/12/2024;20:54:00;ROSEIRA;Manobra de mudança de faixa;Tombamento;Com Vítimas Feridas;Plena Noite;Decrescente;Céu Claro;Dupla;Reta;-2.288.893.407;-4.528.690.695
12/12/2024;20:30:00;SAO MIGUEL DO OESTE;Manobra de mudança de faixa;Colisão transversal;Com Vítimas Feridas;Plena Noite;Crescente;Nublado;Dupla;Reta;-26.759.436;-5.350.055.292
12/12/2024;13:30:00;JAPIRA;Conversão proibida;Colisão frontal;Com Vítimas Fatais;Pleno dia;Crescente;Céu Claro;Simples;Curva;-2.371.296.994;-5.017.718.714
12/12/2024;20:25:00;JARU;Desrespeitar a preferência no cruzamento;Colisão transversal;Com Vítimas Feridas;Plena Noite;Crescente;Garoa/Chuvisco;Dupla;Interseção de Vias;-1.044.457.274;-6.246.568.412
13/12/2024;00:50:00;RIO DO SUL;Velocidade Incompatível;Saída de leito carroçável;Com Vítimas Fatais;Plena Noite;Crescente;Céu Claro;Simples;Reta;-272.343.439;-496.757.388
26/11/2024;21:50:00;CABEDELO;Velocidade Incompatível;Colisão traseira;Com Vítimas Feridas;Plena Noite;Crescente;Céu Claro;Simples;Reta;-697.479.673;-3.483.194.399
12/12/2024;21:00:00;VARJAO DE MINAS;Ultrapassagem Indevida;Colisão frontal;Com Vítimas Feridas;Plena Noite;Crescente;Chuva;Simples;Reta;-1.831.920.703;-4.599.768.799
13/12/2024;02:18:00;SAO LUIS;Falta de elemento de contenção que evite a saída do leito carroçável;Saída de leito carroçável;Sem Vítimas;Plena Noite;Decrescente;Céu Claro;Dupla;Reta;-26.413.167;-4.427.201.197
13/12/2024;03:55:00;CAPELA;Ausência de sinalização;Colisão traseira;Com Vítimas Feridas;Plena Noite;Crescente;Céu Claro;Dupla;Aclive;-1.047.630.604;-3.695.093.032
13/12/2024;06:00:00;QUEIMADOS;Manobra de mudança de faixa;Queda de ocupante de veículo;Com Vítimas Feridas;Pleno dia;Crescente;Céu Claro;Dupla;Reta;-2.272.980.637;-4.356.512.004
13/12/2024;07:10:00;OIAPOQUE;Conversão proibida;Colisão transversal;Com Vítimas Feridas;Pleno dia;Decrescente;Nublado;Simples;Reta;367.637.405;-5.177.080.783
03/12/2024;22:00:00;CANARANA;Acumulo de água sobre o pavimento;Saída de leito carroçável;Com Vítimas Feridas;Plena Noite;Decrescente;Chuva;Simples;"Declive;Reta";-1.365.450.907;-5.197.078.191
12/12/2024;22:32:00;SANTA INES;Animais na Pista;Atropelamento de Animal;Com Vítimas Feridas;Plena Noite;Crescente;Nublado;Simples;"Curva;Declive";-387.501.866;-4.555.844.326
13/12/2024;07:35:00;TEREZOPOLIS DE GOIAS;Desrespeitar a preferência no cruzamento;Colisão transversal;Sem Vítimas;Pleno dia;Crescente;Céu Claro;Dupla;Reta;-164.848;-490.935
13/12/2024;03:30:00;CAMBE;Velocidade Incompatível;Saída de leito carroçável;Sem Vítimas;Plena Noite;Decrescente;Nublado;Dupla;"Curva;Declive";-2.328.207.396;-5.125.641.346
13/12/2024;08:45:00;ITAJAI;Manobra de mudança de faixa;Colisão lateral mesmo sentido;Com Vítimas Feridas;Pleno dia;Crescente;Céu Claro;Dupla;Reta;-269.043.179;-4.871.555.481
13/12/2024;09:30:00;RIO NOVO DO SUL;Ultrapassagem Indevida;Colisão frontal;Com Vítimas Feridas;Pleno dia;Crescente;Céu Claro;Simples;Reta;-2.082.072.713;-4.084.702.482
13/12/2024;08:00:00;SANTA MARGARIDA DO SUL;Pista Escorregadia;Saída de leito carroçável;Com Vítimas Feridas;Pleno dia;Decrescente;Garoa/Chuvisco;Simples;"Curva;Aclive";-30.345.665;-54.036.793
13/12/2024;10:10:00;SAO JOSE;Manobra de mudança de faixa;Colisão lateral mesmo sentido;Com Vítimas Feridas;Pleno dia;Crescente;Céu Claro;Múltipla;"Aclive;Reta";-2.760.001.226;-486.226.467
13/12/2024;11:50:00;GUARAPARI;Velocidade Incompatível;Saída de leito carroçável;Sem Vítimas;Pleno dia;Crescente;Nublado;Dupla;"Reta;Declive";-2.062.834.446;-4.053.656.038
13/12/2024;13:30:00;GUARULHOS;Manobra de mudança de faixa;Colisão traseira;Com Vítimas Feridas;Pleno dia;Crescente;Sol;Múltipla;Reta;-2.346.802.395;-4.650.704.901
13/12/2024;14:45:00;JAGUARUNA;Manobra de mudança de faixa;Colisão lateral mesmo sentido;Com Vítimas Feridas;Pleno dia;Crescente;Céu Claro;Dupla;"Reta;Aclive";-2.858.988.203;-4.904.517.307
13/12/2024;13:20:00;TRES CORACOES;Velocidade Incompatível;Queda de ocupante de veículo;Com Vítimas Feridas;Pleno dia;Decrescente;Nublado;Dupla;Reta;-216.960.517;-4.536.128.707
13/12/2024;12:35:00;CAMPOS DOS GOYTACAZES;Chuva;Saída de leito carroçável;Com Vítimas Feridas;Pleno dia;Decrescente;Garoa/Chuvisco;Simples;Curva;-2.130.722;-41.324.691
13/12/2024;14:26:00;BRASILIA;Manobra de mudança de faixa;Colisão lateral mesmo sentido;Com Vítimas Feridas;Pleno dia;Decrescente;Céu Claro;Dupla;Reta;-15.883.614;-48.063.132
13/12/2024;18:00:00;IRATI;Chuva;Queda de ocupante de veículo;Com Vítimas Feridas;Pleno dia;Decrescente;Chuva;Simples;Reta;-2.541.751.472;-5.076.431.394
13/12/2024;17:40:00;UBERABA;Velocidade Incompatível;Saída de leito carroçável;Com Vítimas Feridas;Pleno dia;Crescente;Chuva;Dupla;Reta;-1.970.178.201;-4.798.627.802
13/12/2024;17:55:00;BARBACENA;Manobra de mudança de faixa;Colisão lateral mesmo sentido;Com Vítimas Feridas;Pleno dia;Crescente;Céu Claro;Dupla;Reta;-2.118.449.034;-437.528.965
13/12/2024;17:30:00;BARAO;Falta de acostamento;Colisão traseira;Com Vítimas Feridas;Pleno dia;Decrescente;Chuva;Simples;Reta;-2.935.691.458;-5.152.003.329
13/12/2024;18:20:00;ITAPECERICA DA SERRA;Manobra de mudança de faixa;Colisão lateral mesmo sentido;Com Vítimas Feridas;Anoitecer;Crescente;Céu Claro;Dupla;Reta;-23.775.485;-46.914.416
13/12/2024;15:40:00;PIRACANJUBA;Acumulo de água sobre o pavimento;Saída de leito carroçável;Sem Vítimas;Pleno dia;Decrescente;Chuva;Dupla;Curva;-173.851;-492.343
13/12/2024;18:05:00;REBOUCAS;Velocidade Incompatível;Colisão transversal;Com Vítimas Feridas;Pleno dia;Decrescente;Garoa/Chuvisco;Simples;Rotatória;-2.560.905.442;-506.997.648
13/12/2024;18:15:00;MONTES CLAROS;Velocidade Incompatível;Colisão com objeto;Com Vítimas Feridas;Anoitecer;Decrescente;Garoa/Chuvisco;Simples;Reta;-1.665.853.004;-43.735.423
13/12/2024;18:40:00;ITABORAI;Deficiência do Sistema de Iluminação/Sinalização;Colisão traseira;Com Vítimas Feridas;Plena Noite;Decrescente;Nublado;Dupla;Reta;-2.274.828.913;-429.500.441
13/12/2024;17:10:00;NOVA ITARANA;Manobra de mudança de faixa;Saída de leito carroçável;Com Vítimas Feridas;Anoitecer;Crescente;Céu Claro;Simples;"Declive;Reta";-1.306.383.977;-399.576.803
13/12/2024;19:00:00;ARAQUARI;Ultrapassagem Indevida;Colisão frontal;Com Vítimas Feridas;Plena Noite;Crescente;Nublado;Simples;Reta;-264.141.523;-4.876.209.493
13/12/2024;16:00:00;CAMPOS ALTOS;Velocidade Incompatível;Colisão com objeto;Com Vítimas Feridas;Pleno dia;Decrescente;Céu Claro;Simples;"Interseção de Vias;Reta;Rotatória;Declive";-19.648.819;-4.607.129
13/12/2024;20:20:00;SAO LEOPOLDO;Desrespeitar a preferência no cruzamento;Colisão transversal;Com Vítimas Feridas;Plena Noite;Crescente;Chuva;Dupla;"Reta;Viaduto";-2.977.605.895;-5.115.508.618
13/12/2024;15:40:00;RIO VERDE DE MATO GROSSO;Desrespeitar a preferência no cruzamento;Colisão lateral mesmo sentido;Com Vítimas Feridas;Pleno dia;Crescente;Nublado;Simples;"Reta;Interseção de Vias;Rotatória";-18.916.806;-54.838.306
13/12/2024;19:50:00;PATOS;Animais na Pista;Atropelamento de Animal;Sem Vítimas;Plena Noite;Decrescente;Céu Claro;Simples;Reta;-69.548;-373.764
13/12/2024;21:09:00;ARAGUAINA;Ausência de sinalização;Colisão com objeto;Sem Vítimas;Plena Noite;Não Informado;Garoa/Chuvisco;Simples;"Curva;Interseção de Vias";-71.322.413;-481.985.891
13/12/2024;19:20:00;ITACARE;Ausência de sinalização;Colisão frontal;Com Vítimas Feridas;Plena Noite;Crescente;Nublado;Simples;"Curva;Declive";-1.429.617;-39.324.965
13/12/2024;21:00:00;INHAPIM;Velocidade Incompatível;Colisão lateral sentido oposto;Com Vítimas Feridas;Plena Noite;Crescente;Nublado;Simples;Reta;-194.748.916;-421.310.568
13/12/2024;20:20:00;VOLTA REDONDA;Manobra de mudança de faixa;Colisão lateral mesmo sentido;Com Vítimas Feridas;Plena Noite;Decrescente;Céu Claro;Simples;Reta;-224.943.587;-440.675.354
13/12/2024;20:59:00;LUZIANIA;Velocidade Incompatível;Colisão transversal;Com Vítimas Feridas;Plena Noite;Crescente;Chuva;Dupla;Reta;-16.131.158;-47.957.739
13/12/2024;20:30:00;PONTA PORA;Velocidade Incompatível;Colisão lateral sentido oposto;Com Vítimas Feridas;Plena Noite;Crescente;Chuva;Simples;Reta;-2.260.782.925;-5.565.013.213
13/12/2024;22:30:00;CACERES;Chuva;Colisão traseira;Sem Vítimas;Plena Noite;Não Informado;Chuva;Simples;Curva;-1.606.911.461;-576.797.998