data_inversa;horario;municipio;causa_acidente;tipo_acidente;classificacao_acidente;fase_dia;sentido_via;condicao_metereologica;tipo_pista;tracado_via;latitude;longitude
13/12/2024;17:50:00;TRIUNFO;Acumulo de água sobre o pavimento;Saída de leito carroçável;Com Vítimas Feridas;Pleno dia;Decrescente;Chuva;Dupla;Rotatória;-2.980.394;-51.509.174
14/12/2024;02:15:00;NOVO HAMBURGO;Velocidade Incompatível;Saída de leito carroçável;Sem Vítimas;Plena Noite;Decrescente;Nublado;Simples;"Rotatória;Reta";-2.964.367.732;-5.114.288.092
14/12/2024;01:40:00;RIO BRANCO;Velocidade Incompatível;Capotamento;Sem Vítimas;Plena Noite;Decrescente;Céu Claro;Dupla;Reta;-993.629.479;-6.788.193.482
14/12/2024;03:00:00;JARU;Velocidade Incompatível;Colisão com objeto;Com Vítimas Feridas;Plena Noite;Decrescente;Nublado;Dupla;"Em Obras;Desvio Temporário";-1.045.220.802;-6.246.072.003
13/12/2024;23:20:00;CONQUISTA DOESTE;Ultrapassagem Indevida;Colisão frontal;Com Vítimas Fatais;Plena Noite;Crescente;Ignorado;Simples;Curva;-1.450.271.292;-5.956.744.262
13/12/2024;23:47:00;CONQUISTA DOESTE;Falta de elemento de contenção que evite a saída do leito carroçável;Saída de leito carroçável;Com Vítimas Fatais;Plena Noite;Crescente;Ignorado;Simples;Reta;-145.540.828;-5.953.942.948
14/12/2024;06:20:00;BETIM;Manobra de mudança de faixa;Colisão traseira;Com Vítimas Feridas;Pleno dia;Crescente;Céu Claro;Dupla;Reta;-199.706.333;-4.416.024.864
14/12/2024;05:50:00;EXTREMA;Ausência de sinalização;Tombamento;Com Vítimas Feridas;Amanhecer;Decrescente;Céu Claro;Dupla;Curva;-2.283.909.203;-4.632.850.893
14/12/2024;06:48:00;JABOATAO DOS GUARARAPES;Manobra de mudança de faixa;Tombamento;Com Vítimas Feridas;Pleno dia;Decrescente;Céu Claro;Dupla;"Reta;Aclive";-8.177.155;-34.944.623
14/12/2024;05:00:00;POUSO ALTO;Animais na Pista;Atropelamento de Animal;Sem Vítimas;Pleno dia;Crescente;Nublado;Simples;Curva;-2.211.411.406;-4.495.693.273
14/12/2024;06:30:00;CAMBUI;Velocidade Incompatível;Colisão com objeto;Com Vítimas Feridas;Pleno dia;Decrescente;Céu Claro;Dupla;Curva;-226.466.387;-4.608.822.584
13/12/2024;19:00:00;DUQUE DE CAXIAS;Frear bruscamente;Colisão traseira;Com Vítimas Feridas;Plena Noite;Decrescente;Céu Claro;Dupla;Reta;-22.807.953;-43.289.124
14/12/2024;07:20:00;PATO BRANCO;Chuva;Saída de leito carroçável;Sem Vítimas;Amanhecer;Decrescente;Chuva;Simples;"Curva;Declive";-2.622.652.612;-5.268.914.074
13/12/2024;19:00:00;ARAXA;Manobra de mudança de faixa;Saída de leito carroçável;Sem Vítimas;Anoitecer;Decrescente;Chuva;Simples;Reta;-1.957.027.713;-4.700.583.604
14/12/2024;07:10:00;SAO GONCALO DO PARA;Velocidade Incompatível;Saída de leito carroçável;Com Vítimas Feridas;Pleno dia;Crescente;Céu Claro;Dupla;Curva;-1.989.164.437;-4.481.493.401
02/12/2024;19:45:00;FRANCISCO SA;Velocidade Incompatível;Colisão traseira;Com Vítimas Feridas;Plena Noite;Decrescente;Céu Claro;Simples;Reta;-1.660.342.041;-4.365.175.169
14/12/2024;08:00:00;APARECIDA DE GOIANIA;Manobra de mudança de faixa;Colisão lateral mesmo sentido;Com Vítimas Feridas;Pleno dia;Decrescente;Sol;Dupla;Aclive;-167.366;-49.243
14/12/2024;07:40:00;CAMPINA GRANDE DO SUL;Chuva;Engavetamento;Com Vítimas Feridas;Amanhecer;Decrescente;Chuva;Dupla;Curva;-2.516.445.203;-4.886.237.697
13/12/2024;11:20:00;ITAGUARA;Pista Escorregadia;Tombamento;Com Vítimas Feridas;Pleno dia;Crescente;Céu Claro;Simples;Reta;-2.039.357.737;-4.449.667.677
14/12/2024;08:30:00;URUGUAIANA;Manobra de mudança de faixa;Colisão lateral mesmo sentido;Sem Vítimas;Pleno dia;Crescente;Céu Claro;Dupla;Curva;-2.976.885.427;-5.705.811.923
14/12/2024;08:30:00;TAUBATE;Velocidade Incompatível;Engavetamento;Com Vítimas Feridas;Pleno dia;Decrescente;Sol;Dupla;Reta;-230.440.828;-4.558.041.405
14/12/2024;09:00:00;BIGUACU;Chuva;Saída de leito carroçável;Sem Vítimas;Pleno dia;Crescente;Chuva;Dupla;Curva;-27.489.574;-48.655.914
14/12/2024;08:40:00;FORTALEZA;Condutor usando celular;Colisão traseira;Com Vítimas Feridas;Pleno dia;Decrescente;Sol;Múltipla;Reta;-373.911.117;-3.858.687.498
14/12/2024;08:20:00;PORTO ALEGRE;Velocidade Incompatível;Saída de leito carroçável;Com Vítimas Feridas;Pleno dia;Crescente;Nublado;Dupla;"Declive;Curva;Ponte";-29.972.212;-51.199.139
14/12/2024;08:00:00;SANGAO;Acumulo de água sobre o pavimento;Colisão traseira;Com Vítimas Feridas;Pleno dia;Decrescente;Chuva;Dupla;Curva;-2.867.550.565;-4.912.566.662
14/12/2024;07:30:00;MILAGRES;Pista esburacada;Colisão traseira;Sem Vítimas;Pleno dia;Crescente;Céu Claro;Simples;Reta;-728.554.236;-3.886.591.487
20/09/2024;16:40:00;INDAIAL;Conversão proibida;Colisão transversal;Com Vítimas Feridas;Pleno dia;Decrescente;Nublado;Simples;Reta;-26.869.867;-49.201.859
14/12/2024;12:20:00;ROSARIO DO SUL;Ultrapassagem Indevida;Saída de leito carroçável;Com Vítimas Feridas;Pleno dia;Crescente;Céu Claro;Simples;Curva;-30.226.423;-54.706.081
14/12/2024;12:30:00;GOIANIA;Velocidade Incompatível;Queda de ocupante de veículo;Com Vítimas Feridas;Pleno dia;Crescente;Nublado;Dupla;Reta;-167.189;-492.382
14/12/2024;12:40:00;SAO BORJA;Velocidade Incompatível;Saída de leito carroçável;Sem Vítimas;Pleno dia;Decrescente;Céu Claro;Simples;Curva;-2.876.843.075;-5.579.503.285
14/12/2024;14:00:00;CAMANDUCAIA;Velocidade Incompatível;Colisão com objeto;Com Vítimas Feridas;Pleno dia;Crescente;Nublado;Dupla;Curva;-2.277.005.439;-4.619.418.677
24/11/2024;14:50:00;NOSSA SENHORA DO LIVRAMENTO;Acumulo de água sobre o pavimento;Saída de leito carroçável;Com Vítimas Feridas;Pleno dia;Crescente;Chuva;Simples;Curva;-1.569.630.933;-5.643.391.017
14/12/2024;12:50:00;TIBAGI;Pista Escorregadia;Queda de ocupante de veículo;Com Vítimas Feridas;Pleno dia;Crescente;Chuva;Dupla;Curva;-2.485.548.009;-5.046.069.525
14/12/2024;12:50:00;TIBAGI;Velocidade Incompatível;Saída de leito carroçável;Com Vítimas Feridas;Pleno dia;Crescente;Chuva;Dupla;Curva;-2.491.058.979;-5.041.741.284
14/12/2024;14:20:00;RIO PARDO;Desrespeitar a preferência no cruzamento;Colisão transversal;Com Vítimas Feridas;Pleno dia;Crescente;Sol;Simples;Interseção de Vias;-30.031.555;-52.371.674
14/12/2024;13:20:00;BADY BASSITT;Acumulo de água sobre o pavimento;Colisão com objeto;Sem Vítimas;Pleno dia;Crescente;Chuva;Dupla;"Curva;Viaduto";-2.089.418.221;-4.943.387.582
14/12/2024;16:00:00;SAO JOSE DOS PINHAIS;Velocidade Incompatível;Queda de ocupante de veículo;Com Vítimas Feridas;Pleno dia;Decrescente;Céu Claro;Dupla;Reta;-2.565.218.089;-4.915.731.458
14/12/2024;15:45:00;LORENA;Velocidade Incompatível;Colisão com objeto;Sem Vítimas;Pleno dia;Crescente;Nublado;Dupla;Reta;-2.273.051.614;-450.765.859
14/12/2024;16:30:00;TERESINA;Conversão proibida;Colisão transversal;Com Vítimas Feridas;Pleno dia;Decrescente;Céu Claro;Simples;Reta;-5.118.706;-42.786.411
14/12/2024;17:35:00;ACAILANDIA;Ultrapassagem Indevida;Colisão lateral mesmo sentido;Com Vítimas Feridas;Anoitecer;Crescente;Garoa/Chuvisco;Simples;Reta;-490.264.174;-4.739.968.016
14/12/2024;17:15:00;BRUMADINHO;Velocidade Incompatível;Saída de leito carroçável;Com Vítimas Feridas;Pleno dia;Crescente;Chuva;Dupla;"Curva;Declive";-2.015.651.992;-4.432.811.737
14/12/2024;17:00:00;PIO XII;Chuva;Saída de leito carroçável;Com Vítimas Feridas;Pleno dia;Decrescente;Chuva;Simples;Reta;-3.812.155;-45.195.686
14/12/2024;18:35:00;ARAQUARI;Conversão proibida;Colisão transversal;Com Vítimas Feridas;Anoitecer;Decrescente;Céu Claro;Simples;Curva;-2.643.447.549;-4.880.453.914
14/12/2024;17:45:00;CUIABA;Chuva;Queda de ocupante de veículo;Com Vítimas Feridas;Anoitecer;Decrescente;Chuva;Dupla;Reta;-1.567.361.827;-5.594.371.319
14/12/2024;18:15:00;PIRIPIRI;Animais na Pista;Atropelamento de Animal;Com Vítimas Feridas;Anoitecer;Crescente;Céu Claro;Simples;Reta;-4.280.882;-41.763.885
14/12/2024;17:55:00;CAPIM GROSSO;Manobra de mudança de faixa;Colisão lateral mesmo sentido;Com Vítimas Feridas;Plena Noite;Decrescente;Céu Claro;Simples;Reta;-1.136.972;-4.003.754
14/12/2024;19:14:00;TEOFILO OTONI;Desrespeitar a preferência no cruzamento;Colisão transversal;Com Vítimas Feridas;Pleno dia;Decrescente;Céu Claro;Múltipla;Interseção de Vias;-1.787.095.632;-415.184.927
14/12/2024;19:35:00;BRASILIA;Ultrapassagem Indevida;Colisão traseira;Com Vítimas Feridas;Plena Noite;Decrescente;Nublado;Dupla;"Retorno Regulamentado;Reta";-15.612.175;-47.700.928
14/12/2024;18:30:00;MATEUS LEME;Chuva;Capotamento;Com Vítimas Feridas;Plena Noite;Crescente;Chuva;Dupla;"Curva;Declive";-1.992.108.437;-4.446.849.883
14/12/2024;18:20:00;IMBITUVA;Acesso irregular;Colisão traseira;Sem Vítimas;Pleno dia;Decrescente;Céu Claro;Simples;Aclive;-2.517.459.823;-5.063.931.587
14/12/2024;20:10:00;CAMPO ALEGRE;Velocidade Incompatível;Saída de leito carroçável;Com Vítimas Fatais;Plena Noite;Crescente;Céu Claro;Dupla;Reta;-990.328.408;-3.622.849.501
14/12/2024;17:14:00;SANTA INES;Ultrapassagem Indevida;Colisão lateral sentido oposto;Com Vítimas Feridas;Pleno dia;Crescente;Nublado;Simples;Reta;-3.657.972;-45.407.597
14/12/2024;18:35:00;PIRAI;Pista Escorregadia;Queda de ocupante de veículo;Com Vítimas Feridas;Plena Noite;Decrescente;Chuva;Dupla;Curva;-2.265.604.007;-4.383.713.888
14/12/2024;20:20:00;VILHENA;Desrespeitar a preferência no cruzamento;Colisão transversal;Com Vítimas Feridas;Plena Noite;Decrescente;Céu Claro;Dupla;Rotatória;-1.274.140.004;-6.013.026.401
14/12/2024;17:30:00;ALEM PARAIBA;Velocidade Incompatível;Saída de leito carroçável;Com Vítimas Fatais;Pleno dia;Crescente;Céu Claro;Simples;"Declive;Curva";-2.182.600.491;-4.268.294.095
14/12/2024;22:10:00;ARAQUARI;Velocidade Incompatível;Capotamento;Com Vítimas Fatais;Plena Noite;Decrescente;Céu Claro;Dupla;Curva;-264.809.991;-487.362.257
14/12/2024;21:25:00;CHAPECO;Ultrapassagem Indevida;Colisão lateral mesmo sentido;Sem Vítimas;Plena Noite;Crescente;Ignorado;Dupla;"Curva;Declive";-2.704.656.607;-5.263.577.131
15/12/2024;02:05:00;IGARASSU;Chuva;Queda de ocupante de veículo;Com Vítimas Feridas;Plena Noite;Decrescente;Garoa/Chuvisco;Múltipla;Reta;-786.521.297;-3.490.715.176
15/12/2024;02:40:00;JOAO PESSOA;Pista Escorregadia;Colisão lateral mesmo sentido;Com Vítimas Feridas;Plena Noite;Decrescente;Garoa/Chuvisco;Dupla;Curva;-71.121;-348.426
14/12/2024;21:00:00;NOVA LIMA;Chuva;Saída de leito carroçável;Com Vítimas Feridas;Plena Noite;Crescente;Chuva;Dupla;Curva;-2.000.670.404;-4.396.418.668
15/12/2024;05:15:00;SAO JOSE;Manobra de mudança de faixa;Tombamento;Com Vítimas Feridas;Amanhecer;Decrescente;Céu Claro;Múltipla;Curva;-2.760.001.226;-486.226.467
15/12/2024;03:45:00;PIRIPIRI;Animais na Pista;Atropelamento de Animal;Com Vítimas Feridas;Plena Noite;Crescente;Céu Claro;Simples;Reta;-4.202.044;-41.781.467
15/12/2024;04:00:00;PIMENTA BUENO;Velocidade Incompatível;Tombamento;Com Vítimas Feridas;Plena Noite;Crescente;Nublado;Simples;"Declive;Reta";-11.676.583;-61.188.807
14/12/2024;23:45:00;CAMPOS DOS GOYTACAZES;Chuva;Colisão lateral mesmo sentido;Com Vítimas Feridas;Plena Noite;Crescente;Garoa/Chuvisco;Simples;Reta;-2.164.273.198;-4.131.170.082
15/12/2024;04:10:00;RIO AZUL;Velocidade Incompatível;Saída de leito carroçável;Com Vítimas Fatais;Amanhecer;Crescente;Nevoeiro/Neblina;Simples;Reta;-2.568.107.348;-5.075.833.064
15/12/2024;04:00:00;RIBEIRA DO POMBAL;Animais na Pista;Atropelamento de Animal;Com Vítimas Feridas;Amanhecer;Crescente;Céu Claro;Simples;Reta;-108.101.632;-385.318.912
15/12/2024;07:45:00;CEARA-MIRIM;Acumulo de água sobre o pavimento;Tombamento;Com Vítimas Fatais;Pleno dia;Decrescente;Garoa/Chuvisco;Simples;Reta;-571.375.666;-3.537.210.457
15/12/2024;08:00:00;ARUJA;Chuva;Queda de ocupante de veículo;Com Vítimas Feridas;Amanhecer;Crescente;Chuva;Dupla;"Declive;Reta";-2.341.060.827;-4.634.763.895
15/12/2024;08:19:00;RIBEIRAO DAS NEVES;Velocidade Incompatível;Colisão transversal;Com Vítimas Feridas;Pleno dia;Decrescente;Nublado;Dupla;Reta;-1.982.351.202;-4.408.438.913
15/12/2024;07:20:00;SAPUCAIA;Manobra de mudança de faixa;Colisão transversal;Com Vítimas Feridas;Pleno dia;Crescente;Chuva;Simples;Reta;-2.188.611.082;-4.269.543.109
15/12/2024;07:30:00;UBERLANDIA;Velocidade Incompatível;Saída de leito carroçável;Com Vítimas Feridas;Pleno dia;Crescente;Nublado;Dupla;"Aclive;Reta";-187.817.599;-482.363.842
15/12/2024;04:30:00;COMODORO;Velocidade Incompatível;Colisão traseira;Com Vítimas Fatais;Plena Noite;Decrescente;Céu Claro;Simples;Reta;-1.302.403.686;-5.992.310.587
15/12/2024;04:45:00;BENTO GONCALVES;Acostamento em desnível;Colisão com objeto;Sem Vítimas;Plena Noite;Decrescente;Céu Claro;Simples;"Curva;Declive";-2.910.069.724;-5.154.406.786
15/12/2024;09:05:00;TRES RIOS;Chuva;Saída de leito carroçável;Com Vítimas Feridas;Pleno dia;Decrescente;Chuva;Dupla;Curva;-2.206.389.311;-4.319.613.917
15/12/2024;08:30:00;GUAPIMIRIM;Pista Escorregadia;Tombamento;Com Vítimas Feridas;Pleno dia;Decrescente;Garoa/Chuvisco;Simples;"Curva;Aclive";-2.248.851.488;-4.299.935.184
15/12/2024;11:30:00;BRASILIA;Velocidade Incompatível;Colisão traseira;Com Vítimas Feridas;Pleno dia;Decrescente;Céu Claro;Simples;"Declive;Reta";-15.933.754;-47.817.089
15/12/2024;10:00:00;CARMO DA CACHOEIRA;Velocidade Incompatível;Colisão com objeto;Com Vítimas Feridas;Pleno dia;Decrescente;Chuva;Dupla;Curva;-2.152.361.199;-4.522.481.701
15/12/2024;12:00:00;BRASILIA;Velocidade Incompatível;Saída de leito carroçável;Com Vítimas Feridas;Pleno dia;Crescente;Chuva;Dupla;Reta;-15.581.447;-47.421.925
15/12/2024;10:10:00;ARARUNA;Ultrapassagem Indevida;Colisão transversal;Com Vítimas Feridas;Pleno dia;Decrescente;Sol;Simples;"Aclive;Reta";-2.398.651.549;-5.252.053.179
15/12/2024;10:10:00;ITATIAIUCU;Velocidade Incompatível;Saída de leito carroçável;Com Vítimas Feridas;Pleno dia;Crescente;Nublado;Dupla;"Curva;Aclive";-2.026.492.509;-4.442.256.682
15/12/2024;12:45:00;UBERABA;Pista esburacada;Tombamento;Com Vítimas Feridas;Pleno dia;Crescente;Céu Claro;Dupla;"Desvio Temporário;Em Obras";-1.951.129.203;-4.804.264.209
15/12/2024;13:30:00;CAMANDUCAIA;Velocidade Incompatível;Colisão com objeto;Com Vítimas Feridas;Pleno dia;Crescente;Chuva;Dupla;"Curva;Declive";-2.276.285.509;-4.617.032.177
15/12/2024;11:50:00;CANINDE;Manobra de mudança de faixa;Saída de leito carroçável;Com Vítimas Feridas;Pleno dia;Crescente;Céu Claro;Simples;Reta;-434.943.993;-3.929.934.009
15/12/2024;13:39:00;RECIFE;Manobra de mudança de faixa;Colisão lateral mesmo sentido;Com Vítimas Feridas;Pleno dia;Decrescente;Céu Claro;Múltipla;Reta;-805.951.606;-3.494.581.024
15/12/2024;14:30:00;SANTOS DUMONT;Velocidade Incompatível;Saída de leito carroçável;Com Vítimas Feridas;Pleno dia;Crescente;Nublado;Simples;"Curva;Declive";-21.447.874;-4.355.738.803
15/12/2024;12:30:00;SANTO ANTONIO DO AMPARO;Velocidade Incompatível;Saída de leito carroçável;Com Vítimas Feridas;Pleno dia;Decrescente;Chuva;Dupla;Curva;-2.088.278.809;-4.485.183.046
15/12/2024;08:15:00;CARMO DA CACHOEIRA;Chuva;Colisão com objeto;Com Vítimas Feridas;Pleno dia;Decrescente;Chuva;Dupla;Curva;-2.155.413.799;-4.524.499.427
15/12/2024;14:20:00;SOBRAL;Fumaça;Colisão frontal;Com Vítimas Feridas;Pleno dia;Crescente;Nublado;Simples;Reta;-376.104.195;-4.048.552.207
15/12/2024;16:45:00;CATALAO;Desrespeitar a preferência no cruzamento;Colisão transversal;Com Vítimas Feridas;Pleno dia;Crescente;Céu Claro;Simples;"Em Obras;Retorno Regulamentado;Reta";-181.739;-479.289
15/12/2024;13:35:00;ITAGUARA;Pista Escorregadia;Saída de leito carroçável;Com Vítimas Feridas;Pleno dia;Crescente;Chuva;Dupla;"Curva;Declive";-20.301.291;-44.442.663
15/12/2024;13:15:00;SAO FRANCISCO DO SUL;Conversão proibida;Colisão lateral mesmo sentido;Com Vítimas Feridas;Pleno dia;Crescente;Céu Claro;Simples;Reta;-2.625.448.795;-486.201.936
15/12/2024;16:42:00;APUCARANA;Manobra de mudança de faixa;Colisão lateral sentido oposto;Sem Vítimas;Pleno dia;Crescente;Céu Claro;Simples;Reta;-23.535;-51.456
15/12/2024;17:36:00;CARUARU;Acesso irregular;Colisão lateral mesmo sentido;Com Vítimas Feridas;Anoitecer;Decrescente;Céu Claro;Múltipla;Interseção de Vias;-82.937;-359.864
15/12/2024;17:40:00;CAMPANHA;Chuva;Capotamento;Com Vítimas Feridas;Pleno dia;Decrescente;Chuva;Dupla;Reta;-2.175.667.108;-4.540.552.196
15/12/2024;17:00:00;JOINVILLE;Desrespeitar a preferência no cruzamento;Colisão transversal;Sem Vítimas;Pleno dia;Crescente;Céu Claro;Dupla;"Rotatória;Viaduto";-2.620.130.351;-4.891.331.794
15/12/2024;16:50:00;SANTA INES;Desrespeitar a preferência no cruzamento;Colisão transversal;Com Vítimas Feridas;Pleno dia;Decrescente;Nublado;Simples;"Retorno Regulamentado;Interseção de Vias;Reta";-36.656;-453.798
15/12/2024;13:40:00;HIDROLINA;Velocidade Incompatível;Saída de leito carroçável;Com Vítimas Fatais;Pleno dia;Decrescente;Chuva;Simples;"Declive;Reta";-14.762.951;-49.261.051
15/12/2024;17:50:00;BENTO GONCALVES;Velocidade Incompatível;Colisão frontal;Com Vítimas Feridas;Pleno dia;Crescente;Céu Claro;Simples;Curva;-2.917.292.214;-5.152.424.936
15/12/2024;17:35:00;TRIUNFO;Velocidade Incompatível;Colisão com objeto;Sem Vítimas;Pleno dia;Decrescente;Chuva;Dupla;"Curva;Rotatória";-2.980.350.475;-5.151.017.189
15/12/2024;18:10:00;SAO MATEUS DO SUL;Demais falhas na via;Saída de leito carroçável;Com Vítimas Feridas;Anoitecer;Crescente;Céu Claro;Simples;"Reta;Declive";-25.950.428;-50.505.707
15/12/2024;18:20:00;ANAPOLIS;Acumulo de água sobre o pavimento;Saída de leito carroçável;Com Vítimas Feridas;Anoitecer;Crescente;Chuva;Dupla;Curva;-163.136;-488.366
15/12/2024;18:00:00;BRASILIA;Chuva;Colisão com objeto;Sem Vítimas;Plena Noite;Decrescente;Chuva;Dupla;Curva;-15.802.453;-48.080.387
15/12/2024;15:30:00;SINOP;Manobra de mudança de faixa;Colisão lateral mesmo sentido;Com Vítimas Feridas;Pleno dia;Crescente;Céu Claro;Simples;"Reta;Aclive";-1.159.474.587;-5.542.558.723
11/12/2024;16:00:00;DUQUE DE CAXIAS;Condutor usando celular;Colisão frontal;Sem Vítimas;Pleno dia;Decrescente;Céu Claro;Múltipla;Aclive;-2.263.784.806;-4.328.428.824
15/12/2024;19:01:00;SANTA RITA;Manobra de mudança de faixa;Colisão lateral mesmo sentido;Sem Vítimas;Plena Noite;Crescente;Céu Claro;Dupla;"Retorno Regulamentado;Reta";-714.289.514;-3.498.923.063
15/12/2024;20:10:00;CAETANOPOLIS;Desrespeitar a preferência no cruzamento;Colisão transversal;Sem Vítimas;Plena Noite;Crescente;Chuva;Múltipla;Rotatória;-1.930.151;-4.437.824
15/12/2024;18:00:00;IBIPORA;Velocidade Incompatível;Colisão com objeto;Com Vítimas Feridas;Anoitecer;Crescente;Céu Claro;Simples;"Interseção de Vias;Rotatória";-2.327.650.274;-5.106.253.803
15/12/2024;19:50:00;COLOMBO;Velocidade Incompatível;Colisão traseira;Com Vítimas Feridas;Plena Noite;Crescente;Céu Claro;Dupla;"Aclive;Reta";-25.389;-491.867
15/12/2024;19:50:00;MURICI;Ultrapassagem Indevida;Colisão lateral mesmo sentido;Com Vítimas Feridas;Plena Noite;Crescente;Céu Claro;Simples;Curva;-926.146.718;-359.880.181
15/12/2024;21:20:00;GOIANIA;Chuva;Queda de ocupante de veículo;Com Vítimas Feridas;Plena Noite;Crescente;Chuva;Dupla;Reta;-166.614;-492.218
15/12/2024;19:45:00;BOM DESPACHO;Velocidade Incompatível;Saída de leito carroçável;Com Vítimas Feridas;Plena Noite;Crescente;Chuva;Simples;Reta;-1.980.935.414;-4.511.587.504
15/12/2024;15:45:00;SAO JOAO DE MERITI;Acesso irregular;Colisão traseira;Com Vítimas Feridas;Pleno dia;Decrescente;Céu Claro;Dupla;Reta;-2.280.188.151;-4.335.043.673
15/12/2024;22:30:00;TERENOS;Animais na Pista;Saída de leito carroçável;Com Vítimas Feridas;Plena Noite;Crescente;Céu Claro;Simples;Reta;-2.042.263.188;-5.499.214.199
15/12/2024;22:16:00;ORIZANIA;Animais na Pista;Atropelamento de Animal;Com Vítimas Feridas;Plena Noite;Crescente;Nublado;Simples;Reta;-2.047.145.115;-4.217.948.655
16/12/2024;01:15:00;ITUMBIARA;Chuva;Saída de leito carroçável;Com Vítimas Feridas;Plena Noite;Decrescente;Chuva;Dupla;Retorno Regulamentado;-184.034;-49.202
16/12/2024;05:40:00;AGUAS LINDAS DE GOIAS;Manobra de mudança de faixa;Colisão lateral mesmo sentido;Com Vítimas Feridas;Pleno dia;Decrescente;Céu Claro;Dupla;"Curva;Declive";-1.577.579.351;-4.823.259.001
16/12/2024;06:15:00;SANTA LUZIA;Conversão proibida;Colisão transversal;Com Vítimas Feridas;Pleno dia;Crescente;Nublado;Simples;Reta;-1.982.635.815;-4.383.579.791
16/12/2024;06:55:00;NATAL;Condutor usando celular;Colisão com objeto;Com Vítimas Feridas;Pleno dia;Crescente;Sol;Dupla;"Túnel;Interseção de Vias;Viaduto;Aclive;Reta";-577.577.894;-352.533.049
16/12/2024;08:50:00;CARANDAI;Acesso irregular;Colisão frontal;Com Vítimas Feridas;Pleno dia;Decrescente;Nublado;Simples;Curva;-20.981.935;-43.781.046
16/12/2024;06:30:00;DOURADINA;Demais falhas na via;Tombamento;Com Vítimas Feridas;Pleno dia;Crescente;Céu Claro;Simples;Reta;-219.909.207;-5.453.610.849
16/12/2024;09:10:00;AREAL;Frear bruscamente;Colisão traseira;Sem Vítimas;Pleno dia;Decrescente;Céu Claro;Dupla;Curva;-2.227.821.816;-4.311.580.971
10/12/2024;22:20:00;SAO GONCALO DO AMARANTE;Desrespeitar a preferência no cruzamento;Colisão transversal;Sem Vítimas;Plena Noite;Crescente;Céu Claro;Dupla;Rotatória;-572.170.318;-3.527.718.544
13/12/2024;17:30:00;PARNAIBA;Frear bruscamente;Tombamento;Com Vítimas Feridas;Anoitecer;Decrescente;Céu Claro;Simples;Reta;-2.899.382;-41.723.724
09/12/2024;19:30:00;SAO FRANCISCO DE GOIAS;Animais na Pista;Atropelamento de Animal;Sem Vítimas;Plena Noite;Não Informado;Chuva;Dupla;Reta;-1.591.572.653;-492.522.583
16/12/2024;11:40:00;SANTO ANTONIO DO LEVERGER;Afundamento ou ondulação no pavimento;Saída de leito carroçável;Com Vítimas Feridas;Pleno dia;Crescente;Chuva;Dupla;Curva;-1.577.470.584;-5.562.130.789
16/12/2024;13:28:00;CARUARU;Velocidade Incompatível;Saída de leito carroçável;Com Vítimas Feridas;Pleno dia;Decrescente;Céu Claro;Dupla;"Retorno Regulamentado;Curva;Declive";-81.203;-35.999
01/12/2024;12:00:00;RIBAS DO RIO PARDO;Demais Fenômenos da natureza;Eventos atípicos;Sem Vítimas;Pleno dia;Crescente;Céu Claro;Simples;Reta;-2.046.830.649;-5.356.709.596
16/12/2024;14:55:00;BENTO GONCALVES;Frear bruscamente;Colisão frontal;Com Vítimas Feridas;Pleno dia;Crescente;Chuva;Múltipla;"Aclive;Curva";-2.917.909.489;-5.151.855.675
16/12/2024;13:20:00;CACHOEIRA DO SUL;Chuva;Saída de leito carroçável;Com Vítimas Feridas;Pleno dia;Crescente;Chuva;Simples;Reta;-3.026.623;-52.865.604
16/12/2024;14:22:00;NOBRES;Chuva;Colisão com objeto;Com Vítimas Feridas;Pleno dia;Crescente;Chuva;Dupla;Reta;-14.758.127;-56.341.124
30/11/2024;20:20:00;VITORIA DA CONQUISTA;Velocidade Incompatível;Tombamento;Com Vítimas Feridas;Plena Noite;Crescente;Céu Claro;Dupla;Reta;-1.489.838.196;-4.086.701.632
12/12/2024;10:00:00;ITABORAI;Frear bruscamente;Queda de ocupante de veículo;Com Vítimas Feridas;Pleno dia;Crescente;Céu Claro;Dupla;Reta;-2.275.517.486;-4.283.462.502
16/12/2024;16:25:00;BRASILIA;Chuva;Saída de leito carroçável;Com Vítimas Feridas;Pleno dia;Crescente;Chuva;Dupla;"Declive;Reta";-15.581.073;-4.750.346
16/12/2024;15:17:00;BOA VISTA;Manobra de mudança de faixa;Saída de leito carroçável;Sem Vítimas;Pleno dia;Não Informado;Nublado;Simples;"Curva;Rotatória";277.212.506;-6.071.487.767
16/12/2024;17:00:00;BARBACENA;Acesso irregular;Colisão frontal;Com Vítimas Feridas;Pleno dia;Crescente;Céu Claro;Simples;Reta;-2.114.688.299;-4.376.443.098
16/12/2024;17:30:00;PORTO BELO;Manobra de mudança de faixa;Colisão lateral mesmo sentido;Com Vítimas Feridas;Pleno dia;Decrescente;Céu Claro;Dupla;"Reta;Aclive";-2.719.096.301;-4.861.259.017
16/12/2024;18:10:00;SAO JOSE;Chuva;Tombamento;Com Vítimas Feridas;Anoitecer;Crescente;Chuva;Múltipla;Reta;-2.757.413.014;-4.861.363.083
16/12/2024;17:40:00;CARIACICA;Manobra de mudança de faixa;Colisão lateral mesmo sentido;Com Vítimas Feridas;Pleno dia;Crescente;Céu Claro;Dupla;Reta;-2.031.526.144;-4.039.567.044
16/12/2024;19:15:00;CONTAGEM;Pista esburacada;Tombamento;Com Vítimas Feridas;Plena Noite;Crescente;Nublado;Múltipla;Reta;-1.989.255.399;-4.404.985.478