data_inversa;horario;municipio;causa_acidente;tipo_acidente;classificacao_acidente;fase_dia;sentido_via;condicao_metereologica;tipo_pista;tracado_via;latitude;longitude
20/12/2024;03:00:00;CHAPECO;Velocidade Incompatível;Colisão com objeto;Sem Vítimas;Plena Noite;Crescente;Céu Claro;Simples;Rotatória;-26.973.904;-52.745.403
20/12/2024;01:15:00;SUME;Animais na Pista;Atropelamento de Animal;Sem Vítimas;Plena Noite;Crescente;Céu Claro;Simples;Reta;-7.725.514;-36.947.811
20/12/2024;07:05:00;SAO JOSE DOS CAMPOS;Manobra de mudança de faixa;Colisão lateral mesmo sentido;Com Vítimas Feridas;Pleno dia;Decrescente;Céu Claro;Dupla;Reta;-2.317.849.879;-4.583.787.411
20/12/2024;06:15:00;GOIANIA;Manobra de mudança de faixa;Colisão lateral mesmo sentido;Com Vítimas Feridas;Pleno dia;Crescente;Céu Claro;Dupla;Reta;-167.118;-492.324
20/12/2024;06:35:00;IRATI;Velocidade Incompatível;Saída de leito carroçável;Sem Vítimas;Pleno dia;Crescente;Garoa/Chuvisco;Simples;"Declive;Reta";-2.555.395.107;-506.723.479
20/12/2024;07:30:00;RIBEIRAO DAS NEVES;Manobra de mudança de faixa;Colisão lateral mesmo sentido;Com Vítimas Feridas;Pleno dia;Crescente;Céu Claro;Dupla;Retorno Regulamentado;-1.978.164.295;-4.411.733.194
20/12/2024;07:50:00;CURITIBA;Manobra de mudança de faixa;Colisão traseira;Com Vítimas Feridas;Pleno dia;Crescente;Nublado;Dupla;Reta;-25.465.406;-49.216.093
20/12/2024;08:10:00;SAO JOAO DE MERITI;Manobra de mudança de faixa;Colisão traseira;Com Vítimas Feridas;Pleno dia;Decrescente;Céu Claro;Dupla;Reta;-228.060.415;-4.334.289.573
10/09/2024;20:25:00;DUQUE DE CAXIAS;Demais falhas na via;Eventos atípicos;Sem Vítimas;Plena Noite;Não Informado;Céu Claro;Simples;Aclive;-2.259.758.618;-4.332.030.952
04/12/2024;06:30:00;BELO HORIZONTE;Conversão proibida;Colisão lateral mesmo sentido;Com Vítimas Feridas;Pleno dia;Decrescente;Céu Claro;Simples;Reta;-1.984.257.911;-4.388.554.752
20/12/2024;09:30:00;SANTOS DUMONT;Curva acentuada;Tombamento;Com Vítimas Feridas;Pleno dia;Crescente;Sol;Simples;Curva;-2.142.837.939;-4.355.571.091
20/12/2024;08:00:00;ARATACA;Velocidade Incompatível;Capotamento;Com Vítimas Feridas;Pleno dia;Crescente;Sol;Simples;Curva;-1.518.911.509;-3.943.817.139
20/12/2024;13:05:00;ERECHIM;Desrespeitar a preferência no cruzamento;Colisão transversal;Com Vítimas Feridas;Pleno dia;Crescente;Sol;Simples;"Aclive;Rotatória";-2.765.629.575;-5.227.646.828
01/11/2024;06:40:00;LONDRINA;Manobra de mudança de faixa;Colisão lateral mesmo sentido;Com Vítimas Feridas;Amanhecer;Crescente;Céu Claro;Dupla;"Interseção de Vias;Reta";-2.329.314.781;-5.113.450.706
20/12/2024;13:15:00;UBAITABA;Velocidade Incompatível;Colisão frontal;Com Vítimas Feridas;Pleno dia;Decrescente;Céu Claro;Simples;"Curva;Aclive";-1.424.370.265;-3.938.123.362
20/12/2024;11:05:00;RIO BONITO;Velocidade Incompatível;Saída de leito carroçável;Com Vítimas Feridas;Pleno dia;Decrescente;Céu Claro;Dupla;Curva;-2.271.139.378;-4.261.157.199
20/12/2024;16:00:00;BRASILIA;Velocidade Incompatível;Saída de leito carroçável;Sem Vítimas;Pleno dia;Decrescente;Garoa/Chuvisco;Dupla;"Declive;Reta";-15.616.901;-47.708.927
20/12/2024;15:51:00;CONCEICAO DA BARRA;Animais na Pista;Tombamento;Com Vítimas Feridas;Pleno dia;Crescente;Sol;Simples;Reta;-1.841.695.394;-3.993.608.555
20/12/2024;15:50:00;NOVA LIMA;Manobra de mudança de faixa;Colisão lateral mesmo sentido;Com Vítimas Feridas;Pleno dia;Decrescente;Nublado;Dupla;Reta;-1.999.848.032;-4.396.256.558
20/12/2024;17:00:00;GARANHUNS;Conversão proibida;Colisão traseira;Com Vítimas Feridas;Pleno dia;Crescente;Céu Claro;Simples;"Curva;Declive";-887.477.127;-3.652.085.205
20/12/2024;17:15:00;PALMAS;Manobra de mudança de faixa;Colisão traseira;Com Vítimas Feridas;Pleno dia;Decrescente;Céu Claro;Múltipla;Reta;-1.026.229.522;-483.094.385
20/12/2024;17:30:00;SANTOS DUMONT;Chuva;Colisão frontal;Com Vítimas Feridas;Anoitecer;Decrescente;Chuva;Simples;Curva;-2.148.482.613;-4.353.592.342
20/12/2024;16:15:00;VITORIA DA CONQUISTA;Desrespeitar a preferência no cruzamento;Colisão transversal;Com Vítimas Feridas;Plena Noite;Decrescente;Céu Claro;Dupla;"Reta;Declive";-1.486.948.499;-408.507.571
20/12/2024;17:10:00;BRASILIA;Chuva;Queda de ocupante de veículo;Com Vítimas Feridas;Pleno dia;Crescente;Chuva;Dupla;Reta;-16.029.741;-47.978.867
20/12/2024;15:58:00;SAO FRANCISCO DO OESTE;Conversão proibida;Colisão transversal;Com Vítimas Feridas;Pleno dia;Crescente;Céu Claro;Simples;Reta;-598.608.267;-3.815.934.447
20/12/2024;18:20:00;TACAIMBO;Manobra de mudança de faixa;Colisão lateral sentido oposto;Com Vítimas Feridas;Plena Noite;Crescente;Céu Claro;Simples;Reta;-833.222.779;-3.626.248.895
20/12/2024;18:15:00;ITAPECERICA DA SERRA;Acumulo de água sobre o pavimento;Saída de leito carroçável;Com Vítimas Feridas;Plena Noite;Decrescente;Chuva;Dupla;Reta;-23.719.254;-46.883.144
20/12/2024;17:20:00;PETROPOLIS;Pista Escorregadia;Saída de leito carroçável;Com Vítimas Feridas;Pleno dia;Crescente;Chuva;Dupla;"Curva;Declive";-2.248.005.592;-4.323.543.994
20/12/2024;19:30:00;POUSO ALEGRE;Velocidade Incompatível;Saída de leito carroçável;Com Vítimas Feridas;Plena Noite;Decrescente;Chuva;Dupla;Curva;-22.450.796;-46.000.139
20/12/2024;19:00:00;GUARAPUAVA;Ultrapassagem Indevida;Colisão lateral sentido oposto;Sem Vítimas;Plena Noite;Crescente;Céu Claro;Simples;"Declive;Reta";-2.542.093.219;-5.158.063.892
20/12/2024;20:30:00;SANTA MARIA;Desrespeitar a preferência no cruzamento;Colisão transversal;Com Vítimas Feridas;Plena Noite;Crescente;Céu Claro;Dupla;"Interseção de Vias;Rotatória";-2.970.702.752;-5.385.239.482
20/12/2024;17:00:00;JOAO PINHEIRO;Chuva;Saída de leito carroçável;Com Vítimas Feridas;Pleno dia;Decrescente;Chuva;Simples;Curva;-1.807.179.529;-4.567.049.286
20/12/2024;20:00:00;POUSO ALTO;Chuva;Tombamento;Com Vítimas Feridas;Plena Noite;Decrescente;Chuva;Simples;"Interseção de Vias;Rotatória;Reta";-2.225.480.842;-4.492.814.626
20/12/2024;19:45:00;BRASILIA;Manobra de mudança de faixa;Colisão frontal;Com Vítimas Fatais;Plena Noite;Crescente;Nublado;Simples;Reta;-1.597.634.747;-4.791.034.698
20/12/2024;20:20:00;ARARANGUA;Desrespeitar a preferência no cruzamento;Colisão transversal;Com Vítimas Feridas;Plena Noite;Crescente;Nublado;Simples;Interseção de Vias;-2.893.973.508;-4.949.778.557
20/12/2024;20:00:00;CAUCAIA;Manobra de mudança de faixa;Colisão lateral mesmo sentido;Com Vítimas Feridas;Plena Noite;Crescente;Céu Claro;Múltipla;Reta;-374.164.754;-3.860.449.792
20/12/2024;18:40:00;JEQUITAI;Ultrapassagem Indevida;Colisão frontal;Com Vítimas Feridas;Plena Noite;Crescente;Chuva;Simples;Reta;-171.623.307;-4.438.164.499
20/12/2024;18:30:00;CARDOSO MOREIRA;Acumulo de areia ou detritos sobre o pavimento;Colisão frontal;Com Vítimas Feridas;Plena Noite;Decrescente;Chuva;Simples;Reta;-2.155.895.006;-4.145.319.306
20/12/2024;16:25:00;COMENDADOR LEVY GASPARIAN;Velocidade Incompatível;Colisão com objeto;Com Vítimas Feridas;Pleno dia;Crescente;Chuva;Dupla;Reta;-2.200.844.904;-4.324.336.605
20/12/2024;19:50:00;CRISTOPOLIS;Ultrapassagem Indevida;Colisão frontal;Com Vítimas Feridas;Plena Noite;Crescente;Céu Claro;Simples;Reta;-12.223;-44.064
20/12/2024;22:00:00;FOZ DO IGUACU;Desrespeitar a preferência no cruzamento;Colisão transversal;Com Vítimas Feridas;Plena Noite;Crescente;Céu Claro;Dupla;"Retorno Regulamentado;Reta";-2.549.878.215;-5.452.985.294
20/12/2024;21:00:00;SORRISO;Animais na Pista;Atropelamento de Animal;Com Vítimas Feridas;Plena Noite;Crescente;Garoa/Chuvisco;Simples;Reta;-12.487.488;-55.681.552
20/12/2024;22:50:00;PALMEIRA DAS MISSOES;Desrespeitar a preferência no cruzamento;Colisão transversal;Com Vítimas Feridas;Plena Noite;Crescente;Céu Claro;Simples;"Interseção de Vias;Rotatória";-2.786.423.644;-5.333.220.816
20/12/2024;22:00:00;RIO LARGO;Velocidade Incompatível;Colisão traseira;Com Vítimas Feridas;Plena Noite;Decrescente;Céu Claro;Dupla;Reta;-949.216.808;-3.581.471.324
20/12/2024;23:20:00;CURITIBA;Velocidade Incompatível;Colisão traseira;Com Vítimas Feridas;Plena Noite;Crescente;Nublado;Dupla;"Declive;Reta";-255.121.282;-4.933.841.134
20/12/2024;20:05:00;OLHO DAGUA DAS CUNHAS;Animais na Pista;Atropelamento de Animal;Com Vítimas Fatais;Plena Noite;Crescente;Céu Claro;Simples;Reta;-3.945.923;-45.141.392
20/12/2024;22:30:00;SIMAO PEREIRA;Chuva;Colisão com objeto;Com Vítimas Feridas;Plena Noite;Crescente;Chuva;Dupla;Curva;-21.979.241;-43.284.674
21/12/2024;01:20:00;NOVA ESPERANCA;Neblina;Saída de leito carroçável;Com Vítimas Feridas;Plena Noite;Decrescente;Nevoeiro/Neblina;Dupla;"Declive;Curva;Interseção de Vias;Rotatória";-23.235.394;-52.173.531
21/12/2024;02:40:00;CUSTODIA;Animais na Pista;Atropelamento de Animal;Com Vítimas Feridas;Plena Noite;Crescente;Céu Claro;Simples;"Reta;Declive";-810.901.595;-3.755.608.396
21/12/2024;05:11:00;PIMENTA BUENO;Acesso irregular;Colisão frontal;Com Vítimas Fatais;Pleno dia;Decrescente;Nublado;Simples;"Declive;Reta";-11.605.215;-61.225.665
21/12/2024;05:30:00;ITATIAIUCU;Velocidade Incompatível;Saída de leito carroçável;Com Vítimas Feridas;Amanhecer;Crescente;Chuva;Dupla;Curva;-2.032.661.215;-4.445.627.931
21/12/2024;06:20:00;GUARULHOS;Acumulo de areia ou detritos sobre o pavimento;Tombamento;Com Vítimas Feridas;Pleno dia;Crescente;Nublado;Múltipla;"Em Obras;Reta";-2.349.102.507;-4.654.878.195
21/12/2024;05:50:00;RIO VERDE;Curva acentuada;Saída de leito carroçável;Sem Vítimas;Amanhecer;Crescente;Chuva;Dupla;Curva;-1.787.416.193;-5.072.575.996
21/12/2024;06:40:00;OCAUCU;Acostamento em desnível;Colisão com objeto;Com Vítimas Feridas;Amanhecer;Crescente;Chuva;Simples;"Reta;Declive";-2.245.381.704;-4.986.982.698
21/12/2024;05:00:00;PATROCINIO;Chuva;Saída de leito carroçável;Com Vítimas Feridas;Amanhecer;Crescente;Chuva;Simples;"Interseção de Vias;Rotatória";-1.883.594.238;-4.683.646.889
21/12/2024;08:41:00;JOAO PESSOA;Condutor usando celular;Tombamento;Com Vítimas Feridas;Pleno dia;Decrescente;Sol;Dupla;Reta;-7.093;-348.482
21/12/2024;09:00:00;BARBACENA;Curva acentuada;Colisão com objeto;Com Vítimas Feridas;Pleno dia;Decrescente;Nublado;Dupla;Curva;-212.165.929;-437.462.589
21/12/2024;09:00:00;BRAGANCA PAULISTA;Manobra de mudança de faixa;Colisão traseira;Com Vítimas Feridas;Pleno dia;Decrescente;Nublado;Dupla;Reta;-229.746.091;-4.648.838.277
15/12/2024;11:35:00;CHAPADAO DO SUL;Animais na Pista;Atropelamento de Animal;Sem Vítimas;Pleno dia;Crescente;Céu Claro;Simples;Reta;-1.894.075.514;-5.278.211.785
21/12/2024;07:58:00;NOVA MUTUM;Acumulo de água sobre o pavimento;Saída de leito carroçável;Com Vítimas Feridas;Pleno dia;Crescente;Chuva;Dupla;Reta;-1.416.229.605;-5.609.222.316
21/12/2024;09:10:00;PIRENOPOLIS;Chuva;Saída de leito carroçável;Com Vítimas Feridas;Pleno dia;Crescente;Chuva;Simples;Reta;-16.125.668;-49.043.564
21/12/2024;05:00:00;TEREZOPOLIS DE GOIAS;Desrespeitar a preferência no cruzamento;Colisão transversal;Sem Vítimas;Pleno dia;Decrescente;Céu Claro;Dupla;Reta;-164.848;-490.935
21/12/2024;09:50:00;GUAIBA;Manobra de mudança de faixa;Saída de leito carroçável;Sem Vítimas;Pleno dia;Decrescente;Céu Claro;Simples;Reta;-3.015.531.808;-513.705.139
21/12/2024;08:50:00;JUATUBA;Chuva;Colisão com objeto;Com Vítimas Feridas;Pleno dia;Crescente;Garoa/Chuvisco;Dupla;Curva;-19.970.807;-44.289.881
28/11/2024;06:05:00;QUEIMADOS;Velocidade Incompatível;Colisão traseira;Com Vítimas Feridas;Amanhecer;Crescente;Ignorado;Dupla;Reta;-2.273.358.689;-4.355.634.928
21/12/2024;07:38:00;NOVA MUTUM;Chuva;Saída de leito carroçável;Com Vítimas Feridas;Pleno dia;Crescente;Chuva;Dupla;Reta;-1.406.764.961;-5.610.340.118
21/12/2024;09:10:00;GOVERNADOR VALADARES;Ultrapassagem Indevida;Colisão frontal;Com Vítimas Feridas;Pleno dia;Crescente;Céu Claro;Simples;"Reta;Declive";-1.872.499.706;-4.198.860.609
21/12/2024;10:00:00;SAO GONCALO DO RIO ABAIXO;Velocidade Incompatível;Colisão frontal;Com Vítimas Feridas;Pleno dia;Decrescente;Chuva;Simples;Curva;-19.854.651;-43.261.071
21/12/2024;10:00:00;BOM JESUS DE GOIAS;Chuva;Colisão frontal;Com Vítimas Fatais;Pleno dia;Decrescente;Nublado;Simples;Reta;-1.829.856.164;-4.955.412.505
21/12/2024;07:50:00;MURIAE;Velocidade Incompatível;Colisão com objeto;Com Vítimas Feridas;Pleno dia;Decrescente;Chuva;Simples;Curva;-2.121.283.022;-4.238.932.659
21/12/2024;06:30:00;SANTO ANTONIO DO GRAMA;Ultrapassagem Indevida;Colisão frontal;Com Vítimas Fatais;Amanhecer;Crescente;Nublado;Simples;"Aclive;Curva";-2.028.900.223;-4.255.571.834
20/12/2024;22:32:00;GLORIA DOESTE;Animais na Pista;Atropelamento de Animal;Sem Vítimas;Plena Noite;Crescente;Nublado;Simples;Curva;-1.584.324.364;-5.814.504.287
21/12/2024;11:15:00;CAXIAS DO SUL;Manobra de mudança de faixa;Colisão lateral mesmo sentido;Com Vítimas Feridas;Pleno dia;Crescente;Céu Claro;Dupla;"Aclive;Reta";-291.267.449;-5.112.768.983
21/12/2024;11:20:00;CABEDELO;Manobra de mudança de faixa;Colisão transversal;Com Vítimas Feridas;Pleno dia;Decrescente;Céu Claro;Múltipla;Reta;-702.007.831;-3.483.556.509
21/12/2024;11:20:00;SAO JOSE DOS PINHAIS;Acumulo de areia ou detritos sobre o pavimento;Tombamento;Com Vítimas Feridas;Pleno dia;Crescente;Céu Claro;Dupla;Curva;-2.556.100.984;-4.901.719.293
21/12/2024;10:20:00;ICARA;Desrespeitar a preferência no cruzamento;Colisão transversal;Com Vítimas Feridas;Pleno dia;Decrescente;Céu Claro;Múltipla;Declive;-28.756.102;-49.278.812
21/12/2024;12:28:00;ITAPEVA;Velocidade Incompatível;Saída de leito carroçável;Com Vítimas Feridas;Pleno dia;Crescente;Chuva;Dupla;Curva;-227.704.869;-4.620.021.296
21/12/2024;12:50:00;MUQUI;Redutor de velocidade em desacordo;Queda de ocupante de veículo;Com Vítimas Feridas;Pleno dia;Decrescente;Nublado;Simples;Curva;-2.094.057.167;-4.133.099.715
21/12/2024;13:14:00;AGUAS LINDAS DE GOIAS;Manobra de mudança de faixa;Colisão lateral mesmo sentido;Sem Vítimas;Pleno dia;Crescente;Nublado;Dupla;"Reta;Aclive";-1.575.683.677;-4.825.464.732
21/12/2024;13:00:00;ARAXA;Chuva;Saída de leito carroçável;Com Vítimas Feridas;Pleno dia;Crescente;Chuva;Simples;"Curva;Declive";-19.548.492;-4.692.987
21/12/2024;14:00:00;POUSO REDONDO;Velocidade Incompatível;Capotamento;Com Vítimas Feridas;Pleno dia;Crescente;Céu Claro;Simples;Reta;-27.266.994;-49.872.524
21/12/2024;14:00:00;SAO JOSE;Frear bruscamente;Colisão traseira;Com Vítimas Feridas;Pleno dia;Decrescente;Céu Claro;Múltipla;Reta;-2.760.327.979;-4.863.201.818
21/12/2024;14:00:00;ANGRA DOS REIS;Ultrapassagem Indevida;Colisão transversal;Sem Vítimas;Pleno dia;Crescente;Nublado;Simples;Reta;-2.300.976.417;-4.429.158.568
21/12/2024;11:00:00;RIO DE JANEIRO;Acumulo de areia ou detritos sobre o pavimento;Queda de ocupante de veículo;Com Vítimas Feridas;Pleno dia;Crescente;Céu Claro;Dupla;Reta;-2.287.265.669;-4.360.655.915
21/12/2024;13:45:00;ROLANDIA;Ultrapassagem Indevida;Colisão lateral mesmo sentido;Com Vítimas Feridas;Pleno dia;Crescente;Céu Claro;Simples;Reta;-2.330.381.966;-5.135.754.883
21/12/2024;15:00:00;GARANHUNS;Acostamento em desnível;Queda de ocupante de veículo;Com Vítimas Feridas;Pleno dia;Decrescente;Céu Claro;Simples;"Reta;Ponte";-885.227;-36.462.182
21/12/2024;14:00:00;NATAL;Manobra de mudança de faixa;Colisão traseira;Com Vítimas Feridas;Pleno dia;Crescente;Sol;Dupla;"Aclive;Curva;Viaduto";-583.176.615;-3.521.191.342
21/12/2024;05:00:00;SERRA TALHADA;Animais na Pista;Atropelamento de Animal;Sem Vítimas;Pleno dia;Decrescente;Céu Claro;Simples;"Curva;Declive";-801.004.641;-3.824.294.265
21/12/2024;15:00:00;SAO GONCALO DO SAPUCAI;Velocidade Incompatível;Engavetamento;Com Vítimas Feridas;Pleno dia;Decrescente;Chuva;Dupla;Reta;-2.191.770.154;-4.559.156.656
21/12/2024;15:00:00;ONDA VERDE;Velocidade Incompatível;Colisão com objeto;Com Vítimas Feridas;Pleno dia;Crescente;Vento;Simples;Rotatória;-2.061.196.908;-4.932.942.891
21/12/2024;13:20:00;ITAGUARA;Velocidade Incompatível;Capotamento;Com Vítimas Feridas;Pleno dia;Decrescente;Nublado;Dupla;"Aclive;Reta";-2.048.100.267;-4.458.883.345
21/12/2024;15:40:00;IBIRAMA;Velocidade Incompatível;Colisão traseira;Sem Vítimas;Pleno dia;Crescente;Céu Claro;Simples;"Reta;Declive";-27.113.192;-49.529.163
21/12/2024;16:20:00;MATIAS BARBOSA;Velocidade Incompatível;Saída de leito carroçável;Com Vítimas Feridas;Pleno dia;Crescente;Garoa/Chuvisco;Dupla;Curva;-2.186.313.979;-4.337.348.589
21/12/2024;12:00:00;IBIPORA;Chuva;Saída de leito carroçável;Com Vítimas Feridas;Pleno dia;Decrescente;Chuva;Simples;"Curva;Declive";-2.326.192.844;-5.102.067.947
21/12/2024;17:30:00;CAMPO ALEGRE DE GOIAS;Velocidade Incompatível;Saída de leito carroçável;Com Vítimas Feridas;Anoitecer;Decrescente;Céu Claro;Dupla;Aclive;-178.272;-477.732
21/12/2024;17:30:00;MAGE;Conversão proibida;Colisão transversal;Com Vítimas Feridas;Pleno dia;Crescente;Céu Claro;Simples;Reta;-226.663.848;-4.302.770.248
21/12/2024;18:00:00;ARAGUAINA;Manobra de mudança de faixa;Colisão lateral mesmo sentido;Com Vítimas Feridas;Anoitecer;Decrescente;Nublado;Dupla;Reta;-715.509.994;-4.820.416.232
21/12/2024;17:25:00;PETROPOLIS;Chuva;Capotamento;Com Vítimas Feridas;Plena Noite;Decrescente;Chuva;Dupla;Curva;-2.243.674.775;-431.756.712
21/12/2024;19:15:00;ANAPOLIS;Manobra de mudança de faixa;Colisão lateral mesmo sentido;Com Vítimas Feridas;Plena Noite;Decrescente;Garoa/Chuvisco;Dupla;Reta;-163.846;-489.541
21/12/2024;18:20:00;JARAGUA;Pista Escorregadia;Tombamento;Com Vítimas Feridas;Pleno dia;Crescente;Céu Claro;Dupla;Interseção de Vias;-15.750.625;-49.316.742
21/12/2024;18:30:00;SAO JOSE DOS CAMPOS;Velocidade Incompatível;Colisão traseira;Com Vítimas Feridas;Anoitecer;Decrescente;Chuva;Dupla;Reta;-2.314.874.471;-4.577.863.714
21/12/2024;18:00:00;RIO VERDE DE MATO GROSSO;Conversão proibida;Eventos atípicos;Com Vítimas Feridas;Anoitecer;Crescente;Nublado;Simples;Reta;-1.891.578.008;-5.483.862.738
21/12/2024;18:40:00;CONCEICAO DO JACUIPE;Deficiência do Sistema de Iluminação/Sinalização;Colisão com objeto;Com Vítimas Feridas;Plena Noite;Decrescente;Céu Claro;Dupla;Reta;-1.235.551.436;-38.782.478
21/12/2024;19:40:00;SANTA TEREZINHA DE ITAIPU;Animais na Pista;Atropelamento de Animal;Com Vítimas Feridas;Plena Noite;Decrescente;Céu Claro;Dupla;Reta;-2.547.252.277;-5.446.707.409
21/12/2024;19:25:00;ORIZANIA;Animais na Pista;Atropelamento de Animal;Com Vítimas Feridas;Plena Noite;Decrescente;Nublado;Simples;Reta;-2.048.900.612;-4.218.485.674
21/12/2024;20:00:00;MATIAS BARBOSA;Ultrapassagem Indevida;Colisão transversal;Com Vítimas Feridas;Plena Noite;Crescente;Chuva;Simples;"Interseção de Vias;Viaduto";-21.875.084;-43.339.466
21/12/2024;19:42:00;DUQUE DE CAXIAS;Manobra de mudança de faixa;Colisão lateral mesmo sentido;Com Vítimas Feridas;Plena Noite;Crescente;Garoa/Chuvisco;Múltipla;Reta;-22.807.953;-43.289.124
21/12/2024;20:40:00;GUAPIMIRIM;Iluminação deficiente;Atropelamento de Pedestre;Com Vítimas Fatais;Plena Noite;Crescente;Chuva;Simples;Reta;-22.535.843;-4.299.125
21/12/2024;19:00:00;IBIRAPITANGA;Conversão proibida;Colisão frontal;Com Vítimas Feridas;Plena Noite;Crescente;Céu Claro;Simples;"Reta;Declive";-1.413.324.637;-3.935.925.007
21/12/2024;19:00:00;CUIABA;Restrição de visibilidade em curvas horizontais;Saída de leito carroçável;Com Vítimas Feridas;Plena Noite;Decrescente;Nublado;Simples;"Em Obras;Curva";-156.933.343;-56.100.266
21/12/2024;21:19:00;SANTA LUZIA;Animais na Pista;Atropelamento de Animal;Com Vítimas Feridas;Plena Noite;Crescente;Céu Claro;Simples;Reta;-68.691;-369.142
21/12/2024;19:30:00;ICARAIMA;Velocidade Incompatível;Saída de leito carroçável;Sem Vítimas;Plena Noite;Crescente;Céu Claro;Simples;Curva;-2.339.435;-53.626.625
21/12/2024;21:37:00;FOZ DO IGUACU;Iluminação deficiente;Atropelamento de Pedestre;Com Vítimas Feridas;Plena Noite;Decrescente;Céu Claro;Simples;"Reta;Em Obras";-255.469;-545.882
21/12/2024;18:00:00;CHAPECO;Velocidade Incompatível;Saída de leito carroçável;Com Vítimas Feridas;Anoitecer;Crescente;Céu Claro;Simples;Curva;-2.705.534.298;-5.263.652.069
21/12/2024;22:10:00;BARBACENA;Velocidade Incompatível;Saída de leito carroçável;Com Vítimas Feridas;Plena Noite;Crescente;Chuva;Dupla;Curva;-2.128.969.425;-4.364.078.522
21/12/2024;21:30:00;CURRAIS NOVOS;Velocidade Incompatível;Atropelamento de Pedestre;Com Vítimas Feridas;Plena Noite;Crescente;Céu Claro;Simples;Aclive;-6.268.149;-3.652.254
21/12/2024;22:30:00;PATOS;Animais na Pista;Atropelamento de Animal;Com Vítimas Feridas;Plena Noite;Decrescente;Céu Claro;Simples;"Aclive;Reta";-70.057;-372.998
21/12/2024;21:30:00;CURRAIS NOVOS;Desrespeitar a preferência no cruzamento;Colisão transversal;Com Vítimas Feridas;Plena Noite;Decrescente;Céu Claro;Dupla;Reta;-626.216.835;-3.651.661.662
21/12/2024;18:10:00;CEREJEIRAS;Desrespeitar a preferência no cruzamento;Colisão transversal;Com Vítimas Feridas;Plena Noite;Crescente;Nublado;Dupla;Interseção de Vias;-1.318.889.171;-60.808.424
21/12/2024;23:50:00;PINHEIRAL;Acumulo de água sobre o pavimento;Colisão traseira;Com Vítimas Feridas;Plena Noite;Decrescente;Chuva;Dupla;Curva;-2.258.138.777;-4.402.160.689
21/12/2024;23:30:00;BARRA DO PIRAI;Velocidade Incompatível;Saída de leito carroçável;Com Vítimas Feridas;Plena Noite;Decrescente;Garoa/Chuvisco;Simples;Reta;-2.243.418.644;-4.372.671.584
22/12/2024;04:00:00;PELOTAS;Animais na Pista;Atropelamento de Animal;Com Vítimas Feridas;Plena Noite;Crescente;Céu Claro;Simples;Reta;-3.166.857.878;-5.246.031.269
22/12/2024;04:55:00;LAJEADO;Acesso irregular;Colisão com objeto;Com Vítimas Feridas;Plena Noite;Crescente;Chuva;Dupla;"Desvio Temporário;Em Obras";-29.443.069;-51.984.135
22/12/2024;04:53:00;BETIM;Pista Escorregadia;Tombamento;Com Vítimas Feridas;Pleno dia;Decrescente;Chuva;Dupla;Curva;-1.995.531.717;-4.411.722.196
22/12/2024;05:20:00;LONTRAS;Frear bruscamente;Colisão frontal;Com Vítimas Feridas;Pleno dia;Crescente;Garoa/Chuvisco;Simples;Curva;-27.143.742;-49.548.897
22/12/2024;02:30:00;BOA VIAGEM;Manobra de mudança de faixa;Colisão lateral mesmo sentido;Com Vítimas Feridas;Plena Noite;Decrescente;Céu Claro;Simples;Reta;-509.366.806;-3.971.098.988
22/12/2024;05:05:00;PALMEIRA;Velocidade Incompatível;Capotamento;Com Vítimas Feridas;Amanhecer;Crescente;Céu Claro;Dupla;"Declive;Reta";-254.395.417;-4.975.001.514
22/12/2024;04:10:00;PATO BRANCO;Deficiência do Sistema de Iluminação/Sinalização;Saída de leito carroçável;Com Vítimas Feridas;Pleno dia;Decrescente;Céu Claro;Simples;Reta;-2.623.547.098;-5.269.066.504
22/12/2024;06:45:00;SABARA;Pista Escorregadia;Saída de leito carroçável;Com Vítimas Feridas;Pleno dia;Decrescente;Chuva;Simples;"Declive;Reta";-1.979.464.867;-4.374.727.964
22/12/2024;07:20:00;AQUIRAZ;Manobra de mudança de faixa;Colisão traseira;Com Vítimas Feridas;Pleno dia;Crescente;Céu Claro;Dupla;Reta;-405.237.473;-3.850.624.323
22/12/2024;07:10:00;PANAMBI;Acumulo de água sobre o pavimento;Saída de leito carroçável;Com Vítimas Feridas;Pleno dia;Decrescente;Céu Claro;Simples;Reta;-2.830.652.689;-5.348.642.805
22/12/2024;05:30:00;UBERLANDIA;Pista Escorregadia;Tombamento;Com Vítimas Feridas;Amanhecer;Decrescente;Nublado;Dupla;Reta;-1.888.697.704;-4.826.191.485
21/12/2024;05:50:00;ALTOS;Ultrapassagem Indevida;Colisão traseira;Com Vítimas Feridas;Amanhecer;Decrescente;Céu Claro;Simples;Reta;-504.739.517;-425.160.706
22/12/2024;07:47:00;RECIFE;Manobra de mudança de faixa;Colisão lateral mesmo sentido;Com Vítimas Feridas;Pleno dia;Crescente;Céu Claro;Múltipla;Reta;-807.163.695;-349.562.645
22/12/2024;00:20:00;CARMOPOLIS DE MINAS;Velocidade Incompatível;Saída de leito carroçável;Com Vítimas Feridas;Plena Noite;Crescente;Chuva;Dupla;Reta;-2.051.563.127;-4.461.540.778
22/12/2024;05:50:00;OLIVEIRA;Velocidade Incompatível;Saída de leito carroçável;Com Vítimas Feridas;Amanhecer;Decrescente;Chuva;Dupla;Curva;-2.082.916.917;-4.481.714.594