data_inversa;horario;municipio;causa_acidente;tipo_acidente;classificacao_acidente;fase_dia;sentido_via;condicao_metereologica;tipo_pista;tracado_via;latitude;longitude
24/12/2024;17:00:00;SALVADOR;Manobra de mudança de faixa;Colisão lateral mesmo sentido;Com Vítimas Feridas;Pleno dia;Decrescente;Céu Claro;Múltipla;"Reta;Interseção de Vias";-12.891.109;-38.445.374
24/12/2024;17:50:00;UBERLANDIA;Chuva;Saída de leito carroçável;Com Vítimas Feridas;Pleno dia;Crescente;Chuva;Dupla;"Reta;Declive";-1.879.408.225;-4.823.421.867
24/12/2024;18:10:00;MURIAE;Desrespeitar a preferência no cruzamento;Colisão transversal;Com Vítimas Feridas;Anoitecer;Crescente;Nublado;Simples;"Reta;Interseção de Vias";-2.112.838.898;-42.366.803
24/12/2024;15:50:00;TERESOPOLIS;Desrespeitar a preferência no cruzamento;Colisão frontal;Com Vítimas Feridas;Pleno dia;Crescente;Garoa/Chuvisco;Simples;Interseção de Vias;-2.240.473;-42.966.854
24/12/2024;17:39:00;BAYEUX;Chuva;Queda de ocupante de veículo;Com Vítimas Feridas;Plena Noite;Crescente;Chuva;Dupla;Reta;-7.143.487;-34.918.642
24/12/2024;18:15:00;GUARATINGUETA;Frear bruscamente;Colisão com objeto;Com Vítimas Feridas;Pleno dia;Crescente;Céu Claro;Dupla;"Reta;Aclive";-2.279.763.613;-451.674.588
24/12/2024;18:30:00;COLINAS DO TOCANTINS;Chuva;Colisão com objeto;Com Vítimas Feridas;Plena Noite;Decrescente;Chuva;Simples;"Ponte;Reta";-7.994.203;-4.846.468.483
24/12/2024;18:30:00;RIO LARGO;Animais na Pista;Colisão com objeto;Com Vítimas Feridas;Plena Noite;Crescente;Céu Claro;Dupla;Reta;-944.864.971;-3.586.079.908
24/12/2024;20:05:00;ESTRELA;Pista esburacada;Tombamento;Com Vítimas Feridas;Plena Noite;Decrescente;Céu Claro;Dupla;"Em Obras;Curva";-29.483.124;-51.954.472
24/12/2024;19:45:00;URUACU;Deficiência do Sistema de Iluminação/Sinalização;Capotamento;Sem Vítimas;Plena Noite;Decrescente;Céu Claro;Simples;Reta;-14.386.441;-49.157.879
24/12/2024;19:05:00;PIMENTA BUENO;Manobra de mudança de faixa;Colisão frontal;Com Vítimas Fatais;Plena Noite;Crescente;Céu Claro;Simples;Reta;-1.171.739.105;-6.115.037.204
24/12/2024;19:00:00;RIO BRANCO;Manobra de mudança de faixa;Colisão traseira;Com Vítimas Feridas;Plena Noite;Crescente;Céu Claro;Dupla;Reta;-1.001.152.469;-6.779.140.099
24/12/2024;22:40:00;FORMOSA;Desrespeitar a preferência no cruzamento;Colisão frontal;Com Vítimas Feridas;Plena Noite;Crescente;Chuva;Simples;Curva;-15.554.792;-47.274.769
24/12/2024;19:40:00;IRAUCUBA;Manobra de mudança de faixa;Colisão frontal;Com Vítimas Fatais;Plena Noite;Crescente;Céu Claro;Simples;"Curva;Em Obras";-374.372.907;-3.979.850.103
24/12/2024;21:40:00;EUGENOPOLIS;Velocidade Incompatível;Capotamento;Com Vítimas Fatais;Plena Noite;Decrescente;Nublado;Simples;Curva;-2.112.514.202;-42.254.502
25/12/2024;00:40:00;JACAREI;Animais na Pista;Atropelamento de Animal;Com Vítimas Feridas;Plena Noite;Decrescente;Céu Claro;Dupla;Declive;-2.331.217.395;-4.606.330.303
25/12/2024;01:24:00;LINHARES;Chuva;Tombamento;Com Vítimas Feridas;Plena Noite;Crescente;Chuva;Simples;Reta;-1.948.358.708;-4.011.977.894
25/12/2024;01:00:00;URUGUAIANA;Animais na Pista;Atropelamento de Animal;Com Vítimas Feridas;Plena Noite;Crescente;Nublado;Simples;Reta;-30.011.345;-56.358.948
25/12/2024;01:00:00;PORTO VELHO;Iluminação deficiente;Atropelamento de Pedestre;Com Vítimas Feridas;Plena Noite;Crescente;Céu Claro;Dupla;Reta;-88.004.732;-6.373.619.556
25/12/2024;03:00:00;LUZ;Ultrapassagem Indevida;Colisão frontal;Com Vítimas Feridas;Plena Noite;Crescente;Nublado;Simples;Reta;-1.975.250.409;-4.581.968.114
25/12/2024;03:30:00;GUARULHOS;Acumulo de areia ou detritos sobre o pavimento;Queda de ocupante de veículo;Com Vítimas Feridas;Amanhecer;Decrescente;Céu Claro;Múltipla;Curva;-2.349.659.264;-4.655.648.754
25/12/2024;02:00:00;AIURUOCA;Acesso irregular;Colisão transversal;Com Vítimas Feridas;Plena Noite;Crescente;Nublado;Simples;"Reta;Rotatória";-2.193.231.153;-4.463.637.015
25/12/2024;04:00:00;RIO DO SUL;Velocidade Incompatível;Colisão com objeto;Com Vítimas Fatais;Plena Noite;Crescente;Nublado;Simples;Curva;-271.874.429;-496.086.656
24/12/2024;20:35:00;JANGADA;Acumulo de areia ou detritos sobre o pavimento;Saída de leito carroçável;Com Vítimas Feridas;Plena Noite;Decrescente;Garoa/Chuvisco;Simples;Reta;-1.513.868.198;-5.652.240.032
25/12/2024;06:30:00;CAJATI;Chuva;Capotamento;Sem Vítimas;Amanhecer;Crescente;Garoa/Chuvisco;Dupla;Curva;-2.483.558.399;-482.223.738
24/12/2024;23:35:00;SAO MIGUEL DO GUAMA;Deficiência do Sistema de Iluminação/Sinalização;Colisão traseira;Sem Vítimas;Plena Noite;Decrescente;Céu Claro;Simples;Reta;-159.488.118;-4.749.117.629
25/12/2024;00:30:00;PORTO REAL;Velocidade Incompatível;Queda de ocupante de veículo;Com Vítimas Feridas;Plena Noite;Crescente;Chuva;Dupla;Reta;-224.529.399;-4.436.236.901
25/12/2024;07:30:00;BRUMADINHO;Velocidade Incompatível;Tombamento;Com Vítimas Feridas;Pleno dia;Decrescente;Céu Claro;Dupla;"Curva;Declive";-20.110.907;-443.241.665
25/12/2024;07:00:00;ROSARIO DO CATETE;Chuva;Colisão frontal;Com Vítimas Feridas;Pleno dia;Decrescente;Chuva;Simples;Curva;-10.659.681;-3.702.849
25/12/2024;07:45:00;ERECHIM;Velocidade Incompatível;Saída de leito carroçável;Sem Vítimas;Pleno dia;Crescente;Nublado;Simples;Curva;-2.761.448.106;-5.223.956.251
25/12/2024;08:00:00;ARAGUARI;Velocidade Incompatível;Saída de leito carroçável;Com Vítimas Feridas;Pleno dia;Decrescente;Chuva;Dupla;Reta;-1.861.146.226;-4.807.749.391
25/12/2024;09:30:00;CABEDELO;Manobra de mudança de faixa;Colisão lateral mesmo sentido;Com Vítimas Feridas;Pleno dia;Decrescente;Céu Claro;Dupla;Reta;-7.068;-34.85
25/12/2024;09:15:00;VICENTINA;Conversão proibida;Colisão frontal;Com Vítimas Feridas;Pleno dia;Crescente;Nublado;Simples;Reta;-2.239.963.978;-5.446.020.191
25/12/2024;11:00:00;ITAITUBA;Pista Escorregadia;Saída de leito carroçável;Sem Vítimas;Pleno dia;Crescente;Chuva;Simples;"Declive;Reta";-4.395.732;-55.949.092
25/12/2024;12:10:00;BETIM;Acumulo de água sobre o pavimento;Saída de leito carroçável;Com Vítimas Feridas;Pleno dia;Crescente;Chuva;Dupla;"Reta;Aclive";-1.997.434.015;-4.416.048.513
25/12/2024;11:30:00;TERESOPOLIS;Velocidade Incompatível;Colisão traseira;Com Vítimas Feridas;Pleno dia;Crescente;Nublado;Simples;Curva;-2.228.530.513;-429.306.046
25/12/2024;11:55:00;JUIZ DE FORA;Chuva;Saída de leito carroçável;Sem Vítimas;Pleno dia;Crescente;Chuva;Simples;Curva;-215.606.587;-4.349.865.196
25/12/2024;12:00:00;SAO CAITANO;Velocidade Incompatível;Atropelamento de Pedestre;Com Vítimas Feridas;Pleno dia;Decrescente;Céu Claro;Dupla;Reta;-832.868;-36.120.811
25/12/2024;11:30:00;FAROL;Chuva;Saída de leito carroçável;Com Vítimas Feridas;Pleno dia;Crescente;Chuva;Simples;Curva;-2.409.346.878;-5.265.094.678
25/12/2024;13:00:00;CACOAL;Chuva;Colisão lateral mesmo sentido;Sem Vítimas;Pleno dia;Crescente;Chuva;Dupla;"Interseção de Vias;Reta";-1.145.655.595;-6.142.349.597
25/12/2024;13:00:00;POCOS DE CALDAS;Velocidade Incompatível;Saída de leito carroçável;Sem Vítimas;Pleno dia;Decrescente;Céu Claro;Simples;"Curva;Declive";-2.180.330.748;-4.645.448.327
25/12/2024;11:10:00;TRES FORQUILHAS;Chuva;Saída de leito carroçável;Com Vítimas Feridas;Pleno dia;Crescente;Chuva;Dupla;"Reta;Declive";-2.953.409.619;-5.001.717.704
25/12/2024;08:55:00;COLATINA;Ausência de sinalização;Queda de ocupante de veículo;Com Vítimas Feridas;Pleno dia;Crescente;Chuva;Simples;Aclive;-1.958.704.806;-4.050.913.271
25/12/2024;10:00:00;JOAO PINHEIRO;Acumulo de água sobre o pavimento;Saída de leito carroçável;Com Vítimas Feridas;Pleno dia;Decrescente;Chuva;Simples;"Declive;Reta";-1.811.093.973;-457.062.149
25/12/2024;14:40:00;CANOAS;Velocidade Incompatível;Colisão com objeto;Com Vítimas Feridas;Pleno dia;Decrescente;Céu Claro;Dupla;Curva;-29.903.273;-51.244.934
25/12/2024;14:00:00;MONTE ALEGRE DE MINAS;Demais falhas na via;Saída de leito carroçável;Com Vítimas Feridas;Pleno dia;Crescente;Nublado;Dupla;Reta;-1.885.895.798;-4.907.613.398
25/12/2024;16:20:00;MORRETES;Pista Escorregadia;Tombamento;Com Vítimas Feridas;Pleno dia;Crescente;Nublado;Dupla;Reta;-2.559.243.579;-4.889.076.291
25/12/2024;16:10:00;GUARULHOS;Manobra de mudança de faixa;Tombamento;Com Vítimas Feridas;Pleno dia;Crescente;Chuva;Dupla;Reta;-23.457.972;-46.479.927
25/12/2024;14:15:00;TERESOPOLIS;Velocidade Incompatível;Colisão com objeto;Com Vítimas Feridas;Pleno dia;Crescente;Nublado;Simples;Curva;-2.242.972.396;-4.295.095.697
25/12/2024;16:45:00;ABADIA DE GOIAS;Velocidade Incompatível;Saída de leito carroçável;Com Vítimas Feridas;Pleno dia;Crescente;Chuva;Múltipla;Reta;-167.423;-49.415
25/12/2024;16:47:00;ABADIA DE GOIAS;Acumulo de água sobre o pavimento;Colisão com objeto;Com Vítimas Feridas;Pleno dia;Crescente;Chuva;Dupla;"Reta;Declive";-16.738;-494.076
25/12/2024;17:50:00;PELOTAS;Frear bruscamente;Engavetamento;Sem Vítimas;Pleno dia;Crescente;Sol;Simples;Reta;-3.169.748.285;-5.242.085.591
25/12/2024;17:30:00;TERRA ROXA;Acumulo de areia ou detritos sobre o pavimento;Colisão com objeto;Com Vítimas Fatais;Pleno dia;Crescente;Nublado;Simples;"Curva;Declive";-2.439.524.004;-5.415.113.633
25/12/2024;13:05:00;RIO DE JANEIRO;Manobra de mudança de faixa;Saída de leito carroçável;Com Vítimas Feridas;Pleno dia;Crescente;Céu Claro;Dupla;"Declive;Reta";-2.286.942.567;-4.359.816.381
23/12/2024;23:30:00;SAO BENTO DO SUL;Pista Escorregadia;Colisão com objeto;Sem Vítimas;Plena Noite;Decrescente;Garoa/Chuvisco;Simples;Curva;-2.635.967.199;-49.347.507
25/12/2024;18:00:00;VITORIA DA CONQUISTA;Manobra de mudança de faixa;Colisão frontal;Com Vítimas Feridas;Anoitecer;Crescente;Céu Claro;Simples;"Curva;Interseção de Vias";-14.902;-408.405
25/12/2024;17:35:00;MANGARATIBA;Frear bruscamente;Colisão lateral mesmo sentido;Com Vítimas Feridas;Pleno dia;Decrescente;Céu Claro;Simples;Reta;-2.293.154.625;-4.398.133.788
25/12/2024;17:30:00;LAURENTINO;Chuva;Saída de leito carroçável;Com Vítimas Feridas;Pleno dia;Decrescente;Chuva;Simples;Reta;-27.240.673;-49.685.822
25/12/2024;18:23:00;PAU DOS FERROS;Pista esburacada;Saída de leito carroçável;Com Vítimas Fatais;Plena Noite;Decrescente;Céu Claro;Simples;Reta;-6.114.122;-38.153.942
25/12/2024;09:15:00;CAETANOPOLIS;Velocidade Incompatível;Colisão com objeto;Sem Vítimas;Pleno dia;Crescente;Chuva;Dupla;Reta;-1.934.996.189;-4.435.227.779
25/12/2024;18:45:00;ANGRA DOS REIS;Velocidade Incompatível;Colisão frontal;Com Vítimas Feridas;Anoitecer;Decrescente;Chuva;Simples;Curva;-2.300.103.813;-4.444.070.014
25/12/2024;17:00:00;CAMPOS ALTOS;Velocidade Incompatível;Saída de leito carroçável;Com Vítimas Feridas;Pleno dia;Decrescente;Chuva;Simples;Curva;-19.604.637;-46.283.636
25/12/2024;18:20:00;CURRAIS NOVOS;Conversão proibida;Colisão lateral mesmo sentido;Com Vítimas Feridas;Plena Noite;Decrescente;Céu Claro;Simples;Reta;-620.276;-3.639.892
25/12/2024;19:10:00;CANOAS;Manobra de mudança de faixa;Colisão lateral mesmo sentido;Sem Vítimas;Anoitecer;Crescente;Céu Claro;Dupla;Reta;-29.887.983;-5.117.901
25/12/2024;21:16:00;SERRA CAIADA;Animais na Pista;Atropelamento de Animal;Com Vítimas Feridas;Plena Noite;Decrescente;Céu Claro;Simples;Reta;-610.373.269;-3.570.531.524
25/12/2024;20:40:00;APARECIDA DE GOIANIA;Desrespeitar a preferência no cruzamento;Colisão transversal;Com Vítimas Feridas;Plena Noite;Crescente;Nublado;Dupla;Interseção de Vias;-168.315;-492.434
25/12/2024;19:10:00;CAMPINA GRANDE;Animais na Pista;Queda de ocupante de veículo;Com Vítimas Feridas;Plena Noite;Crescente;Céu Claro;Simples;Reta;-72.582;-359.267
25/12/2024;20:30:00;COLOMBO;Pista Escorregadia;Colisão lateral mesmo sentido;Sem Vítimas;Plena Noite;Crescente;Chuva;Dupla;Reta;-25.348.623;-49.175.663
25/12/2024;19:57:00;MONTE ALEGRE DO PIAUI;Ultrapassagem Indevida;Colisão transversal;Com Vítimas Feridas;Plena Noite;Crescente;Céu Claro;Simples;"Reta;Interseção de Vias";-974.687;-45.301.895
25/12/2024;19:00:00;OLIVEIRA;Velocidade Incompatível;Capotamento;Com Vítimas Feridas;Plena Noite;Crescente;Chuva;Dupla;Curva;-2.076.895.697;-4.478.171.707
25/12/2024;18:00:00;BRUMADINHO;Velocidade Incompatível;Saída de leito carroçável;Com Vítimas Feridas;Anoitecer;Decrescente;Nublado;Dupla;"Curva;Declive";-2.016.283.256;-4.435.072.739
25/12/2024;20:40:00;ITAJAI;Chuva;Tombamento;Com Vítimas Fatais;Plena Noite;Decrescente;Chuva;Múltipla;Curva;-2.692.955.916;-4.870.499.836
25/12/2024;20:50:00;SAO LOURENCO DA SERRA;Velocidade Incompatível;Colisão traseira;Sem Vítimas;Plena Noite;Crescente;Garoa/Chuvisco;Dupla;Reta;-2.388.913.612;-469.801.679
25/12/2024;21:15:00;CURITIBA;Manobra de mudança de faixa;Colisão lateral mesmo sentido;Com Vítimas Feridas;Plena Noite;Decrescente;Nublado;Dupla;"Curva;Aclive";-254.300.524;-493.185.895
25/12/2024;20:50:00;ARARANGUA;Desrespeitar a preferência no cruzamento;Colisão frontal;Com Vítimas Feridas;Plena Noite;Crescente;Nublado;Múltipla;Interseção de Vias;-2.897.097.735;-4.952.706.456
26/12/2024;00:45:00;CATALAO;Acesso irregular;Saída de leito carroçável;Sem Vítimas;Plena Noite;Decrescente;Chuva;Dupla;Reta;-181.696;-47.92
25/12/2024;17:30:00;GENERAL CARNEIRO;Velocidade Incompatível;Saída de leito carroçável;Com Vítimas Feridas;Pleno dia;Decrescente;Chuva;Simples;Curva;-2.650.345.263;-5.134.872.437
26/12/2024;01:00:00;LAGOA VERMELHA;Velocidade Incompatível;Saída de leito carroçável;Com Vítimas Fatais;Plena Noite;Crescente;Céu Claro;Simples;"Curva;Declive";-2.814.193.017;-5.151.441.537
26/12/2024;06:25:00;BIGUACU;Velocidade Incompatível;Saída de leito carroçável;Com Vítimas Feridas;Pleno dia;Crescente;Nublado;Dupla;Curva;-274.341.098;-4.862.567.129
26/12/2024;05:10:00;MIRACATU;Chuva;Saída de leito carroçável;Sem Vítimas;Amanhecer;Crescente;Chuva;Dupla;Curva;-241.220.177;-4.727.047.772
26/12/2024;04:50:00;SAO FRANCISCO DE GOIAS;Estacionar ou parar em local proibido;Colisão traseira;Com Vítimas Feridas;Amanhecer;Decrescente;Garoa/Chuvisco;Simples;Interseção de Vias;-1.589.018.123;-4.923.946.115
26/12/2024;06:48:00;PARNAIBA;Ultrapassagem Indevida;Colisão frontal;Com Vítimas Feridas;Pleno dia;Crescente;Céu Claro;Simples;Reta;-299.403.297;-4.170.542.983
26/12/2024;07:30:00;CASCAVEL;Velocidade Incompatível;Colisão com objeto;Com Vítimas Feridas;Pleno dia;Decrescente;Céu Claro;Simples;Reta;-249.649.472;-534.210.459
26/12/2024;06:40:00;ARACAJU;Manobra de mudança de faixa;Tombamento;Com Vítimas Feridas;Pleno dia;Crescente;Ignorado;Dupla;Reta;-109.087;-370.855
26/12/2024;07:00:00;ALEXANIA;Chuva;Saída de leito carroçável;Sem Vítimas;Plena Noite;Crescente;Chuva;Dupla;Reta;-161.045;-485.242
25/12/2024;02:30:00;BARRA DO GARCAS;Ultrapassagem Indevida;Colisão traseira;Com Vítimas Feridas;Plena Noite;Decrescente;Céu Claro;Simples;Interseção de Vias;-1.589.164.596;-5.226.202.884
26/12/2024;08:50:00;DUQUE DE CAXIAS;Manobra de mudança de faixa;Tombamento;Com Vítimas Feridas;Pleno dia;Crescente;Garoa/Chuvisco;Dupla;Reta;-2.262.897.902;-4.328.579.508
14/12/2024;21:50:00;GUARAMIRIM;Iluminação deficiente;Saída de leito carroçável;Com Vítimas Feridas;Plena Noite;Crescente;Nublado;Dupla;Em Obras;-2.645.059.684;-4.886.790.401
26/12/2024;10:20:00;MARABA;Conversão proibida;Colisão transversal;Com Vítimas Feridas;Pleno dia;Crescente;Céu Claro;Simples;Reta;-53.723;-4.903.615
26/12/2024;09:00:00;GUARULHOS;Chuva;Capotamento;Com Vítimas Feridas;Pleno dia;Decrescente;Chuva;Dupla;Reta;-234.495.853;-4.656.945.705
26/12/2024;09:30:00;CAJATI;Acumulo de água sobre o pavimento;Atropelamento de Pedestre;Com Vítimas Feridas;Pleno dia;Crescente;Chuva;Dupla;Curva;-2.472.274.238;-4.805.286.602
26/12/2024;10:10:00;BARRA DO CORDA;Conversão proibida;Colisão transversal;Com Vítimas Feridas;Pleno dia;Crescente;Céu Claro;Simples;Curva;-54.925.089;-4.527.266.489
26/12/2024;09:45:00;GUARAPUAVA;Velocidade Incompatível;Saída de leito carroçável;Com Vítimas Feridas;Pleno dia;Decrescente;Céu Claro;Dupla;Reta;-2.535.717.631;-5.146.308.732
26/12/2024;10:50:00;SIDROLANDIA;Velocidade Incompatível;Colisão transversal;Com Vítimas Feridas;Pleno dia;Crescente;Céu Claro;Dupla;Reta;-20.933.237;-5.495.998
26/12/2024;11:36:00;MIRACATU;Velocidade Incompatível;Capotamento;Com Vítimas Feridas;Pleno dia;Decrescente;Chuva;Dupla;Curva;-2.424.780.677;-4.737.000.424
26/12/2024;11:00:00;ANGRA DOS REIS;Acumulo de água sobre o pavimento;Queda de ocupante de veículo;Com Vítimas Feridas;Pleno dia;Decrescente;Chuva;Simples;Reta;-2.295.442.983;-4.432.193.004
26/12/2024;09:00:00;FELIXLANDIA;Manobra de mudança de faixa;Colisão lateral mesmo sentido;Com Vítimas Feridas;Pleno dia;Decrescente;Nublado;Simples;"Aclive;Curva";-1.859.828.376;-4.501.025.444
11/11/2024;13:45:00;FEIRA DE SANTANA;Manobra de mudança de faixa;Colisão transversal;Com Vítimas Feridas;Pleno dia;Decrescente;Céu Claro;Dupla;"Reta;Interseção de Vias";-12.267.148;-38.933.399
26/12/2024;12:40:00;TEIXEIRA SOARES;Manobra de mudança de faixa;Saída de leito carroçável;Com Vítimas Feridas;Pleno dia;Decrescente;Sol;Simples;Reta;-254.682.077;-5.040.624.097
26/12/2024;11:40:00;CAPIVARI DE BAIXO;Manobra de mudança de faixa;Colisão lateral mesmo sentido;Com Vítimas Feridas;Pleno dia;Crescente;Céu Claro;Dupla;"Aclive;Reta";-2.844.269.494;-4.896.503.448
26/12/2024;13:05:00;SILVEIRAS;Acumulo de água sobre o pavimento;Colisão com objeto;Com Vítimas Feridas;Pleno dia;Crescente;Chuva;Dupla;Curva;-2.261.979.467;-4.490.833.282
26/12/2024;12:30:00;SANTA RITA DE CALDAS;Velocidade Incompatível;Saída de leito carroçável;Com Vítimas Feridas;Pleno dia;Decrescente;Chuva;Simples;Reta;-2.207.189;-4.626.672
26/12/2024;06:25:00;BOCAIUVA DO SUL;Velocidade Incompatível;Saída de leito carroçável;Com Vítimas Feridas;Amanhecer;Decrescente;Garoa/Chuvisco;Dupla;Curva;-25.225.365;-49.115.093
26/12/2024;11:00:00;BARRA DO TURVO;Pista Escorregadia;Capotamento;Com Vítimas Feridas;Pleno dia;Crescente;Chuva;Simples;"Curva;Declive";-2.495.016.699;-4.842.400.302
26/12/2024;14:30:00;PIRAQUARA;Chuva;Saída de leito carroçável;Com Vítimas Feridas;Pleno dia;Crescente;Chuva;Dupla;Reta;-2.540.969.292;-490.632.661
26/12/2024;15:20:00;BARRA VELHA;Desrespeitar a preferência no cruzamento;Colisão transversal;Com Vítimas Feridas;Pleno dia;Decrescente;Nublado;Múltipla;Interseção de Vias;-2.663.713.377;-4.869.651.057
26/12/2024;14:40:00;VIRMOND;Falta de acostamento;Colisão transversal;Com Vítimas Feridas;Pleno dia;Decrescente;Céu Claro;Simples;Reta;-2.537.846.212;-5.219.329.834
26/12/2024;15:56:00;RECIFE;Manobra de mudança de faixa;Colisão traseira;Com Vítimas Feridas;Pleno dia;Crescente;Céu Claro;Dupla;Reta;-8.042.334;-34.943.096
26/12/2024;14:00:00;CLARO DOS POCOES;Desrespeitar a preferência no cruzamento;Colisão transversal;Com Vítimas Feridas;Pleno dia;Crescente;Céu Claro;Simples;"Interseção de Vias;Reta";-1.687.464.604;-4.416.953.395
26/12/2024;16:40:00;PORTO ALEGRE;Manobra de mudança de faixa;Colisão lateral mesmo sentido;Com Vítimas Feridas;Pleno dia;Decrescente;Céu Claro;Dupla;"Retorno Regulamentado;Reta";-29.969.055;-51.167.439
26/12/2024;16:00:00;RECIFE;Manobra de mudança de faixa;Queda de ocupante de veículo;Com Vítimas Feridas;Pleno dia;Decrescente;Sol;Dupla;Curva;-813.496.499;-3.494.738.614
26/12/2024;16:40:00;UBERABA;Chuva;Saída de leito carroçável;Com Vítimas Feridas;Pleno dia;Decrescente;Chuva;Dupla;Curva;-1.938.085.098;-4.807.703.881
26/12/2024;14:40:00;MANGARATIBA;Pista Escorregadia;Colisão frontal;Com Vítimas Feridas;Pleno dia;Crescente;Chuva;Simples;Aclive;-22.973.969;-44.087.093
26/12/2024;17:10:00;LONDRINA;Manobra de mudança de faixa;Colisão lateral mesmo sentido;Com Vítimas Feridas;Pleno dia;Decrescente;Sol;Dupla;Reta;-2.329.302.078;-511.682.868
25/07/2024;04:39:00;CARIACICA;Manobra de mudança de faixa;Colisão traseira;Com Vítimas Feridas;Plena Noite;Crescente;Céu Claro;Múltipla;Reta;-2.033.223.667;-4.040.004.683
26/12/2024;11:50:00;ITAGUARA;Velocidade Incompatível;Saída de leito carroçável;Com Vítimas Feridas;Pleno dia;Crescente;Chuva;Dupla;Curva;-2.038.230.203;-4.448.068.397
26/12/2024;17:00:00;HORIZONTE;Manobra de mudança de faixa;Colisão lateral mesmo sentido;Com Vítimas Feridas;Pleno dia;Decrescente;Céu Claro;Dupla;Reta;-411.101.962;-3.849.188.805
26/12/2024;16:00:00;CAMANDUCAIA;Velocidade Incompatível;Saída de leito carroçável;Com Vítimas Feridas;Pleno dia;Decrescente;Chuva;Dupla;Curva;-2.277.050.246;-4.623.490.598
26/12/2024;17:35:00;QUEIMADOS;Animais na Pista;Atropelamento de Animal;Com Vítimas Feridas;Pleno dia;Decrescente;Céu Claro;Dupla;Reta;-2.273.960.178;-4.352.859.094
26/12/2024;09:00:00;MORRETES;Chuva;Saída de leito carroçável;Com Vítimas Feridas;Pleno dia;Crescente;Chuva;Dupla;"Curva;Aclive";-255.585.949;-4.880.593.311
26/12/2024;17:45:00;BOM DESPACHO;Ultrapassagem Indevida;Colisão frontal;Com Vítimas Feridas;Plena Noite;Decrescente;Chuva;Simples;Reta;-1.980.696.129;-4.512.497.507
26/12/2024;18:15:00;BAYEUX;Manobra de mudança de faixa;Colisão frontal;Com Vítimas Feridas;Plena Noite;Crescente;Céu Claro;Dupla;Reta;-714.538.184;-3.491.662.887
26/12/2024;19:00:00;ARAUCARIA;Manobra de mudança de faixa;Colisão lateral mesmo sentido;Com Vítimas Feridas;Anoitecer;Crescente;Céu Claro;Dupla;Reta;-25.577.307;-49.392.338
26/12/2024;18:10:00;LINHARES;Manobra de mudança de faixa;Colisão lateral mesmo sentido;Com Vítimas Feridas;Plena Noite;Crescente;Céu Claro;Múltipla;Reta;-1.918.851.174;-4.009.445.429
26/12/2024;18:10:00;CALDAS;Velocidade Incompatível;Colisão traseira;Com Vítimas Feridas;Anoitecer;Crescente;Chuva;Simples;Reta;-2.182.823.793;-4.644.994.967
26/12/2024;19:50:00;CAMPINA GRANDE;Ultrapassagem Indevida;Colisão lateral mesmo sentido;Com Vítimas Feridas;Plena Noite;Decrescente;Céu Claro;Dupla;Reta;-72.536;-358.317
26/12/2024;18:20:00;CAMPOS ALTOS;Pista Escorregadia;Saída de leito carroçável;Com Vítimas Feridas;Anoitecer;Decrescente;Céu Claro;Simples;Curva;-1.959.160.476;-4.631.037.712
26/12/2024;19:50:00;TIMOTEO;Velocidade Incompatível;Queda de ocupante de veículo;Com Vítimas Feridas;Plena Noite;Decrescente;Nublado;Simples;Reta;-1.952.961.996;-4.261.442.184
26/12/2024;21:00:00;FLORESTAL;Acumulo de água sobre o pavimento;Saída de leito carroçável;Com Vítimas Feridas;Plena Noite;Crescente;Chuva;Dupla;Curva;-1.991.407.385;-444.992.584
26/12/2024;21:45:00;SAO LEOPOLDO;Conversão proibida;Colisão transversal;Com Vítimas Feridas;Plena Noite;Crescente;Céu Claro;Múltipla;"Interseção de Vias;Viaduto";-2.977.249.076;-5.115.422.401
26/12/2024;19:30:00;CONCEICAO DO ALMEIDA;Ultrapassagem Indevida;Colisão frontal;Com Vítimas Feridas;Plena Noite;Decrescente;Céu Claro;Simples;"Reta;Aclive";-1.288.117.996;-3.921.999.041
26/12/2024;17:20:00;NOVA LACERDA;Ultrapassagem Indevida;Colisão lateral sentido oposto;Com Vítimas Feridas;Anoitecer;Decrescente;Céu Claro;Simples;Reta;-1.444.465.454;-5.959.945.679
26/12/2024;22:50:00;RIO GRANDE;Manobra de mudança de faixa;Saída de leito carroçável;Com Vítimas Feridas;Plena Noite;Decrescente;Céu Claro;Dupla;Reta;-3.191.018.203;-5.231.605.918
26/12/2024;22:00:00;UBERLANDIA;Animais na Pista;Atropelamento de Animal;Com Vítimas Feridas;Pleno dia;Decrescente;Chuva;Simples;Reta;-1.893.584.072;-4.817.934.036
27/12/2024;04:00:00;SAO SEBASTIAO DA BELA VISTA;Velocidade Incompatível;Saída de leito carroçável;Com Vítimas Feridas;Amanhecer;Crescente;Chuva;Dupla;Reta;-2.219.252.695;-4.584.775.906
27/12/2024;05:29:00;SANTO ANTONIO DO AMPARO;Acumulo de água sobre o pavimento;Colisão com objeto;Com Vítimas Feridas;Amanhecer;Decrescente;Chuva;Dupla;Curva;-2.097.575.268;-4.493.997.846
27/12/2024;07:00:00;COMENDADOR LEVY GASPARIAN;Velocidade Incompatível;Saída de leito carroçável;Com Vítimas Feridas;Pleno dia;Decrescente;Chuva;Dupla;Reta;-2.201.337.537;-4.323.594.846
27/12/2024;08:30:00;AREAL;Velocidade Incompatível;Capotamento;Com Vítimas Feridas;Pleno dia;Crescente;Nublado;Dupla;Curva;-2.219.480.593;-4.315.867.424